nct_id,title,status,phase,start_date,completion_date,enrollment,sponsor_name,sponsor_type,outcome,disease,collection_date
NCT02565082,Evaluation of the Hemostatic Potential in Sickle Cell Disease Patients,COMPLETED,NA,2015-09,2016-07,64,Brugmann University Hospital,OTHER,Success,sickle cell disease,2026-05-24T07:38:53.345595+00:00
NCT02580773,Therapeutic Anticoagulation Strategy for Acute Chest Syndrome,COMPLETED,Phase 3,2016-12-16,2021-09-15,198,Assistance Publique - Hôpitaux de Paris,OTHER,Success,sickle cell disease,2026-05-24T07:38:53.345595+00:00
NCT01534676,Effects of Transfusion of Older Stored Red Cells,TERMINATED,NA,2012-02,2013-03,3,Columbia University,OTHER,Failure,sickle cell disease,2026-05-24T07:38:53.345595+00:00
NCT07001189,Impact of Regional Anesthesia on Inflammatory Mechanisms During Vaso-occlusive Crisis in Sickle Cell Patients,RECRUITING,,2025-02-05,2027-02-05,34,Centre Hospitalier Universitaire de la Guadeloupe,OTHER,Ongoing,sickle cell disease,2026-05-24T07:38:53.345595+00:00
NCT00235391,Expanded Access of Deferasirox to Patients With Congenital Disorders of Red Blood Cells and Chronic Iron Overload,COMPLETED,Phase 3,2005-10,2008-10,1683,Novartis Pharmaceuticals,INDUSTRY,Success,sickle cell disease,2026-05-24T07:38:53.345595+00:00
NCT00004797,Pilot Study of Fructose for Sickle Cell Crisis,COMPLETED,NA,1995-08,,20,National Center for Research Resources (NCRR),NIH,Success,sickle cell disease,2026-05-24T07:38:53.345595+00:00
NCT02179359,Hematopoietic Stem Cell Transplant for High Risk Hemoglobinopathies,TERMINATED,NA,2014-09-02,2024-11-21,38,"Masonic Cancer Center, University of Minnesota",OTHER,Failure,sickle cell disease,2026-05-24T07:38:53.345595+00:00
NCT06820515,ATHNdataset Registry,RECRUITING,,2024-10-25,2055-10-31,200000,American Thrombosis and Hemostasis Network,NETWORK,Ongoing,sickle cell disease,2026-05-24T07:38:53.345595+00:00
NCT02448121,Autologous Bone Marrow Stem Cell Transplantation for Osteonecrosis in Sickle Cell Disease,UNKNOWN,Phase 1; Phase 2,2006-08,2018-08,100,Federal University of Bahia,OTHER,Unknown,sickle cell disease,2026-05-24T07:38:53.345595+00:00
NCT01850108,Non-Myeloablative Conditioning and Bone Marrow Transplantation,UNKNOWN,NA,2013-05,2024-12-31,26,Vanderbilt-Ingram Cancer Center,OTHER,Unknown,sickle cell disease,2026-05-24T07:38:53.345595+00:00
NCT03903133,Endothelial Monocyte-activating Polypeptide-II in Egyptian Sickle Patients,COMPLETED,Phase 4,2016-06-01,2023-05-01,50,Ain Shams University,OTHER,Success,sickle cell disease,2026-05-24T07:38:53.345595+00:00
NCT02867800,Abatacept for GVHD Prophylaxis After Hematopoietic Stem Cell Transplantation for Pediatric Sickle Cell Disease,COMPLETED,Phase 1,2016-07,2023-12-30,24,Monica Bhatia,OTHER,Success,sickle cell disease,2026-05-24T07:38:53.345595+00:00
NCT01049854,CD34+Selection for Partially Matched Family or Matched Unrelated Adult Donor Transplant,COMPLETED,Phase 2,2011-09,2018-08,20,New York Medical College,OTHER,Success,sickle cell disease,2026-05-24T07:38:53.345595+00:00
NCT02447627,Study of Methodologies to Measure Blood Flow and Oxygenation in Adults With Sickle Cell Disease,COMPLETED,,2015-06,2016-10,38,Bioverativ Therapeutics Inc.,INDUSTRY,Success,sickle cell disease,2026-05-24T07:38:53.345595+00:00
NCT02197845,Enhancing Use of Hydroxyurea In Sickle Cell Disease Using Patient Navigators,COMPLETED,NA,2012-10,2018-12-31,353,Virginia Commonwealth University,OTHER,Success,sickle cell disease,2026-05-24T07:38:53.345595+00:00
NCT05758766,Study on Use of Omega-3 Fatty Acids to Improve Outcomes in Individuals With Sickle Cell Disease,ACTIVE_NOT_RECRUITING,NA,2023-08-30,2026-12-30,30,University of Alabama at Birmingham,OTHER,Success,sickle cell disease,2026-05-24T07:38:53.345595+00:00
NCT01058473,Psychometric Evaluation of the IPPAQ in Pediatric Patients With Sickle Cell Disease Hospitalized With Vasoocclusive Pain,COMPLETED,,2010-01,2012-12,159,Connecticut Children's Medical Center,OTHER,Success,sickle cell disease,2026-05-24T07:38:53.345595+00:00
NCT04181944,Qualitative Survey of Potential Exercise Activity in Adults With Sickle Cell Anemia (SCA),COMPLETED,NA,2020-06-14,2022-10-01,115,Memorial Healthcare System,OTHER,Success,sickle cell disease,2026-05-24T07:38:53.345595+00:00
NCT00971698,The Spleen in Sickle Cell Anemia and Sickle Cell Thalassemia,COMPLETED,,2009-02,2010-08,50,"HaEmek Medical Center, Israel",OTHER,Success,sickle cell disease,2026-05-24T07:38:53.345595+00:00
NCT03682211,Intranasal Fentanyl Versus Intravenous Morphine in the Treatment of Severe Painful Sickle Cell Crises in Children,COMPLETED,Phase 4,2012-12-12,2013-11-14,31,University College Dublin,OTHER,Success,sickle cell disease,2026-05-24T07:38:53.345595+00:00
NCT01954927,Pain Management in Children and Young Adults With Sickle Cell Disease,COMPLETED,Phase 2,2013-10-07,2018-01-03,90,St. Jude Children's Research Hospital,OTHER,Success,sickle cell disease,2026-05-24T07:38:53.345595+00:00
NCT04819841,Gene Correction in Autologous CD34+ Hematopoietic Stem Cells (HbS to HbA) to Treat Severe Sickle Cell Disease,RECRUITING,Phase 1; Phase 2,2021-11-15,2028-12-31,15,Kamau Therapeutics,INDUSTRY,Ongoing,sickle cell disease,2026-05-24T07:38:53.345595+00:00
NCT04523376,Pilot Study PBSCT With TCRab Depletion For Hemoglobinopathies,COMPLETED,NA,2020-05-14,2025-10-01,8,Timothy Olson,OTHER,Success,sickle cell disease,2026-05-24T07:38:53.345595+00:00
NCT02895841,Patient-Empowered Mobile Technology in Hospitalized Patients (TRU-PAIN),COMPLETED,NA,2016-08,2024-04-22,174,Duke University,OTHER,Success,sickle cell disease,2026-05-24T07:38:53.345595+00:00
NCT06251843,Support Strategies for Parents During the First Year Following Their Child's Diagnosis of Sickle Cell Disorder,UNKNOWN,,2024-05,2025-02-28,30,King's College London,OTHER,Unknown,sickle cell disease,2026-05-24T07:38:53.345595+00:00
NCT04694976,"Vitamin D Status in Children With Sickle Cell Disease Living in Lyon, France",COMPLETED,,2021-02-04,2022-02-03,130,Hospices Civils de Lyon,OTHER,Success,sickle cell disease,2026-05-24T07:38:53.345595+00:00
NCT03492931,"PK Study of Ticagrelor in Children Aged Less Than 24 Months, With Sickle Cell Disease (HESTIA4)",COMPLETED,Phase 1,2018-03-28,2019-05-07,21,AstraZeneca,INDUSTRY,Success,sickle cell disease,2026-05-24T07:38:53.345595+00:00
NCT04484272,A Stress and Pain Self-management m-Health App for Adult Outpatients With Sickle Cell Disease,RECRUITING,NA,2021-04-29,2026-06-30,185,University of Florida,OTHER,Ongoing,sickle cell disease,2026-05-24T07:38:53.345595+00:00
NCT00968162,Sickle Cell Disease Conditioning for Bone Marrow Transplant,COMPLETED,Phase 1,2009-02,2016-01-11,8,Emory University,OTHER,Success,sickle cell disease,2026-05-24T07:38:53.345595+00:00
NCT02604368,A Sickle CEll Disease ComplicatioN Trial,UNKNOWN,Phase 3,2019-03,2020-12,210,Micelle BioPharma Inc,INDUSTRY,Unknown,sickle cell disease,2026-05-24T07:38:53.345595+00:00
NCT04416178,Sickle Cell Disease and the Genomic and Gene Therapy Needs of Stakeholders,RECRUITING,,2020-12-17,2026-12,352,St. Jude Children's Research Hospital,OTHER,Ongoing,sickle cell disease,2026-05-24T07:38:53.345595+00:00
NCT01369160,Curative Versus Disease-Modifying Therapies in Children With Severe Sickle Cell Disease,COMPLETED,,2005-05,2014-03,33,Emory University,OTHER,Success,sickle cell disease,2026-05-24T07:38:53.345595+00:00
NCT00066079,Home Based Massage and Relaxation for Sickle Cell Pain,COMPLETED,Phase 2,2003-08,2006-11,30,National Center for Complementary and Integrative Health (NCCIH),NIH,Success,sickle cell disease,2026-05-24T07:38:53.345595+00:00
NCT03666806,"Preventing Stroke Triggers in Children With Sickle Cell Anaemia in Mulago Hospital, Kampala (PREST ): a Randomized Control Trial",UNKNOWN,Phase 2; Phase 3,2018-08-22,2019-12,150,Makerere University,OTHER,Unknown,sickle cell disease,2026-05-24T07:38:53.345595+00:00
NCT01547793,Carbon Monoxide Levels and Sickle Cell Disease Severity,COMPLETED,,2012-01-26,2015-11-04,106,"National Heart, Lung, and Blood Institute (NHLBI)",NIH,Success,sickle cell disease,2026-05-24T07:38:53.345595+00:00
NCT01895998,Quantifying the Presence of Lung Disease and Pulmonary Hypertension in Children With Sickle Cell Disease,COMPLETED,Phase 1,2013-08,2014-04,5,Duke University,OTHER,Success,sickle cell disease,2026-05-24T07:38:53.345595+00:00
NCT05477563,Evaluation of Efficacy and Safety of a Single Dose of CTX001 in Participants With Transfusion-Dependent β-Thalassemia and Severe Sickle Cell Disease,RECRUITING,Phase 3,2022-08-02,2027-06-09,26,Vertex Pharmaceuticals Incorporated,INDUSTRY,Ongoing,sickle cell disease,2026-05-24T07:38:53.345595+00:00
NCT03150433,Sleep and Pain in Sickle Cell Disease,COMPLETED,NA,2017-11-05,2023-10-27,57,Johns Hopkins University,OTHER,Success,sickle cell disease,2026-05-24T07:38:53.345595+00:00
NCT03040908,New Hemolysis Parameters in Sickle Cell Disease,UNKNOWN,,2019-09-01,2022-03-01,150,Queen Fabiola Children's University Hospital,OTHER,Unknown,sickle cell disease,2026-05-24T07:38:53.345595+00:00
NCT00270478,Hydroxyurea and Erythropoietin to Treat Sickle Cell Anemia,COMPLETED,Phase 1,2005-12-21,2009-08-31,7,"National Heart, Lung, and Blood Institute (NHLBI)",NIH,Success,sickle cell disease,2026-05-24T07:38:53.345595+00:00
NCT02565849,Study of Ventilatory Mechanics in Patients With Sickle Cell Anemia,COMPLETED,,2013-02,2015-08,80,Rio de Janeiro State University,OTHER,Success,sickle cell disease,2026-05-24T07:38:53.345595+00:00
NCT00040677,A Study of the Efficacy and Safety of ICA-17043 (With or Without Hydroxyurea) in Patients With Sickle Cell Anemia.,COMPLETED,Phase 2,2002-02,2004-01,90,Icagen,INDUSTRY,Success,sickle cell disease,2026-05-24T07:38:53.345595+00:00
NCT05170412,Dietary Intake and Dietary Behaviors in Adults With Sickle Cell Disease,RECRUITING,,2022-05-26,2027-12-31,80,National Institutes of Health Clinical Center (CC),NIH,Ongoing,sickle cell disease,2026-05-24T07:38:53.345595+00:00
NCT01186419,Safety and Pharmacodynamic Study of an Oral Iron Chelator Given for 6 Months to Patients With Iron Overload,COMPLETED,Phase 2,2010-08-13,2013-01-08,51,Shire,INDUSTRY,Success,sickle cell disease,2026-05-24T07:38:53.345595+00:00
NCT04000165,A Dose-Finding Study of AG-348 in Sickle Cell Disease,COMPLETED,EARLY_PHASE1,2019-07-11,2021-06-21,17,National Institutes of Health Clinical Center (CC),NIH,Success,sickle cell disease,2026-05-24T07:38:53.345595+00:00
NCT02630394,A Pilot Study of Azithromycin Prophylaxis for Acute Chest Syndrome in Sickle Cell Disease,WITHDRAWN,Phase 1,2015-09,2017-12-31,0,University of Mississippi Medical Center,OTHER,Failure,sickle cell disease,2026-05-24T07:38:53.345595+00:00
NCT02946905,Neurovascular Determinants of Cognitive Function in Adults With Sickle Cell Disease,COMPLETED,,2016-04,2023-03-31,226,University of Pittsburgh,OTHER,Success,sickle cell disease,2026-05-24T07:38:53.345595+00:00
NCT03240731,HLA Haploidentical Bone Marrow Transplant in Patients With Severe Sickle Cell Disease,COMPLETED,Phase 2,2017-08-10,2024-04-08,25,Centre Hospitalier Intercommunal Creteil,OTHER,Success,sickle cell disease,2026-05-24T07:38:53.345595+00:00
NCT02813629,tDCS Associated With Peripheral Electrical Stimulation for Pain Control in Individuals With Sickle Cell Disease,UNKNOWN,Phase 2,2016-03,2022-12,120,Faculdade Adventista da Bahia,OTHER,Unknown,sickle cell disease,2026-05-24T07:38:53.345595+00:00
NCT00850018,Examining Cognitive Function and Brain Abnormalities in Adults With Sickle Cell Disease - Pilot Intervention Study,COMPLETED,Phase 1,2004-12,2010-12,36,UCSF Benioff Children's Hospital Oakland,OTHER,Success,sickle cell disease,2026-05-24T07:38:53.345595+00:00
NCT06506461,Gene Editing For Sickle Cell Disease,RECRUITING,Phase 1,2025-03-21,2032-12,25,St. Jude Children's Research Hospital,OTHER,Ongoing,sickle cell disease,2026-05-24T07:38:53.345595+00:00
NCT04084080,Sickle Cell Disease and CardiovAscular Risk - Red Cell Exchange Trial (SCD-CARRE),ACTIVE_NOT_RECRUITING,Phase 3,2020-02-26,2026-05-31,173,University of Pittsburgh,OTHER,Success,sickle cell disease,2026-05-24T07:38:53.345595+00:00
NCT05228821,Voxelotor Brain Oxygenation and Neurocognitive Study,WITHDRAWN,Phase 4,2023-08-09,2023-08-23,0,Pfizer,INDUSTRY,Failure,sickle cell disease,2026-05-24T07:38:53.345595+00:00
NCT01279616,A Reduced Toxicity Allogeneic Unrelated Donor Stem Cell Transplantation (SCT) for Severe Sickle Cell Disease,TERMINATED,Phase 2,2010-09,2015-01,8,Nationwide Children's Hospital,OTHER,Failure,sickle cell disease,2026-05-24T07:38:53.345595+00:00
NCT05983055,Steroid Injection for Sickle Cell Arthropathy Pain Therapy,COMPLETED,,2018-01-30,2024-03-31,50,Salem Anaesthesia Pain Clinic,OTHER,Success,sickle cell disease,2026-05-24T07:38:53.345595+00:00
NCT02242058,QST-Pupillometry in Sickle Cell Disease Patients,COMPLETED,,2013-08,2018-11,96,Julia Finkel,OTHER,Success,sickle cell disease,2026-05-24T07:38:53.345595+00:00
NCT02887118,Dense Red Blood Cells in Sickle Cell Children,TERMINATED,,2015-12,2019-07-07,82,Centre Hospitalier Intercommunal Creteil,OTHER,Failure,sickle cell disease,2026-05-24T07:38:53.345595+00:00
NCT02863068,Topical Sodium Nitrite in Sickle Cell Disease and Leg Ulcers,TERMINATED,Phase 2,2018-04-06,2023-11-24,18,caterina P minniti,OTHER,Failure,sickle cell disease,2026-05-24T07:38:53.345595+00:00
NCT02231710,Safety Study of Gene Modified Donor T Cell Infusion After Stem Cell Transplant for Non-Malignant Diseases,TERMINATED,Phase 1,2015-02,2018-01,1,Bellicum Pharmaceuticals,INDUSTRY,Failure,sickle cell disease,2026-05-24T07:38:53.345595+00:00
NCT02998450,A Study of IMR-687 in Healthy Adult Volunteers,COMPLETED,Phase 1,2016-10-18,2017-07-08,66,"Cardurion Pharmaceuticals, Inc.",INDUSTRY,Success,sickle cell disease,2026-05-24T07:38:53.345595+00:00
NCT04156893,RH Genotype Matched RBC Transfusions,RECRUITING,Phase 1; Phase 2,2020-01-30,2029-10,35,Children's Hospital of Philadelphia,OTHER,Ongoing,sickle cell disease,2026-05-24T07:38:53.345595+00:00
NCT06072287,The Living With a Long-Term Condition Study,UNKNOWN,,2023-06-28,2024-01-10,600,King's College London,OTHER,Unknown,sickle cell disease,2026-05-24T07:38:53.345595+00:00
NCT04419168,Cognitive Behavioral Therapy and Real-Time Pain Management Intervention for Sickle Cell Via Mobile Applications,COMPLETED,NA,2020-08-12,2023-12-11,359,University of Pittsburgh,OTHER,Success,sickle cell disease,2026-05-24T07:38:53.345595+00:00
NCT03937817,Collection of Human Biospecimens for Basic and Clinical Research Into Globin Variants,RECRUITING,,2019-09-25,2029-03-31,300,National Institute of Allergy and Infectious Diseases (NIAID),NIH,Ongoing,sickle cell disease,2026-05-24T07:38:53.345595+00:00
NCT01639950,Validating Pain Scales in Children and Young Adults,COMPLETED,,2012-08-06,2023-06-28,252,National Cancer Institute (NCI),NIH,Success,sickle cell disease,2026-05-24T07:38:53.345595+00:00
NCT01603160,Improving Emergency Department Management of Adults With Sickle Cell Disease,COMPLETED,,2011-09,2014-09,715,Duke University,OTHER,Success,sickle cell disease,2026-05-24T07:38:53.345595+00:00
NCT06139510,Predictors of Pain in Sickle Cell Disease,RECRUITING,NA,2024-07-12,2028-06,70,Duke University,OTHER,Ongoing,sickle cell disease,2026-05-24T07:38:53.345595+00:00
NCT06563440,Development and Evaluation of an Information Management System and Communication System for Population-wide Point-of-care Infant Sickle Cell Disease Screening,NOT_YET_RECRUITING,NA,2024-08-21,2028-07-31,24000,Makerere University,OTHER,Ongoing,sickle cell disease,2026-05-24T07:38:53.345595+00:00
NCT04364685,Effect of Walking on Sand With Dietary Intervention in Overweight Type 2 Diabetes Mellitus Patients.,COMPLETED,NA,2017-01-25,2019-09-28,66,Majmaah University,OTHER,Success,sickle cell disease,2026-05-24T07:38:53.345595+00:00
NCT03876821,"Collect of Cord Blood From Subjects at Risk for Sickle Cell Disease, for the Purpose of Laboratory Research",COMPLETED,,2019-10-23,2023-10-23,44,"Institut National de la Santé Et de la Recherche Médicale, France",OTHER_GOV,Success,sickle cell disease,2026-05-24T07:38:53.345595+00:00
NCT05565092,"Safety, Efficacy, Pharmacokinetic, and Pharmacodynamic Study of ALXN1820 in Adult Participants With Sickle Cell Disease",TERMINATED,Phase 2,2023-02-22,2024-01-09,2,"Alexion Pharmaceuticals, Inc.",INDUSTRY,Failure,sickle cell disease,2026-05-24T07:38:53.345595+00:00
NCT03027258,Point-of-Delivery Prenatal Test Results Through mHealth to Improve Birth Outcome,UNKNOWN,NA,2016-09,2018-01,300,"University of Nevada, Las Vegas",OTHER,Unknown,sickle cell disease,2026-05-24T07:38:53.345595+00:00
NCT05810181,Gene Therapy Communication: Use of a Needs Assessment to Drive Decision-AIDS for Gene Therapy for Rare Diseases (GENETX),RECRUITING,,2023-06-01,2027-12,145,St. Jude Children's Research Hospital,OTHER,Ongoing,sickle cell disease,2026-05-24T07:38:53.345595+00:00
NCT04028700,The Impact of Oxidative Stress on Erythrocyte Biology,TERMINATED,Phase 2,2022-01-02,2024-08-16,8,"University of North Carolina, Chapel Hill",OTHER,Failure,sickle cell disease,2026-05-24T07:38:53.345595+00:00
NCT01419704,Phase I/II Pilot Study of Mixed Chimerism to Treat Hemoglobinopathies,WITHDRAWN,Phase 1; Phase 2,2011-05,2016-05,0,Talaris Therapeutics Inc.,INDUSTRY,Failure,sickle cell disease,2026-05-24T07:38:53.345595+00:00
NCT05249452,Adding Azathioprine/Hydroxyurea Preconditioning to Alemtuzumab/TBI to Reduce Risk of Graft Failure in MSD HSCT in Adult SCD Patients,COMPLETED,,2018-03-08,2024-12-01,20,Academisch Medisch Centrum - Universiteit van Amsterdam (AMC-UvA),OTHER,Success,sickle cell disease,2026-05-24T07:38:53.345595+00:00
NCT01895361,Study to Assess Safety and Impact of SelG1 With or Without Hydroxyurea Therapy in Sickle Cell Disease Patients With Pain Crises,COMPLETED,Phase 2,2013-07,2016-03,198,Reprixys Pharmaceutical Corporation,INDUSTRY,Success,sickle cell disease,2026-05-24T07:38:53.345595+00:00
NCT04793854,"Sickle Cell Disease, Neurocognitive Disorders, Social Participation",COMPLETED,,2018-09-19,2019-06-03,134,Centre Hospitalier Universitaire de la Guadeloupe,OTHER,Success,sickle cell disease,2026-05-24T07:38:53.345595+00:00
NCT00842088,"Phase 1/2 Study to Evaluate the Safety, Tolerability and Pharmacokinetics of HQK-1001 Administered Daily in Patients With Sickle Cell Disease",COMPLETED,Phase 1; Phase 2,2009-03,,24,HemaQuest Pharmaceuticals Inc.,INDUSTRY,Success,sickle cell disease,2026-05-24T07:38:53.345595+00:00
NCT04581356,Voxelotor Sickle Cell Exercise Study,COMPLETED,Phase 4,2020-09-21,2021-12-29,14,"Elizabeth Yang, MD, PhD",OTHER,Success,sickle cell disease,2026-05-24T07:38:53.345595+00:00
NCT03719729,Rifaximin to Modify the Disease Course in Sickle Cell Disease,UNKNOWN,Phase 2,2018-08-22,2020-07-22,20,New York Medical College,OTHER,Unknown,sickle cell disease,2026-05-24T07:38:53.345595+00:00
NCT05775224,ASH Research Collaborative Data Hub,ENROLLING_BY_INVITATION,,2020-04-29,2099-04-29,100000,ASH Research Collaborative,OTHER,Ongoing,sickle cell disease,2026-05-24T07:38:53.345595+00:00
NCT06318143,mAnaging siCkle CELl disEase Through incReased AdopTion of hydroxyurEa in Nigeria,RECRUITING,NA,2024-07-01,2028-05-31,900,New York University,OTHER,Ongoing,sickle cell disease,2026-05-24T07:38:53.345595+00:00
NCT04574050,SELF-BREATHE RCT for Chronic Breathlessness,COMPLETED,NA,2021-01-11,2022-01-30,52,King's College Hospital NHS Trust,OTHER,Success,sickle cell disease,2026-05-24T07:38:53.345595+00:00
NCT01793740,Cognitive Rehabilitation in Sickle Cell Disease,COMPLETED,NA,2012-10,2014-07,18,Duke University,OTHER,Success,sickle cell disease,2026-05-24T07:38:53.345595+00:00
NCT06770010,Advancing Feasibility and Acceptability of Digital Cognitive Rehabilitation in Sickle Cell Disease,RECRUITING,NA,2025-03-05,2026-04-01,50,Children's National Research Institute,OTHER,Ongoing,sickle cell disease,2026-05-24T07:38:53.345595+00:00
NCT00313196,Efficacy and Safety of Bosentan in Sickle Cell Disease (SCD) Patients Diagnosed With Pulmonary Hypertension (PH),TERMINATED,Phase 3,2006-04,2007-08,12,Actelion,INDUSTRY,Failure,sickle cell disease,2026-05-24T07:38:53.345595+00:00
NCT00386048,Pain Management Protocol for Pediatric Sickle Cell Disease,COMPLETED,,2006-11,2012-08,50,University of South Carolina,OTHER,Success,sickle cell disease,2026-05-24T07:38:53.345595+00:00
NCT00029393,Induction of Stable Chimerism for Sickle Cell Anemia,COMPLETED,Phase 2,2001-08,2007-07,,"National Heart, Lung, and Blood Institute (NHLBI)",NIH,Success,sickle cell disease,2026-05-24T07:38:53.345595+00:00
NCT00948012,Exercise-induced Pulmonary Hypertension in Patients With Sickle-cell Anemia,COMPLETED,,2006-06,2007-11,44,Federal University of São Paulo,OTHER,Success,sickle cell disease,2026-05-24T07:38:53.345595+00:00
NCT00360087,A Study of Patients Having Pulmonary Hypertension Associated With Sickle Cell Disease and Completing an ASSET Study,TERMINATED,Phase 3,2006-03,2007-12,236,Actelion,INDUSTRY,Failure,sickle cell disease,2026-05-24T07:38:53.345595+00:00
NCT06635902,Intravenous L-Citrulline for Vaso-occlusive Pain Episode in Sickle Cell Disease,RECRUITING,Phase 2,2024-12-22,2029-03,99,Suvankar Majumdar,OTHER,Ongoing,sickle cell disease,2026-05-24T07:38:53.345595+00:00
NCT00276146,Dipyridamole/Magnesium To Improve Sickle Cell Hydration,WITHDRAWN,Phase 2,2005-05,,0,"Children's Hospital Medical Center, Cincinnati",OTHER,Failure,sickle cell disease,2026-05-24T07:38:53.345595+00:00
NCT05451940,Hydroxyurea and EPO in Sickle Cell Disease,COMPLETED,Phase 1; Phase 2,2023-05-25,2025-02-27,17,Julia Xu,OTHER,Success,sickle cell disease,2026-05-24T07:38:53.345595+00:00
NCT01758250,Microvascular and Fibrosis Imaging Study,COMPLETED,,2013-02,2018-02,63,Duke University,OTHER,Success,sickle cell disease,2026-05-24T07:38:53.345595+00:00
NCT03933397,Comparing Individualized vs. Weight Based Protocols to Treat Vaso-Occlusive Episodes in Sickle Cell Disease,TERMINATED,Phase 3,2019-08-13,2022-05-20,328,Duke University,OTHER,Failure,sickle cell disease,2026-05-24T07:38:53.345595+00:00
NCT01105923,Study of an Intervention to Improve Problem List Accuracy and Use,UNKNOWN,NA,2010-05,2017-11,140,Brigham and Women's Hospital,OTHER,Unknown,sickle cell disease,2026-05-24T07:38:53.345595+00:00
NCT07000318,CS-206 in Patients With Sickle Cell Disease,NOT_YET_RECRUITING,EARLY_PHASE1,2026-09-30,2029-03-31,5,Children's Hospital of Fudan University,OTHER,Ongoing,sickle cell disease,2026-05-24T07:38:53.345595+00:00
NCT06477289,Peripheral Arterial Tonometry and Neurocognition in Sickle Cell Disease,RECRUITING,,2024-09-16,2028-06,65,St. Jude Children's Research Hospital,OTHER,Ongoing,sickle cell disease,2026-05-24T07:38:53.345595+00:00
NCT02675790,Moderate Dose Hydroxyurea for Secondary Stroke Prevention in Children With Sickle Cell Disease in Sub-Saharan Africa,COMPLETED,Phase 3,2017-01,2020-03-31,120,Vanderbilt University Medical Center,OTHER,Success,sickle cell disease,2026-05-24T07:38:53.345595+00:00
NCT03387033,Role of Virtual Reality (VR) in Patients With Sickle Cell Disease (SCD),TERMINATED,NA,2018-02-05,2019-04-25,20,Duke University,OTHER,Failure,sickle cell disease,2026-05-24T07:38:53.345595+00:00
NCT01092169,Prevalence Of Microalbuminuria Among Children Suffering From Sickle Cell Nephropathy and Sickle Cell/Beta-Thalassemia,UNKNOWN,,,,,Hillel Yaffe Medical Center,OTHER_GOV,Unknown,sickle cell disease,2026-05-24T07:38:53.345595+00:00
NCT03573882,Study to Assess the Effect of Long-term Treatment With Voxelotor in Participants Who Have Completed Treatment in Study GBT440-031,TERMINATED,Phase 3,2018-06-06,2024-11-12,179,Pfizer,INDUSTRY,Failure,sickle cell disease,2026-05-24T07:38:53.345595+00:00
NCT03978156,Dronabinol for Pain and Inflammation in Adults Living With Sickle Cell Disease,TERMINATED,Phase 1,2019-07-26,2021-01-01,6,Yale University,OTHER,Failure,sickle cell disease,2026-05-24T07:38:53.345595+00:00
NCT07532564,"Risk Factors, Costs, and Impacts of ED Boarding",COMPLETED,,2022-01-01,2025-12-31,30486,"University of Maryland, Baltimore",OTHER,Success,sickle cell disease,2026-05-24T07:38:53.345595+00:00
NCT01911871,Multicenter Observational Study on Myocardial Iron Overload in 3 Multitransfused Populations,COMPLETED,,2012-03,2015-03,110,Assistance Publique - Hôpitaux de Paris,OTHER,Success,sickle cell disease,2026-05-24T07:38:53.345595+00:00
NCT00009581,Nitric Oxide to Improve Blood Flow in Sickle Cell Disease,COMPLETED,Phase 2,2001-01,2003-01,65,National Institutes of Health Clinical Center (CC),NIH,Success,sickle cell disease,2026-05-24T07:38:53.345595+00:00
NCT06581900,Study of Vitamin B12 Metabolism in Children With Sickle Cell Disease Exposed to MEOPA,RECRUITING,,2024-11-27,2026-12,29,CHU de Reims,OTHER,Ongoing,sickle cell disease,2026-05-24T07:38:53.345595+00:00
NCT00639392,Phase 1 Study of Zoledronic Acid in Sickle Cell Disease,WITHDRAWN,Phase 1; Phase 2,2007-06,2008-05,0,Virginia Commonwealth University,OTHER,Failure,sickle cell disease,2026-05-24T07:38:53.345595+00:00
NCT03977532,Study of a Red Blood Cell Deformability Parameter in Patients With Sickle Cell Disease,COMPLETED,NA,2018-09-14,2023-08-03,21,Assistance Publique Hopitaux De Marseille,OTHER,Success,sickle cell disease,2026-05-24T07:38:53.345595+00:00
NCT00310830,Efficacy and Safety of Bosentan in Sickle Cell Disease (SCD) Patients With Pulmonary Arterial Hypertension (PAH),TERMINATED,Phase 3,2006-03,2007-08,14,Actelion,INDUSTRY,Failure,sickle cell disease,2026-05-24T07:38:53.345595+00:00
NCT00113152,Heart Disease in Sickle Cell Anemia,COMPLETED,,2005-06-02,2007-10-02,120,National Institutes of Health Clinical Center (CC),NIH,Success,sickle cell disease,2026-05-24T07:38:53.345595+00:00
NCT05153044,Severe Acute Respiratory Syndrome CoV 2 COVID-19 Survey and Vaccination Coverage in the Sickle Cell Population in Ile-De-France,UNKNOWN,NA,2021-12-30,2022-09-10,880,Assistance Publique - Hôpitaux de Paris,OTHER,Unknown,sickle cell disease,2026-05-24T07:38:53.345595+00:00
NCT02522104,Evaluation of the Impact of Renal Function on the Pharmacokinetics of SIKLOS ® (DARH),COMPLETED,Phase 4,2015-09-03,2016-11-28,40,Theravia,INDUSTRY,Success,sickle cell disease,2026-05-24T07:38:53.345595+00:00
NCT04264871,Is the Preoperative Preparation of Sickle Cell Patients Optimal: Assessment of Practices and Post-operative Complications,UNKNOWN,,2020-01-01,2020-06-30,250,Queen Fabiola Children's University Hospital,OTHER,Unknown,sickle cell disease,2026-05-24T07:38:53.345595+00:00
NCT04400487,Actigraphy Improvement With Voxelotor (ActIVe) Study,COMPLETED,Phase 4,2020-12-21,2022-09-13,25,Pfizer,INDUSTRY,Success,sickle cell disease,2026-05-24T07:38:53.345595+00:00
NCT01783093,Tricuspid Regurgitant Jet Velocity as an Independent Marker for Mortality in Sickle Cell Anemia,COMPLETED,,2009-12,2013-01,209,Namita Sood,OTHER,Success,sickle cell disease,2026-05-24T07:38:53.345595+00:00
NCT05878704,Study of GBT021601 in Participants With Renal Impairment,TERMINATED,Phase 1,2023-06-29,2024-07-29,8,Pfizer,INDUSTRY,Failure,sickle cell disease,2026-05-24T07:38:53.345595+00:00
NCT01771731,Vaporized Cannabis for Chronic Pain Associated With Sickle Cell Disease,COMPLETED,Phase 1; Phase 2,2014-08,2017-05-19,27,"University of California, San Francisco",OTHER,Success,sickle cell disease,2026-05-24T07:38:53.345595+00:00
NCT01757418,Intravenous Gammaglobulin for Sickle Cell Pain Crises,COMPLETED,Phase 1; Phase 2,2008-11,2024-12-18,300,Albert Einstein College of Medicine,OTHER,Success,sickle cell disease,2026-05-24T07:38:53.345595+00:00
NCT02972138,Vitamin D and Bisphosphonates in the Treatment of Sickle Cell Disease,COMPLETED,,2010-01,2017-09,80,Società Italiana Talassemie ed Emoglobinopatie,OTHER,Success,sickle cell disease,2026-05-24T07:38:53.345595+00:00
NCT03786549,Pediatric -Adult Care Transition Program of Patients With Sickle Cell Disease,RECRUITING,NA,2019-01-16,2027-04-16,196,Hospices Civils de Lyon,OTHER,Ongoing,sickle cell disease,2026-05-24T07:38:53.345595+00:00
NCT01242878,MACS Study - Microparticles and Coagulation in Sickle Cell Disease,UNKNOWN,,2010-12,,360,"University College, London",OTHER,Unknown,sickle cell disease,2026-05-24T07:38:53.345595+00:00
NCT02672540,A Study of SANGUINATE for the Treatment of Vaso-occlusive Crisis (VOC) in Adult Sickle Cell Disease Patients,COMPLETED,Phase 2,2016-07,2017-05-31,34,Prolong Pharmaceuticals,INDUSTRY,Success,sickle cell disease,2026-05-24T07:38:53.345595+00:00
NCT03648710,Community Health Workers and mHealth for Sickle Cell Disease Care,COMPLETED,NA,2019-01-15,2024-08-31,405,Children's Hospital of Philadelphia,OTHER,Success,sickle cell disease,2026-05-24T07:38:53.345595+00:00
NCT02973360,Dose-Finding Study of SC411 in Children With Sickle Cell Disease,UNKNOWN,Phase 2,2017-03-02,2022-01-02,68,Micelle BioPharma Inc,INDUSTRY,Unknown,sickle cell disease,2026-05-24T07:38:53.345595+00:00
NCT04536792,"A Study to Assess the Safety, Tolerability, Pharmacokinetics, and Pharmacodynamics of AG-946 in Healthy Volunteers and in Participants With Sickle Cell Disease",COMPLETED,Phase 1,2020-07-10,2023-12-19,122,"Agios Pharmaceuticals, Inc.",INDUSTRY,Success,sickle cell disease,2026-05-24T07:38:53.345595+00:00
NCT00972231,Iron Overload and Growth Velocity in Thalassemia and Sickle Cell Anemia,COMPLETED,,2009-01,2010-12,93,"HaEmek Medical Center, Israel",OTHER,Success,sickle cell disease,2026-05-24T07:38:53.345595+00:00
NCT04053764,Study Exploring the Effect of Crizanlizumab on Kidney Function in Patients With Chronic Kidney Disease Caused by Sickle Cell Disease,COMPLETED,Phase 2,2019-12-10,2023-03-20,58,Novartis Pharmaceuticals,INDUSTRY,Success,sickle cell disease,2026-05-24T07:38:53.345595+00:00
NCT00957931,"Allo-HCT MUD for Non-malignant Red Blood Cell (RBC) Disorders: Sickle Cell, Thal, and DBA: Reduced Intensity Conditioning, Co-tx MSCs",COMPLETED,Phase 2,2009-03,2013-08,6,Stanford University,OTHER,Success,sickle cell disease,2026-05-24T07:38:53.345595+00:00
NCT03541980,Does IV Acetaminophen Reduce Opioid Requirement in Pediatric Patients With Acute Sickle Cell Crises?,COMPLETED,Phase 4,2018-02-20,2020-02-20,71,Newark Beth Israel Medical Center,OTHER,Success,sickle cell disease,2026-05-24T07:38:53.345595+00:00
NCT01950429,Evaluation of Sickle Cell Liver Disease,COMPLETED,,2013-10-16,2019-06-11,42,National Institute of Diabetes and Digestive and Kidney Diseases (NIDDK),NIH,Success,sickle cell disease,2026-05-24T07:38:53.345595+00:00
NCT02326597,Decision Aid for Therapeutic Options In Sickle Cell Disease,COMPLETED,NA,2015-01,2017-04-17,134,Emory University,OTHER,Success,sickle cell disease,2026-05-24T07:38:53.345595+00:00
NCT06924970,"A Dose-Finding Study of Tebapivat to Assess Efficacy, and Safety in Participants With Sickle Cell Disease (SCD)",ACTIVE_NOT_RECRUITING,Phase 2,2025-05-01,2027-05,59,"Agios Pharmaceuticals, Inc.",INDUSTRY,Success,sickle cell disease,2026-05-24T07:38:53.345595+00:00
NCT06031714,Fetal Cell Receptors Repertoire,RECRUITING,NA,2024-02-06,2027-02-01,160,Assistance Publique - Hôpitaux de Paris,OTHER,Ongoing,sickle cell disease,2026-05-24T07:38:53.345595+00:00
NCT05289700,Hyperbaric-oxygen Therapy (HBOT) Versus Placebo for Treating Vaso-Occlusive Crisis (VOC) in Sickle Cell Disease (SCD),UNKNOWN,Phase 3,2022-09-15,2025-03-31,100,"University Hospital, Geneva",OTHER,Unknown,sickle cell disease,2026-05-24T07:38:53.345595+00:00
NCT06264700,Applying Directly Observed Therapy to Hydroxyurea to Realize Effectiveness,RECRUITING,NA,2024-07-11,2025-12,60,Nationwide Children's Hospital,OTHER,Ongoing,sickle cell disease,2026-05-24T07:38:53.345595+00:00
NCT03253211,Disseminating NIH Evidence Based Sickle Cell Recommendations in North Carolina,COMPLETED,,2018-11-06,2019-12-15,4392,Duke University,OTHER,Success,sickle cell disease,2026-05-24T07:38:53.345595+00:00
NCT02162225,Study of Beet Juice for Patients With Sickle Cell Anemia,WITHDRAWN,Phase 2,2014-09,2019-04,0,Wake Forest University Health Sciences,OTHER,Failure,sickle cell disease,2026-05-24T07:38:53.345595+00:00
NCT02274415,Immunogenicity Study of an Anti-pneumococcal Vaccination Strategy in Patients With Sickle Cells Disease,COMPLETED,Phase 2,2013-09-16,2019-04-10,116,Assistance Publique - Hôpitaux de Paris,OTHER,Success,sickle cell disease,2026-05-24T07:38:53.345595+00:00
NCT02022891,Systematic Psychological and Medical Care for Children With SCD,COMPLETED,,2013-01,2014-05,160,Fondation Ophtalmologique Adolphe de Rothschild,NETWORK,Success,sickle cell disease,2026-05-24T07:38:53.345595+00:00
NCT03006718,SCD-PROMIS: A Software Platform to Enhance Self-efficacy and Patient-provider Engagement for Patients With Sickle Cell Pain,COMPLETED,NA,2016-11,2019-09,150,Julia Finkel,OTHER,Success,sickle cell disease,2026-05-24T07:38:53.345595+00:00
NCT05635266,Tissue Repository Providing Annotated Biospecimens for Approved Investigator-directed Biomedical Research Initiatives,RECRUITING,,2021-10-26,2025-10,20000,Sanguine Biosciences,INDUSTRY,Ongoing,sickle cell disease,2026-05-24T07:38:53.345595+00:00
NCT04443907,Study of Safety and Efficacy of Genome-edited Hematopoietic Stem and Progenitor Cells in Sickle Cell Disease (SCD),TERMINATED,Phase 1,2020-08-25,2025-01-06,4,Novartis Pharmaceuticals,INDUSTRY,Failure,sickle cell disease,2026-05-24T07:38:53.345595+00:00
NCT06769139,Evaluation of the Impact of Red Blood Cell Exchange on Thrombo-inflammation in Sickle Cell Disease,NOT_YET_RECRUITING,,2025-01,2026-01,20,"University Hospital, Toulouse",OTHER,Ongoing,sickle cell disease,2026-05-24T07:38:53.345595+00:00
NCT03964792,Safety and Efficacy of Gene Therapy of the Sickle Cell Disease by Transplantation of an Autologous CD34+ Enriched Cell Fraction That Contains CD34+ Cells Transduced ex Vivo With the GLOBE1 Lentiviral Vector Expressing the βAS3 Globin Gene in Patients With Sickle Cell Disease (DREPAGLOBE),COMPLETED,Phase 1; Phase 2,2019-11-12,2024-01-23,6,Assistance Publique - Hôpitaux de Paris,OTHER,Success,sickle cell disease,2026-05-24T07:38:53.345595+00:00
NCT06698120,Awake Prone Positioning for Severe Acute Chest Syndrome,NOT_YET_RECRUITING,NA,2026-01,2027-08,15,Assistance Publique - Hôpitaux de Paris,OTHER,Ongoing,sickle cell disease,2026-05-24T07:38:53.345595+00:00
NCT04691323,"The Longitudinal Relationship of HU Adherence to HRQOL, Barriers to Adherence and Habit in SCD.",ACTIVE_NOT_RECRUITING,NA,2021-03-02,2025-12-01,68,Ann & Robert H Lurie Children's Hospital of Chicago,OTHER,Success,sickle cell disease,2026-05-24T07:38:53.345595+00:00
NCT05649280,Safety Evaluation of DREPADOM - Home Care Services and Hospitalizations for Sickle Cell Disease Patients,COMPLETED,,2021-02-01,2022-06-01,100,Soutien aux Actions contre les Maladies du Globule Rouge,OTHER,Success,sickle cell disease,2026-05-24T07:38:53.345595+00:00
NCT05036512,A Study to Evaluate GBT021601 in Single and Multiple Doses in Healthy Participants,COMPLETED,Phase 1,2020-12-09,2023-02-07,129,Pfizer,INDUSTRY,Success,sickle cell disease,2026-05-24T07:38:53.345595+00:00
NCT03119922,Quality of Care of Children With Sickle Cell Disease (SCD) Screened at Birth in France,COMPLETED,,2014-03,2016-03,1750,Assistance Publique - Hôpitaux de Paris,OTHER,Success,sickle cell disease,2026-05-24T07:38:53.345595+00:00
NCT05848531,Clonidine With Morphine in Patient Controlled Analgesia Pump in Vaso-Occlusive Crisis in Sickle Cell Disease Patient,UNKNOWN,Phase 4,2023-04-25,2024-02-28,40,Centre Hospitalier Universitaire Saint Pierre,OTHER,Unknown,sickle cell disease,2026-05-24T07:38:53.345595+00:00
NCT00000602,Pediatric Hydroxyurea in Sickle Cell Anemia (PED HUG),COMPLETED,Phase 2,1994-04,1997-03,,"National Heart, Lung, and Blood Institute (NHLBI)",NIH,Success,sickle cell disease,2026-05-24T07:38:53.345595+00:00
NCT02458937,Functional Outcomes Following Hip Core Decompression in Younger Participants With Osteonecrosis,COMPLETED,,2015-06-05,2018-09-26,17,St. Jude Children's Research Hospital,OTHER,Success,sickle cell disease,2026-05-24T07:38:53.345595+00:00
NCT05445128,Study of MGTA-145 and Plerixafor in Patients With Sickle Cell Disease,TERMINATED,Phase 2,2022-06-24,2023-02-02,1,Ensoma,INDUSTRY,Failure,sickle cell disease,2026-05-24T07:38:53.345595+00:00
NCT03985501,DREPAMASSE Study - Evaluation of a Newborn Screening for Sickle Cell Disease by Tandem Mass Spectrometry,COMPLETED,,2021-03-16,2022-12-10,1431,Hospices Civils de Lyon,OTHER,Success,sickle cell disease,2026-05-24T07:38:53.345595+00:00
NCT05850156,Study of a Deformability Parameter of Red Blood Cell,NOT_YET_RECRUITING,,2023-09,2027-03,130,Assistance Publique Hopitaux De Marseille,OTHER,Ongoing,sickle cell disease,2026-05-24T07:38:53.345595+00:00
NCT03938324,Peer i-Coaching for Activated Self-Management Optimization in Adolescents and Young Adults With Chronic Conditions,COMPLETED,NA,2019-10-29,2024-06-19,222,Duke University,OTHER,Success,sickle cell disease,2026-05-24T07:38:53.345595+00:00
NCT04190888,Sickle Cell Uric Acid (SCUA) - Cohort Repository,COMPLETED,,2019-07-01,2021-12-31,78,Virginia Commonwealth University,OTHER,Success,sickle cell disease,2026-05-24T07:38:53.345595+00:00
NCT03291613,Gaming Technology to Engage Adolescent Sickle Cell Patients in Pain Management,COMPLETED,NA,2017-01-15,2017-09-30,13,"Klein Buendel, Inc.",INDUSTRY,Success,sickle cell disease,2026-05-24T07:38:53.345595+00:00
NCT01041339,ST Elevation in Acute Chest Pain; Could Measurement of Lipoprotein-associated Phospholipase A2 (Lp-PLA2) be Helpful to the Clinician?,COMPLETED,,2010-01,2012-01,40,Alexhander Izhaki,OTHER_GOV,Success,sickle cell disease,2026-05-24T07:38:53.345595+00:00
NCT01419977,Treatment of Sickle Cell Patients Hospitalized in Pain Crisis With Prophylactic Dose Low-molecular-weight Heparin (LMWH) Versus Placebo,COMPLETED,Phase 2,2011-05,2014-07,34,Duke University,OTHER,Success,sickle cell disease,2026-05-24T07:38:53.345595+00:00
NCT06930703,Cannabidiol in Sickle Cell Disease,RECRUITING,Phase 1; Phase 2,2025-04-03,2027-02-01,52,Icahn School of Medicine at Mount Sinai,OTHER,Ongoing,sickle cell disease,2026-05-24T07:38:53.345595+00:00
NCT03477552,Transillumination Device for Peripheral Intravenous Placement in Patients With Sickle Cell Disease (PERFID),COMPLETED,NA,2018-03-30,2022-05-30,126,Assistance Publique - Hôpitaux de Paris,OTHER,Success,sickle cell disease,2026-05-24T07:38:53.345595+00:00
NCT01501643,Non Invasive Positive Pressure Ventilation for Prevention of Acute Chest Syndrome in Sickle Cell Disease,TERMINATED,NA,2011-11,2015-04,6,Assistance Publique - Hôpitaux de Paris,OTHER,Failure,sickle cell disease,2026-05-24T07:38:53.345595+00:00
NCT02466555,Music Therapy in Sickle Cell Transition Study,COMPLETED,NA,2015-06,2016-08,30,University Hospitals Cleveland Medical Center,OTHER,Success,sickle cell disease,2026-05-24T07:38:53.345595+00:00
NCT03285178,"A Study of the Effect of IW-1701 (Olinciguat), a Stimulator of Soluble Guanylate Cyclase (sGC), on Patients With Sickle Cell Disease (SCD)",COMPLETED,Phase 2,2017-12-22,2020-07-22,88,Cyclerion Therapeutics,INDUSTRY,Success,sickle cell disease,2026-05-24T07:38:53.345595+00:00
NCT01319552,Fresh Versus Old Red Blood Cells for Transfusion,COMPLETED,NA,2008-12,2010-10,14,Columbia University,OTHER,Success,sickle cell disease,2026-05-24T07:38:53.345595+00:00
NCT02769845,SACRED A Prospective Research Study to Reduce Stroke in Children With Sickle Cell Anemia,COMPLETED,NA,2016-03-16,2022-10-01,283,"Children's Hospital Medical Center, Cincinnati",OTHER,Success,sickle cell disease,2026-05-24T07:38:53.345595+00:00
NCT03556657,MUSic Therapy to Improve Quality Of Life in Sickle Cell Disease (MUSIQOLS),COMPLETED,NA,2018-08-27,2018-12-30,24,University Hospitals Cleveland Medical Center,OTHER,Success,sickle cell disease,2026-05-24T07:38:53.345595+00:00
NCT05883254,"Pumilio1 (PUM1) Expression, Sickle Cell Anemia, β-thalassemia Intermedia",NOT_YET_RECRUITING,,2023-08,2027-12,80,Assiut University,OTHER,Ongoing,sickle cell disease,2026-05-24T07:38:53.345595+00:00
NCT00012545,Collection and Storage of Umbilical Cord Stem Cells for Treatment of Sickle Cell Disease,COMPLETED,,2001-11-01,2023-10-17,307,"National Heart, Lung, and Blood Institute (NHLBI)",NIH,Success,sickle cell disease,2026-05-24T07:38:53.345595+00:00
NCT00528203,Establishing a Repository of Blood and DNA Samples From People With Sickle Cell Disease (Comprehensive Sickle Cell Centers Collaborative Genotype-Phenotype Database and Sample Repository),TERMINATED,,2007-08,2008-09,3640,"National Heart, Lung, and Blood Institute (NHLBI)",NIH,Failure,sickle cell disease,2026-05-24T07:38:53.345595+00:00
NCT06561061,Zinc for Infection Prevention in Sickle Cell Anemia-2 (ZIPS-2),COMPLETED,Phase 2; Phase 3,2025-02-10,2025-11-07,100,Indiana University,OTHER,Success,sickle cell disease,2026-05-24T07:38:53.345595+00:00
NCT02594462,Contraception in Women With Sickle Cell Disease,COMPLETED,Phase 4,2015-01,2019-06,29,University of Sao Paulo,OTHER,Success,sickle cell disease,2026-05-24T07:38:53.345595+00:00
NCT03128996,Reduced Intensity Conditioning and Familial HLA-Mismatched BMT for Non-Malignant Disorders,RECRUITING,Phase 1; Phase 2,2017-03-20,2033-04,29,Washington University School of Medicine,OTHER,Ongoing,sickle cell disease,2026-05-24T07:38:53.345595+00:00
NCT04053803,An Extension Study of IMR-687 in Adult Patients With Sickle Cell Anemia,ACTIVE_NOT_RECRUITING,Phase 2,2019-05-22,2025-03,30,"Imara, Inc.",INDUSTRY,Success,sickle cell disease,2026-05-24T07:38:53.345595+00:00
NCT02757885,Transplantation for Patients With Sickle Cell Disease From Mismatched Family Donors of Bone Marrow,COMPLETED,Phase 2,2019-07-10,2021-12-14,10,Emory University,OTHER,Success,sickle cell disease,2026-05-24T07:38:53.345595+00:00
NCT01989078,Losartan for Sickle Cell Kidney Disease,COMPLETED,EARLY_PHASE1,2012-12,2016-12,24,Emory University,OTHER,Success,sickle cell disease,2026-05-24T07:38:53.345595+00:00
NCT02729363,The Feasibility of the PAINReportIt Guided Relaxation Intervention-Outpatient,COMPLETED,NA,2016-04,2017-03-01,30,University of Florida,OTHER,Success,sickle cell disease,2026-05-24T07:38:53.345595+00:00
NCT01389024,Hydroxyurea to Prevent Brain Injury in Sickle Cell Disease,COMPLETED,Phase 2,2012-08-16,2022-05-24,28,Johns Hopkins University,OTHER,Success,sickle cell disease,2026-05-24T07:38:53.345595+00:00
NCT00860782,Parent Educational Program for Children With Sickle Cell Disease,COMPLETED,NA,2008-08,2016-05,73,University of Miami,OTHER,Success,sickle cell disease,2026-05-24T07:38:53.345595+00:00
NCT01801423,Sickle Cell Disease - Stroke Prevention in Nigeria Trial,COMPLETED,NA,2013-04-24,2019-01-31,29,Vanderbilt University Medical Center,OTHER,Success,sickle cell disease,2026-05-24T07:38:53.345595+00:00
NCT01796678,Arginine Therapy in Sickle Cell Disease-VOC Clinical Trial,COMPLETED,Phase 2,2000-09,2007-06,56,UCSF Benioff Children's Hospital Oakland,OTHER,Success,sickle cell disease,2026-05-24T07:38:53.345595+00:00
NCT04906447,Hybrid Effectiveness-Implementation Trial of Guided Relaxation and Acupuncture for Chronic Sickle Cell Disease Pain,COMPLETED,Phase 2,2021-11-24,2026-02-28,379,University of Illinois at Chicago,OTHER,Success,sickle cell disease,2026-05-24T07:38:53.345595+00:00
NCT00072826,Atorvastatin Therapy to Improve Endothelial Function in Sickle Cell Disease,COMPLETED,Phase 1,2003-11-04,2007-08-24,44,National Institutes of Health Clinical Center (CC),NIH,Success,sickle cell disease,2026-05-24T07:38:53.345595+00:00
NCT07037706,Use of Macrolides in Acute Chest Syndrome: A Multicenter Retrospective Study,COMPLETED,,2023-06-01,2024-06-01,250,Centre Hospitalier de Saint-Denis,OTHER,Success,sickle cell disease,2026-05-24T07:38:53.345595+00:00
NCT06274203,High Dose Vitamin D Supplementation in Children With Sickle Cell Disease,COMPLETED,NA,2023-05-03,2024-02-10,75,Zagazig University,OTHER_GOV,Success,sickle cell disease,2026-05-24T07:38:53.345595+00:00
NCT04678037,Home-based Assessment of PRO Measures in SCD Using A Smartphone App Platform: A Feasibility Study,COMPLETED,NA,2017-04-04,2019-07-21,40,Ann & Robert H Lurie Children's Hospital of Chicago,OTHER,Success,sickle cell disease,2026-05-24T07:38:53.345595+00:00
NCT01736657,Evaluation of Spectra Optia Red Blood Cell Exchange in Sickle Cell Patients,COMPLETED,NA,2012-11,2013-06,73,Terumo BCT,INDUSTRY,Success,sickle cell disease,2026-05-24T07:38:53.345595+00:00
NCT04983654,Functional and Mechanistic Characterization of Limb Ulcers in Patients With Sickle Cell Disease,COMPLETED,NA,2022-02-09,2023-10-03,70,Hospices Civils de Lyon,OTHER,Success,sickle cell disease,2026-05-24T07:38:53.345595+00:00
NCT01239901,Iron Mediated Vascular Disease in Sickle Cell Anemia Patients,COMPLETED,,2009-12,2018-10,150,Children's Hospital Los Angeles,OTHER,Success,sickle cell disease,2026-05-24T07:38:53.345595+00:00
NCT02824471,Sickle Cell Disease Biofluid Chip Technology (SCD BioChip),RECRUITING,,2014-10,2028-05-31,100,University Hospitals Cleveland Medical Center,OTHER,Ongoing,sickle cell disease,2026-05-24T07:38:53.345595+00:00
NCT00489281,Non-Myeloablative Bone Marrow Transplant for Patients With Sickle Cell Anemia and Other Blood Disorders,TERMINATED,Phase 2,2008-06-23,2018-12-29,43,Sidney Kimmel Comprehensive Cancer Center at Johns Hopkins,OTHER,Failure,sickle cell disease,2026-05-24T07:38:53.345595+00:00
NCT00000592,Stroke Prevention in Sickle Cell Anemia (STOP 1),COMPLETED,Phase 3,1994-07,2000-08,,Augusta University,OTHER,Success,sickle cell disease,2026-05-24T07:38:53.345595+00:00
NCT04406818,Metabolic and Hemodynamic Reserve in Pediatric SCA,RECRUITING,NA,2021-06-30,2026-03-31,120,Washington University School of Medicine,OTHER,Ongoing,sickle cell disease,2026-05-24T07:38:53.345595+00:00
NCT03901560,Music Therapy: Sickle Cell and Pain Crisis,COMPLETED,,2016-06-30,2017-07-13,150,University of Oklahoma,OTHER,Success,sickle cell disease,2026-05-24T07:38:53.345595+00:00
NCT00748423,Effect of Inhaled Nitric Oxide in Acute Chest Syndrome (INOSTA Study),COMPLETED,Phase 2; Phase 3,2008-12,2012-12,100,Assistance Publique - Hôpitaux de Paris,OTHER,Success,sickle cell disease,2026-05-24T07:38:53.345595+00:00
NCT04776850,Pre-transplant Immunosuppression and Donor Stem Cell Transplant for the Treatment of Severe Hemoglobinopathies,WITHDRAWN,EARLY_PHASE1,2020-12-29,2022-12-05,0,M.D. Anderson Cancer Center,OTHER,Failure,sickle cell disease,2026-05-24T07:38:53.345595+00:00
NCT02857023,"Feasibility and Efficacy of a Home-based, Computerized Cognitive Training Program in Pediatric Sickle Cell Disease",COMPLETED,NA,2014-10,2018-08,91,Steven J. Hardy,OTHER,Success,sickle cell disease,2026-05-24T07:38:53.345595+00:00
NCT04060888,A Study of Ustekinumab in Chinese Participants With Active Systemic Lupus Erythematosus,WITHDRAWN,Phase 3,2020-07-14,2026-03-31,0,"Janssen Research & Development, LLC",INDUSTRY,Failure,systemic lupus erythematosus,2026-05-24T07:38:54.769145+00:00
NCT03804723,Glucocorticoids Withdrawal in Early Systemic Lupus Erythematosus,UNKNOWN,NA,2019-06,2023-09,321,University of Pisa,OTHER,Unknown,systemic lupus erythematosus,2026-05-24T07:38:54.769145+00:00
NCT06342960,"KYSA-3: A Study of Anti-CD19 Chimeric Antigen Receptor T-Cell (CD19 CAR T) Therapy, in Subjects With Refractory Lupus Nephritis",ACTIVE_NOT_RECRUITING,Phase 1; Phase 2,2022-12-01,2029-01,2,Kyverna Therapeutics,INDUSTRY,Success,systemic lupus erythematosus,2026-05-24T07:38:54.769145+00:00
NCT06613360,"A Study of CLN-978, a Subcutaneously Administered CD19-directed T Cell Engager, in Subjects With Systemic Lupus Erythematosus",RECRUITING,Phase 1,2025-01-21,2027-12,24,Cullinan Therapeutics Inc.,INDUSTRY,Ongoing,systemic lupus erythematosus,2026-05-24T07:38:54.769145+00:00
NCT00608127,"Study to Evaluate the Safety, Tolerability and Short Term Efficacy of Extracorporeal Specific Immunoadsorption LupusorbTM Columns for the Treatment of Systemic Lupus Erythematosus (SLE) Patients",UNKNOWN,NA,2007-01,2008-08,10,Verto LTD,INDUSTRY,Unknown,systemic lupus erythematosus,2026-05-24T07:38:54.769145+00:00
NCT06314282,INTERSTELLAR - International Study Evaluating Lupus Outcomes After Anifrolumab Real World Use,RECRUITING,,2024-10-22,2027-04-30,200,AstraZeneca,INDUSTRY,Ongoing,systemic lupus erythematosus,2026-05-24T07:38:54.769145+00:00
NCT05866861,A Study in Participants With Mild-to-moderate Systemic Lupus Erythematosus,ACTIVE_NOT_RECRUITING,Phase 1,2023-04-24,2025-04-01,40,Cugene Inc.,INDUSTRY,Success,systemic lupus erythematosus,2026-05-24T07:38:54.769145+00:00
NCT03019926,Lupus and Observance,COMPLETED,,2017-01-19,2018-07-19,200,University Hospital Center of Martinique,OTHER,Success,systemic lupus erythematosus,2026-05-24T07:38:54.769145+00:00
NCT00547014,First Safety Study in Humans of a Single Dose of CPG 52364,COMPLETED,Phase 1,2007-09,2008-04,61,Pfizer,INDUSTRY,Success,systemic lupus erythematosus,2026-05-24T07:38:54.769145+00:00
NCT05000216,COVID-19 Booster Vaccine in Autoimmune Disease Non-Responders,TERMINATED,Phase 2,2021-08-13,2024-03-28,258,National Institute of Allergy and Infectious Diseases (NIAID),NIH,Failure,systemic lupus erythematosus,2026-05-24T07:38:54.769145+00:00
NCT00297284,Memory and Attention Problems in Lupus: New Treatment Trial With Modafinil,TERMINATED,NA,2006-02,2007-02,20,"Hospital for Special Surgery, New York",OTHER,Failure,systemic lupus erythematosus,2026-05-24T07:38:54.769145+00:00
NCT07085676,Phase 1 Study of HBI0101 CAR-T in Refractory B-Cell Autoimmune Diseases,RECRUITING,Phase 1,2024-09-01,2030-11-01,120,Polina Stepensky,OTHER,Ongoing,systemic lupus erythematosus,2026-05-24T07:38:54.769145+00:00
NCT00000416,Prevention of Arthritis-Related Work Disability,COMPLETED,NA,1997-09,2001-08,242,Boston University Charles River Campus,OTHER,Success,systemic lupus erythematosus,2026-05-24T07:38:54.769145+00:00
NCT04987333,"Study of Efavaleukin Alfa in Healthy Chinese, Japanese, and Caucasian Participants",COMPLETED,Phase 1,2021-08-09,2022-10-03,32,Amgen,INDUSTRY,Success,systemic lupus erythematosus,2026-05-24T07:38:54.769145+00:00
NCT05321108,"Aerobic Exercise Versus Whole-Body Vibration on Fatigue, Functional Capacity, Quality of Life in Systemic Lupus",UNKNOWN,NA,2022-03-01,2024-02,68,Cairo University,OTHER,Unknown,systemic lupus erythematosus,2026-05-24T07:38:54.769145+00:00
NCT04645225,Clinical Characteristic and MEFV Gene Mutations in Patient With Juvenile Onest Systemic Lupus Erythematosus,UNKNOWN,,2021-01-01,2022-03-01,60,Assiut University,OTHER,Unknown,systemic lupus erythematosus,2026-05-24T07:38:54.769145+00:00
NCT00962832,A Study to Evaluate the Efficacy and Safety of Rontalizumab in Patients With Moderately to Severely Active Systemic Lupus Erythematosus,COMPLETED,Phase 2,2009-09,2013-08,238,"Genentech, Inc.",INDUSTRY,Success,systemic lupus erythematosus,2026-05-24T07:38:54.769145+00:00
NCT07315087,CAR T-cell Therapy Targeting CD19 and BCMA(QT-019C) in Patients With Relapse/Refractory Autoimmune Diseases,RECRUITING,Phase 1,2026-01-01,2029-01-18,12,"Institute of Hematology & Blood Diseases Hospital, China",OTHER,Ongoing,systemic lupus erythematosus,2026-05-24T07:38:54.769145+00:00
NCT00076752,Lymphocyte Depletion and Stem Cell Transplantation to Treat Severe Systemic Lupus Erythematosus,COMPLETED,Phase 2,2004-01-30,2013-10-15,9,National Cancer Institute (NCI),NIH,Success,systemic lupus erythematosus,2026-05-24T07:38:54.769145+00:00
NCT06614270,Anti-CD19 IL-10/IL15 CAR-NK Cells in Refractory/Relapsed Autoimmune Diseases,RECRUITING,NA,2025-01-06,2027-01-06,15,"Second Affiliated Hospital, School of Medicine, Zhejiang University",OTHER,Ongoing,systemic lupus erythematosus,2026-05-24T07:38:54.769145+00:00
NCT07136337,The Diagnostic Utility of T Immunoglobulin G and T Immunoglobulin M Biomarkers in Patients With Systemic Lupus Erythematosus Disease : Associations With Disease Activity and Damage,NOT_YET_RECRUITING,NA,2025-09,2028-01,80,Assiut University,OTHER,Ongoing,systemic lupus erythematosus,2026-05-24T07:38:54.769145+00:00
NCT07483346,IASO-782 in Systemic Lupus Erythematosus,NOT_YET_RECRUITING,Phase 1,2026-04-30,2028-05-31,20,"Shanghai IASO Biotechnology Co., Ltd",INDUSTRY,Ongoing,systemic lupus erythematosus,2026-05-24T07:38:54.769145+00:00
NCT03937856,Smartphone Mindfulness Meditation for Patients With Rheumatic Diseases,TERMINATED,NA,2019-05-07,2021-04-22,49,Johns Hopkins University,OTHER,Failure,systemic lupus erythematosus,2026-05-24T07:38:54.769145+00:00
NCT03842787,Anti-ficolin-3 Antibodies in Lupus Nephritis,COMPLETED,,2019-03-07,2020-06-20,4,"University Hospital, Grenoble",OTHER,Success,systemic lupus erythematosus,2026-05-24T07:38:54.769145+00:00
NCT04356014,Telangiectatic Palmoplantar Keratoderma in Systemic and Subacute Lupus Erythematosus,UNKNOWN,,2020-04-01,2020-12-30,14,"University Hospital, Montpellier",OTHER,Unknown,systemic lupus erythematosus,2026-05-24T07:38:54.769145+00:00
NCT06826430,Inaticabtagene Autoleucel Injection in the Treatment of Refractory Systemic Lupus Erythematosus-related Immune Thrombocytopenia,RECRUITING,Phase 1,2025-03-01,2027-12-31,12,Juventas Cell Therapy Ltd.,INDUSTRY,Ongoing,systemic lupus erythematosus,2026-05-24T07:38:54.769145+00:00
NCT05453422,"Self-Acupressure on Pain, Fatigue and Sleep Quality in Systemic Lupus Erythematosus",UNKNOWN,NA,2022-07-04,2022-09-30,70,Istanbul Sabahattin Zaim University,OTHER,Unknown,systemic lupus erythematosus,2026-05-24T07:38:54.769145+00:00
NCT01894360,"A Study to Estimate the Relative Bioavailability, Tolerability and Safety of a Single Dose of Belimumab Self-Administered Subcutaneously (SC) by Healthy Subjects",COMPLETED,Phase 1,2013-10-14,2014-05-13,81,GlaxoSmithKline,INDUSTRY,Success,systemic lupus erythematosus,2026-05-24T07:38:54.769145+00:00
NCT04751396,Testing of an Educational Tool for Patients With Melanoma and Pre-Existing Autoimmune Disease Who Are Candidates for Immune Checkpoint Inhibitors,RECRUITING,,2022-04-20,2027-02-02,125,M.D. Anderson Cancer Center,OTHER,Ongoing,systemic lupus erythematosus,2026-05-24T07:38:54.769145+00:00
NCT05470569,Argentinian Prospective Registry of Patients With Lupus,RECRUITING,,2022-04-01,2027-04-01,1500,Sociedad Argentina de Reumatologia,OTHER,Ongoing,systemic lupus erythematosus,2026-05-24T07:38:54.769145+00:00
NCT06468683,F01 in the Treatment of Moderate-to-severe Refractory Systemic Lupus Erythematosus,NOT_YET_RECRUITING,Phase 1,2024-06-15,2027-12-31,50,"Shanghai Simnova Biotechnology Co.,Ltd.",INDUSTRY,Ongoing,systemic lupus erythematosus,2026-05-24T07:38:54.769145+00:00
NCT04835883,Exploring the Efficacy and Safety of CS20AT04 (Allogenic Bone Marrow-Derived Stem Cell) in Systemic Lupus Erythematosus Patients,UNKNOWN,Phase 2,2019-09-26,2026-01-20,10,Hanyang University Seoul Hospital,OTHER,Unknown,systemic lupus erythematosus,2026-05-24T07:38:54.769145+00:00
NCT01683695,Safety Study of AMG 557 in Subjects With Lupus Arthritis,COMPLETED,Phase 1,2012-06,2016-03,20,Amgen,INDUSTRY,Success,systemic lupus erythematosus,2026-05-24T07:38:54.769145+00:00
NCT00513591,Duke Autoimmunity in Pregnancy Registry,COMPLETED,,2007-08,2018-11-19,513,Duke University,OTHER,Success,systemic lupus erythematosus,2026-05-24T07:38:54.769145+00:00
NCT03920059,Fixed-dose Versus Concentration-controlled Mycophenolate Mofetil for the Treatment of Active Lupus Nephritis,TERMINATED,Phase 4,2019-08-20,2020-01-30,2,Chulalongkorn University,OTHER,Failure,systemic lupus erythematosus,2026-05-24T07:38:54.769145+00:00
NCT00527176,Pulse Corticosteroid Therapy and Effect on Brain Water Diffusivity,UNKNOWN,,2007-09,2007-09,,Cliniques universitaires Saint-Luc- Université Catholique de Louvain,OTHER,Unknown,systemic lupus erythematosus,2026-05-24T07:38:54.769145+00:00
NCT00046774,Monoclonal Antibody Treatment for Systemic Lupus Erythematosus,COMPLETED,Phase 1,2002-09-02,2017-09-07,23,National Institute of Arthritis and Musculoskeletal and Skin Diseases (NIAMS),NIH,Success,systemic lupus erythematosus,2026-05-24T07:38:54.769145+00:00
NCT05392790,Progressive Resisted Exercise Plus Aerobic Exercise on Osteoporotic Systemic Lupus Erythmatosus,COMPLETED,NA,2022-05-23,2023-12-30,80,Cairo University,OTHER,Success,systemic lupus erythematosus,2026-05-24T07:38:54.769145+00:00
NCT05780515,A Study of ANX009 in Adult Participants With Lupus Nephritis,COMPLETED,Phase 1,2022-08-09,2023-10-31,7,"Annexon, Inc.",INDUSTRY,Success,systemic lupus erythematosus,2026-05-24T07:38:54.769145+00:00
NCT03312335,Low-dose Interleukin-2 for Treatment of Systemic Lupus Erythematosus,COMPLETED,Phase 2,2018-08-08,2019-12-23,16,"Onur Boyman, MD",OTHER,Success,systemic lupus erythematosus,2026-05-24T07:38:54.769145+00:00
NCT00420121,European Society of Cutaneous Lupus Erythematosus (EUSCLE),UNKNOWN,,2007-01,2019-12,300,European Society of Cutaneous Lupus Erythematosus e.V.,OTHER,Unknown,systemic lupus erythematosus,2026-05-24T07:38:54.769145+00:00
NCT03941184,Spontaneous Coronary Artery Dissection (SCAD) and Autoimmunity,COMPLETED,,1995-01-01,2020-11-10,114,Mayo Clinic,OTHER,Success,systemic lupus erythematosus,2026-05-24T07:38:54.769145+00:00
NCT06659029,Prospective Registry Investigating Maternal and Infant Outcomes in Anifrolumab Users,RECRUITING,,2025-07-01,2031-04-15,442,AstraZeneca,INDUSTRY,Ongoing,systemic lupus erythematosus,2026-05-24T07:38:54.769145+00:00
NCT02504645,"A 52-Week, Randomized, Double-Blind, Parallel-Group, Placebo-Controlled Study to Evaluate the Efficacy and Safety of a 200-mcg Dose of IPP-201101 Plus Standard of Care in Patients With Systemic Lupus Erythematosus",COMPLETED,Phase 3,2015-03,2018-01,202,ImmuPharma,INDUSTRY,Success,systemic lupus erythematosus,2026-05-24T07:38:54.769145+00:00
NCT06548607,Clinical Study on Targeted CD19 or CD19-BCMA CAR-T Therapy for Autoimmune Diseases,RECRUITING,EARLY_PHASE1,2024-09-14,2027-12-31,20,"Nanjing Bioheng Biotech Co., Ltd.",INDUSTRY,Ongoing,systemic lupus erythematosus,2026-05-24T07:38:54.769145+00:00
NCT07203157,HEAL-SLE: Holistic Energy for Alleviating Lupus Symptoms,NOT_YET_RECRUITING,NA,2025-10-15,2026-09-20,20,NYU Langone Health,OTHER,Ongoing,systemic lupus erythematosus,2026-05-24T07:38:54.769145+00:00
NCT05559671,Safety of the Herpes Zoster Subunit Vaccine in Lupus,RECRUITING,Phase 4,2023-12-21,2027-07-31,224,NYU Langone Health,OTHER,Ongoing,systemic lupus erythematosus,2026-05-24T07:38:54.769145+00:00
NCT03185767,Long Non Coding RNA in Complications of Systemic Lupus,UNKNOWN,NA,2016-06-01,2017-07-01,100,Cairo University,OTHER,Unknown,systemic lupus erythematosus,2026-05-24T07:38:54.769145+00:00
NCT06255028,A Study of CNTY-101 in Participants With Refractory B Cell-mediated Autoimmune Diseases,ACTIVE_NOT_RECRUITING,Phase 1,2025-02-06,2028-08,6,"Century Therapeutics, Inc.",INDUSTRY,Success,systemic lupus erythematosus,2026-05-24T07:38:54.769145+00:00
NCT01781611,Dipyridamole Assessment for Flare Reduction in Systemic Lupus Erythematosus (SLE),TERMINATED,NA,2013-02,2017-11,18,Oklahoma Medical Research Foundation,OTHER,Failure,systemic lupus erythematosus,2026-05-24T07:38:54.769145+00:00
NCT06044337,A Long-Term Extension Study to Learn More About the Safety of Litifilimab (BIIB059) Injections and Whether They Can Improve Symptoms of Adult Participants Who Have Active Cutaneous Lupus Erythematosus,ENROLLING_BY_INVITATION,Phase 3,2023-10-03,2029-12-11,322,Biogen,INDUSTRY,Ongoing,systemic lupus erythematosus,2026-05-24T07:38:54.769145+00:00
NCT03458156,Umbilical Cord Mesenchymal Stem Cell Transplantation for Lupus Nephritis,UNKNOWN,NA,2017-01,2020-01,30,The First Affiliated Hospital of Dalian Medical University,OTHER,Unknown,systemic lupus erythematosus,2026-05-24T07:38:54.769145+00:00
NCT04256577,Serum Ceramides Level in Systemic Lupus Erythematosus (SLE) Patients as a Novel Marker for Renal Impairment,UNKNOWN,,2020-02,2021-06,90,Assiut University,OTHER,Unknown,systemic lupus erythematosus,2026-05-24T07:38:54.769145+00:00
NCT02041091,A Study of Tabalumab (LY2127399) Using Two Different Injection Methods in Participants With Lupus,TERMINATED,Phase 3,2014-01,2015-11,226,Eli Lilly and Company,INDUSTRY,Failure,systemic lupus erythematosus,2026-05-24T07:38:54.769145+00:00
NCT00278590,Allogeneic Stem Cell Transplantation in Systemic Lupus Erythematosus,WITHDRAWN,Phase 1,2004-07,2015-07,0,Northwestern University,OTHER,Failure,systemic lupus erythematosus,2026-05-24T07:38:54.769145+00:00
NCT06980597,A Study of OL-108 in Relapsed/Refractory Autoimmune Diseases,RECRUITING,Phase 1,2025-06,2028-12,44,Beijing GoBroad Hospital,OTHER,Ongoing,systemic lupus erythematosus,2026-05-24T07:38:54.769145+00:00
NCT06971913,Efficacy and Safety of Low-dose IL-2 in SLE Patients With CMV Viremia,NOT_YET_RECRUITING,Phase 2,2025-05-20,2025-12-30,100,Peking University People's Hospital,OTHER,Ongoing,systemic lupus erythematosus,2026-05-24T07:38:54.769145+00:00
NCT03054259,Rituximab Objective Outcome Measures Trial in SLE,UNKNOWN,Phase 2,2017-09-21,2020-02,30,University of Leeds,OTHER,Unknown,systemic lupus erythematosus,2026-05-24T07:38:54.769145+00:00
NCT07000110,Anifrolumab Malignancy and Serious Infections Study,RECRUITING,,2026-01-26,2031-11-30,3195,AstraZeneca,INDUSTRY,Ongoing,systemic lupus erythematosus,2026-05-24T07:38:54.769145+00:00
NCT05063513,Autologous Stem Cell Transplantation: International Lupus Trial,WITHDRAWN,Phase 2; Phase 3,2009-07,2017-07,0,European Society for Blood and Marrow Transplantation,NETWORK,Failure,systemic lupus erythematosus,2026-05-24T07:38:54.769145+00:00
NCT06004960,"A Study to Assess the Mass Balance Recovery (Absorption, Distribution, Metabolism and Excretion) of [14C]CCX168 in Healthy Participants",COMPLETED,Phase 1,2014-10-20,2014-12-05,6,Amgen,INDUSTRY,Success,systemic lupus erythematosus,2026-05-24T07:38:54.769145+00:00
NCT03791827,Multicenter Registry of Pediatric Lupus Nephritis in China,UNKNOWN,,2018-12-01,2024-11-30,1200,Xiqiang Dang,OTHER,Unknown,systemic lupus erythematosus,2026-05-24T07:38:54.769145+00:00
NCT00282347,A Study to Evaluate the Efficacy and Safety of Rituximab in Subjects With International Society of Nephrology/Renal Pathology Society (ISN/RPS) 2003 Class III or IV Lupus Nephritis,COMPLETED,Phase 3,2006-01,2013-01,144,"Genentech, Inc.",INDUSTRY,Success,systemic lupus erythematosus,2026-05-24T07:38:54.769145+00:00
NCT05938725,"KYSA-1: A Study of Anti-CD19 Chimeric Antigen Receptor T-Cell (CD19 CAR T) Therapy, in Subjects With Refractory Lupus Nephritis",ACTIVE_NOT_RECRUITING,Phase 1; Phase 2,2023-04-28,2027-08,6,Kyverna Therapeutics,INDUSTRY,Success,systemic lupus erythematosus,2026-05-24T07:38:54.769145+00:00
NCT03845517,A DOSE-RANGING STUDY TO EVALUATE EFFICACY AND SAFETY OF PF-06700841 IN SYSTEMIC LUPUS ERYTHEMATOSUS (SLE),COMPLETED,Phase 2,2019-04-18,2023-10-05,350,Pfizer,INDUSTRY,Success,systemic lupus erythematosus,2026-05-24T07:38:54.769145+00:00
NCT05236491,COvid-19 Vaccine Booster in Immunocompromised Rheumatic Diseases,UNKNOWN,Phase 2; Phase 3,2022-03-09,2023-12,287,Paul R Fortin,OTHER,Unknown,systemic lupus erythematosus,2026-05-24T07:38:54.769145+00:00
NCT00302549,To Compare the Efficacy and Safety of FK506 vs IVC in the Treatment of Class III-IV LN,COMPLETED,NA,2004-05,2006-02,61,Nanjing University School of Medicine,OTHER,Success,systemic lupus erythematosus,2026-05-24T07:38:54.769145+00:00
NCT06411249,A Study Describing the Efficacy and Safety of Belimumab Administered in Adult Participants With Early Systemic Lupus Erythematosus (SLE),RECRUITING,Phase 4,2024-06-06,2029-05-29,350,GlaxoSmithKline,INDUSTRY,Ongoing,systemic lupus erythematosus,2026-05-24T07:38:54.769145+00:00
NCT07174843,An Exploratory Study of CD19/CD22/BCMA CAR-T Cells (BZE2204) in Subjects With Relapsed or Refractory Autoimmune Diseases,RECRUITING,EARLY_PHASE1,2025-09,2027-12,20,"Shanghai Cell Therapy Group Co.,Ltd",INDUSTRY,Ongoing,systemic lupus erythematosus,2026-05-24T07:38:54.769145+00:00
NCT03949426,"Safety, Tolerability and Pharmacokinetics of KPG-818 in Healthy Subjects",COMPLETED,Phase 1,2019-05-01,2019-09-29,40,"Kangpu Biopharmaceuticals, Ltd.",INDUSTRY,Success,systemic lupus erythematosus,2026-05-24T07:38:54.769145+00:00
NCT00001789,BG9588 (Anti-CD40L Antibody) to Treat Lupus Nephritis,COMPLETED,Phase 2,1999-06,2000-05,20,National Institute of Arthritis and Musculoskeletal and Skin Diseases (NIAMS),NIH,Success,systemic lupus erythematosus,2026-05-24T07:38:54.769145+00:00
NCT06297408,Relma-cel for Moderate to Severe Active Systemic Lupus Erythematosus,NOT_YET_RECRUITING,Phase 1,2024-03,2026-05,24,"Shanghai Ming Ju Biotechnology Co., Ltd.",INDUSTRY,Ongoing,systemic lupus erythematosus,2026-05-24T07:38:54.769145+00:00
NCT03042260,Prophylactic Trimethoprim/Sulfamethoxazole to Prevent Severe Infections in Patients With Lupus Erythematous,UNKNOWN,Phase 4,2017-03-01,2021-08,310,Instituto Nacional de Ciencias Medicas y Nutricion Salvador Zubiran,OTHER,Unknown,systemic lupus erythematosus,2026-05-24T07:38:54.769145+00:00
NCT04517240,A Study on Protein Losing Enteropathy In Systemic Lupus Erythematosus,UNKNOWN,,2020-10-01,2022-12-01,50,Assiut University,OTHER,Unknown,systemic lupus erythematosus,2026-05-24T07:38:54.769145+00:00
NCT04305418,Mindfulness- Based Intervention for Systemic Lupus Erythematosus (SLE) Patients,COMPLETED,NA,2017-01-23,2018-09-08,26,"Bar-Ilan University, Israel",OTHER,Success,systemic lupus erythematosus,2026-05-24T07:38:54.769145+00:00
NCT06144710,SG301-SC Injection Safety Study in Subjects With Systemic Lupus Erythematosus,ACTIVE_NOT_RECRUITING,Phase 1,2023-11-10,2026-10-24,48,"Hangzhou Sumgen Biotech Co., Ltd.",INDUSTRY,Success,systemic lupus erythematosus,2026-05-24T07:38:54.769145+00:00
NCT06570798,A Phase 2 Master Protocol Assessing Inebilizumab and Blinatumomab in Autoimmune Diseases,RECRUITING,Phase 2,2025-07-16,2028-07-21,220,Amgen,INDUSTRY,Ongoing,systemic lupus erythematosus,2026-05-24T07:38:54.769145+00:00
NCT02633163,Phase 2 Trial of Mesenchymal Stem Cells in Systemic Lupus Erythematosus (MiSLE),COMPLETED,Phase 2,2018-11-18,2026-02-03,81,Medical University of South Carolina,OTHER,Success,systemic lupus erythematosus,2026-05-24T07:38:54.769145+00:00
NCT01085084,A Study of Laquinimod in Participants With Systemic Lupus Erythematosus (SLE) Active Lupus Arthritis,COMPLETED,Phase 2,2010-10-04,2012-11-12,82,"Teva Branded Pharmaceutical Products R&D, Inc.",INDUSTRY,Success,systemic lupus erythematosus,2026-05-24T07:38:54.769145+00:00
NCT05017142,Swiss Pediatric Inflammatory Brain Disease Registry (Swiss-Ped-IBrainD),RECRUITING,,2020-04-14,2071-01-01,500,University of Bern,OTHER,Ongoing,systemic lupus erythematosus,2026-05-24T07:38:54.769145+00:00
NCT04486118,Centrally Acting ACE Inhibition in SLE,ACTIVE_NOT_RECRUITING,Phase 2,2021-10-01,2026-03-01,36,Northwell Health,OTHER,Success,systemic lupus erythematosus,2026-05-24T07:38:54.769145+00:00
NCT04032496,Contemplation-Based Intervention and Health Outcomes RCT in Lupus Patients,UNKNOWN,NA,2020-01,2021-07,50,University of Toronto,OTHER,Unknown,systemic lupus erythematosus,2026-05-24T07:38:54.769145+00:00
NCT06675422,JY231 Injection for the Treatment of Active Systemic Lupus Erythematosus (SLE),RECRUITING,Phase 1; Phase 2,2024-10-09,2026-12-31,20,920th Hospital of Joint Logistics Support Force of People's Liberation Army of China,OTHER,Ongoing,systemic lupus erythematosus,2026-05-24T07:38:54.769145+00:00
NCT07109986,UB-VV410 in Subjects With Active Refractory Systemic Lupus Erythematosus or Lupus Nephritis,RECRUITING,Phase 1,2025-10-27,2030-07-08,21,"Nanjing IASO Biotechnology Co., Ltd.",INDUSTRY,Ongoing,systemic lupus erythematosus,2026-05-24T07:38:54.769145+00:00
NCT06449794,Neuropsycatric Disorders Among Children With Systemic Lupus Erythematosus in Sohag University Hospital,RECRUITING,,2024-06-01,2025-06-01,50,Sohag University,OTHER,Ongoing,systemic lupus erythematosus,2026-05-24T07:38:54.769145+00:00
NCT00470522,Study of Methotrexate in Lupus Erythematosus,COMPLETED,Phase 3,1995-06,2001-12,86,"University Health Network, Toronto",OTHER,Success,systemic lupus erythematosus,2026-05-24T07:38:54.769145+00:00
NCT04345159,Association Between Long-term Hydroxychloroquine Treatment and Outcome of a History of Symptoms Suggestive of COVID-19 Infection During the Epidemic Period in France in Patients With Autoimmune Disease,COMPLETED,,2020-04-17,2020-11-30,572,Fondation Ophtalmologique Adolphe de Rothschild,NETWORK,Success,systemic lupus erythematosus,2026-05-24T07:38:54.769145+00:00
NCT06647069,A Study to Evaluate the Safety and Activity of SAR448501/DR-0201 in Patients With Autoimmune Rheumatic Diseases,RECRUITING,Phase 1,2025-03-27,2029-06-25,62,Sanofi,INDUSTRY,Ongoing,systemic lupus erythematosus,2026-05-24T07:38:54.769145+00:00
NCT03001973,High Quality Evidence of Chinese Lupus Nephritis (HELP),RECRUITING,,2013-11,2026-12,5000,Sun Yat-sen University,OTHER,Ongoing,systemic lupus erythematosus,2026-05-24T07:38:54.769145+00:00
NCT00987831,Biomarkers of Lupus Disease: Serial Biomarker Sampling in Patients With Active Systemic Lupus Erythematosus (SLE),COMPLETED,Phase 1; Phase 2,2009-05,2012-12,158,Oklahoma Medical Research Foundation,OTHER,Success,systemic lupus erythematosus,2026-05-24T07:38:54.769145+00:00
NCT03951259,Safety and Efficacy of SM934 Compared to Placebo in Adult Subjects With Active Systemic Lupus Erythematosus,COMPLETED,Phase 2,2019-07-24,2023-10-19,32,RenJi Hospital,OTHER,Success,systemic lupus erythematosus,2026-05-24T07:38:54.769145+00:00
NCT01509989,International Prospective Study on Adherence to Treatment in Patients With Active Systemic Lupus Erythematosus,COMPLETED,,2013-01,2016-03,307,Assistance Publique - Hôpitaux de Paris,OTHER,Success,systemic lupus erythematosus,2026-05-24T07:38:54.769145+00:00
NCT03165682,"Fatigue, Depression, and Cortical Excitability in Systemic Lupus",UNKNOWN,,2018-12-01,2019-12-30,75,Assiut University,OTHER,Unknown,systemic lupus erythematosus,2026-05-24T07:38:54.769145+00:00
NCT06925542,A Safety and Efficacy Study Evaluating CTX112 in Adult Subjects With Refractory Autoimmune Disease,RECRUITING,Phase 1,2025-03-10,2031-12-31,80,CRISPR Therapeutics,INDUSTRY,Ongoing,systemic lupus erythematosus,2026-05-24T07:38:54.769145+00:00
NCT06087523,Pulmonary Disease Among Patients With Systemic Lupus Erythematosus,UNKNOWN,,2023-08-15,2026-01-01,200,Odense University Hospital,OTHER,Unknown,systemic lupus erythematosus,2026-05-24T07:38:54.769145+00:00
NCT03027674,Topical 10 % Nifedipine Versus 5% Sildenafil in Secondary Raynaud,COMPLETED,EARLY_PHASE1,2016-08,2016-08,10,Pontificia Universidad Catolica de Chile,OTHER,Success,systemic lupus erythematosus,2026-05-24T07:38:54.769145+00:00
NCT06977724,"A Study to Assess Adverse Events, How the Drug Moves Through the Body and Effectiveness of Intravenous Infusions of ABBV-319 in Adult Participants With Systemic Lupus Erythematosus (SLE) and Sjogren's Disease (SjD)",RECRUITING,Phase 1,2025-08-26,2029-03,36,AbbVie,INDUSTRY,Ongoing,systemic lupus erythematosus,2026-05-24T07:38:54.769145+00:00
NCT05247203,Telitacicept Study in Chinese Subjects With Systemic Lupus Erythematosus,COMPLETED,Phase 1,2022-05-11,2023-11-13,92,"RemeGen Co., Ltd.",INDUSTRY,Success,systemic lupus erythematosus,2026-05-24T07:38:54.769145+00:00
NCT07000903,Occupational and Environmental Causes of Autoimmune Diseases,COMPLETED,NA,2022-05-10,2024-12-31,247,Université Catholique de Louvain,OTHER,Success,systemic lupus erythematosus,2026-05-24T07:38:54.769145+00:00
NCT07185269,The Purpose of This Study is to Evaluate the Efficacy and Safety of 626 in the Treatment of SLE,RECRUITING,Phase 1; Phase 2,2025-09-24,2028-11-04,198,"Sunshine Guojian Pharmaceutical (Shanghai) Co., Ltd.",INDUSTRY,Ongoing,systemic lupus erythematosus,2026-05-24T07:38:54.769145+00:00
NCT05440422,The Role of Anifrolumab in Improving Markers of Vascular Risk in Patients With Systemic Lupus Erythematosus (SLE) - IFN-CVD,RECRUITING,Phase 2,2023-12-07,2027-08-02,45,National Institute of Arthritis and Musculoskeletal and Skin Diseases (NIAMS),NIH,Ongoing,systemic lupus erythematosus,2026-05-24T07:38:54.769145+00:00
NCT01424033,A Clinical Trial for CTD-ILD Treatment,TERMINATED,Phase 2; Phase 3,2011-12,,5,University of Michigan,OTHER,Failure,systemic lupus erythematosus,2026-05-24T07:38:54.769145+00:00
NCT00423098,Efficacy and Safety of Enteric-coated Mycophenolate Sodium in Combination With Two Corticosteroid Regimens for the Treatment of Lupus Nephritis Flare,COMPLETED,Phase 2,2007-02,2009-11,81,Novartis Pharmaceuticals,INDUSTRY,Success,systemic lupus erythematosus,2026-05-24T07:38:54.769145+00:00
NCT06713187,Interleukin23 in Systemic Lupus,RECRUITING,NA,2025-05-01,2026-06-01,90,Sohag University,OTHER,Ongoing,systemic lupus erythematosus,2026-05-24T07:38:54.769145+00:00
NCT02653287,Lupus Intervention for Fatigue Trial,ACTIVE_NOT_RECRUITING,NA,2019-05-01,2027-12-31,200,Northwestern University,OTHER,Success,systemic lupus erythematosus,2026-05-24T07:38:54.769145+00:00
NCT04558814,Evaluation of Serum Galectin-9 Level in Systemic Lupus Erythematosus Patients and it's Association With Disease Activity and Organ Damage,UNKNOWN,NA,2021-01,2022-12,100,Assiut University,OTHER,Unknown,systemic lupus erythematosus,2026-05-24T07:38:54.769145+00:00
NCT06383104,Myofascial Techniques and Proprioceptive Neuromuscular Facilitation in Patients With Systemic Lupus Erythematosus.,COMPLETED,NA,2024-04-22,2024-06-26,17,Universidad Católica San Antonio de Murcia,OTHER,Success,systemic lupus erythematosus,2026-05-24T07:38:54.769145+00:00
NCT04870333,PROphylaxis for paTiEnts at Risk of COVID-19 infecTion -V,COMPLETED,Phase 2; Phase 3,2021-02-19,2025-04-16,2240,Cambridge University Hospitals NHS Foundation Trust,OTHER,Success,systemic lupus erythematosus,2026-05-24T07:38:54.769145+00:00
NCT04266860,Establishing Clinical Utility of a New Diagnostic Test for Rheumatology Patients,COMPLETED,NA,2012-03-01,2013-03-01,166,"Qure Healthcare, LLC",INDUSTRY,Success,systemic lupus erythematosus,2026-05-24T07:38:54.769145+00:00
NCT00000420,Safety of Estrogens in Lupus: Birth Control Pills,COMPLETED,Phase 3,1997-06,2003-08,350,NYU Langone Health,OTHER,Success,systemic lupus erythematosus,2026-05-24T07:38:54.769145+00:00
NCT06349343,CD19/BCMA CAR-T Cell Therapy for Refractory/Moderate-to-severe Systemic Lupus Erythematosus,RECRUITING,Phase 1,2025-02-10,2027-01,20,"Union Hospital, Tongji Medical College, Huazhong University of Science and Technology",OTHER,Ongoing,systemic lupus erythematosus,2026-05-24T07:38:54.769145+00:00
NCT01772069,Health-Related Quality of Life in Patients With Systemic Lupus Erythematosus:Focusing on Fibromyalgia,COMPLETED,,2013-01,2015-11,300,The Catholic University of Korea,OTHER,Success,systemic lupus erythematosus,2026-05-24T07:38:54.769145+00:00
NCT07598396,A Study to Evaluate Mosunetuzumab in Participants With Systemic Lupus Erythematosus With or Without Active Lupus Nephritis,RECRUITING,Phase 2,2026-05-29,2028-08-31,30,Hoffmann-La Roche,INDUSTRY,Ongoing,systemic lupus erythematosus,2026-05-24T07:38:54.769145+00:00
NCT00583362,A Continuation Trial for Subjects With Systemic Lupus Erythematosus That Have Completed Protocol LBSL02,COMPLETED,Phase 2,2005-05-04,2016-02-23,298,"Human Genome Sciences Inc., a GSK Company",INDUSTRY,Success,systemic lupus erythematosus,2026-05-24T07:38:54.769145+00:00
NCT04397237,Prevalence and Seroconversion of COVID-19 in Autoimmune Diseases in Europe,UNKNOWN,,2020-06-10,2021-01,3100,Pitié-Salpêtrière Hospital,OTHER,Unknown,systemic lupus erythematosus,2026-05-24T07:38:54.769145+00:00
NCT04833465,Development of a Therapeutic Endpoint in Pediatric Rheumatologic Conditions,RECRUITING,,2021-07-16,2027-04,90,Children's National Research Institute,OTHER,Ongoing,systemic lupus erythematosus,2026-05-24T07:38:54.769145+00:00
NCT05659407,BAFF-var as a Biomarker of Response to B-depletive Treatment in Systemic Lupus Erythematosus and Rheumatoid Arthritis,UNKNOWN,,2020-07-24,2023-01-31,60,University of Cagliari,OTHER,Unknown,systemic lupus erythematosus,2026-05-24T07:38:54.769145+00:00
NCT00911521,Immunogenicity and Safety of a Quadrivalent Human Papillomavirus (HPV) Vaccine in Patients With SLE: a Controlled Study,COMPLETED,Phase 4,2009-10,2011-06,100,Tuen Mun Hospital,OTHER_GOV,Success,systemic lupus erythematosus,2026-05-24T07:38:54.769145+00:00
NCT00268567,Induction Treatment of Proliferative Lupus Nephritis With Leflunomide Combined With Prednisone,COMPLETED,Phase 2; Phase 3,2002-10,,,Peking University,OTHER,Success,systemic lupus erythematosus,2026-05-24T07:38:54.769145+00:00
NCT02124798,"A Phase 2B Open-Label, Single-Arm, Repeat-Dose Study to Evaluate the Reliability of an Autoinjector",COMPLETED,Phase 2,2014-05-20,2015-04-13,95,GlaxoSmithKline,INDUSTRY,Success,systemic lupus erythematosus,2026-05-24T07:38:54.769145+00:00
NCT00705367,Phase I Study in China - Tolerability of a Single Dose of Abatacept 30 mg/kg,COMPLETED,Phase 1,2008-08,2011-07,13,Bristol-Myers Squibb,INDUSTRY,Success,systemic lupus erythematosus,2026-05-24T07:38:54.769145+00:00
NCT05732402,An Open-label Study of Povetacicept in Autoantibody-Associated Glomerular Diseases,ACTIVE_NOT_RECRUITING,Phase 1; Phase 2,2023-03-15,2028-03-02,72,"Alpine Immune Sciences, Inc.",INDUSTRY,Success,systemic lupus erythematosus,2026-05-24T07:38:54.769145+00:00
NCT02457221,A Study to Compare the Efficacy and Safety of Tacrolimus Capsules and Cyclophosphamide Injection in Treatment of Lupus Nephritis,COMPLETED,Phase 3,2015-03-10,2018-09-10,314,"Astellas Pharma China, Inc.",INDUSTRY,Success,systemic lupus erythematosus,2026-05-24T07:38:54.769145+00:00
NCT06155604,SGLT2 Inhibitor in Lupus Nephritis Patients With Chronic Kidney Disease,RECRUITING,Phase 2,2023-01-04,2026-12-31,150,The University of Hong Kong,OTHER,Ongoing,systemic lupus erythematosus,2026-05-24T07:38:54.769145+00:00
NCT06161363,Description of Compliance With Hydroxychloroquine Treatment in Patients With Systemic Lupus Erythematosus,COMPLETED,,2023-11-27,2024-12-16,102,"University Hospital, Toulouse",OTHER,Success,systemic lupus erythematosus,2026-05-24T07:38:54.769145+00:00
NCT05251415,Clinico-biological Collection to Investigate the Physiopathology of Systemic Autoimmune Diseases,RECRUITING,,2022-04-04,2032-04-04,3000,"University Hospital, Toulouse",OTHER,Ongoing,systemic lupus erythematosus,2026-05-24T07:38:54.769145+00:00
NCT04335747,COVID-19 Infection in Vulnerable Patients With Inflammatory Rheumatic Diseases,TERMINATED,,2020-04-23,2021-07-01,53,Salome Kristensen,OTHER,Failure,systemic lupus erythematosus,2026-05-24T07:38:54.769145+00:00
NCT06978738,UCAR T-cell Therapy Targeting CD19/ BCMA in Patients With Relapse/ Refractory Autoimmune Diseases,NOT_YET_RECRUITING,Phase 1,2025-05,2028-11,18,Changzhou No.2 People's Hospital,OTHER,Ongoing,systemic lupus erythematosus,2026-05-24T07:38:54.769145+00:00
NCT06778343,Biomarkers in Inflammatory Rheumatic Diseases Diagnosis,RECRUITING,,2023-01-31,2025-06-30,134,Universidade Nova de Lisboa,OTHER,Ongoing,systemic lupus erythematosus,2026-05-24T07:38:54.769145+00:00
NCT07010835,Study of YK012 in Moderate to Severe Systemic Lupus Erythematosus,RECRUITING,Phase 1; Phase 2,2025-08-25,2028-12,189,Excyte Biopharma Ltd,INDUSTRY,Ongoing,systemic lupus erythematosus,2026-05-24T07:38:54.769145+00:00
NCT01449071,Study Evaluating the Pharmacokinetics and Safety of Epratuzumab in Japanese Systemic Lupus Erythematosus (SLE),COMPLETED,Phase 1; Phase 2,2011-10,2013-03,20,UCB Pharma,INDUSTRY,Success,systemic lupus erythematosus,2026-05-24T07:38:54.769145+00:00
NCT06919250,Physical Activity in Patients With Systemic Lupus Erythematosus,NOT_YET_RECRUITING,,2025-03-31,2025-05-20,63,University of Oviedo,OTHER,Ongoing,systemic lupus erythematosus,2026-05-24T07:38:54.769145+00:00
NCT07136389,"Safety, Pharmacokinetics, Immunogenicity BCD-256-1 and Divozilimab in Subjects With Systemic Lupus Erythematosus",RECRUITING,Phase 1,2025-03-27,2026-11-01,135,Biocad,INDUSTRY,Ongoing,systemic lupus erythematosus,2026-05-24T07:38:54.769145+00:00
NCT01802034,"Repository of Novel Analytes Leading to Autoimmune, Inflammatory and Diabetic Nephropathies (RENAL AID)",RECRUITING,,2013-02,2028-08,2000,The Rogosin Institute,OTHER,Ongoing,systemic lupus erythematosus,2026-05-24T07:38:54.769145+00:00
NCT01120652,Reducing Depressive Symptoms in Systemic Lupus Erythematosus,COMPLETED,NA,2009-11,2015-09,90,University of Pittsburgh,OTHER,Success,systemic lupus erythematosus,2026-05-24T07:38:54.769145+00:00
NCT06717815,Phase IIa Study for IPG11406 in Patients With Lupus Nephritis,RECRUITING,Phase 1; Phase 2,2025-02-25,2026-04-22,36,"Nanjing Immunophage Biotech Co., Ltd",INDUSTRY,Ongoing,systemic lupus erythematosus,2026-05-24T07:38:54.769145+00:00
NCT07024082,Water-based Liuzijue Exercise on Childhood-onset Systemic Lupus Erythematosus,COMPLETED,NA,2025-08-09,2025-12-01,130,MTI University,OTHER,Success,systemic lupus erythematosus,2026-05-24T07:38:54.769145+00:00
NCT05929248,Exploring the Therapeutic Effect of Telitacicept on Lupus Erythematosus Complicated With Thrombocytopenia,UNKNOWN,Phase 2,2023-07-01,2024-12-30,64,Guanmin Gao,OTHER,Unknown,systemic lupus erythematosus,2026-05-24T07:38:54.769145+00:00
NCT00441220,Cyclophosphamide in Lupus Nephritis,UNKNOWN,,2006-10,2010-10,60,"University of Auckland, New Zealand",OTHER,Unknown,systemic lupus erythematosus,2026-05-24T07:38:54.769145+00:00
NCT06287125,Renal Assessment for Early Detection of Renal Impairment in Systemic Sclerosis and Systemic Lupus Erythematosus Patients,NOT_YET_RECRUITING,,2024-03-01,2027-03-01,95,Assiut University,OTHER,Ongoing,systemic lupus erythematosus,2026-05-24T07:38:54.769145+00:00
NCT06784076,Establishing the Salience of Type 1 Interferon Pathway Blockade in the Central Mechanisms of SLE Related Fatigue,NOT_YET_RECRUITING,,2025-03-17,2027-03-15,20,NHS Greater Glasgow and Clyde,OTHER,Ongoing,systemic lupus erythematosus,2026-05-24T07:38:54.769145+00:00
NCT02194400,Dose Escalation Study of RSLV-132 in Subjects With Systemic Lupus Erythematosus,COMPLETED,Phase 1,2014-07,2015-11,32,Resolve Therapeutics,INDUSTRY,Success,systemic lupus erythematosus,2026-05-24T07:38:54.769145+00:00
NCT06581198,"A Study of Rapcabtagene Autoleucel in Active, Refractory Systemic Lupus Erythematosus (SLE) or Lupus Nephritis (LN) Patients (AUTOGRAPH - SLE/LN)",RECRUITING,Phase 2,2024-09-04,2032-02-06,179,Novartis Pharmaceuticals,INDUSTRY,Ongoing,systemic lupus erythematosus,2026-05-24T07:38:54.769145+00:00
NCT00382837,Study of Epratuzumab in Systemic Lupus Erythematosus,WITHDRAWN,Phase 3,2007-01,,0,UCB Pharma,INDUSTRY,Failure,systemic lupus erythematosus,2026-05-24T07:38:54.769145+00:00
NCT02151409,Dose-escalation Trial of Anti-C5aR Antibody in Healthy Subjects,COMPLETED,Phase 1,2008-06,2009-10,60,Novo Nordisk A/S,INDUSTRY,Success,systemic lupus erythematosus,2026-05-24T07:38:54.769145+00:00
NCT03374618,Neutrophil Extracellular Traps in Systemic Sclerosis,COMPLETED,NA,2018-02-23,2021-04-29,81,CHU de Reims,OTHER,Success,systemic lupus erythematosus,2026-05-24T07:38:54.769145+00:00
NCT00053560,To Assess Prevention of Bone Loss in Women With Lupus Receiving Treatment With Glucocorticoids,UNKNOWN,Phase 3,2002-12,2004-08,155,Genelabs Technologies,INDUSTRY,Unknown,systemic lupus erythematosus,2026-05-24T07:38:54.769145+00:00
NCT04747288,Objective Measurement With TCM Pattern for AIDDES,UNKNOWN,,2021-02-01,2024-12-31,1800,"Taipei Veterans General Hospital, Taiwan",OTHER_GOV,Unknown,systemic lupus erythematosus,2026-05-24T07:38:54.769145+00:00
NCT04835441,ALPN-101 (Acazicolcept) in Systemic Lupus Erythematosus,COMPLETED,Phase 2,2021-06-22,2024-07-09,76,"Alpine Immune Sciences Inc, A Subsidiary of Vertex",INDUSTRY,Success,systemic lupus erythematosus,2026-05-24T07:38:54.769145+00:00
NCT00866229,Efficacy and Adverse Effect of Simvastatin Compare to Rosuvastatin in Systemic Lupus Erythematosus (SLE) Patients With Corticosteroid Therapy and High Low-Density Lipoprotein (LDL) Cholesterol Level,UNKNOWN,Phase 4,2008-04,2010-06,140,Ramathibodi Hospital,OTHER,Unknown,systemic lupus erythematosus,2026-05-24T07:38:54.769145+00:00
NCT05306873,Examining Distinct Immunophenotypes to Validate and Enhance Rational Treatment in Systemic Lupus,TERMINATED,Phase 2,2022-11-30,2024-07-11,12,National Institute of Allergy and Infectious Diseases (NIAID),NIH,Failure,systemic lupus erythematosus,2026-05-24T07:38:54.769145+00:00
NCT07215754,"Real World Evidence of Anifrolumab in Systemic Lupus Erythematosus: Investigator Initiated, Observational, Multicenter Study Evaluating Effectiveness and Safety of Anifrolumab in Active SLE Patients",RECRUITING,,2023-05-25,2031-05,300,University of Pisa,OTHER,Ongoing,systemic lupus erythematosus,2026-05-24T07:38:54.769145+00:00
NCT06822881,CT1190B in the Treatment of Patients With Moderate to Severe Refractory Systemic Lupus Erythematosus (SLE) or Refractory/Progressive Systemic Sclerosis (SSc),RECRUITING,Phase 1,2025-02-20,2026-12-31,27,Beijing GoBroad Hospital,OTHER,Ongoing,systemic lupus erythematosus,2026-05-24T07:38:54.769145+00:00
NCT03746028,The Lupus prEGnAnCY Cohort: An International Prospective Cohort of Lupus Pregnancies,UNKNOWN,,2018-06-06,2024-01-30,100,McGill University Health Centre/Research Institute of the McGill University Health Centre,OTHER,Unknown,systemic lupus erythematosus,2026-05-24T07:38:54.769145+00:00
NCT01345253,GSK1550188 A 52 Week Study of Belimumab Versus Placebo in the Treatment of Subjects With Systemic Lupus Erythematosus (SLE) Located in Northeast Asia,COMPLETED,Phase 3,2011-05-23,2018-09-21,709,GlaxoSmithKline,INDUSTRY,Success,systemic lupus erythematosus,2026-05-24T07:38:54.769145+00:00
NCT05458622,"3TR (Taxonomy, Treatment, Targets and Remission) Systemic Lupus Erithematosus Study Protocol",ACTIVE_NOT_RECRUITING,Phase 3,2022-11-29,2026-11,25,"University Hospital, Brest",OTHER,Success,systemic lupus erythematosus,2026-05-24T07:38:54.769145+00:00
NCT00377637,A Study of Mycophenolate Mofetil (CellCept) in Management of Patients With Lupus Nephritis.,COMPLETED,Phase 3,2005-07,2010-03,370,Hoffmann-La Roche,INDUSTRY,Success,systemic lupus erythematosus,2026-05-24T07:38:54.769145+00:00
NCT06429800,A Study to Evaluate the Safety and Preliminary Efficacy of ATA3219 in Participants With Systemic Lupus Erythematosus,WITHDRAWN,Phase 1,2025-04-16,2025-04-16,0,Atara Biotherapeutics,INDUSTRY,Failure,systemic lupus erythematosus,2026-05-24T07:38:54.769145+00:00
NCT06975787,Dose Escalation Study With Bispecific Antibodies in Adult Patients With Lupus Nephritis,RECRUITING,Phase 1,2025-12-22,2028-07-23,90,Regeneron Pharmaceuticals,INDUSTRY,Ongoing,systemic lupus erythematosus,2026-05-24T07:38:54.769145+00:00
NCT07102030,Subgrouping SLE - a New Approach to Understand the Pathogenesis and Improve Treatment,RECRUITING,,2015-02-15,2032-12-31,900,Region Stockholm,OTHER_GOV,Ongoing,systemic lupus erythematosus,2026-05-24T07:38:54.769145+00:00
NCT04305197,A Study of ICP-022 in Patients With Systemic Lupus Erythematosus (SLE),COMPLETED,Phase 1; Phase 2,2020-07-09,2022-04-28,60,"Beijing InnoCare Pharma Tech Co., Ltd.",INDUSTRY,Success,systemic lupus erythematosus,2026-05-24T07:38:54.769145+00:00
NCT03802578,"The Impact of Exercise on Hand Function, Daily Activities Performance and Quality of Life of SLE' Patients",COMPLETED,NA,2016-09-28,2018-09-30,62,National and Kapodistrian University of Athens,OTHER,Success,systemic lupus erythematosus,2026-05-24T07:38:54.769145+00:00
NCT05478018,Type 1 Interferon Induced Changes to Exercise Adaptations in Systemic Lupus Erythematosus Patients,COMPLETED,NA,2022-04-01,2025-01-01,55,"Rigshospitalet, Denmark",OTHER,Success,systemic lupus erythematosus,2026-05-24T07:38:54.769145+00:00
NCT03664908,Detection of Anti-glomerular Basement Membrane Antibodies (Anti-GBM): a Promising Biomarker for Lupus Nephritis (LN)?,COMPLETED,NA,2018-09-01,2019-05-04,100,CHU de Reims,OTHER,Success,systemic lupus erythematosus,2026-05-24T07:38:54.769145+00:00
NCT05967520,JMKX000189 for Moderate to Severe Active Systemic Lupus Erythematosus,UNKNOWN,Phase 2,2023-09-21,2025-12,48,Jemincare,INDUSTRY,Unknown,systemic lupus erythematosus,2026-05-24T07:38:54.769145+00:00
NCT06485674,Long-Term Organ Damage: Anifrolumab Versus Real-World Standard of Care in Adult Patients With Active Systemic Lupus Erythematosus,COMPLETED,,2024-05-09,2025-06-24,561,AstraZeneca,INDUSTRY,Success,systemic lupus erythematosus,2026-05-24T07:38:54.769145+00:00
NCT06479213,"REACH (Restore Energy, Activity Can Help) Lupus Study",ACTIVE_NOT_RECRUITING,NA,2024-06-13,2025-09-01,36,Tufts Medical Center,OTHER,Success,systemic lupus erythematosus,2026-05-24T07:38:54.769145+00:00
NCT05613582,The Effectiveness of Transcranial Direct Current Stimulation as Adjunctive Treatment for Chronic Daily Headache in Systemic Lupus Erythematosus,UNKNOWN,NA,2022-11-20,2023-09-20,88,Indonesia University,OTHER,Unknown,systemic lupus erythematosus,2026-05-24T07:38:54.769145+00:00
NCT05635266,Tissue Repository Providing Annotated Biospecimens for Approved Investigator-directed Biomedical Research Initiatives,RECRUITING,,2021-10-26,2025-10,20000,Sanguine Biosciences,INDUSTRY,Ongoing,systemic lupus erythematosus,2026-05-24T07:38:54.769145+00:00
NCT05666336,Multi-omics Studies on the Efficacy of Telitacicept in Chinese SLE Patients,UNKNOWN,Phase 4,2022-12-31,2024-06-30,30,Fen Li,OTHER,Unknown,systemic lupus erythematosus,2026-05-24T07:38:54.769145+00:00
NCT06586710,Interferon Pathway Activation in Monogenic and Nonmonogenic Forms of Pediatric SLE,RECRUITING,NA,2023-06-07,2025-12-31,60,Meyer Children's Hospital IRCCS,OTHER,Ongoing,systemic lupus erythematosus,2026-05-24T07:38:54.769145+00:00
NCT07424261,NIS to Examine Disease Activity in SLE Patients Treated With Subcutaneous Anifrolumab in Routine Care,RECRUITING,,2026-03-19,2029-08-31,125,AstraZeneca,INDUSTRY,Ongoing,systemic lupus erythematosus,2026-05-24T07:38:54.769145+00:00
NCT02936375,The Iguratimod Effect on Lupus Nephritis (IGeLU),UNKNOWN,Phase 2,2017-09-07,2021-11,120,RenJi Hospital,OTHER,Unknown,systemic lupus erythematosus,2026-05-24T07:38:54.769145+00:00
NCT07041801,Treatment of Systemic Lupus Erythematosus With Human Umbilical Cord Mesenchymal Stem Cells,RECRUITING,Phase 1; Phase 2,2025-06-28,2027-12-28,58,"Shenzhen Beike Bio-Technology Co., Ltd.",INDUSTRY,Ongoing,systemic lupus erythematosus,2026-05-24T07:38:54.769145+00:00
NCT04749875,Study of Leukocyte Populations in Patients With Chronic Inflammatory,UNKNOWN,,2021-03-01,2026-03-01,1500,Assistance Publique - Hôpitaux de Paris,OTHER,Unknown,systemic lupus erythematosus,2026-05-24T07:38:54.769145+00:00
NCT00071175,Lupus Genetics Studies,COMPLETED,,1995-10,2013-11,3460,Oklahoma Medical Research Foundation,OTHER,Success,systemic lupus erythematosus,2026-05-24T07:38:54.769145+00:00
NCT04976465,Treatment and Clinical Outcomes Among SLE Patients in Pregnancy,RECRUITING,Phase 1,2018-01-01,2026-12-31,200,Qilu Hospital of Shandong University,OTHER,Ongoing,systemic lupus erythematosus,2026-05-24T07:38:54.769145+00:00
NCT07439029,YTS109 in Pediatric Relapsed/Refractory Autoimmune Diseases,NOT_YET_RECRUITING,Phase 1,2026-03,2030-07,12,Children's Hospital of Fudan University,OTHER,Ongoing,systemic lupus erythematosus,2026-05-24T07:38:54.769145+00:00
NCT07123519,A Clinical Study of YTS109 Cells for the Treatment of R/R Autoimmune Diseases,RECRUITING,Phase 1,2025-08-13,2027-08-13,18,"China Immunotech (Beijing) Biotechnology Co., Ltd.",INDUSTRY,Ongoing,systemic lupus erythematosus,2026-05-24T07:38:54.769145+00:00
NCT01532310,Belimumab (BENLYSTA®) Pregnancy Registry,COMPLETED,,2012-07-16,2022-11-11,77,GlaxoSmithKline,INDUSTRY,Success,systemic lupus erythematosus,2026-05-24T07:38:54.769145+00:00
NCT06503224,An Exploratory Clinical Study of SCAR02 Targeting BCMA and CD19 for the Treatment of Refractory Autoimmune Diseases,RECRUITING,NA,2024-04-09,2028-04-30,18,The First Affiliated Hospital of University of Science and Technology of China,OTHER,Ongoing,systemic lupus erythematosus,2026-05-24T07:38:54.769145+00:00
NCT05458531,Monitoring of Inflammatory Conditions,COMPLETED,,2022-06-28,2023-02-08,664,University of Nottingham,OTHER,Success,systemic lupus erythematosus,2026-05-24T07:38:54.769145+00:00
NCT03938324,Peer i-Coaching for Activated Self-Management Optimization in Adolescents and Young Adults With Chronic Conditions,COMPLETED,NA,2019-10-29,2024-06-19,222,Duke University,OTHER,Success,systemic lupus erythematosus,2026-05-24T07:38:54.769145+00:00
NCT06182969,A Study of APG-2575 in Patients With Mild-to-moderate Systemic Lupus Erythematosus.,RECRUITING,Phase 1; Phase 2,2024-08-09,2026-12,40,Ascentage Pharma Group Inc.,INDUSTRY,Ongoing,systemic lupus erythematosus,2026-05-24T07:38:54.769145+00:00
NCT06980805,"A Study to Assess the Safety, Tolerability, and Efficacy of IMVT-1402 in Participants With Cutaneous Lupus Erythematosus (CLE)",RECRUITING,Phase 2,2025-02-19,2027-04,56,Immunovant Sciences GmbH,INDUSTRY,Ongoing,systemic lupus erythematosus,2026-05-24T07:38:54.769145+00:00
NCT06073613,Periodontal Status in Patients With Chronic Skin Diseases,COMPLETED,,2023-01-20,2023-04-28,146,University of Medicine and Pharmacy at Ho Chi Minh City,OTHER,Success,systemic lupus erythematosus,2026-05-24T07:38:54.769145+00:00
NCT02962960,"A Study to Characterize the Pharmacokinetics, Pharmacodynamics, and Safety of Anifrolumab in Adult Type I Interferon Test High Systemic Lupus Erythematosus Subject With Active Skin Manifestations",COMPLETED,Phase 2,2017-02-14,2018-12-17,36,AstraZeneca,INDUSTRY,Success,systemic lupus erythematosus,2026-05-24T07:38:54.769145+00:00
NCT05352919,An Extension Study to Learn More About the Long-Term Safety of Litifilimab (BIIB059) Injections and Whether They Can Improve Symptoms of Adult Participants Who Have Systemic Lupus Erythematosus,ENROLLING_BY_INVITATION,Phase 3,2022-06-10,2030-03-29,864,Biogen,INDUSTRY,Ongoing,systemic lupus erythematosus,2026-05-24T07:38:54.769145+00:00
NCT06801119,Efficacy and Safety of HN2301 in Autoimmune Diseases（AIDs）,RECRUITING,Phase 1,2025-03-16,2028-06-30,30,"Shenzhen MagicRNA Biotechnology Co., Ltd",INDUSTRY,Ongoing,systemic lupus erythematosus,2026-05-24T07:38:54.769145+00:00
NCT06921239,HLA Antibodies in Systemic Lupus Erythematosus,RECRUITING,,2025-02-10,2027-05,30,"Centre Hospitalier Universitaire, Amiens",OTHER,Ongoing,systemic lupus erythematosus,2026-05-24T07:38:54.769145+00:00
NCT02708095,A Study of Baricitinib (LY3009104) in Participants With Systemic Lupus Erythematosus (SLE),COMPLETED,Phase 2,2016-03-24,2017-11-09,314,Eli Lilly and Company,INDUSTRY,Success,systemic lupus erythematosus,2026-05-24T07:38:54.769145+00:00
NCT06791772,Study of CM313(SC) Injection in Systemic Lupus Erythematosus(SLE),NOT_YET_RECRUITING,Phase 2,2025-02,2027-02,150,Keymed Biosciences Co.Ltd,INDUSTRY,Ongoing,systemic lupus erythematosus,2026-05-24T07:38:54.769145+00:00
NCT00371319,Comparing the Efficacy of Tacrolimus and Mycophenolate Mofetil for the Initial Therapy of Active Lupus Nephritis,COMPLETED,Phase 4,2005-09,2014-06,150,Tuen Mun Hospital,OTHER_GOV,Success,systemic lupus erythematosus,2026-05-24T07:38:54.769145+00:00
NCT05609812,Atacicept in Subjects With Active Lupus Nephritis (COMPASS),WITHDRAWN,Phase 3,2022-11-02,2028-12-15,0,"Vera Therapeutics, Inc.",INDUSTRY,Failure,systemic lupus erythematosus,2026-05-24T07:38:54.769145+00:00
NCT02084238,Low-dose IL-2( Interleukin-2) Treatment in SLE,COMPLETED,NA,2013-08,2015-10,40,Peking University People's Hospital,OTHER,Success,systemic lupus erythematosus,2026-05-24T07:38:54.769145+00:00
NCT05639114,Phase 3 Study to Evaluate Two Regimens of Ianalumab on Top of Standard-of-care Therapy in Patients With Systemic Lupus Erythematosus (SIRIUS-SLE 1),ACTIVE_NOT_RECRUITING,Phase 3,2023-03-02,2029-03-21,436,Novartis Pharmaceuticals,INDUSTRY,Success,systemic lupus erythematosus,2026-05-24T07:38:54.769145+00:00
NCT06360068,"A Prospective, Single Arm, Open Label, Proof of Concept Clinical Study of Sulfasalazine in the Treatment of Active Systemic Lupus Erythematosus",UNKNOWN,Phase 2,2024-05-06,2025-05-01,20,Qiong Fu,OTHER,Unknown,systemic lupus erythematosus,2026-05-24T07:38:54.769145+00:00
NCT01475149,Effect of HCQ on AnxA5 Resistance Assay in Antiphospholipid (aPL) Positive Patients With and Without Systemic Lupus Erythematosus (SLE),COMPLETED,,2010-09,2016-08,33,"Hospital for Special Surgery, New York",OTHER,Success,systemic lupus erythematosus,2026-05-24T07:38:54.769145+00:00
NCT04098055,Effect of Insoles in Patients With Systemic Lupus Erythematosus,COMPLETED,NA,2019-11-02,2022-02-02,40,University of Seville,OTHER,Success,systemic lupus erythematosus,2026-05-24T07:38:54.769145+00:00
NCT00775476,Treatment of Systemic Lupus Erythematosus (SLE) With N-acetylcysteine,ACTIVE_NOT_RECRUITING,Phase 2,2022-05-05,2028-09-30,290,State University of New York - Upstate Medical University,OTHER,Success,systemic lupus erythematosus,2026-05-24T07:38:54.769145+00:00
NCT07170917,Brivekimig for the Treatment of Moderate to Severe Hidradenitis Suppurativa,RECRUITING,Phase 2,2025-11-06,2028-04-27,208,Sanofi,INDUSTRY,Ongoing,hidradenitis suppurativa,2026-05-24T07:38:55.749781+00:00
NCT06118099,Proof-of-concept Study Evaluating Subcutaneous Amlitelimab in Adult Participants With Moderate to Severe Hidradenitis Suppurativa,TERMINATED,Phase 2,2023-11-01,2025-10-10,90,Sanofi,INDUSTRY,Failure,hidradenitis suppurativa,2026-05-24T07:38:55.749781+00:00
NCT02786576,Effectiveness of Adalimumab in Moderate to Severe HidrAdenitis SuppuRativa Patients - a Multi cOuNtry studY in Real Life Setting,COMPLETED,,2016-07-05,2019-01-07,236,AbbVie,INDUSTRY,Success,hidradenitis suppurativa,2026-05-24T07:38:55.749781+00:00
NCT03248531,"A Study to Test the Efficacy, Safety and Pharmacokinetics of Bimekizumab in Subjects With Moderate to Severe Hidradenitis Suppurativa.",COMPLETED,Phase 2,2017-09-22,2019-02-21,90,UCB Biopharma SRL,INDUSTRY,Success,hidradenitis suppurativa,2026-05-24T07:38:55.749781+00:00
NCT05928169,Determinants of Chronic Inflammatory Skin Disease Trajectories,RECRUITING,,2023-05-01,2032-12-31,1000,University Hospital Schleswig-Holstein,OTHER,Ongoing,hidradenitis suppurativa,2026-05-24T07:38:55.749781+00:00
NCT06411379,Study to Evaluate the Efficacy and Safety of Subcutaneous Sonelokimab Compared With Placebo in Adult Participants With Moderate to Severe Hidradenitis Suppurativa,ACTIVE_NOT_RECRUITING,Phase 3,2024-05-14,2026-06-17,418,MoonLake Immunotherapeutics AG,INDUSTRY,Success,hidradenitis suppurativa,2026-05-24T07:38:55.749781+00:00
NCT07109765,Secukinumab Treatment for Moderate to Severe Hidradenitis Suppurativa,RECRUITING,,2025-06-01,2026-06-01,50,Peking Union Medical College,OTHER,Ongoing,hidradenitis suppurativa,2026-05-24T07:38:55.749781+00:00
NCT04989517,Study of Efficacy and Safety of Investigational Treatment in Patients With Hidradenitis Suppurativa,COMPLETED,Phase 1,2021-11-23,2023-03-15,49,Azora Therapeutics Australia Pty Ltd,INDUSTRY,Success,hidradenitis suppurativa,2026-05-24T07:38:55.749781+00:00
NCT04388163,Gentian Violet Treatment for Hidradenitis Suppurativa,WITHDRAWN,Phase 2,2025-08,2026-12,0,Wake Forest University Health Sciences,OTHER,Failure,hidradenitis suppurativa,2026-05-24T07:38:55.749781+00:00
NCT03827798,Study of Efficacy and Safety of Investigational Treatments in Patients With Moderate to Severe Hidradenitis Suppurativa,ACTIVE_NOT_RECRUITING,Phase 2,2019-02-27,2026-12-11,248,Novartis Pharmaceuticals,INDUSTRY,Success,hidradenitis suppurativa,2026-05-24T07:38:55.749781+00:00
NCT05620836,A Study to Evaluate the Efficacy and Safety of Povorcitinib (INCB054707) in Participants With Moderate to Severe Hidradenitis Suppurativa (HS),COMPLETED,Phase 3,2023-02-22,2025-11-21,619,Incyte Corporation,INDUSTRY,Success,hidradenitis suppurativa,2026-05-24T07:38:55.749781+00:00
NCT06946641,"A Phase I Study of QLS12010 Capsules: Safety, Tolerability, PK, PD, and Food Effects in Healthy Adults and Moderate to Severe Atopic Dermatitis Patients",RECRUITING,Phase 1,2025-03-31,2026-04,102,Shanghai Qilu Pharmaceutical Research and Development Center LTD,INDUSTRY,Ongoing,hidradenitis suppurativa,2026-05-24T07:38:55.749781+00:00
NCT05403710,Botulinum Toxin Therapy in Hidradenitis Suppurativa,RECRUITING,,2022-06-07,2028-04-30,20,"University of Massachusetts, Worcester",OTHER,Ongoing,hidradenitis suppurativa,2026-05-24T07:38:55.749781+00:00
NCT06072287,The Living With a Long-Term Condition Study,UNKNOWN,,2023-06-28,2024-01-10,600,King's College London,OTHER,Unknown,hidradenitis suppurativa,2026-05-24T07:38:55.749781+00:00
NCT07547813,A Proof-of-Concept Study of LAD328 in Adults With Hidradenitis Suppurativa,NOT_YET_RECRUITING,Phase 2,2026-04,2027-04,50,"Almirall, S.A.",INDUSTRY,Ongoing,hidradenitis suppurativa,2026-05-24T07:38:55.749781+00:00
NCT04756336,LTX-109 as Treatment for Hidradenitis Suppurativa,COMPLETED,Phase 1; Phase 2,2021-03-05,2021-07-01,11,Pharma Holdings AS,INDUSTRY,Success,hidradenitis suppurativa,2026-05-24T07:38:55.749781+00:00
NCT07554014,"A Single-center, Prospective, Self-controlled, Observational Real-world Study of the Efficacy and Safety of Anti-IL-17A/F Monoclonal Antibody Combined With Non-ablative Dot Laser for the Treatment of Mild to Moderate Hidradenitis Suppurativa",NOT_YET_RECRUITING,Phase 4,2026-04-01,2027-09-30,50,"Second Affiliated Hospital, School of Medicine, Zhejiang University",OTHER,Ongoing,hidradenitis suppurativa,2026-05-24T07:38:55.749781+00:00
NCT01063270,Trial Comparing Efficacy of Treatments for Hidradenitis Suppurativa,COMPLETED,NA,2010-02,2013-12,18,Henry Ford Health System,OTHER,Success,hidradenitis suppurativa,2026-05-24T07:38:55.749781+00:00
NCT07243782,"Regulatory Post-Marketing Surveillance in Hidradenitis Suppurativa, Pediatric Plaque Psoriasis and JIA Treated With Cosentyx®(Secukinumab) in Korea",RECRUITING,,2025-12-22,2027-06-15,76,Novartis Pharmaceuticals,INDUSTRY,Ongoing,hidradenitis suppurativa,2026-05-24T07:38:55.749781+00:00
NCT01468233,Efficacy and Safety Study of Adalimumab in the Treatment of Hidradenitis Suppurativa,COMPLETED,Phase 3,2011-11,2014-04,326,"AbbVie (prior sponsor, Abbott)",INDUSTRY,Success,hidradenitis suppurativa,2026-05-24T07:38:55.749781+00:00
NCT00949546,Treatment of Hidradenitis Suppurativa Using Etanercept,COMPLETED,,2005-04,2008-01,20,Penn State University,OTHER,Success,hidradenitis suppurativa,2026-05-24T07:38:55.749781+00:00
NCT07294456,Periodontal Status and Disease Severity in Hidradenitis Suppurativa Patients,COMPLETED,,2025-06-01,2025-09-15,226,Saglik Bilimleri Universitesi,OTHER,Success,hidradenitis suppurativa,2026-05-24T07:38:55.749781+00:00
NCT05286567,A Double-blind Placebo-controlled Randomized Trial Evaluating the Efficacy and Safety of a Novel HSP90 Inhibitor (RGRN-305) in the Treatment of Moderate to Severe Hidradenitis Supppurativa.,COMPLETED,Phase 1,2021-09-01,2022-08-29,15,Aarhus University Hospital,OTHER,Success,hidradenitis suppurativa,2026-05-24T07:38:55.749781+00:00
NCT02593604,Quality of Life After Wide Surgical Excision in Patients With Hidradenitis Suppurativa,COMPLETED,,2015-03-15,2017-04-15,40,University Hospital Schleswig-Holstein,OTHER,Success,hidradenitis suppurativa,2026-05-24T07:38:55.749781+00:00
NCT03852472,Evaluation of Safety and Efficacy of Avacopan in Subjects With Moderate to Severe Hidradenitis Suppurativa (AURORA),COMPLETED,Phase 2,2018-12-21,2021-03-09,435,Amgen,INDUSTRY,Success,hidradenitis suppurativa,2026-05-24T07:38:55.749781+00:00
NCT00494351,Study on the Effect of NdYag Laser for the Treatment of Hidradenitis Suppurativa,COMPLETED,NA,2007-06,2009-07,20,Henry Ford Health System,OTHER,Success,hidradenitis suppurativa,2026-05-24T07:38:55.749781+00:00
NCT05507125,Regulation of Inflammatory Genes in Hidradenitis Suppurativa,RECRUITING,,2022-10-11,2028-08-31,200,University of Alabama at Birmingham,OTHER,Ongoing,hidradenitis suppurativa,2026-05-24T07:38:55.749781+00:00
NCT05635266,Tissue Repository Providing Annotated Biospecimens for Approved Investigator-directed Biomedical Research Initiatives,RECRUITING,,2021-10-26,2025-10,20000,Sanguine Biosciences,INDUSTRY,Ongoing,hidradenitis suppurativa,2026-05-24T07:38:55.749781+00:00
NCT06555328,Evaluate Safety and Pharmacokinetics of INF904 in Subjects With Moderate to Severe Chronic Spontaneous Urticaria or Hidradenitis Suppurativa,TERMINATED,Phase 2,2025-01-02,2026-01-22,73,InflaRx GmbH,INDUSTRY,Failure,hidradenitis suppurativa,2026-05-24T07:38:55.749781+00:00
NCT06603077,A Study to Evaluate the Efficacy and Safety of AVTX-009 in Patients With Moderate to Severe Hidradenitis Suppurativa,COMPLETED,Phase 2,2024-09-16,2026-03-17,253,"Avalo Therapeutics, Inc.",INDUSTRY,Success,hidradenitis suppurativa,2026-05-24T07:38:55.749781+00:00
NCT06301256,Evaluate the Efficacy of TIRZEPATIDE for the Treatment of Moderate to Severe HS Hidradenitis Suppurativa,UNKNOWN,NA,2024-03-11,2025-03-11,20,"Florida Academic Centers Research and Education, LLC",INDUSTRY,Unknown,hidradenitis suppurativa,2026-05-24T07:38:55.749781+00:00
NCT06058520,Capsule Microbiota Transplant Therapy for Hidradenitis Suppurativa,RECRUITING,EARLY_PHASE1,2023-10-01,2026-09-01,16,University of Minnesota,OTHER,Ongoing,hidradenitis suppurativa,2026-05-24T07:38:55.749781+00:00
NCT05355805,Hidradenitis Suppurativa Phase 2b Study of Izokibep,COMPLETED,Phase 2,2022-05-05,2024-02-21,205,ACELYRIN Inc.,INDUSTRY,Success,hidradenitis suppurativa,2026-05-24T07:38:55.749781+00:00
NCT03661866,A Longitudinal Observational Study of Patients Undergoing Therapy for IMISC,ACTIVE_NOT_RECRUITING,,2018-12-21,2050-12,15000,"Target PharmaSolutions, Inc.",INDUSTRY,Success,hidradenitis suppurativa,2026-05-24T07:38:55.749781+00:00
NCT04901195,A Study to Test the Long-term Treatment of Bimekizumab in Study Participants With Moderate to Severe Hidradenitis Suppurativa,ACTIVE_NOT_RECRUITING,Phase 3,2021-05-27,2026-07-28,658,UCB Biopharma SRL,INDUSTRY,Success,hidradenitis suppurativa,2026-05-24T07:38:55.749781+00:00
NCT05620823,A Study to Evaluate the Efficacy and Safety of Povorcitinib (INCB054707) in Participants With Moderate to Severe Hidradenitis Suppurativa,COMPLETED,Phase 3,2022-12-19,2025-12-23,608,Incyte Corporation,INDUSTRY,Success,hidradenitis suppurativa,2026-05-24T07:38:55.749781+00:00
NCT06801795,Aviclear for Hidradenitis Suppurativa (HS),ACTIVE_NOT_RECRUITING,NA,2025-02-12,2026-08-01,8,University of Miami,OTHER,Success,hidradenitis suppurativa,2026-05-24T07:38:55.749781+00:00
NCT06959225,Study to Evaluate the Efficacy and Safety of Ruxolitinib Cream in Participants With Hidradenitis Suppurativa (TRuE-HS1),RECRUITING,Phase 3,2025-06-23,2027-07-11,550,Incyte Corporation,INDUSTRY,Ongoing,hidradenitis suppurativa,2026-05-24T07:38:55.749781+00:00
NCT03960268,Biomarkers In Hidradenitis Suppurativa Participants Receiving Brodalumab,COMPLETED,EARLY_PHASE1,2019-05-28,2020-06-01,10,Rockefeller University,OTHER,Success,hidradenitis suppurativa,2026-05-24T07:38:55.749781+00:00
NCT03668925,Association Between Hidradenitis Suppurativa and Spondyloarthritis,COMPLETED,NA,2013-05-01,2015-09-01,100,CHU de Reims,OTHER,Success,hidradenitis suppurativa,2026-05-24T07:38:55.749781+00:00
NCT07067099,Neutralizing Interferon Type 1 in Hidradenitis Suppurativa,NOT_YET_RECRUITING,Phase 1,2025-09,2026-09,6,Centre Hospitalier Universitaire de Besancon,OTHER,Ongoing,hidradenitis suppurativa,2026-05-24T07:38:55.749781+00:00
NCT07291193,Impact of Sex Hormones on Human Skin Immunity in Health and Hidradenitis Suppurativa (SIAP),NOT_YET_RECRUITING,,2026-01,2031-03,240,Institut Pasteur,INDUSTRY,Ongoing,hidradenitis suppurativa,2026-05-24T07:38:55.749781+00:00
NCT07077902,A Study for Evaluating Safety & Efficacy of Topical Roflumilast 0.3% Foam in Hidradenitis Suppurativa,RECRUITING,Phase 2,2025-09-25,2026-09,10,Tulane University,OTHER,Ongoing,hidradenitis suppurativa,2026-05-24T07:38:55.749781+00:00
NCT07384975,A Study to Assess NAV-240 in Adult Participants With Hidradenitis Suppurativa,RECRUITING,Phase 2,2026-01-05,2027-10,150,"Navigator Medicines, Inc.",INDUSTRY,Ongoing,hidradenitis suppurativa,2026-05-24T07:38:55.749781+00:00
NCT02904902,Open-label Study of Adalimumab in Japanese Subjects With Hidradenitis Suppurativa,COMPLETED,Phase 3,2016-09-06,2019-05-30,15,AbbVie,INDUSTRY,Success,hidradenitis suppurativa,2026-05-24T07:38:55.749781+00:00
NCT06524635,A Study to Assess Molecular Changes in Adult Participants With Moderate to Severe Hidradenitis Suppurativa or With Moderate to Severe Atopic Dermatitis Receiving Subcutaneous Injections of Lutikizumab,RECRUITING,Phase 2,2024-08-14,2027-02,60,AbbVie,INDUSTRY,Ongoing,hidradenitis suppurativa,2026-05-24T07:38:55.749781+00:00
NCT06326476,"An Open-label, Time-lagged, Dose-escalation Study to Evalaute the Safety and Efficacy of Subcutaneous Siplizumab in the Treatment of Hidradenitis Suppurativa.",RECRUITING,EARLY_PHASE1,2025-05-09,2027-07-31,12,University of Alabama at Birmingham,OTHER,Ongoing,hidradenitis suppurativa,2026-05-24T07:38:55.749781+00:00
NCT03929835,Study to Investigate the Efficacy and Safety of Cannabis Oil for the Treatment of Subjects With Hidradenitis Suppurativa,WITHDRAWN,Phase 2,2020-09-01,2022-09-01,0,TO Pharmaceuticals,INDUSTRY,Failure,hidradenitis suppurativa,2026-05-24T07:38:55.749781+00:00
NCT06707246,A Randomized Trial Comparing the Efficacy and Safety of Secukinumab with Tofacitinib in the Treatment of Moderate to Severe Hidradenitis Suppurativa in Chinese Patients,RECRUITING,NA,2024-12-15,2027-10,60,"Second Affiliated Hospital, School of Medicine, Zhejiang University",OTHER,Ongoing,hidradenitis suppurativa,2026-05-24T07:38:55.749781+00:00
NCT04194541,Wound Dressings for Hidradenitis Suppurativa,COMPLETED,NA,2020-01-28,2021-03-08,28,University of Miami,OTHER,Success,hidradenitis suppurativa,2026-05-24T07:38:55.749781+00:00
NCT00367328,To Determine the Efficacy of a Laser Device for the Treatment of Hidradenitis Suppurativa,TERMINATED,Phase 3,2005-04,2006-04,10,"University of California, Davis",OTHER,Failure,hidradenitis suppurativa,2026-05-24T07:38:55.749781+00:00
NCT05125458,"Relationships Among Inflammation, Physical and Mental Health in Subjects With Chronic Inflammatory Physical Diseases.",COMPLETED,,2021-04-01,2022-11-30,93,University of Campania Luigi Vanvitelli,OTHER,Success,hidradenitis suppurativa,2026-05-24T07:38:55.749781+00:00
NCT01516749,Anakinra as a Treatment for Hydradenitis Suppurativa,COMPLETED,Phase 2,2012-10,2013-07,6,"University of California, San Francisco",OTHER,Success,hidradenitis suppurativa,2026-05-24T07:38:55.749781+00:00
NCT06368388,Bacteriophage Therapy for Difficult-to-treat Infections: the Implementation of a Multidisciplinary Phage Task Force,UNKNOWN,,2021-06-01,2025-06-01,50,Universitaire Ziekenhuizen KU Leuven,OTHER,Unknown,hidradenitis suppurativa,2026-05-24T07:38:55.749781+00:00
NCT03894956,Observational Study Evaluating Long-Term Safety and Effectiveness of Humira in Patients With Hidradenitis Suppurativa,COMPLETED,,2019-05-02,2021-11-10,46,AbbVie,INDUSTRY,Success,hidradenitis suppurativa,2026-05-24T07:38:55.749781+00:00
NCT03926169,A Global Study Comparing Risankizumab to Placebo in Adult Participants With Moderate to Severe Hidradenitis Suppurativa,COMPLETED,Phase 2,2019-06-03,2021-08-02,243,AbbVie,INDUSTRY,Success,hidradenitis suppurativa,2026-05-24T07:38:55.749781+00:00
NCT04242446,A Study to Evaluate the Efficacy and Safety of Bimekizumab in Study Participants With Moderate to Severe Hidradenitis Suppurativa,COMPLETED,Phase 3,2020-02-19,2023-02-19,505,UCB Biopharma SRL,INDUSTRY,Success,hidradenitis suppurativa,2026-05-24T07:38:55.749781+00:00
NCT07454889,A Real-world Study of Patients With Hidradenitis Suppurativa and High Cardiovascular Risk or Established Coronary Plaque Treated With Secukinumab,NOT_YET_RECRUITING,,2026-03-31,2027-03-31,34,Novartis Pharmaceuticals,INDUSTRY,Ongoing,hidradenitis suppurativa,2026-05-24T07:38:55.749781+00:00
NCT03628924,"A Study to Evaluate the Efficacy, Safety, and Tolerability of Guselkumab for the Treatment of Participants With Moderate to Severe Hidradenitis Suppurativa (HS)",COMPLETED,Phase 2,2018-09-04,2020-05-22,184,"Janssen Research & Development, LLC",INDUSTRY,Success,hidradenitis suppurativa,2026-05-24T07:38:55.749781+00:00
NCT03910803,Treatment of Moderate Hidradenitis Suppurativa,UNKNOWN,Phase 2,2019-05-01,2020-05-01,20,Florida Academic Dermatology Centers,OTHER,Unknown,hidradenitis suppurativa,2026-05-24T07:38:55.749781+00:00
NCT05322473,Evaluation of Sonelokimab for the Treatment of Patients With Active Moderate to Severe Hidradenitis Suppurativa,COMPLETED,Phase 2,2022-04-25,2023-08-30,234,MoonLake Immunotherapeutics AG,INDUSTRY,Success,hidradenitis suppurativa,2026-05-24T07:38:55.749781+00:00
NCT06241573,A Study to Test Long-term Treatment With Spesolimab in People With a Skin Condition Disease Called Hidradenitis Suppurativa (HS) Who Took Part in a Previous Study With Spesolimab,TERMINATED,Phase 2; Phase 3,2024-05-08,2025-04-11,39,Boehringer Ingelheim,INDUSTRY,Failure,hidradenitis suppurativa,2026-05-24T07:38:55.749781+00:00
NCT02695212,Single Center Study of Apremilast for the Treatment of Hidradenitis Suppurativa,COMPLETED,Phase 2,2016-07,2017-08,20,Florida Academic Dermatology Centers,OTHER,Success,hidradenitis suppurativa,2026-05-24T07:38:55.749781+00:00
NCT07543419,Long Term Observational Study to Collect in a Real-world populatIon Data on the Treatment Pattern of Secukinumab in Adult Patients With Moderate to Severe HS Within the Italian Population,RECRUITING,,2025-12-17,2028-09-30,250,Novartis Pharmaceuticals,INDUSTRY,Ongoing,hidradenitis suppurativa,2026-05-24T07:38:55.749781+00:00
NCT05821478,Efficacy of an Adapted Antibiotherapy in Hurley Stage 2 Hidradenitis Suppurativa Patients,RECRUITING,Phase 3,2025-05-22,2028-02-27,92,Institut Pasteur,INDUSTRY,Ongoing,hidradenitis suppurativa,2026-05-24T07:38:55.749781+00:00
NCT04600375,Evaluating the Effect of a Written Action Plan on Comfort and Understanding of Hidradenitis Suppurativa,COMPLETED,NA,2020-10-20,2020-12-07,22,University of Arkansas,OTHER,Success,hidradenitis suppurativa,2026-05-24T07:38:55.749781+00:00
NCT07225569,A Study to Investigate Efficacy and Safety With SAR445399 in Adult Participants With Moderate to Severe Hidradenitis Suppurativa,RECRUITING,Phase 2,2025-12-29,2027-12-01,144,Sanofi,INDUSTRY,Ongoing,hidradenitis suppurativa,2026-05-24T07:38:55.749781+00:00
NCT02781818,A Randomized Controlled Trial Evaluating the Efficacy of Intralesional Triamcinolone in Hidradenitis Suppurativa.,COMPLETED,NA,2016-06,2017-07,32,"University of North Carolina, Chapel Hill",OTHER,Success,hidradenitis suppurativa,2026-05-24T07:38:55.749781+00:00
NCT07417917,QLS12010 Capsules in Adults With Moderate to Severe Hidradenitis Suppurativa,NOT_YET_RECRUITING,Phase 2,2026-04-01,2028-05,102,"Qilu Pharmaceutical Co., Ltd.",INDUSTRY,Ongoing,hidradenitis suppurativa,2026-05-24T07:38:55.749781+00:00
NCT05103423,Safety and Efficacy Study of BDB-001 Injection in Patients With Moderate to Severe Hidradenitis Suppurativa (HS),COMPLETED,Phase 1; Phase 2,2021-06-24,2023-07-07,50,"Staidson (Beijing) Biopharmaceuticals Co., Ltd",INDUSTRY,Success,hidradenitis suppurativa,2026-05-24T07:38:55.749781+00:00
NCT07428941,Evaluating an Artificial Intelligence Tool to Help Primary Care Doctors Diagnose Skin Conditions.,COMPLETED,,2024-06-04,2024-09-13,9,AI Labs Group S.L,INDUSTRY,Success,hidradenitis suppurativa,2026-05-24T07:38:55.749781+00:00
NCT03569371,A Study of the Safety of INCB054707 in Participants With Hidradenitis Suppurativa,COMPLETED,Phase 2,2018-07-17,2019-04-22,10,Incyte Corporation,INDUSTRY,Success,hidradenitis suppurativa,2026-05-24T07:38:55.749781+00:00
NCT04073082,Safety and Efficacy of Laser Therapy in Gynaecology,UNKNOWN,,2019-07-24,2020-01-24,300,Juna d.o.o.,INDUSTRY,Unknown,hidradenitis suppurativa,2026-05-24T07:38:55.749781+00:00
NCT03198390,Linking Epidermal Barrier Function With Anti-Oxidant Defense Mechanisms in Skin Conditions,TERMINATED,,2017-08-04,2020-05-31,100,University of Arizona,OTHER,Failure,hidradenitis suppurativa,2026-05-24T07:38:55.749781+00:00
NCT06082323,A Single and Multiple Ascending Dose Trial of LT-002-158 Tablets in Healthy Adult Volunteers,RECRUITING,Phase 1,2024-06-13,2025-06-01,127,"Leadingtac Pharmaceutical (Shaoxing) Co., Ltd.",INDUSTRY,Ongoing,hidradenitis suppurativa,2026-05-24T07:38:55.749781+00:00
NCT07489573,Study of Efficacy and Safety of Secukinumab in Chinese Adult Patients With Moderate to Severe Hidradenitis Suppurativa,NOT_YET_RECRUITING,Phase 4,2026-08-21,2029-11-05,36,Novartis Pharmaceuticals,INDUSTRY,Ongoing,hidradenitis suppurativa,2026-05-24T07:38:55.749781+00:00
NCT06785779,Short-term Treatment Satisfaction in Hidradenitis Suppurativa Patients Initiated on Cosentyx in Routine Clinical Practice in Saudi Arabia,RECRUITING,,2025-03-10,2026-09-30,77,Novartis Pharmaceuticals,INDUSTRY,Ongoing,hidradenitis suppurativa,2026-05-24T07:38:55.749781+00:00
NCT05020730,Trial to Determine the Immunomodulatory Activity of PTM-001 in Patients With Hidradenitis Suppurativa,UNKNOWN,Phase 2,2022-05-05,2024-06,50,Phoenicis Therapeutics,INDUSTRY,Unknown,hidradenitis suppurativa,2026-05-24T07:38:55.749781+00:00
NCT07287644,A Study Evaluating BFB759 in Moderate to Severe Hidradenitis Suppurativa,RECRUITING,Phase 2; Phase 3,2025-11-03,2027-08-01,210,"Bluefin Biomedicine, Inc.",INDUSTRY,Ongoing,hidradenitis suppurativa,2026-05-24T07:38:55.749781+00:00
NCT05040698,Study of the Effect of Fostamatinib Upon Cutaneous Inflammation in the Setting of Hidradenitis Suppurativa,COMPLETED,Phase 2,2021-10-01,2023-01-27,20,Holdsworth House Medical Practice,OTHER,Success,hidradenitis suppurativa,2026-05-24T07:38:55.749781+00:00
NCT05819398,Lunsayil 1: A Study to Test Whether Spesolimab Helps People With a Skin Disease Called Hidradenitis Suppurativa,COMPLETED,Phase 2; Phase 3,2023-04-17,2025-03-31,209,Boehringer Ingelheim,INDUSTRY,Success,hidradenitis suppurativa,2026-05-24T07:38:55.749781+00:00
NCT03683238,Nutritional Status and Hidradenitis Suppurativa (Acne Inversa),COMPLETED,,2015-05,2018-05,81,Federico II University,OTHER,Success,hidradenitis suppurativa,2026-05-24T07:38:55.749781+00:00
NCT01352078,Wound Etiology and Healing Study,COMPLETED,,2011-05,2022-01,743,George Washington University,OTHER,Success,hidradenitis suppurativa,2026-05-24T07:38:55.749781+00:00
NCT04988308,A Study of Bermekimab for the Treatment of Participants With Moderate to Severe Hidradenitis Suppurativa,TERMINATED,Phase 2,2021-10-12,2022-11-23,151,"Janssen Research & Development, LLC",INDUSTRY,Failure,hidradenitis suppurativa,2026-05-24T07:38:55.749781+00:00
NCT00395187,A Small Clinical Study: Photodynamic Therapy to Treat Hidradenitis Suppurativa,COMPLETED,NA,2006-10,2007-09,15,University of Kansas,OTHER,Success,hidradenitis suppurativa,2026-05-24T07:38:55.749781+00:00
NCT04541550,Allogeneic Micronized Amniotic Membrane Product for the Treatment of Hidradenitis Suppurativa,WITHDRAWN,Phase 1,2021-04-01,2021-07-01,0,"IntegoGen, LLC",INDUSTRY,Failure,hidradenitis suppurativa,2026-05-24T07:38:55.749781+00:00
NCT06201858,A Journey Into Participation Patterns Among Patients With Hidradenitis Suppurativa,NOT_YET_RECRUITING,,2025-01,2027-01,500,Power Life Sciences Inc.,INDUSTRY,Ongoing,hidradenitis suppurativa,2026-05-24T07:38:55.749781+00:00
NCT05735925,The Role of Host-microbiota Interplay in Hidradenitis Suppurativa Pathogenesis,UNKNOWN,NA,2023-02,2023-07,30,Association pour la Recherche Clinique et Immunologique,OTHER,Unknown,hidradenitis suppurativa,2026-05-24T07:38:55.749781+00:00
NCT05066113,Feasibility Study on Radiofrequency-Based Selective Electrothermolysis to Investigate Its Effects on Human Skin,RECRUITING,NA,2017-08-15,2028-08,50,Johns Hopkins University,OTHER,Ongoing,hidradenitis suppurativa,2026-05-24T07:38:55.749781+00:00
NCT07388446,MAIT Cells in Hidradenitis Suppurativa,NOT_YET_RECRUITING,NA,2026-02-01,2027-02-01,45,Hospices Civils de Lyon,OTHER,Ongoing,hidradenitis suppurativa,2026-05-24T07:38:55.749781+00:00
NCT05583604,"Managed Access Programs for AIN457, Secukinumab",AVAILABLE,,,,,Novartis Pharmaceuticals,INDUSTRY,Unknown,hidradenitis suppurativa,2026-05-24T07:38:55.749781+00:00
NCT04242498,A Study to Evaluate the Efficacy and Safety of Bimekizumab in Study Participants With Moderate to Severe Hidradenitis Suppurativa,COMPLETED,Phase 3,2020-03-02,2022-09-28,509,UCB Biopharma SRL,INDUSTRY,Success,hidradenitis suppurativa,2026-05-24T07:38:55.749781+00:00
NCT06444087,Patient's Perspective on the Evolution of Hidradenitis Suppurativa Burden After Secukinumab Initiation,ACTIVE_NOT_RECRUITING,,2024-06-17,2027-06-30,192,Novartis Pharmaceuticals,INDUSTRY,Success,hidradenitis suppurativa,2026-05-24T07:38:55.749781+00:00
NCT07136467,"A Real World Study to Globally Assess Disease Burden in Adolescent and Adult Participants With Alopecia Areata, Vitiligo, or Hidradenitis Suppurativa",RECRUITING,,2025-09-02,2027-08,2795,AbbVie,INDUSTRY,Ongoing,hidradenitis suppurativa,2026-05-24T07:38:55.749781+00:00
NCT01558375,Anakinra in Hidradenitis Suppurativa,COMPLETED,Phase 2,2012-03,2014-02,20,University of Athens,OTHER,Success,hidradenitis suppurativa,2026-05-24T07:38:55.749781+00:00
NCT03001622,Studying Complement Inhibition in Patients With Moderate to Severe Hidradenitis Suppurativa,COMPLETED,Phase 2,2016-12,2017-07,12,InflaRx GmbH,INDUSTRY,Success,hidradenitis suppurativa,2026-05-24T07:38:55.749781+00:00
NCT06568224,Therapeutic Effect of Methalazine on 27 Cases of Suppurative Hidradenitis,COMPLETED,,2020-05-01,2023-09-01,27,The First Affiliated Hospital with Nanjing Medical University,OTHER,Success,hidradenitis suppurativa,2026-05-24T07:38:55.749781+00:00
NCT07123038,A Long-Term Follow-Up Observational Study to Evaluate Safety in Subjects Who Have Received a Gene-Modified Regulatory T Cell (Treg) Therapeutic,RECRUITING,,2025-07-22,2040-12,36,"Sonoma Biotherapeutics, Inc.",INDUSTRY,Ongoing,hidradenitis suppurativa,2026-05-24T07:38:55.749781+00:00
NCT03238469,Microwave Ablation in Mild Axillary Hidradenitis Suppurativa,TERMINATED,NA,2017-09-01,2018-04-01,9,M.B.A. van Doorn,OTHER,Failure,hidradenitis suppurativa,2026-05-24T07:38:55.749781+00:00
NCT06212999,A Study to Evaluate the Long-Term Safety and Efficacy of Povorcitinib in Participants With Moderate to Severe Hidradenitis Suppurativa,ACTIVE_NOT_RECRUITING,Phase 3,2024-01-30,2026-12-26,617,Incyte Corporation,INDUSTRY,Success,hidradenitis suppurativa,2026-05-24T07:38:55.749781+00:00
NCT00722800,A Study to Examine the Safety and Efficacy of Drospirenone and Ethinyl Estradiol (YAZ) Versus Placebo In HS,TERMINATED,Phase 2,2008-10,2011-12,4,Massachusetts General Hospital,OTHER,Failure,hidradenitis suppurativa,2026-05-24T07:38:55.749781+00:00
NCT03487276,Efficacy and Safety Study of IFX-1 in Patients With Moderate to Severe Hidradenitis Suppurativa (HS),COMPLETED,Phase 2,2018-02-26,2020-01-27,179,InflaRx GmbH,INDUSTRY,Success,hidradenitis suppurativa,2026-05-24T07:38:55.749781+00:00
NCT07316192,Pelashield™ PainGuard™ vs Restrata® in HS Surgery,RECRUITING,NA,2025-12-01,2026-11,10,"Rutgers, The State University of New Jersey",OTHER,Ongoing,hidradenitis suppurativa,2026-05-24T07:38:55.749781+00:00
NCT07278011,Molecular Evaluation of TAAR1 and JAK/STAT Pathway in Hidradenitis Suppurativa,COMPLETED,,2025-01-06,2025-11-21,30,Trakya University,OTHER,Success,hidradenitis suppurativa,2026-05-24T07:38:55.749781+00:00
NCT06932003,"A Study to Explore the Safety, Tolerability, Efficacy, and Pharmacokinetics of LT-002-158 Tablets in Chinese Adult Patients With Hidradenitis Suppurativa",NOT_YET_RECRUITING,Phase 1; Phase 2,2025-04-15,2025-12-30,12,"Leadingtac Pharmaceutical (Shaoxing) Co., Ltd.",INDUSTRY,Ongoing,hidradenitis suppurativa,2026-05-24T07:38:55.749781+00:00
NCT03553888,Hidradenitis Suppurativa and Periodontal Diseases,UNKNOWN,,2018-05-07,2020-05-07,200,CHU de Reims,OTHER,Unknown,hidradenitis suppurativa,2026-05-24T07:38:55.749781+00:00
NCT04249713,An Alternative Dose Interval Study in Participants With Hidradenitis Suppurativa Receiving Brodalumab,WITHDRAWN,EARLY_PHASE1,2020-02-03,2020-09,0,Rockefeller University,OTHER,Failure,hidradenitis suppurativa,2026-05-24T07:38:55.749781+00:00
NCT01818167,An Investigation Into the Efficacy of Provodine Topical Cream as Compared to 10% Benzoyl Peroxide Wash for the Treatment of Hidradenitis Suppurativa.,COMPLETED,NA,2013-01-05,2015-01-21,25,Henry Ford Health System,OTHER,Success,hidradenitis suppurativa,2026-05-24T07:38:55.749781+00:00
NCT02739828,Post Marketing Observational Study (PMOS) to Assess Quality of Life in Swedish Hidradenitis Suppurativa (HS) Patients,COMPLETED,,2016-04-07,2018-03-28,24,AbbVie,INDUSTRY,Success,hidradenitis suppurativa,2026-05-24T07:38:55.749781+00:00
NCT03288337,Impact of Hidradenitis Suppurativa on Quality of Life Functions,COMPLETED,,2015-04,2022-09-06,400,Montefiore Medical Center,OTHER,Success,hidradenitis suppurativa,2026-05-24T07:38:55.749781+00:00
NCT06855498,Rollover Study for Participants Previously Enrolled in Clinical Trials of Povorcitinib,RECRUITING,Phase 3,2025-02-28,2028-02-28,600,Incyte Corporation,INDUSTRY,Ongoing,hidradenitis suppurativa,2026-05-24T07:38:55.749781+00:00
NCT03049267,"Short-term Safety, Efficacy and Mode of Action of Apremilast in Moderate Suppurative Hidradenitis",COMPLETED,Phase 2,2017-02-02,2018-06-28,20,M.B.A. van Doorn,OTHER,Success,hidradenitis suppurativa,2026-05-24T07:38:55.749781+00:00
NCT05642039,Mindfulness Training Hidradenitis Suppurativa (HS),COMPLETED,NA,2023-05-01,2025-08-21,37,University of Miami,OTHER,Success,hidradenitis suppurativa,2026-05-24T07:38:55.749781+00:00
NCT04508374,Intralesional Diode Laser Treatment of Fistulas in Hidradenitis Suppurativa,UNKNOWN,NA,2020-12-10,2025-09,20,Zealand University Hospital,OTHER,Unknown,hidradenitis suppurativa,2026-05-24T07:38:55.749781+00:00
NCT06370052,Pathophysiological Basis of Hidradenitis Suppurativa,NOT_YET_RECRUITING,,2025-02,2026-12-31,50,Clinical Hospital Center Rijeka,OTHER,Ongoing,hidradenitis suppurativa,2026-05-24T07:38:55.749781+00:00
NCT05093855,Efficacy and Safety Study of BDB-001 Injection in Patients With Moderate to Severe Hidradenitis Suppurativa (HS),COMPLETED,Phase 2,2021-08-18,2023-08-22,41,"Staidson (Beijing) Biopharmaceuticals Co., Ltd",INDUSTRY,Success,hidradenitis suppurativa,2026-05-24T07:38:55.749781+00:00
NCT04132388,Hidradenitis Suppurativa Patient Experience With Humira Treatment,WITHDRAWN,Phase 4,2020-08-20,2022-09-07,0,Wake Forest University Health Sciences,OTHER,Failure,hidradenitis suppurativa,2026-05-24T07:38:55.749781+00:00
NCT04325607,Negative Pressure Wound Therapy With Instillation for Treatment of Hidradenitis Suppurativa,TERMINATED,NA,2019-09-01,2023-10-01,5,Royal Free Hospital NHS Foundation Trust,OTHER,Failure,hidradenitis suppurativa,2026-05-24T07:38:55.749781+00:00
NCT04084665,Biomarkers in Participants With Hidradenitis Suppurativa Receiving Guselkumab.,WITHDRAWN,EARLY_PHASE1,2020-06-01,2020-07-30,0,Rockefeller University,OTHER,Failure,hidradenitis suppurativa,2026-05-24T07:38:55.749781+00:00
NCT06123429,Mindfulness in Hidradenitis Suppurativa,COMPLETED,NA,2023-10-03,2024-05-30,25,University of Arkansas,OTHER,Success,hidradenitis suppurativa,2026-05-24T07:38:55.749781+00:00
NCT05580029,Fractional CO2 Laser Fenestration and Steroid Delivery in HS Lesions,UNKNOWN,EARLY_PHASE1,2022-11-01,2023-03-01,10,University of Southern California,OTHER,Unknown,hidradenitis suppurativa,2026-05-24T07:38:55.749781+00:00
NCT04246372,Tofacitinib for Immune Skin Conditions in Down Syndrome,COMPLETED,Phase 2,2020-10-21,2024-10-30,47,"University of Colorado, Denver",OTHER,Success,hidradenitis suppurativa,2026-05-24T07:38:55.749781+00:00
NCT06958211,Study to Evaluate the Efficacy and Safety of Ruxolitinib Cream in Participants With Hidradenitis Suppurativa (TRuE-HS2),RECRUITING,Phase 3,2025-06-12,2027-07-11,550,Incyte Corporation,INDUSTRY,Ongoing,hidradenitis suppurativa,2026-05-24T07:38:55.749781+00:00
NCT06324552,Defects of Keratinocytes Function in Dermatologic Patients,RECRUITING,,2020-10-12,2024-08-31,50,IRCCS Burlo Garofolo,OTHER,Ongoing,hidradenitis suppurativa,2026-05-24T07:38:55.749781+00:00
NCT01468207,Efficacy and Safety Study of Adalimumab in Treatment of Hidradenitis Suppurativa,COMPLETED,Phase 3,2011-11,2014-01,307,"AbbVie (prior sponsor, Abbott)",INDUSTRY,Success,hidradenitis suppurativa,2026-05-24T07:38:55.749781+00:00
NCT06960447,Nd:YAG vs Alexandrite Laser Treatment in Hidradenitis Suppurativa,NOT_YET_RECRUITING,NA,2026-07,2027-07,21,Geisinger Clinic,OTHER,Ongoing,hidradenitis suppurativa,2026-05-24T07:38:55.749781+00:00
NCT05484674,Control of Hidradenitis Suppurativa of the Underarms After Combination Deroofing and Laser,UNKNOWN,NA,2022-08-06,2023-12-06,6,University of Texas at Austin,OTHER,Unknown,hidradenitis suppurativa,2026-05-24T07:38:55.749781+00:00
NCT04100083,Spironolactone for Hidradenitis Suppurativa,WITHDRAWN,Phase 4,2020-09-21,2021-06-21,0,Medical University of South Carolina,OTHER,Failure,hidradenitis suppurativa,2026-05-24T07:38:55.749781+00:00
NCT02808975,Safety and Efficacy of Adalimumab (Humira) for Hidradenitis Suppurativa (HS) Peri-Surgically,COMPLETED,Phase 4,2016-07-18,2019-10-16,206,AbbVie,INDUSTRY,Success,hidradenitis suppurativa,2026-05-24T07:38:55.749781+00:00
NCT06324695,Development and EValuation of an Online Intervention to Reduce Self-Stigma in People With Visible Chronic Skin disEases,COMPLETED,NA,2024-03-01,2025-05-27,298,Universitätsklinikum Hamburg-Eppendorf,OTHER,Success,hidradenitis suppurativa,2026-05-24T07:38:55.749781+00:00
NCT05849922,A Study to Test the Efficacy and Safety of SAR442970 in Adults With Hidradenitis Suppurativa,COMPLETED,Phase 2,2023-06-06,2025-01-09,86,Sanofi,INDUSTRY,Success,hidradenitis suppurativa,2026-05-24T07:38:55.749781+00:00
NCT00795574,Study to Assess the Safety and Efficacy of Infliximab to Treat Hidradenitis Suppurtativa,COMPLETED,Phase 2,2005-06,2008-08,38,Florida Academic Dermatology Centers,OTHER,Success,hidradenitis suppurativa,2026-05-24T07:38:55.749781+00:00
NCT04762277,A Study to Test Whether Spesolimab Helps People With a Skin Disease Called Hidradenitis Suppurativa,COMPLETED,Phase 2,2021-04-06,2022-04-21,52,Boehringer Ingelheim,INDUSTRY,Success,hidradenitis suppurativa,2026-05-24T07:38:55.749781+00:00
NCT01635764,Open-label Study of the Safety and Efficacy of Adalimumab in the Treatment of Hidradenitis Suppurativa,COMPLETED,Phase 3,2012-04,2016-08,508,"AbbVie (prior sponsor, Abbott)",INDUSTRY,Success,hidradenitis suppurativa,2026-05-24T07:38:55.749781+00:00
NCT06028230,A Phase 2 Study to Evaluate the Efficacy and Safety of SAR444656 Compared With Placebo in Adult Participants With Moderate to Severe Hidradenitis Suppurativa,TERMINATED,Phase 2,2023-09-29,2025-11-12,70,Sanofi,INDUSTRY,Failure,hidradenitis suppurativa,2026-05-24T07:38:55.749781+00:00
NCT06768671,"An Open-label, Single-arm Study to Evaluate Pharmacokinetics and Safety of Subcutaneous Sonelokimab in Adolescents With Moderate to Severe Hidradenitis Suppurativa (VELA-TEEN)",ACTIVE_NOT_RECRUITING,Phase 3,2024-12-30,2026-09-28,35,MoonLake Immunotherapeutics AG,INDUSTRY,Success,hidradenitis suppurativa,2026-05-24T07:38:55.749781+00:00
NCT02643654,MABp1 IN HIDRADENITIS SUPPURATIVA REFRACTORY TO ADALIMUMAB,COMPLETED,Phase 2,2015-12,2017-02,20,"Evangelos J. Giamarellos-Bourboulis, M.D.",OTHER,Success,hidradenitis suppurativa,2026-05-24T07:38:55.749781+00:00
NCT04214483,A Pilot Study to Explore the Role of Gut Flora in Acne,WITHDRAWN,,2020-03-02,2030-07,0,ProgenaBiome,OTHER,Failure,hidradenitis suppurativa,2026-05-24T07:38:55.749781+00:00
NCT06411899,A Study to Evaluate the Efficacy and Safety of Subcutaneous Sonelokimab Compared With Placebo in Adult Participants With Moderate to Severe Hidradenitis Suppurativa,ACTIVE_NOT_RECRUITING,Phase 3,2024-05-15,2026-06-17,422,MoonLake Immunotherapeutics AG,INDUSTRY,Success,hidradenitis suppurativa,2026-05-24T07:38:55.749781+00:00
NCT06291948,A Clinical Study With Adalimumab Biosimilar,COMPLETED,Phase 1,2022-08-01,2023-10-20,150,Laboratorios Richmond S.A.C.I.F.,INDUSTRY,Success,hidradenitis suppurativa,2026-05-24T07:38:55.749781+00:00
NCT03040804,Low Dose Radiotherapy for Advanced Hidradenitis Suppurativa,TERMINATED,NA,2017-03-01,2020-12-21,2,Montefiore Medical Center,OTHER,Failure,hidradenitis suppurativa,2026-05-24T07:38:55.749781+00:00
NCT00827996,To Assess the Efficacy and Safety of Adalimumab in Subjects With Moderate to Severe Hidradenitis Suppurativa,COMPLETED,Phase 2,2007-02,2008-08,10,Florida Academic Dermatology Centers,OTHER,Success,hidradenitis suppurativa,2026-05-24T07:38:55.749781+00:00
NCT04115566,Hidradenitis Suppurativa Prospective Observational Registry and Biospecimen Repository,RECRUITING,,2020-08-01,2035-05-01,3000,"University of California, San Francisco",OTHER,Ongoing,hidradenitis suppurativa,2026-05-24T07:38:55.749781+00:00
NCT07336641,LANDSCAPE: Demographics and Treatment Patterns of Patients With Immune-Mediated Inflammatory Skin Diseases in Italian Clinical Practice,NOT_YET_RECRUITING,,2026-01,2028-01,20000,Fondazione ISIDE,OTHER,Ongoing,hidradenitis suppurativa,2026-05-24T07:38:55.749781+00:00
NCT06993610,Tibulizumab Skin Healing and Inflammation Evaluation for Lasting Defense,RECRUITING,Phase 2,2025-05-16,2027-04,225,Zura Bio Inc,INDUSTRY,Ongoing,hidradenitis suppurativa,2026-05-24T07:38:55.749781+00:00
NCT05531747,Replicative Stress in Hair Follicle Stem Cells and Pathogeny of Hidradenitis Suppurativa,RECRUITING,NA,2022-06-13,2029-12-13,200,Assistance Publique - Hôpitaux de Paris,OTHER,Ongoing,hidradenitis suppurativa,2026-05-24T07:38:55.749781+00:00
NCT06685835,A Study of the Efficacy and Safety of Brensocatib in Adults With Moderate to Severe Hidradenitis Suppurativa (HS),ACTIVE_NOT_RECRUITING,Phase 2,2024-12-16,2026-11-17,214,Insmed Incorporated,INDUSTRY,Success,hidradenitis suppurativa,2026-05-24T07:38:55.749781+00:00
NCT05663268,Efficacy and Safety of Infliximab Biosimilar in the Treatment of Resistant Hidradenitis Suppurativa,COMPLETED,EARLY_PHASE1,2022-10-01,2023-09-30,37,"Services Institute of Medical Sciences, Pakistan",OTHER_GOV,Success,hidradenitis suppurativa,2026-05-24T07:38:55.749781+00:00
NCT03967600,Clinical and Biological Characteristics of Hidradenitis Suppurativa,RECRUITING,,2016-07-15,2026-07-15,1000,"University of California, San Francisco",OTHER,Ongoing,hidradenitis suppurativa,2026-05-24T07:38:55.749781+00:00
NCT06599411,Identification of Cutaneous and Blood Biomarkers Predictive of Response to Systemic Treatments During Chronic Inflammatory Skin Diseases,NOT_YET_RECRUITING,,2024-10-01,2044-10-01,700,Assistance Publique - Hôpitaux de Paris,OTHER,Ongoing,hidradenitis suppurativa,2026-05-24T07:38:55.749781+00:00
NCT04430855,A Study of Oral Upadacitinib Tablet Compared to Placebo in Adult Participants With Moderate to Severe Hidradenitis Suppurativa to Assess Change in Disease Symptoms,COMPLETED,Phase 2,2020-07-14,2022-01-25,68,AbbVie,INDUSTRY,Success,hidradenitis suppurativa,2026-05-24T07:38:55.749781+00:00
NCT05635838,Study to Evaluate of the Efficacy and Safety of Ruxolitinib Cream in Participants With Hidradenitis Suppurativa,COMPLETED,Phase 2,2022-12-07,2024-03-14,69,Incyte Corporation,INDUSTRY,Success,hidradenitis suppurativa,2026-05-24T07:38:55.749781+00:00
NCT00134134,Efficacy and Safety of Efalizumab in the Treatment of Moderate-Severe Hydradenitis Suppurativa,COMPLETED,Phase 1,2005-02,2006-08,5,NYU Langone Health,OTHER,Success,hidradenitis suppurativa,2026-05-24T07:38:55.749781+00:00
NCT07414550,Radiotherapy for Refractory Hidradenitis Suppurativa,RECRUITING,NA,2026-05-01,2028-03-01,10,Thomas Jefferson University,OTHER,Ongoing,hidradenitis suppurativa,2026-05-24T07:38:55.749781+00:00
NCT04476043,To Assess the Efficacy and Safety of INCB054707 in Participants With Hidradenitis Suppurativa,COMPLETED,Phase 2,2020-08-25,2023-08-16,209,Incyte Corporation,INDUSTRY,Success,hidradenitis suppurativa,2026-05-24T07:38:55.749781+00:00
NCT03001115,Post-Marketing Surveillance of Adalimumab in Korean Hidradenitis Suppurativa Subjects,COMPLETED,,2017-03-10,2019-07-31,17,AbbVie,INDUSTRY,Success,hidradenitis suppurativa,2026-05-24T07:38:55.749781+00:00
NCT05723757,Autophagy Dysfunction in Hidradenitis Suppurativa,UNKNOWN,NA,2023-06,2024-12,50,Association pour la Recherche Clinique et Immunologique,OTHER,Unknown,hidradenitis suppurativa,2026-05-24T07:38:55.749781+00:00
NCT06731309,HS ABSCESSES: I&D VS PUNCH DEBRIDEMENT,NOT_YET_RECRUITING,NA,2025-02,2027-04,72,Erasmus Medical Center,OTHER,Ongoing,hidradenitis suppurativa,2026-05-24T07:38:55.749781+00:00
NCT04179175,Extension Study to Assess Effects of Non-interrupted Versus Interrupted and Long Term Treatment of Two Dose Regimes of Secukinumab in Subjects With Hidradenitis Suppurativa,ACTIVE_NOT_RECRUITING,Phase 3,2020-03-18,2026-07-15,703,Novartis Pharmaceuticals,INDUSTRY,Success,hidradenitis suppurativa,2026-05-24T07:38:55.749781+00:00
NCT04792957,JAK-STAT Signaling Pathway in Pyoderma Gangrenosum,UNKNOWN,,2022-05-01,2022-07-31,120,Dokuz Eylul University,OTHER,Unknown,hidradenitis suppurativa,2026-05-24T07:38:55.749781+00:00
NCT05139602,A Study to Assess Disease Activity and Safety of Subcutaneous Lutikizumab (ABT-981) in Adult Participants With Moderate to Severe Hidradenitis Suppurativa Who Have Failed Anti-Tumor Necrosis Factor (TNF) Therapy and Who Are Naïve to Biologic Therapy,ACTIVE_NOT_RECRUITING,Phase 2,2021-12-28,2027-12,210,AbbVie,INDUSTRY,Success,hidradenitis suppurativa,2026-05-24T07:38:55.749781+00:00
NCT05986825,Validation of the French Version of the Score on Quality of Life (HiSQOL) in Hidradenitis Suppurativa (QUALIVER),COMPLETED,,2023-08-29,2023-12-22,60,"University Hospital, Brest",OTHER,Success,hidradenitis suppurativa,2026-05-24T07:38:55.749781+00:00
NCT04582669,Optimizing Intralesional Triamcinolone Dosing for Hidradenitis Suppurativa,TERMINATED,Phase 4,2022-01-24,2022-10-12,11,Montefiore Medical Center,OTHER,Failure,hidradenitis suppurativa,2026-05-24T07:38:55.749781+00:00
NCT02904408,Group Psychotherapy for Patients With Hidradenitis Suppurativa: Effects in Quality of Life,UNKNOWN,NA,2016-06,2018-06,120,Fundació Institut de Recerca de l'Hospital de la Santa Creu i Sant Pau,OTHER,Unknown,hidradenitis suppurativa,2026-05-24T07:38:55.749781+00:00
NCT04876391,A Study Investigating Long-term Treatment With Spesolimab in People With a Skin Disease Called Hidradenitis Suppurativa Who Completed a Previous Clinical Trial,COMPLETED,Phase 2,2021-08-24,2024-04-26,45,Boehringer Ingelheim,INDUSTRY,Success,hidradenitis suppurativa,2026-05-24T07:38:55.749781+00:00
NCT06237465,Botulinum Toxin-A for Hidradenitis Suppurativa,WITHDRAWN,Phase 4,2025-01,2026-01,0,Yale University,OTHER,Failure,hidradenitis suppurativa,2026-05-24T07:38:55.749781+00:00
NCT03203122,Intense Pulsed Light Therapy for Hidrosadenitis Suppurativa,UNKNOWN,NA,2017-08-07,2019-08-01,20,Zealand University Hospital,OTHER,Unknown,hidradenitis suppurativa,2026-05-24T07:38:55.749781+00:00
NCT05255575,"A Single Center, Prospective Clinical Trial of Intravenous Ertapenem in the Treatment of Hurley Stage II or III Hidradenitis Suppurativa",WITHDRAWN,,2018-03-01,2019-08-07,0,Henry Ford Health System,OTHER,Failure,hidradenitis suppurativa,2026-05-24T07:38:55.749781+00:00
NCT04099212,15% TOPICAL RESORCINOL FOR HURLEY I-II HIDRADENITIS SUPPURATIVA.,UNKNOWN,,2019-05-15,2020-08-30,40,Fundación Pública Andaluza para la gestión de la Investigación en Sevilla,OTHER,Unknown,hidradenitis suppurativa,2026-05-24T07:38:55.749781+00:00
NCT02805595,Effect of Sclerotherapy on Fistulas and Sinus Tracts in Hidradenitis Suppurativa,COMPLETED,Phase 2,2016-08,2022-11,21,Beth Israel Deaconess Medical Center,OTHER,Success,hidradenitis suppurativa,2026-05-24T07:38:55.749781+00:00
NCT05889182,A Study to Assess Change in Disease Activity and Adverse Events of Oral Upadacitinib in Adult and Adolescent Participants With Moderate to Severe Hidradenitis Suppurativa Who Have Failed Anti-TNF Therapy,RECRUITING,Phase 3,2023-06-21,2028-03,1328,AbbVie,INDUSTRY,Ongoing,hidradenitis suppurativa,2026-05-24T07:38:55.749781+00:00
NCT04251663,Complement C5a Receptors in Hidradenitis Suppurativa,COMPLETED,,2019-07-18,2022-07-29,34,Stanford University,OTHER,Success,hidradenitis suppurativa,2026-05-24T07:38:55.749781+00:00
NCT03146676,The Ohio State University Dermatology Biorepository,RECRUITING,,2017-04-19,2030-12-31,175,Ohio State University,OTHER,Ongoing,hidradenitis suppurativa,2026-05-24T07:38:55.749781+00:00
NCT04200690,Effectiveness of Interdisciplinary Care Compared to Usual Care in Patients With Immune-Mediated Inflammatory Diseases,UNKNOWN,NA,2020-01-14,2024-01-31,300,University of Aarhus,OTHER,Unknown,hidradenitis suppurativa,2026-05-24T07:38:55.749781+00:00
NCT03103074,Pilot Study on Botulinum Toxin B as Treatment for Hidradenitis Suppurativa,COMPLETED,NA,2017-06-01,2018-09-23,20,University Hospital of North Norway,OTHER,Success,hidradenitis suppurativa,2026-05-24T07:38:55.749781+00:00
NCT04772885,A Single and Multiple Ascending Dose Trial of KT-474 in Healthy Adult Volunteers and Patients With Atopic Dermatitis (AD) or Hidradenitis Suppurativa (HS),COMPLETED,Phase 1,2021-02-23,2022-10-20,154,"Kymera Therapeutics, Inc.",INDUSTRY,Success,hidradenitis suppurativa,2026-05-24T07:38:55.749781+00:00
NCT06361836,Study of Single Doses of SBT777101 in Subjects With Hidradenitis Suppurativa,ACTIVE_NOT_RECRUITING,Phase 1,2024-10-09,2026-11,24,"Sonoma Biotherapeutics, Inc.",INDUSTRY,Success,hidradenitis suppurativa,2026-05-24T07:38:55.749781+00:00
NCT00107991,Etanercept for Treatment of Hidradenitis,COMPLETED,Phase 2,2005-04,2008-11,15,University of Pennsylvania,OTHER,Success,hidradenitis suppurativa,2026-05-24T07:38:55.749781+00:00
NCT04979520,Molecular Characteristics of Brodalumab in Hidradenitis Suppurativa,COMPLETED,EARLY_PHASE1,2021-08-05,2022-07-25,4,Rockefeller University,OTHER,Success,hidradenitis suppurativa,2026-05-24T07:38:55.749781+00:00
NCT06895499,"Efficacy, Safety, and Tolerability of HB0043 in Hidradenitis Suppurativa Patients.",RECRUITING,Phase 1; Phase 2,2025-03-19,2026-03-30,15,"Shanghai Huaota Biopharmaceutical Co., Ltd.",INDUSTRY,Ongoing,hidradenitis suppurativa,2026-05-24T07:38:55.749781+00:00
NCT03572738,Hidradenitis Suppurativa Mail Survey,COMPLETED,,2018-05-14,2025-01-22,67,Wake Forest University Health Sciences,OTHER,Success,hidradenitis suppurativa,2026-05-24T07:38:55.749781+00:00
NCT06840392,A Phase 3 Study to Assess Efficacy Safety and Tolerability of Remibrutinib in Adult and Adolescent Patients With Moderate to Severe Hidradenitis Suppurativa,RECRUITING,Phase 3,2025-03-20,2028-02-07,555,Novartis Pharmaceuticals,INDUSTRY,Ongoing,hidradenitis suppurativa,2026-05-24T07:38:55.749781+00:00
NCT03289585,A National Registry For Patients With Hidradenitis Suppurativa,COMPLETED,,2015-08,2022-09-06,400,Montefiore Medical Center,OTHER,Success,hidradenitis suppurativa,2026-05-24T07:38:55.749781+00:00
NCT04230291,Hidradenitis Suppurativa Written Action Plan,TERMINATED,NA,2020-02-01,2020-03-17,8,University of Arizona,OTHER,Failure,hidradenitis suppurativa,2026-05-24T07:38:55.749781+00:00
NCT07261072,Comparison of the Clinical Efficacy and Safety of Topical and Subcutaneous Injection of Secukinumab in HS,NOT_YET_RECRUITING,Phase 4,2025-12-01,2026-12-31,30,Peking Union Medical College,OTHER,Ongoing,hidradenitis suppurativa,2026-05-24T07:38:55.749781+00:00
NCT02896920,Canadian Humira Post Marketing Observational Epidemiological Study : Assessing Humira Real-life Effectiveness and Impact on HS Burden of Illness,COMPLETED,,2016-09-20,2019-04-29,165,AbbVie,INDUSTRY,Success,hidradenitis suppurativa,2026-05-24T07:38:55.749781+00:00
NCT05830149,Safety and Treatment of Cryoinsufflation in Treatment of Hidradenitis Suppurativa,TERMINATED,NA,2018-02-20,2018-04-18,1,Henry Ford Health System,OTHER,Failure,hidradenitis suppurativa,2026-05-24T07:38:55.749781+00:00
NCT07282015,Real-world Secukinumab Outcomes in Canadian HS Patients,RECRUITING,,2025-12-12,2028-02-11,142,Novartis Pharmaceuticals,INDUSTRY,Ongoing,hidradenitis suppurativa,2026-05-24T07:38:55.749781+00:00
NCT01838499,"Assessment of the Safety, Tolerability and Efficacy of MEDI8968 in Subjects With Moderate to Severe Hidradenitis Suppurativa",TERMINATED,Phase 2,2013-05,2014-10,224,AstraZeneca,INDUSTRY,Failure,hidradenitis suppurativa,2026-05-24T07:38:55.749781+00:00
NCT05762484,Efficacy of Laser Hair Removal Therapy in HS,UNKNOWN,NA,2023-04,2026-04,58,Erasmus Medical Center,OTHER,Unknown,hidradenitis suppurativa,2026-05-24T07:38:55.749781+00:00
NCT04018599,Comparison of PK and Tolerability of MSB11022 Administered by AI or PFS,COMPLETED,Phase 1,2019-07-15,2020-03-17,216,Fresenius Kabi SwissBioSim GmbH,INDUSTRY,Success,hidradenitis suppurativa,2026-05-24T07:38:55.749781+00:00
NCT03713619,This Was a Study of Efficacy and Safety of Two Secukinumab Dose Regimens in Subjects With Moderate to Severe Hidradenitis Suppurativa (HS).,COMPLETED,Phase 3,2019-01-31,2022-07-26,544,Novartis Pharmaceuticals,INDUSTRY,Success,hidradenitis suppurativa,2026-05-24T07:38:55.749781+00:00
NCT05921994,Long Term Observational Study to Collect in a Real-world populatIon Data on the Treatment Pattern of secukinumAb in Adult Patients With Moderate to Severe Hidradenitis Suppurativa.,ACTIVE_NOT_RECRUITING,,2023-08-10,2027-03-31,435,Novartis Pharmaceuticals,INDUSTRY,Success,hidradenitis suppurativa,2026-05-24T07:38:55.749781+00:00
NCT04648631,Hidradenitis Suppurativa (HS) Tunneling Wounds,COMPLETED,NA,2021-02-26,2022-07-28,15,University of Miami,OTHER,Success,hidradenitis suppurativa,2026-05-24T07:38:55.749781+00:00
NCT05208099,Study of the Immunomodulation in the Hidradenitis Suppurativa and Evaluation of a New Therapeutic Strategy,NOT_YET_RECRUITING,,2024-01-01,2026-06-30,20,Lille Catholic University,OTHER,Ongoing,hidradenitis suppurativa,2026-05-24T07:38:55.749781+00:00
NCT07155239,1726-nm Laser for Acne Inversa (Hidradenitis Suppurativa),RECRUITING,Phase 1,2025-09-15,2026-12-31,30,Wynn Medical Center,OTHER,Ongoing,hidradenitis suppurativa,2026-05-24T07:38:55.749781+00:00
NCT04493502,A Study of LY3041658 in Adults With Hidradenitis Suppurativa,COMPLETED,Phase 2,2020-08-26,2022-10-13,72,Eli Lilly and Company,INDUSTRY,Success,hidradenitis suppurativa,2026-05-24T07:38:55.749781+00:00
NCT06785675,Assessing Short-term Treatment Satisfaction and Quality of Life in Patients With Hidradenitis Suppurativa Initiated on Secukinumab.,ACTIVE_NOT_RECRUITING,,2025-03-10,2026-09-30,48,Novartis Pharmaceuticals,INDUSTRY,Success,hidradenitis suppurativa,2026-05-24T07:38:55.749781+00:00
NCT07021495,"SKIN Disease Profiling by an Exploratory, pRospective, Biomarker Study in dermatoloGY Practice (SKINERGY)",RECRUITING,,2025-07-29,2029-12-31,840,Leiden University Medical Center,OTHER,Ongoing,hidradenitis suppurativa,2026-05-24T07:38:55.749781+00:00
NCT05216224,ATI-450 vs Placebo in Participants With Moderate to Severe Hidradenitis Suppurativa (HS),COMPLETED,Phase 2,2021-12-29,2023-01-24,95,"Aclaris Therapeutics, Inc.",INDUSTRY,Success,hidradenitis suppurativa,2026-05-24T07:38:55.749781+00:00
NCT04981613,Study on the Efficacy and Safety of a Novel Tripterygium Wilfordii Preparation in Reducing Proteinuria in Patients With Diabetic Nephropathy,COMPLETED,NA,2021-07-28,2024-08-28,80,First Affiliated Hospital Xi'an Jiaotong University,OTHER,Success,diabetic nephropathy,2026-05-24T07:38:57.012086+00:00
NCT05965440,Impact of Dapagliflozin on Intestinal Microbiota Composition and on the Metabolites Derived From the Intestinal Microbiota in Non-diabetic Chronic Renal Failure Patients,COMPLETED,NA,2023-11-20,2026-02-02,50,Hospices Civils de Lyon,OTHER,Success,diabetic nephropathy,2026-05-24T07:38:57.012086+00:00
NCT05694169,A Study of Participants With Chronic Kidney Disease Previously Treated With REACT,TERMINATED,Phase 1,2023-07-11,2024-05-13,1,Prokidney,INDUSTRY,Failure,diabetic nephropathy,2026-05-24T07:38:57.012086+00:00
NCT05974566,Efficacy and Safety of Finerenone in Heart Failure With Reduced Ejection Fraction,UNKNOWN,,2023-08-01,2023-10-30,60,Chongqing Medical University,OTHER,Unknown,diabetic nephropathy,2026-05-24T07:38:57.012086+00:00
NCT00118976,Maximal Dose of Angiotensin Converting Enzyme (ACE) Inhibitor for Treatment of Diabetic Kidney Disease,COMPLETED,NA,2005-03,2006-09,60,Steno Diabetes Center Copenhagen,OTHER,Success,diabetic nephropathy,2026-05-24T07:38:57.012086+00:00
NCT02009514,Glucose Containing and Glucose Free Hemodialysate in Type 2 Diabetic Patients,COMPLETED,Phase 4,2002-10,2004-03,10,Tampere University Hospital,OTHER,Success,diabetic nephropathy,2026-05-24T07:38:57.012086+00:00
NCT01328821,"Safety, Tolerability, and Pharmacokinetics (PK) of CTP-499",COMPLETED,Phase 1,2011-03,2011-06,38,Concert Pharmaceuticals,INDUSTRY,Success,diabetic nephropathy,2026-05-24T07:38:57.012086+00:00
NCT00638131,Bosentan Use in Patients With Diabetic Nephropathy,TERMINATED,Phase 3,2009-01,2010-06,1,Centre hospitalier de l'Université de Montréal (CHUM),OTHER,Failure,diabetic nephropathy,2026-05-24T07:38:57.012086+00:00
NCT00586261,Does Thiazolidinedione Therapy Improve Endothelial Function and Preserve Renal Function,TERMINATED,NA,2006-03,2009-07,36,Mayo Clinic,OTHER,Failure,diabetic nephropathy,2026-05-24T07:38:57.012086+00:00
NCT04635670,Effects of Probiotics and Fibers on Albuminuria in Persons With Type 1 Diabetes,COMPLETED,NA,2020-06-29,2022-11-08,41,Steno Diabetes Center Copenhagen,OTHER,Success,diabetic nephropathy,2026-05-24T07:38:57.012086+00:00
NCT06778018,Nutritional Outcomes of Lotus Seed (Nelumbo Nucifera) on Diabetic Sensorimotor Polyneuropathy,COMPLETED,NA,2024-12-10,2026-04-07,60,Riphah International University,OTHER,Success,diabetic nephropathy,2026-05-24T07:38:57.012086+00:00
NCT00446251,Effects of Rituximab and Mycophenolate Mofetil (MMF) on Highly Sensitized Patients Awaiting Renal Transplant,COMPLETED,Phase 2,2006-12,2008-12,14,University of Washington,OTHER,Success,diabetic nephropathy,2026-05-24T07:38:57.012086+00:00
NCT06176599,Clinical Study on the Treatment of Diabetic Kidney Disease With Shenxiao Yuning Decoction With Syndrome of Qi and Yin Deficiency and Blood Stasis,UNKNOWN,NA,2022-09-01,2024-06-30,60,Lin Liao,OTHER,Unknown,diabetic nephropathy,2026-05-24T07:38:57.012086+00:00
NCT03779529,EVOO Coratina Intervention on Lipids in Non-diabetic Hypertensive Patients Undergoing Hemodialysis (EVOOC-3H),UNKNOWN,NA,2018-07-01,2021-12-31,24,Fondazione Schena,OTHER,Unknown,diabetic nephropathy,2026-05-24T07:38:57.012086+00:00
NCT03952819,The Effects of Hemodialysis on Serum Sclerostin Levels,COMPLETED,,2017-09-14,2018-12-15,56,Abant Izzet Baysal University,OTHER,Success,diabetic nephropathy,2026-05-24T07:38:57.012086+00:00
NCT00573430,ARIA (Atacand Renoprotection In NephropAthy Pt.),COMPLETED,Phase 4,2007-12,2009-08,128,AstraZeneca,INDUSTRY,Success,diabetic nephropathy,2026-05-24T07:38:57.012086+00:00
NCT04931030,Low Carbohydrate Diet in Diabetic Kidney Disease,COMPLETED,NA,2019-03-15,2021-03-05,30,Universiti Teknologi Mara,OTHER,Success,diabetic nephropathy,2026-05-24T07:38:57.012086+00:00
NCT00306436,Comprehensive Management of Diabetic Patients With Renal Impairment : Impact on Blood Pressure and Glycemic Control,UNKNOWN,NA,2006-05,2008-05,100,"University Hospital, Bordeaux",OTHER,Unknown,diabetic nephropathy,2026-05-24T07:38:57.012086+00:00
NCT07292493,Immune System in Diabetic Kidney Disease,ENROLLING_BY_INVITATION,,2025-12-01,2028-12,90,University Medical Centre Ljubljana,OTHER,Ongoing,diabetic nephropathy,2026-05-24T07:38:57.012086+00:00
NCT00153088,INNOVATION Study - Telmisartan (Micardis) in Incipient Diabetic Nephropathy,COMPLETED,Phase 4,2003-01,2005-11,527,Boehringer Ingelheim,INDUSTRY,Success,diabetic nephropathy,2026-05-24T07:38:57.012086+00:00
NCT02177786,"Efficacy, Safety, and Tolerability of Selonsertib (GS-4997) in Participants With Diabetic Kidney Disease",COMPLETED,Phase 2,2014-06,2016-08,334,Gilead Sciences,INDUSTRY,Success,diabetic nephropathy,2026-05-24T07:38:57.012086+00:00
NCT01035320,"Platelet Function in Diabetic Patients With and Without Renal Impairment, and the Effects of Lipid Lowering Treatment",COMPLETED,Phase 4,2006-01,2012-06,39,Karolinska Institutet,OTHER,Success,diabetic nephropathy,2026-05-24T07:38:57.012086+00:00
NCT05036850,China Kidney Patient Trials Network,RECRUITING,,2021-09-27,2031-02-28,1200,George (Beijing) Clinical Research Co. Ltd.,INDUSTRY,Ongoing,diabetic nephropathy,2026-05-24T07:38:57.012086+00:00
NCT00171574,Antiproteinuric Effect of Valsartan and Lisinopril,COMPLETED,Phase 4,2004-11,2006-07,124,Novartis,INDUSTRY,Success,diabetic nephropathy,2026-05-24T07:38:57.012086+00:00
NCT01049152,Continuous Glucose Monitoring and Inflammation in Nondiabetic and Diabetic Patients Undergone Hemodialysis,COMPLETED,,2009-07-31,2014-12-22,36,University of Pavia,OTHER,Success,diabetic nephropathy,2026-05-24T07:38:57.012086+00:00
NCT00913393,Study of FibroGen (FG)-3019 in Subjects With Type 2 Diabetes Mellitus and Kidney Disease on ACEi and/or ARB Therapy,TERMINATED,Phase 2,2009-02,2010-06,46,Kyntra Bio,INDUSTRY,Failure,diabetic nephropathy,2026-05-24T07:38:57.012086+00:00
NCT01878045,Mechanisms of Diabetic Kidney Disease in American Indians,SUSPENDED,,2013-11-07,,141,National Institute of Diabetes and Digestive and Kidney Diseases (NIDDK),NIH,Failure,diabetic nephropathy,2026-05-24T07:38:57.012086+00:00
NCT00870402,Aldosterone in Diabetic Nephropathy,UNKNOWN,Phase 4,2009-03,2010-03,160,"Universidad de los Andes, Chile",OTHER,Unknown,diabetic nephropathy,2026-05-24T07:38:57.012086+00:00
NCT07498894,Salivary and Serum Inflammatory Biomarkers in Diabetic Nephropathy by Periodontal Status,COMPLETED,,2024-06-10,2025-12-12,126,Pamukkale University,OTHER,Success,diabetic nephropathy,2026-05-24T07:38:57.012086+00:00
NCT07591077,SGLT2 Adjunct in T1D,COMPLETED,Phase 2; Phase 3,2024-11-20,2026-02-20,86,Ain Shams University,OTHER,Success,diabetic nephropathy,2026-05-24T07:38:57.012086+00:00
NCT04471337,"Study on the Safety of BAY1817080 How it is Tolerated and the Way the Body Absorbs, Distributes and Gets Rid of the Study Drug Given to Participants With Moderate Renal Impairment and End Stage Renal Disease Requiring Dialysis Compared With Matched Participants With Normal Renal Function",COMPLETED,Phase 1,2020-08-12,2021-05-06,32,Bayer,INDUSTRY,Success,diabetic nephropathy,2026-05-24T07:38:57.012086+00:00
NCT02501772,The Evaluation of Effect of Sanyinjiao (SP6) Acupressure on Early Diabetic Nephropathy,UNKNOWN,NA,2014-09,2019-12,60,Mackay Memorial Hospital,OTHER,Unknown,diabetic nephropathy,2026-05-24T07:38:57.012086+00:00
NCT01320345,The Fenofibrate And Microvascular Events in Type 1 Diabetes Eye.,ACTIVE_NOT_RECRUITING,Phase 3,2016-11-03,2026-12,412,University of Sydney,OTHER,Success,diabetic nephropathy,2026-05-24T07:38:57.012086+00:00
NCT07337083,Prediabetes in End Stage Renal Disease on Dialysis,COMPLETED,,2025-04-13,2025-10-12,262,Sohag University,OTHER,Success,diabetic nephropathy,2026-05-24T07:38:57.012086+00:00
NCT01617824,Rapid Effects Linagliptin on Monocyte Polarization and Endothelial Progenitor Cells in Type 2 Diabetes,COMPLETED,Phase 4,2012-09,2014-12,45,University of Padova,OTHER,Success,diabetic nephropathy,2026-05-24T07:38:57.012086+00:00
NCT01464320,A Study to Evaluate the Safety and Tolerability of ABT-614 and Its Effect on Kidney Function in Subjects With Type 2 Diabetes and Chronic Kidney Disease With Protein in Their Urine.,COMPLETED,Phase 1,2011-11,2012-04,16,Abbott,INDUSTRY,Success,diabetic nephropathy,2026-05-24T07:38:57.012086+00:00
NCT05449067,Nocturnal APD vs. CAPD in Non-diabetic ESKD,COMPLETED,NA,2022-05-26,2026-02-11,137,"Nanfang Hospital, Southern Medical University",OTHER,Success,diabetic nephropathy,2026-05-24T07:38:57.012086+00:00
NCT06516692,Inferior Vena Cava Collapsibility and Distensibility Assessment in Critical Care.,COMPLETED,NA,2024-08-01,2024-11-30,180,Jinnah Postgraduate Medical Centre,OTHER_GOV,Success,diabetic nephropathy,2026-05-24T07:38:57.012086+00:00
NCT07476248,The Non-high-density Lipoprotein Cholesterol (Non-HDL-C) to High-density Lipoprotein Cholesterol (HDL-C) Ratio (NHHR) and Its Association With Occurrence of Diabetic Nephropathy in Patients With Diabetes Mellitus,NOT_YET_RECRUITING,,2026-10-01,2027-12-01,84,Assiut University,OTHER,Ongoing,diabetic nephropathy,2026-05-24T07:38:57.012086+00:00
NCT03681704,the Integrated Traditional Chinese and Western Medicine Treat Early Stage DKD,COMPLETED,Phase 1,2018-11-08,2021-12-31,96,Shanghai University of Traditional Chinese Medicine,OTHER,Success,diabetic nephropathy,2026-05-24T07:38:57.012086+00:00
NCT01003236,Evaluating the Renoprotective Effect of Milk Thistle Extract on Patients With Type II Diabetic Nephropathy,COMPLETED,Phase 2,2010-10,2011-11,60,Shiraz University of Medical Sciences,OTHER,Success,diabetic nephropathy,2026-05-24T07:38:57.012086+00:00
NCT02545049,Efficacy and Safety of Finerenone in Subjects With Type 2 Diabetes Mellitus and the Clinical Diagnosis of Diabetic Kidney Disease,COMPLETED,Phase 3,2015-09-17,2021-02-02,7352,Bayer,INDUSTRY,Success,diabetic nephropathy,2026-05-24T07:38:57.012086+00:00
NCT03859817,Observational Study to Evaluate the Relationship Between Ketonemia and Renal Function in the Diabetic Patient,UNKNOWN,,2019-04-16,2021-12-31,68,University of Milan,OTHER,Unknown,diabetic nephropathy,2026-05-24T07:38:57.012086+00:00
NCT01493050,The Effects of Sevelamer Carbonate on Diabetic Nephropathy,COMPLETED,Phase 2,2012-02,2013-12,117,Gary Striker,OTHER,Success,diabetic nephropathy,2026-05-24T07:38:57.012086+00:00
NCT05687890,A Study to Evaluate the Efficacy and Safety of SC0062 in the Treatment of Chronic Kidney Disease,ACTIVE_NOT_RECRUITING,Phase 2,2023-05-23,2025-04,255,"Biocity Biopharmaceutics Co., Ltd.",INDUSTRY,Success,diabetic nephropathy,2026-05-24T07:38:57.012086+00:00
NCT06927921,"Assessement of the Knoweldge ,Attitudes,Practices of Diabetic Kidney Disease Among Diabetic Patients",NOT_YET_RECRUITING,,2025-04,2026-05,400,Assiut University,OTHER,Ongoing,diabetic nephropathy,2026-05-24T07:38:57.012086+00:00
NCT06482021,Comparative Effectiveness Of Low Extra-Corporeal Shock Wave Versus Acetylcholine Iontophoresis On Type2 Diabetic Neuropathy,NOT_YET_RECRUITING,NA,2024-07-10,2024-10-01,80,South Valley University,OTHER,Ongoing,diabetic nephropathy,2026-05-24T07:38:57.012086+00:00
NCT03019848,Effect of Oral Supplementation With Curcumin in Patients With Proteinuric Diabetic Kidney Disease,UNKNOWN,Phase 2,2016-05,2017-05,100,Instituto Nacional de Cardiologia Ignacio Chavez,OTHER,Unknown,diabetic nephropathy,2026-05-24T07:38:57.012086+00:00
NCT05602532,Triglyceride-Glucose Index in Diabetic Nephropathy in Type 2diaberes Mellitus Patients,UNKNOWN,,2022-11-01,2023-10-01,100,Assiut University,OTHER,Unknown,diabetic nephropathy,2026-05-24T07:38:57.012086+00:00
NCT05298163,The Effects of Calcitriol on Biomarkers in Diabetic Kidney Disease Patients,UNKNOWN,NA,2022-04,2022-12,120,Indonesia University,OTHER,Unknown,diabetic nephropathy,2026-05-24T07:38:57.012086+00:00
NCT05727579,"DiEtary Sodium Intake Effects on Ertugliflozin-induced Changes in GFR, reNal Oxygenation and Systemic Hemodynamics: the DESIGN Study",COMPLETED,Phase 4,2023-07-03,2025-11-30,41,"Amsterdam UMC, location VUmc",OTHER,Success,diabetic nephropathy,2026-05-24T07:38:57.012086+00:00
NCT02010242,Safety and Efficacy of Oral GKT137831 in Patient With Type 2 Diabetes and Albuminuria,COMPLETED,Phase 2,2013-10,2015-03,136,Calliditas Therapeutics AB,INDUSTRY,Success,diabetic nephropathy,2026-05-24T07:38:57.012086+00:00
NCT07459946,Research on Innovative Traditional Chinese Medicine Diagnosis and Treatment Technologies for Diabetic Nephropathy Driven by Multi-Omics and Artificial Intelligence,NOT_YET_RECRUITING,NA,2026-03-12,2026-12-31,198,Jiazhen Yin,OTHER,Ongoing,diabetic nephropathy,2026-05-24T07:38:57.012086+00:00
NCT06182891,Renoprotective Effects of Dulaglutide in Patients With Type 2 Diabetic Nephropathy,COMPLETED,NA,2021-10-30,2023-10-30,300,The Affiliated Hospital of Xuzhou Medical University,OTHER,Success,diabetic nephropathy,2026-05-24T07:38:57.012086+00:00
NCT00567489,IMPENDIA- PEN VS Dianeal Only Improved Metabolic Control In Diabetic CAPD and APD Patients,COMPLETED,Phase 4,2008-01,2011-07,137,Vantive Health LLC,INDUSTRY,Success,diabetic nephropathy,2026-05-24T07:38:57.012086+00:00
NCT06150924,Efficacy and Safety of Lorundrostat in Addition to Sodium-Glucose Cotransporter-2 Inhibitors (SGLT2i) in Subjects With Hypertension and Chronic Kidney Disease (CKD) With Albuminuria,COMPLETED,Phase 2,2023-12-14,2025-04-23,60,Mineralys Therapeutics Inc.,INDUSTRY,Success,diabetic nephropathy,2026-05-24T07:38:57.012086+00:00
NCT00237952,Environmental Exposure to Lead and Progressive Renal Insufficiency in Type II Diabetic Nephropathy,COMPLETED,NA,2005-08,,,Chang Gung Memorial Hospital,OTHER,Success,diabetic nephropathy,2026-05-24T07:38:57.012086+00:00
NCT07240987,Mesenchymal Stem Cells for Chronic Kidney Diseases,NOT_YET_RECRUITING,Phase 1; Phase 2,2026-01-01,2027-08-31,32,The First Affiliated Hospital of Air Force Medicial University,OTHER,Ongoing,diabetic nephropathy,2026-05-24T07:38:57.012086+00:00
NCT02251431,Extended Release Exenatide Versus Placebo In Diabetic Patients With Type 4 Cardiorenal Syndrome,COMPLETED,Phase 3,2015-11,2019-12,57,Baylor Research Institute,OTHER,Success,diabetic nephropathy,2026-05-24T07:38:57.012086+00:00
NCT03155087,PRKAA2 Genetic Polymorphisms and Its Susceptibility to Chinese Type 2 Diabetes Mellitus and Diabetic Nephropathy,COMPLETED,,2013-06,2015-12,750,People's Hospital of Zhengzhou University,OTHER,Success,diabetic nephropathy,2026-05-24T07:38:57.012086+00:00
NCT03512132,Study of High Density Lipoprotein Function in Type 1 Diabetic Patients With Nephropathy,RECRUITING,,2018-04-24,2026-04,200,Centre Hospitalier Universitaire Dijon,OTHER,Ongoing,diabetic nephropathy,2026-05-24T07:38:57.012086+00:00
NCT06596863,Serum Uromodulin and DN Systematic Review and Meta Analysis,COMPLETED,,2024-05-01,2024-05-30,1774,Tanta University,OTHER,Success,diabetic nephropathy,2026-05-24T07:38:57.012086+00:00
NCT04705506,Gemigliptin and Biomarkers of Kidney Injury and Vascular Calcification,COMPLETED,NA,2017-02-05,2019-03-01,201,Bangkok Metropolitan Administration Medical College and Vajira Hospital,OTHER_GOV,Success,diabetic nephropathy,2026-05-24T07:38:57.012086+00:00
NCT01673204,Clinical Trial Technology Development for the Validation of Surrogate Prognostic Markers in Patients With Diabetic Nephropathy,UNKNOWN,Phase 4,2012-10,,276,Seoul National University Hospital,OTHER,Unknown,diabetic nephropathy,2026-05-24T07:38:57.012086+00:00
NCT07302464,Sodium Glucose Co-Transporter 2 Inhibitors on Estimated Glomerular Filtration Rate in Diabetic Versus Non-Diabetic Chronic Kidney Disease Patients,COMPLETED,,2024-10-01,2025-06-01,60,Ain Shams University,OTHER,Success,diabetic nephropathy,2026-05-24T07:38:57.012086+00:00
NCT06591104,Metabolic Phenotypes of Obesity and Diabetic Kidney Disease in Patients with Type 2 Diabetes Mellitus,NOT_YET_RECRUITING,,2024-10,2025-10,71,Assiut University,OTHER,Ongoing,diabetic nephropathy,2026-05-24T07:38:57.012086+00:00
NCT05514548,Phase 2 Study of INV-202 in Patients With Diabetic Kidney Disease,COMPLETED,Phase 2,2022-10-19,2024-09-03,265,Inversago Pharma Inc.,INDUSTRY,Success,diabetic nephropathy,2026-05-24T07:38:57.012086+00:00
NCT01743014,"Ramipril and Clopidogrel in Oxidative Stress, Vascular Inflammation and Endothelial Dysfunction in Type 2 Diabetes and Diabetic Nephropathy",UNKNOWN,Phase 4,2012-07,2015-07,60,AHEPA University Hospital,OTHER,Unknown,diabetic nephropathy,2026-05-24T07:38:57.012086+00:00
NCT03625648,Pentoxifylline in Diabetic Kidney Disease,ACTIVE_NOT_RECRUITING,Phase 4,2019-11-18,2030-07-08,2376,VA Office of Research and Development,FED,Success,diabetic nephropathy,2026-05-24T07:38:57.012086+00:00
NCT00212901,High Dose Ace Inhibitor Therapy Versus Combination of ACE and ARB Therapy,COMPLETED,NA,2004-08,2006-09,30,Ottawa Hospital Research Institute,OTHER,Success,diabetic nephropathy,2026-05-24T07:38:57.012086+00:00
NCT00398892,The Effects of Lipoic Acid on Glycaemic Control in Type 2 Diabetes,WITHDRAWN,Phase 2,2009-12,2011-01,0,University of Edinburgh,OTHER,Failure,diabetic nephropathy,2026-05-24T07:38:57.012086+00:00
NCT06095544,Enhanced Recovery After Surgery for SPK Transplantation Recipients,COMPLETED,NA,2021-01-01,2023-06-01,90,Second Affiliated Hospital of Guangzhou Medical University,OTHER,Success,diabetic nephropathy,2026-05-24T07:38:57.012086+00:00
NCT02316821,The Phase II Study of Bardoxolone Methyl in Patients With Chronic Kidney Disease and Type 2 Diabetes; TSUBAKI Study,COMPLETED,Phase 2,2014-12,2017-09,216,"Kyowa Kirin Co., Ltd.",INDUSTRY,Success,diabetic nephropathy,2026-05-24T07:38:57.012086+00:00
NCT01752985,Study to Evaluate the Effects of BMS-813160 on Protein Loss in the Urine of Subjects With Type 2 Diabetes and Diabetic Kidney Disease,TERMINATED,Phase 2,2013-03-18,2015-06-30,319,Bristol-Myers Squibb,INDUSTRY,Failure,diabetic nephropathy,2026-05-24T07:38:57.012086+00:00
NCT00421733,The Effect of Paricalcitol Capsules on Reducing Albuminuria in Patients With Type 2 Diabetic Nephropathy Being Treated With Renin-angiotensin System Inhibitors,COMPLETED,Phase 2,2006-12,2009-06,281,Abbott,INDUSTRY,Success,diabetic nephropathy,2026-05-24T07:38:57.012086+00:00
NCT04521049,Tubular Markers in Response to Saxagliptin Therapy,COMPLETED,Phase 4,2019-03-01,2020-04-01,80,Beni-Suef University,OTHER,Success,diabetic nephropathy,2026-05-24T07:38:57.012086+00:00
NCT01802034,"Repository of Novel Analytes Leading to Autoimmune, Inflammatory and Diabetic Nephropathies (RENAL AID)",RECRUITING,,2013-02,2028-08,2000,The Rogosin Institute,OTHER,Ongoing,diabetic nephropathy,2026-05-24T07:38:57.012086+00:00
NCT06802978,Lipid Profile in Diabetic and Non Diabetic CKD Patients,RECRUITING,,2025-02-01,2025-06,200,Sohag University,OTHER,Ongoing,diabetic nephropathy,2026-05-24T07:38:57.012086+00:00
NCT00728143,Blood Glucose Response to Highly Viscous Polysaccharide Enriched Biscuits in Healthy and Diabetic Subjects,COMPLETED,NA,1989-08,1989-11,19,Unity Health Toronto,OTHER,Success,diabetic nephropathy,2026-05-24T07:38:57.012086+00:00
NCT04074668,"Control of Renal Oxygen Consumption, Mitochondrial Dysfunction, and Insulin Resistance",COMPLETED,,2020-01-01,2022-11-15,58,"University of Colorado, Denver",OTHER,Success,diabetic nephropathy,2026-05-24T07:38:57.012086+00:00
NCT07039318,"Mesenchymal Stem Cell Therapy in Diabetic Kidney Disease-A Double-blind, Placebo-controlled, Randomized Clinical Trial",COMPLETED,Phase 2,2022-12-01,2025-05-31,78,"National Institute of Blood and Marrow Transplant (NIBMT), Pakistan",OTHER_GOV,Success,diabetic nephropathy,2026-05-24T07:38:57.012086+00:00
NCT01371747,Patiromer in the Treatment of Hyperkalemia in Patients With Hypertension and Diabetic Nephropathy (AMETHYST-DN),COMPLETED,Phase 2,2011-06,2013-06,324,"Relypsa, Inc.",INDUSTRY,Success,diabetic nephropathy,2026-05-24T07:38:57.012086+00:00
NCT03840343,Patient-Derived Stem Cell Therapy for Diabetic Kidney Disease,TERMINATED,Phase 1,2019-10-23,2020-08-04,2,Mayo Clinic,OTHER,Failure,diabetic nephropathy,2026-05-24T07:38:57.012086+00:00
NCT05282680,The Hong Kong Diabetes Biobank,ACTIVE_NOT_RECRUITING,,2014-02-01,2063-12,48000,Chinese University of Hong Kong,OTHER,Success,diabetic nephropathy,2026-05-24T07:38:57.012086+00:00
NCT05980026,Omega-3 Fatty Acids Supplementation Improves Early-stage Diabetic Nephropathy and Subclinical Atherosclerosis in Pediatric Patients With Type 1 Diabetes,COMPLETED,NA,2022-01-10,2023-01-14,70,Ain Shams University,OTHER,Success,diabetic nephropathy,2026-05-24T07:38:57.012086+00:00
NCT00893425,Effect of Renin Angiotensin System Blockade on the Fas Antigen (CD95) and Asymmetric Dimethylarginine (ADMA) Levels in Type-2 Diabetic Patients With Proteinuria,COMPLETED,Phase 4,2008-01,2009-04,78,Gulhane School of Medicine,OTHER,Success,diabetic nephropathy,2026-05-24T07:38:57.012086+00:00
NCT05182840,A Study to Test Whether Different Doses of BI 690517 Alone or in Combination With Empagliflozin Improve Kidney Function in People With Chronic Kidney Disease,COMPLETED,Phase 2,2022-01-11,2023-07-10,714,Boehringer Ingelheim,INDUSTRY,Success,diabetic nephropathy,2026-05-24T07:38:57.012086+00:00
NCT05692388,Mixed Methods Study of Health-Related Social Needs in African American Adults With Chronic Kidney Disease and Type 2 Diabetes Mellitus,RECRUITING,,2023-01-23,2027-03-31,330,Medical College of Wisconsin,OTHER,Ongoing,diabetic nephropathy,2026-05-24T07:38:57.012086+00:00
NCT00713011,Adalat XL vs Diltiazem on Proteinuria and Blood Pressure in Hypertensive Diabetic Patients,WITHDRAWN,Phase 3,2008-11,2009-03,0,Bayer,INDUSTRY,Failure,diabetic nephropathy,2026-05-24T07:38:57.012086+00:00
NCT00136188,Nitric Oxide (NO) Activity and Diabetic Nephropathy,COMPLETED,Phase 2; Phase 3,2009-08,2011-12,100,University of Erlangen-Nürnberg Medical School,OTHER,Success,diabetic nephropathy,2026-05-24T07:38:57.012086+00:00
NCT02017171,A Multicenter Clinical Trial of Allopurinol to Prevent Kidney Function Loss in Type 1 Diabetes,COMPLETED,Phase 3,2014-02,2019-08-31,530,Alessandro Doria,OTHER,Success,diabetic nephropathy,2026-05-24T07:38:57.012086+00:00
NCT06948292,Role of QRX-3 in Chronic Kidney Disease Patients in Outpatients Clinics,COMPLETED,Phase 2,2023-03-01,2024-10-30,127,Ebima Clifford Okundaye,INDUSTRY,Success,diabetic nephropathy,2026-05-24T07:38:57.012086+00:00
NCT01419912,"Comparison of Soy-milk and Cow Milk Consumption on Inflammatory Factors, Cardiovascular Factors ,Renal Factors, Fibrinolytic Indice and Oxidative Stress Among Type-2 Diabetic Patients With Nephropathy Stage 1 and 2",COMPLETED,Phase 3,,,,Isfahan University of Medical Sciences,OTHER,Success,diabetic nephropathy,2026-05-24T07:38:57.012086+00:00
NCT00555217,VA NEPHRON-D: Diabetes iN Nephropathy Study,TERMINATED,Phase 3,2008-07,2014-10,1448,US Department of Veterans Affairs,FED,Failure,diabetic nephropathy,2026-05-24T07:38:57.012086+00:00
NCT02607280,DS-5565 Phase III Study for Renal Impairment in Japanese Subjects,COMPLETED,Phase 3,2015-12,2017-03,35,"Daiichi Sankyo Co., Ltd.",INDUSTRY,Success,diabetic nephropathy,2026-05-24T07:38:57.012086+00:00
NCT02807974,Study of CS-3150 in Hypertensive Patients With Type 2 Diabetes and Albuminuria,COMPLETED,Phase 3,2016-06,2017-03,51,"Daiichi Sankyo Co., Ltd.",INDUSTRY,Success,diabetic nephropathy,2026-05-24T07:38:57.012086+00:00
NCT04755946,Possible Role of Roflumilast in Diabetic Nephropathy,UNKNOWN,Phase 3,2021-03-10,2021-07-10,48,Tanta University,OTHER,Unknown,diabetic nephropathy,2026-05-24T07:38:57.012086+00:00
NCT03716401,Prognostic Imaging Biomarkers for Diabetic Kidney Disease,RECRUITING,,2018-09-01,2038-09-01,500,University of Leeds,OTHER,Ongoing,diabetic nephropathy,2026-05-24T07:38:57.012086+00:00
NCT07315139,Pentoxifylline on Inflammatory Markers in Non-Diabetic Chronic Kidney Disease Patients,COMPLETED,NA,2023-02-01,2023-08-31,42,Ain Shams University,OTHER,Success,diabetic nephropathy,2026-05-24T07:38:57.012086+00:00
NCT04125329,Umbilical Cord Mesenchymal Stem Cells Therapy for Diabetic Nephropathy,UNKNOWN,EARLY_PHASE1,2020-04-01,2024-09-01,15,Yan'an Affiliated Hospital of Kunming Medical University,OTHER,Unknown,diabetic nephropathy,2026-05-24T07:38:57.012086+00:00
NCT05797051,Application of Hyperspectral Imaging in the Diagnosis of Glomerular Diseases,UNKNOWN,,2023-05-30,2023-09-20,80,Qianfoshan Hospital,OTHER,Unknown,diabetic nephropathy,2026-05-24T07:38:57.012086+00:00
NCT03899883,Uric Acid Lowering Trial in Youth Onset T2D,UNKNOWN,Phase 2,2020-01-01,2023-06-30,10,"University of Colorado, Denver",OTHER,Unknown,diabetic nephropathy,2026-05-24T07:38:57.012086+00:00
NCT06224790,Perfenidone in Type 2 Diabetic Patients With Diabetic Neuropathy,COMPLETED,Phase 4,2024-03-10,2025-03-07,60,Sidrah Lodhi,OTHER,Success,diabetic nephropathy,2026-05-24T07:38:57.012086+00:00
NCT00222846,Enhancing Adherence in Type 2 Diabetes: The ENHANCE Study,COMPLETED,NA,2004-05,2009-12,288,University of Pittsburgh,OTHER,Success,diabetic nephropathy,2026-05-24T07:38:57.012086+00:00
NCT00708981,Combined Diabetes-Renal Multifactorial Intervention In Patients With Advanced Diabetic Nephropathy (ADN),COMPLETED,NA,2007-05,2013-12,120,Cook County Health,OTHER_GOV,Success,diabetic nephropathy,2026-05-24T07:38:57.012086+00:00
NCT00141453,ORIENT: Olmesartan Reducing Incidence of End Stage Renal Disease in Diabetic Nephropathy Trial,COMPLETED,Phase 3,2003-04,2009-01,577,"Daiichi Sankyo Co., Ltd.",INDUSTRY,Success,diabetic nephropathy,2026-05-24T07:38:57.012086+00:00
NCT06253429,Alpha-lipoic Acid in Diabetic Nephropathy,UNKNOWN,Phase 3,2023-01-01,2024-02-01,30,Ain Shams University,OTHER,Unknown,diabetic nephropathy,2026-05-24T07:38:57.012086+00:00
NCT07485075,Digital Support for Reducing Salt Intake Among Patients With Diabetic Kidney Disease: Protocol for a Controlled Clinical Trial,RECRUITING,NA,2026-03-20,2027-12-31,104,Steno Diabetes Center Copenhagen,OTHER,Ongoing,diabetic nephropathy,2026-05-24T07:38:57.012086+00:00
NCT04881994,"A Study to Learn How Finerenone (BAY94-8862) Moves Into, Through and Out of the Body, How it Affects the Body, and How Safe it is in Adult Participants With Different Degrees of Reduced Liver Function and in Healthy Participants With Similar Age, Weight and Gender Distribution",COMPLETED,Phase 1,2014-03-25,2014-12-08,27,Bayer,INDUSTRY,Success,diabetic nephropathy,2026-05-24T07:38:57.012086+00:00
NCT05570305,Zibotentan and Dapagliflozin in Patients With Type 2 Diabetes and Elevated Albuminuria,COMPLETED,Phase 2,2022-10-06,2025-03-05,42,University Medical Center Groningen,OTHER,Success,diabetic nephropathy,2026-05-24T07:38:57.012086+00:00
NCT03550443,A Phase 3 Study of Bardoxolone Methyl in Patients With Diabetic Kidney Disease; AYAME Study,TERMINATED,Phase 3,2018-05-30,2023-07-31,1323,"Kyowa Kirin Co., Ltd.",INDUSTRY,Failure,diabetic nephropathy,2026-05-24T07:38:57.012086+00:00
NCT03886714,Screening for Fabry Disease in Renal Transplantation,TERMINATED,,2019-03-25,2025-04-10,592,"University Hospital, Montpellier",OTHER,Failure,diabetic nephropathy,2026-05-24T07:38:57.012086+00:00
NCT04515849,A Study of Cotadutide in Participants Who Have Chronic Kidney Disease With Type 2 Diabetes Mellitus,COMPLETED,Phase 2,2020-08-31,2022-03-08,248,AstraZeneca,INDUSTRY,Success,diabetic nephropathy,2026-05-24T07:38:57.012086+00:00
NCT05759468,NAD Augmentation in Diabetes Kidney Disease,RECRUITING,Phase 2,2023-04-13,2027-03-31,156,Brigham and Women's Hospital,OTHER,Ongoing,diabetic nephropathy,2026-05-24T07:38:57.012086+00:00
NCT03627715,Safety and Effectiveness of Propagermanium in Diabetic Kidney Disease Participants Receiving Irbesartan,COMPLETED,Phase 2,2018-11-06,2020-08-18,45,Dimerix Bioscience Pty Ltd,INDUSTRY,Success,diabetic nephropathy,2026-05-24T07:38:57.012086+00:00
NCT05373004,Comparison Between the Efficacy of SGLT2 Inhibitor Therapy Versus ACE Inhibitor in the Treatment of Diabetic Kidney Disease,UNKNOWN,Phase 2; Phase 3,2023-03,2024-05,212,Omar Tarek Elfarargi,OTHER_GOV,Unknown,diabetic nephropathy,2026-05-24T07:38:57.012086+00:00
NCT03078101,EMPRA (EMPagliflozin and RAs in Kidney Disease),COMPLETED,Phase 2,2017-04-15,2019-08-07,51,Medical University of Vienna,OTHER,Success,diabetic nephropathy,2026-05-24T07:38:57.012086+00:00
NCT03648723,The Effect of Periodontal Disease Treatment in Patients With Kidney Disease,COMPLETED,,2016-01-10,2017-05-10,43,TC Erciyes University,OTHER,Success,diabetic nephropathy,2026-05-24T07:38:57.012086+00:00
NCT00253786,Study for the Effectiveness of Intensive Therapy Aiming at a Remission of Diabetic Nephropathy,COMPLETED,NA,2005-11-11,2014-11-27,312,Okayama University,OTHER,Success,diabetic nephropathy,2026-05-24T07:38:57.012086+00:00
NCT07444203,Transformative Research in Diabetic Nephropathy 2.0,RECRUITING,,2025-11-12,2028-11-12,200,University of Pennsylvania,OTHER,Ongoing,diabetic nephropathy,2026-05-24T07:38:57.012086+00:00
NCT01377688,Personalized Diabetic Kidney Disease Risk Info to Initiate and Maintain Health Behavior Changes,COMPLETED,,2011-10,2014-05,19,Duke University,OTHER,Success,diabetic nephropathy,2026-05-24T07:38:57.012086+00:00
NCT01667614,"Effects of Spironolactone Combination Therapy on Proteinuria, Kidney Function, and Blood Pressure",COMPLETED,Phase 2,2010-05,2012-07,136,Tehran University of Medical Sciences,OTHER,Success,diabetic nephropathy,2026-05-24T07:38:57.012086+00:00
NCT06415214,Efficacy and Safety of HRS-7535 Tablets in Adults With Diabetic Kidney Disease in Type 2 Diabetes,COMPLETED,Phase 2,2024-06-21,2025-07-25,281,"Shandong Suncadia Medicine Co., Ltd.",INDUSTRY,Success,diabetic nephropathy,2026-05-24T07:38:57.012086+00:00
NCT01327378,The Incretin Effect in Patients With Kidney Impairment,COMPLETED,,2009-03,2010-10,30,"University Hospital, Gentofte, Copenhagen",OTHER,Success,diabetic nephropathy,2026-05-24T07:38:57.012086+00:00
NCT04881123,SER150 vs Placebo in Diabetic Kidney Disease,COMPLETED,Phase 2; Phase 3,2021-08-18,2024-06-06,20,Serodus AS,INDUSTRY,Success,diabetic nephropathy,2026-05-24T07:38:57.012086+00:00
NCT00255398,Kidney Disease Biomarkers,COMPLETED,,2005-11-10,2014-12-03,25,National Institute of Diabetes and Digestive and Kidney Diseases (NIDDK),NIH,Success,diabetic nephropathy,2026-05-24T07:38:57.012086+00:00
NCT04016155,Flash Glucose Monitoring in Reduction of Hypoglycaemia in Diabetic Patients with Chronic Kidney Disease,COMPLETED,NA,2019-07-17,2021-04-08,94,Chinese University of Hong Kong,OTHER,Success,diabetic nephropathy,2026-05-24T07:38:57.012086+00:00
NCT00315016,"Eplerenone, ACE Inhibition and Albuminuria",COMPLETED,Phase 2,2007-01,2011-07,30,Radboud University Medical Center,OTHER,Success,diabetic nephropathy,2026-05-24T07:38:57.012086+00:00
NCT07177898,ALLOPURINOL AND LISINOPRIL FOR DIABETIC KIDNEY PROTECTION: A COMPARATIVE STUDY IN NORMOURICEMIC TYPE 2 DIABETICS,COMPLETED,NA,2023-05-14,2024-11-18,80,Narowal Medical College,OTHER_GOV,Success,diabetic nephropathy,2026-05-24T07:38:57.012086+00:00
NCT01129557,"Aldosterone Breakthrough During Diovan, Tekturna, and Combination Therapy in Patients With Proteinuric Kidney Disease",TERMINATED,Phase 4,2009-09,2012-12,46,Columbia University,OTHER,Failure,diabetic nephropathy,2026-05-24T07:38:57.012086+00:00
NCT01487109,A Phase 2 Study to Evaluate the Safety and Efficacy of CTP-499 in Type 2 Diabetic Nephropathy Patients,COMPLETED,Phase 2,2012-01,2015-01,170,Concert Pharmaceuticals,INDUSTRY,Success,diabetic nephropathy,2026-05-24T07:38:57.012086+00:00
NCT01889277,"Safety, Tolerability and Pharmacokinetic Study of MT-3995 in Subjects With Diabetic Nephropathy",COMPLETED,Phase 1; Phase 2,2013-07,2015-01,51,Tanabe Pharma Corporation,INDUSTRY,Success,diabetic nephropathy,2026-05-24T07:38:57.012086+00:00
NCT00296374,Prospective Evaluation of Proteinuria and Renal Function in Diabetic Patients With Progressive Renal Disease,COMPLETED,Phase 2,2006-02,2009-03,353,AstraZeneca,INDUSTRY,Success,diabetic nephropathy,2026-05-24T07:38:57.012086+00:00
NCT01393860,Real-world Aliskiren Use in Diabetic Patients,COMPLETED,,2010-12,,200,Novartis,INDUSTRY,Success,diabetic nephropathy,2026-05-24T07:38:57.012086+00:00
NCT07024823,"A Study to Investigate Safety, Tolerability, Pharmacokinetics, and Pharmacodynamics of AZD4248 in Healthy Participants and Participants With Chronic Kidney Disease and Type 2 Diabetes and to Assess Home Measurements of Creatinine in a Non Interventional Cohort",RECRUITING,Phase 1,2025-06-09,2026-06-18,124,AstraZeneca,INDUSTRY,Ongoing,diabetic nephropathy,2026-05-24T07:38:57.012086+00:00
NCT03201406,Retrospective Analysis of Renal Prognosis in Patients With Chronic Kidney Disease,UNKNOWN,,2017-06-20,2017-12-31,837,National Taiwan University Hospital,OTHER,Unknown,diabetic nephropathy,2026-05-24T07:38:57.012086+00:00
NCT02488252,Semi-individualised Chinese Medicine Treatment as an Adjuvant Management for Diabetic Nephropathy,UNKNOWN,Phase 2; Phase 3,2015-07,2021-09,148,The University of Hong Kong,OTHER,Unknown,diabetic nephropathy,2026-05-24T07:38:57.012086+00:00
NCT02672514,Does MiECC Improve Outcome in Diabetic Patients Undergoing Elective Coronary Bypass Grafting?,COMPLETED,NA,2010-02,2015-06,104,Herzzentrum Coswig,OTHER,Success,diabetic nephropathy,2026-05-24T07:38:57.012086+00:00
NCT01488877,A Study To Evaluate The Safety And Tolerability Of PF-03882845 In Patients With Type 2 Diabetic Nephropathy,TERMINATED,Phase 1,2012-01,2012-07,6,Pfizer,INDUSTRY,Failure,diabetic nephropathy,2026-05-24T07:38:57.012086+00:00
NCT03878277,Evaluation of Coffee Therapy for Improvement of Renal Oxygenation,COMPLETED,Phase 2,2019-07-01,2021-09-30,10,"University of Colorado, Denver",OTHER,Success,diabetic nephropathy,2026-05-24T07:38:57.012086+00:00
NCT00320021,Effect of Pyridorin in Patients With Diabetic Nephropathy,COMPLETED,Phase 2,2002-07,2003-09,80,BioStratum,INDUSTRY,Success,diabetic nephropathy,2026-05-24T07:38:57.012086+00:00
NCT01253928,"Pioglitazone, Body Composition,Insulin Sensitivity and Protein Metabolism in ESRD",UNKNOWN,Phase 4,2007-03,,16,Centre Hospitalier Universitaire Vaudois,OTHER,Unknown,diabetic nephropathy,2026-05-24T07:38:57.012086+00:00
NCT03664414,Pentoxifylline Effect in Patients With Diabetic Nephropathy.(PENFOSIDINE STUDY),UNKNOWN,Phase 4,2018-03-01,2021-12-31,196,Maria Eugenia Galván Plata,OTHER_GOV,Unknown,diabetic nephropathy,2026-05-24T07:38:57.012086+00:00
NCT02690883,Effect of Exenatide on 24h-UAER in Patients With Diabetic Nephropathy,COMPLETED,Phase 4,2016-04-08,2019-12-30,92,"Nanfang Hospital, Southern Medical University",OTHER,Success,diabetic nephropathy,2026-05-24T07:38:57.012086+00:00
NCT06288529,EFFECT SGLT2 INHIBITORS ON CONTRAST MEDIUM INDUCED ACUTE KIDNEY INJURY,COMPLETED,,2023-07-15,2024-01-31,975,University of Health Sciences Balikesir Hospital Eduation and Research,OTHER_GOV,Success,diabetic nephropathy,2026-05-24T07:38:57.012086+00:00
NCT06147232,Prevention of Chronic Kidney Disease(CDK) Progression in Type 1 Diabetes With Long Term Use of Sodium-Glucose-coTransporter Inhibitors Avoiding Kidney hypOxia,NOT_YET_RECRUITING,Phase 2,2025-02,2027-05,69,Steno Diabetes Center Copenhagen,OTHER,Ongoing,diabetic nephropathy,2026-05-24T07:38:57.012086+00:00
NCT00363987,Controlled Study to Evaluate Efficacy and Safety of α-KA Tab With Low Protein Diet (LPD) in Delaying the Progress of Type 2 Diabetic Nephropathy (DN),COMPLETED,Phase 4,2006-05,2009-06,179,Fresenius Kabi,INDUSTRY,Success,diabetic nephropathy,2026-05-24T07:38:57.012086+00:00
NCT00063583,Pirfenidone: A New Drug to Treat Kidney Disease in Patients With Diabetes,COMPLETED,Phase 1; Phase 2,2003-06,2009-03,77,"Sharma, Kumar, M.D.",INDIV,Success,diabetic nephropathy,2026-05-24T07:38:57.012086+00:00
NCT07270172,The MICRON Study - A Steno 1 Substudy,RECRUITING,,2025-10-27,2028-12,40,University of Aarhus,OTHER,Ongoing,diabetic nephropathy,2026-05-24T07:38:57.012086+00:00
NCT07169422,Improving Kidney Care in Type 2 Diabetes: A Study of Pharmacist Prescribing Versus Usual Care,RECRUITING,NA,2026-03-01,2028-07-01,120,Nova Scotia Health Authority,OTHER,Ongoing,diabetic nephropathy,2026-05-24T07:38:57.012086+00:00
NCT01300273,Low Protein Diet Supplemented With Ketoanalogs on Reducing Proteinuria and Maintaining Nutritional Status in Type 2 Diabetic Nephropathy,UNKNOWN,Phase 4,2011-02,2012-07,60,Shanghai Jiao Tong University School of Medicine,OTHER,Unknown,diabetic nephropathy,2026-05-24T07:38:57.012086+00:00
NCT05818995,Therapeutic Drug Use for CKD Patients,UNKNOWN,,2022-07-01,2024-06-30,10000,Qianfoshan Hospital,OTHER,Unknown,diabetic nephropathy,2026-05-24T07:38:57.012086+00:00
NCT01316068,Effect of Sulodexide on Albuminuria in Chinese Type 2 Diabetic Patients,UNKNOWN,Phase 4,2011-03,2012-08,80,Sun Yat-sen University,OTHER,Unknown,diabetic nephropathy,2026-05-24T07:38:57.012086+00:00
NCT00362960,Olmesartan Medoxomil and Diabetic Nephropathy,COMPLETED,Phase 3,2003-05,2004-09,300,Sankyo Pharma Gmbh,INDUSTRY,Success,diabetic nephropathy,2026-05-24T07:38:57.012086+00:00
NCT05319990,Pathogenesis of Kidney Disease in Type 1 Diabetes: a Modern Kidney Biopsy Cohort (The PANDA Study),ACTIVE_NOT_RECRUITING,,2022-03-09,2027-12-31,100,"University of Colorado, Denver",OTHER,Success,diabetic nephropathy,2026-05-24T07:38:57.012086+00:00
NCT02836574,A Study of Renal Autologous Cell Therapy (REACT) in Type 2 Diabetics With Chronic Kidney Disease,COMPLETED,Phase 2,2016-09,2023-12,83,Prokidney,INDUSTRY,Success,diabetic nephropathy,2026-05-24T07:38:57.012086+00:00
NCT03594240,Vitamin B Complex and Diabetic Nephropathy in Type 1 Diabetes,COMPLETED,Phase 3,2017-03-01,2018-04-02,80,Ain Shams University,OTHER,Success,diabetic nephropathy,2026-05-24T07:38:57.012086+00:00
NCT07187713,"ACE Reno, Pico Cell Matrix and Its Effect on eGFR in Chronic Kidney Diseases",RECRUITING,Phase 4,2025-09-20,2026-12-31,300,Ace Cells Lab Limited,INDUSTRY,Ongoing,diabetic nephropathy,2026-05-24T07:38:57.012086+00:00
NCT00811889,Trial to Determine the Effects of Bardoxolone Methyl on eGFR in Patients With Type 2 Diabetes and Chronic Kidney Disease,COMPLETED,Phase 2,2009-04-30,2010-12-31,227,Biogen,INDUSTRY,Success,diabetic nephropathy,2026-05-24T07:38:57.012086+00:00
NCT04766008,Metformin in Diabetic Patients Undergoing Coronary Angiography,UNKNOWN,Phase 4,2020-01-15,2022-04-30,150,"Humanitas Hospital, Italy",OTHER,Unknown,diabetic nephropathy,2026-05-24T07:38:57.012086+00:00
NCT01664676,Effects of Liraglutide on Kidney Function in Type 2 Diabetic Patients,COMPLETED,Phase 4,2012-12,2014-02,11,University of Aarhus,OTHER,Success,diabetic nephropathy,2026-05-24T07:38:57.012086+00:00
NCT01092390,Go Fish: Omega-3 Fatty Acid Supplementation in Diabetes-Related Kidney Disease,COMPLETED,Phase 3,2010-03,2011-05,31,Johns Hopkins University,OTHER,Success,diabetic nephropathy,2026-05-24T07:38:57.012086+00:00
NCT00067678,Soy Protein in Early Diabetic Nephropathy,COMPLETED,Phase 1; Phase 2,2001-07,2003-06,,National Center for Complementary and Integrative Health (NCCIH),NIH,Success,diabetic nephropathy,2026-05-24T07:38:57.012086+00:00
NCT03376282,Hyperbaric Oxygen Therapy for Renal Regeneration in Diabetic Nephropathy,TERMINATED,NA,2015-09-01,2020-05-04,7,Assaf-Harofeh Medical Center,OTHER_GOV,Failure,diabetic nephropathy,2026-05-24T07:38:57.012086+00:00
NCT05867797,Risk Factors and Outcomes of Acute Kidney Injury in Patients With Diabetic Ketoacidosis at Sohag University Hospital.,UNKNOWN,,2023-05-20,2024-11-20,100,Sohag University,OTHER,Unknown,diabetic nephropathy,2026-05-24T07:38:57.012086+00:00
NCT04573920,Atrasentan in Patients With Proteinuric Glomerular Diseases,ACTIVE_NOT_RECRUITING,Phase 2,2021-03-15,2026-10-27,103,Novartis Pharmaceuticals,INDUSTRY,Success,diabetic nephropathy,2026-05-24T07:38:57.012086+00:00
NCT04170543,A Phase 2b Diabetic Kidney Disease Study,COMPLETED,Phase 2,2019-11-18,2023-05-16,609,AstraZeneca,INDUSTRY,Success,diabetic nephropathy,2026-05-24T07:38:57.012086+00:00
NCT03909269,Glycaemic Markers in Persons With Type 2 Diabetes on Haemodialysis,COMPLETED,,2018-04-01,2020-04-01,88,"Rigshospitalet, Denmark",OTHER,Success,diabetic nephropathy,2026-05-24T07:38:57.012086+00:00
NCT06639529,Preliminary Study of CXCL3 As a Biomarker of Diabetic Kidney Disease,COMPLETED,NA,2024-06-10,2024-07-30,120,The First Hospital of Jilin University,OTHER,Success,diabetic nephropathy,2026-05-24T07:38:57.012086+00:00
NCT07173686,Evaluating The Roles of Novel Inflammatory Markers Compared to MCP-1 in Type 2 Diabetic Nephropathy,NOT_YET_RECRUITING,,2025-10-01,2026-11-01,80,Assiut University,OTHER,Ongoing,diabetic nephropathy,2026-05-24T07:38:57.012086+00:00
NCT01316094,A Study to Assess Efficacy and Safety of ASP1941 in Diabetic Patients With Renal Impairment,COMPLETED,Phase 3,2011-01-18,2012-11-28,165,Astellas Pharma Inc,INDUSTRY,Success,diabetic nephropathy,2026-05-24T07:38:57.012086+00:00
NCT00734253,Safety and Efficacy Study of Pyridorin in Patients With Nephropathy Due to Type 2 Diabetes,COMPLETED,Phase 2,2008-08,2010-08,317,"NephroGenex, Inc.",INDUSTRY,Success,diabetic nephropathy,2026-05-24T07:38:57.012086+00:00
NCT01581073,PRevention of End Stage Kidney Disease by Darbepoetin Alfa In Chronic Kidney Disease Patients With nondiabeTic Kidney Disease,COMPLETED,Phase 3,2012-02-16,2017-12-07,476,"Translational Research Center for Medical Innovation, Kobe, Hyogo, Japan",OTHER,Success,diabetic nephropathy,2026-05-24T07:38:57.012086+00:00
NCT04589351,Kidney Fat in Type 2 Diabetes and the Effects of Ezetimibe,UNKNOWN,Phase 3,2020-10-01,2022-05,60,Steno Diabetes Center Copenhagen,OTHER,Unknown,diabetic nephropathy,2026-05-24T07:38:57.012086+00:00
NCT01171248,Study of 24 Hour Blood Pressure and the Association to Complications to Type 1 Diabetes,COMPLETED,,2009-09,2011-08,650,Steno Diabetes Center Copenhagen,OTHER,Success,diabetic nephropathy,2026-05-24T07:38:57.012086+00:00
NCT01458158,Matrix Metalloproteinases in Atherosclerosis of Chronic Kidney Disease,UNKNOWN,,2011-10,2016-05,300,Aristotle University Of Thessaloniki,OTHER,Unknown,diabetic nephropathy,2026-05-24T07:38:57.012086+00:00
NCT03173963,Empaglifozin in Early Diabetic Kidney Disease,WITHDRAWN,Phase 3,2017-05-27,2020-02-21,0,National Institute of Diabetes and Digestive and Kidney Diseases (NIDDK),NIH,Failure,diabetic nephropathy,2026-05-24T07:38:57.012086+00:00
NCT06069076,Diagnostic Value of Serum Cathepsin S and Chromogranin A in DKD,NOT_YET_RECRUITING,,2023-11-01,2026-10-01,92,Assiut University,OTHER,Ongoing,diabetic nephropathy,2026-05-24T07:38:57.012086+00:00
NCT05030480,"Chronic Kidney Disease Among Hypertensive Patients in Ha'il, Saudi Arabia",COMPLETED,,2020-05-11,2021-08-18,392,Zagazig University,OTHER_GOV,Success,diabetic nephropathy,2026-05-24T07:38:57.012086+00:00
NCT00312780,Study of XL784 in Patients With Albuminuria Due to Diabetic Nephropathy,COMPLETED,Phase 2,2006-03,2007-12,125,"Symphony Evolution, Inc.",INDUSTRY,Success,diabetic nephropathy,2026-05-24T07:38:57.012086+00:00
NCT07359027,Study of Roxadustat's Effect on Anemia in Patients With Diabetic Kidney Disease,COMPLETED,Phase 4,2021-11-02,2024-07-08,124,Second Xiangya Hospital of Central South University,OTHER,Success,diabetic nephropathy,2026-05-24T07:38:57.012086+00:00
NCT03831464,Metformin as RenoProtector of Progressive Kidney Disease,UNKNOWN,Phase 3,2019-11-05,2024-12-31,290,Universiteit Antwerpen,OTHER,Unknown,diabetic nephropathy,2026-05-24T07:38:57.012086+00:00
NCT02276742,Lifestyle Management of CKD in Obese Diabetic Patients,COMPLETED,NA,2014-10,2019-11-08,269,NYU Langone Health,OTHER,Success,diabetic nephropathy,2026-05-24T07:38:57.012086+00:00
NCT01175486,Thiazolidinedione (TZD) on the Diabetic Retinopathy and Nephropathy,UNKNOWN,Phase 4,2010-07,2015-12,200,"Taipei Veterans General Hospital, Taiwan",OTHER_GOV,Unknown,diabetic nephropathy,2026-05-24T07:38:57.012086+00:00
NCT05507892,Renal Mechanism of SGLT2 Inhibition,RECRUITING,Phase 2,2022-10-10,2026-12-15,40,"University of Colorado, Denver",OTHER,Ongoing,diabetic nephropathy,2026-05-24T07:38:57.012086+00:00
NCT05638880,Clinical Study to Evaluate the Possible Efficacy and Safety of Levocetirizine in Patients With Diabetic Kidney Disease,COMPLETED,Phase 2,2022-12-20,2025-12-20,60,Mostafa Bahaa,OTHER,Success,diabetic nephropathy,2026-05-24T07:38:57.012086+00:00
NCT03885362,Assessment of the Accuracy of Continuous Glucose Sensors in People With Diabetes Undergoing Haemodialysis,COMPLETED,NA,2019-12-11,2022-07-01,40,Imperial College London,OTHER,Success,diabetic nephropathy,2026-05-24T07:38:57.012086+00:00
NCT00168857,"A Prospective, Randomised, Double-blind, Double-dummy, Forced-titration, Multicentre, Parallel Group, One Year Treatment Trial to Compare Telmisartan (MICARDIS) 80 mg Versus Losartan (COZAAR) 100 mg, in Hypertensive Type 2 Diabetic Patients With Overt Nephropathy (AMADEO Study)",COMPLETED,Phase 4,2003-07-09,,860,Boehringer Ingelheim,INDUSTRY,Success,diabetic nephropathy,2026-05-24T07:38:57.012086+00:00
NCT01671969,Very Low Calorie Diet for Diabetic Kidney Disease,COMPLETED,NA,2012-03,2014-03,10,Indiana University,OTHER,Success,diabetic nephropathy,2026-05-24T07:38:57.012086+00:00
NCT07452822,Safety and Efficacy Study of Human Umbilical Cord Mesenchymal Stem Cells in Preventing Arteriovenous Fistula Stenosis in Patients With End-Stage Diabetic Kidney Disease,NOT_YET_RECRUITING,Phase 1; Phase 2,2026-02-20,2028-03-30,54,"Jiangsu Topcel-KH Pharmaceutical Co., Ltd.",INDUSTRY,Ongoing,diabetic nephropathy,2026-05-24T07:38:57.012086+00:00
NCT01779089,Minocycline and Proteinuria in Diabetic Nephropathy,UNKNOWN,NA,2009-02,2016-03,30,Lundquist Institute for Biomedical Innovation at Harbor-UCLA Medical Center,OTHER,Unknown,diabetic nephropathy,2026-05-24T07:38:57.012086+00:00
NCT07266220,Carotid Doppler Screening for Subclinical Atherosclerosis in Diabetic CKD Patients.,NOT_YET_RECRUITING,,2026-01,2027-04,96,Abdallah Ali Mohammed,OTHER,Ongoing,diabetic nephropathy,2026-05-24T07:38:57.012086+00:00
NCT01845870,"Serum 1,25-dihydroxyvitamin D Levels in Type 2 Diabetes Mellitus Patients With Different Levels of Albuminuria",COMPLETED,,2012-02,2013-04,162,Tianjin Medical University General Hospital,OTHER,Success,diabetic nephropathy,2026-05-24T07:38:57.012086+00:00
NCT06833541,Research on Gut Microbiota and Metabolomics in Diabetic Kidney Disease,RECRUITING,,2022-04-18,2025-12-01,720,The First Affiliated Hospital of Hunan University of Traditional Chinese Medicine,OTHER,Ongoing,diabetic nephropathy,2026-05-24T07:38:57.012086+00:00
NCT04389827,Global Kidney Patient Trials Network,COMPLETED,,2020-05-05,2025-10-31,5999,The George Institute,OTHER,Success,diabetic nephropathy,2026-05-24T07:38:57.012086+00:00
NCT02585622,NEPHSTROM for Diabetic Kidney Disease,TERMINATED,Phase 1; Phase 2,2017-12-11,2024-01-03,29,Mario Negri Institute for Pharmacological Research,OTHER,Failure,diabetic nephropathy,2026-05-24T07:38:57.012086+00:00
NCT02316522,Epigenetic Contribution to the Pathogenesis of Diabetic Nephropathy in Qatari Population,COMPLETED,,2014-10-23,2018-04-09,158,Weill Medical College of Cornell University,OTHER,Success,diabetic nephropathy,2026-05-24T07:38:57.012086+00:00
NCT02816762,CPAP Effect on Albuminuria in Patients With Diabetic Nephropathy and Obstructive Sleep Apnea,COMPLETED,Phase 4,2016-06,2020-12,180,Hospital Universitario La Paz,OTHER,Success,diabetic nephropathy,2026-05-24T07:38:57.012086+00:00
NCT00106561,Using the Drug Spironolactone to Test If It Reduces Protein Leakage From the Kidney,COMPLETED,Phase 2; Phase 3,2002-01,2004-09,60,Melbourne Health,OTHER,Success,diabetic nephropathy,2026-05-24T07:38:57.012086+00:00
NCT05966818,Effect of Dapagliflozin in Non-Diabetic Patients With Nephrotic Syndrome.,UNKNOWN,Phase 4,2023-08-01,2024-03-01,90,Ain Shams University,OTHER,Unknown,diabetic nephropathy,2026-05-24T07:38:57.012086+00:00
NCT01576354,Characterization of the Effects of Prolonged-release Fampridine on Ambulatory Function in Patients With Multiple Sclerosis,UNKNOWN,Phase 2,2012-03,2017-04,70,University of Zurich,OTHER,Unknown,multiple sclerosis,2026-05-24T07:38:57.993746+00:00
NCT03121105,Pathologic-MRI Findings in Atypical IIDD,COMPLETED,,2017-01-01,2017-12-31,25,"University Hospital, Montpellier",OTHER,Success,multiple sclerosis,2026-05-24T07:38:57.993746+00:00
NCT03869879,"Mobility Rehab, a Therapist-assisted System for Gait Rehabilitation",UNKNOWN,NA,2019-07-24,2021-05-30,300,Oregon Health and Science University,OTHER,Unknown,multiple sclerosis,2026-05-24T07:38:57.993746+00:00
NCT02170779,Developing and Testing a Comprehensive MS Spasticity Management Program,COMPLETED,Phase 2,2015-10,2016-06,40,VA Office of Research and Development,FED,Success,multiple sclerosis,2026-05-24T07:38:57.993746+00:00
NCT01719159,Intrathecal Therapy With Monoclonal Antibodies in Progressive Multiple Sclerosis,COMPLETED,Phase 2,2009-11,2016-06,23,Anders Svenningsson,OTHER,Success,multiple sclerosis,2026-05-24T07:38:57.993746+00:00
NCT00325988,Biomarkers in Multiple Sclerosis,COMPLETED,,2004-12-17,2014-02-03,858,National Institute of Neurological Disorders and Stroke (NINDS),NIH,Success,multiple sclerosis,2026-05-24T07:38:57.993746+00:00
NCT04530669,The Effect of High Tone Power Therapy on Fatigue and Functional Outcomes in Multiple Sclerosis,COMPLETED,NA,2020-09-01,2020-12-30,40,Lama Saad El-Din Mahmoud,OTHER,Success,multiple sclerosis,2026-05-24T07:38:57.993746+00:00
NCT02427997,VR-treadmill Combined Intervention for Enhancing Mobility and Cognitive Function in Patients With Multiple Sclerosis,COMPLETED,NA,2015-06,2022-03-31,139,Tel-Aviv Sourasky Medical Center,OTHER_GOV,Success,multiple sclerosis,2026-05-24T07:38:57.993746+00:00
NCT06341023,Functional Balance Intervention in Multiple Sclerosis,RECRUITING,NA,2025-01-21,2027-01-09,120,University of Illinois at Chicago,OTHER,Ongoing,multiple sclerosis,2026-05-24T07:38:57.993746+00:00
NCT05122559,Neuroprotection With N-acetyl Cysteine for Patients With Progressive Multiple Sclerosis,ACTIVE_NOT_RECRUITING,Phase 2,2022-02-16,2027-02,98,"Emmanuelle Waubant, MD PhD",OTHER,Success,multiple sclerosis,2026-05-24T07:38:57.993746+00:00
NCT05857280,"EXOPULSE Mollii Suit, Motor Function & Multiple Sclerosis (EXOSEP 2)",UNKNOWN,NA,2023-03-21,2025-04-15,36,Sheikh Shakhbout Medical City,OTHER,Unknown,multiple sclerosis,2026-05-24T07:38:57.993746+00:00
NCT02296346,Open-Label Study to Evaluate the Efficacy of ECP in Secondary Progressive Multiple Sclerosis,TERMINATED,NA,2014-10,2018-05-10,13,University of Utah,OTHER,Failure,multiple sclerosis,2026-05-24T07:38:57.993746+00:00
NCT02200718,"A Study of NeuroVax™, a Novel Therapeutic TCR Peptide Vaccine for Pediatric Multiple Sclerosis",UNKNOWN,Phase 1,2020-12-31,2024-11-09,12,"Immune Response BioPharma, Inc.",INDUSTRY,Unknown,multiple sclerosis,2026-05-24T07:38:57.993746+00:00
NCT04036097,Prospective Stratification of Infectious Risks in Multiple Sclerosis,COMPLETED,,2019-04-10,2023-12-31,298,"University Hospital, Basel, Switzerland",OTHER,Success,multiple sclerosis,2026-05-24T07:38:57.993746+00:00
NCT05123924,Respiratory Functions in Pediatric-Onset Multiple Sclerosis,UNKNOWN,,2021-10-29,2022-07,46,Istanbul University - Cerrahpasa,OTHER,Unknown,multiple sclerosis,2026-05-24T07:38:57.993746+00:00
NCT04338646,Is the Severity of Urinary Disorders Related to Falls in People With Multiple Sclerosis,COMPLETED,,2019-07-01,2020-04-30,150,Gérard Amarenco,OTHER,Success,multiple sclerosis,2026-05-24T07:38:57.993746+00:00
NCT02950454,The Effect of High Intensity Interval Training on Cardiovascular Fitness in People With Progressive Multiple Sclerosis.,COMPLETED,NA,2017-01,2017-09,12,University of Glasgow,OTHER,Success,multiple sclerosis,2026-05-24T07:38:57.993746+00:00
NCT04944251,Regular Exercise Improves Physical Capacity and Promotes Neurotrophins in Patients With Multiple Sclerosis,COMPLETED,NA,2019-04-01,2020-01-19,43,Ege University,OTHER,Success,multiple sclerosis,2026-05-24T07:38:57.993746+00:00
NCT00595920,Open Label Extension of Prior TERMS Study to Treat Relapsing Forms of Multiple Sclerosis,TERMINATED,Phase 2,2007-11,2008-12,116,"Opexa Therapeutics, Inc.",INDUSTRY,Failure,multiple sclerosis,2026-05-24T07:38:57.993746+00:00
NCT06327789,Trunk Control and Disability in Persons With Multiple Sclerosis,COMPLETED,,2021-12-21,2022-02-21,23,Zonguldak Bulent Ecevit University,OTHER,Success,multiple sclerosis,2026-05-24T07:38:57.993746+00:00
NCT02369224,Multicenter Validation of The Evergreen Myometric Strength Test for Lower Extremities (EMST-LE) in Multiple Sclerosis: Protocol for Strength Testing and Reliability Characteristics,COMPLETED,,2015-01,2016-02,27,"Brown, Theodore R., M.D., MPH",INDIV,Success,multiple sclerosis,2026-05-24T07:38:57.993746+00:00
NCT01039103,Nanocort in Acute Exacerbation of Relapsing-Remitting Multiple Sclerosis (MS),TERMINATED,Phase 2,2009-12,2011-11,15,Lakefront Biotherapeutics NV,INDUSTRY,Failure,multiple sclerosis,2026-05-24T07:38:57.993746+00:00
NCT06877273,Improving Cognitive Recovery in Multiple Sclerosis,ACTIVE_NOT_RECRUITING,NA,2025-07-17,2026-09-15,24,King's College London,OTHER,Success,multiple sclerosis,2026-05-24T07:38:57.993746+00:00
NCT01704183,Effect of Fingolimod on the Cardiac Autonomic Regulation in Patients With Multiple Sclerosis,COMPLETED,,2012-12,2014-03,27,Kuopio University Hospital,OTHER,Success,multiple sclerosis,2026-05-24T07:38:57.993746+00:00
NCT07273604,"Psychological Interventions for Multiple Sclerosis: Effects on Anxiety, Depression, and Cognition.",COMPLETED,NA,2015-02-01,2019-01-01,140,Moisés Bermúdez Hernández,OTHER,Success,multiple sclerosis,2026-05-24T07:38:57.993746+00:00
NCT05000216,COVID-19 Booster Vaccine in Autoimmune Disease Non-Responders,TERMINATED,Phase 2,2021-08-13,2024-03-28,258,National Institute of Allergy and Infectious Diseases (NIAID),NIH,Failure,multiple sclerosis,2026-05-24T07:38:57.993746+00:00
NCT05275049,Neuromodulation in MS Using Translingual Stimulation,UNKNOWN,NA,2021-07-05,2022-12-01,52,University of Saskatchewan,OTHER,Unknown,multiple sclerosis,2026-05-24T07:38:57.993746+00:00
NCT07085676,Phase 1 Study of HBI0101 CAR-T in Refractory B-Cell Autoimmune Diseases,RECRUITING,Phase 1,2024-09-01,2030-11-01,120,Polina Stepensky,OTHER,Ongoing,multiple sclerosis,2026-05-24T07:38:57.993746+00:00
NCT07597668,"A Comparative Study of Pharmacokinetics, Pharmacodynamics, Safety, and Immunogenicity of RPH-035 and Ocrevus® in Patients With Relapsing-remitting or Secondary Progressive Multiple Sclerosis With Exacerbations",ACTIVE_NOT_RECRUITING,Phase 1,2025-04-16,2027-12-20,180,R-Pharm,INDUSTRY,Success,multiple sclerosis,2026-05-24T07:38:57.993746+00:00
NCT04377555,Prospective Study to Assess Disease Activity and Biomarkers in Minority Participants With Relapsing Multiple Sclerosis (RMS) After Initiation and During Treatment With Ocrelizumab,COMPLETED,Phase 4,2020-07-30,2025-11-11,179,"Genentech, Inc.",INDUSTRY,Success,multiple sclerosis,2026-05-24T07:38:57.993746+00:00
NCT03216915,Effects of Fingolimod on Heart Rhythm and Heart Rate Variability in Patients With Multiple Sclerosis,UNKNOWN,,2013-06-01,2020-12-31,100,Universitätsklinikum Hamburg-Eppendorf,OTHER,Unknown,multiple sclerosis,2026-05-24T07:38:57.993746+00:00
NCT01611987,The Role of Exercise in Modifying Outcomes for People With Multiple Sclerosis,UNKNOWN,NA,2012-09,2018-12,240,McGill University,OTHER,Unknown,multiple sclerosis,2026-05-24T07:38:57.993746+00:00
NCT05834855,Non-inferiority Study of Rituximab Compared to Ocrelizumab in Relapsing MS,RECRUITING,Phase 3,2023-04,2027-05,200,"Amsterdam UMC, location VUmc",OTHER,Ongoing,multiple sclerosis,2026-05-24T07:38:57.993746+00:00
NCT02369926,Endpoint Calibration for a Phase 2 Study of Lisinopril in Multiple Sclerosis,UNKNOWN,Phase 2,2014-11,,20,Transparency Life Sciences,INDUSTRY,Unknown,multiple sclerosis,2026-05-24T07:38:57.993746+00:00
NCT05732285,A Pilot Randomized Controlled Trial: CoINTEGRATE,COMPLETED,NA,2023-09-01,2025-10-01,15,University of Michigan,OTHER,Success,multiple sclerosis,2026-05-24T07:38:57.993746+00:00
NCT01271699,Prevalence of Fabry Disease in a Defined Population at Risk - Patients Formerly Diagnosed With Multiple Sclerosis,COMPLETED,,2011-01,2019-12-01,250,CENTOGENE GmbH Rostock,INDUSTRY,Success,multiple sclerosis,2026-05-24T07:38:57.993746+00:00
NCT04832399,Study of Tysabri in Early Relapsing Remitting Multiple Sclerosis Participants,COMPLETED,,2013-11-12,2023-10-02,60,Biogen,INDUSTRY,Success,multiple sclerosis,2026-05-24T07:38:57.993746+00:00
NCT03967106,"RIPC on Activity, Fatigue and Gait in MS",COMPLETED,NA,2019-08-19,2023-03-31,92,Sheffield Teaching Hospitals NHS Foundation Trust,OTHER,Success,multiple sclerosis,2026-05-24T07:38:57.993746+00:00
NCT06179758,Remote MS Care in Antwerp,ACTIVE_NOT_RECRUITING,NA,2024-05-23,2026-03,100,"University Hospital, Antwerp",OTHER,Success,multiple sclerosis,2026-05-24T07:38:57.993746+00:00
NCT02858778,Timing of Acute Palliative Care Consultation in Critically Ill Patients,UNKNOWN,NA,2016-06,,120,Wayne State University,OTHER,Unknown,multiple sclerosis,2026-05-24T07:38:57.993746+00:00
NCT03166930,Evaluation of a Spasticity Management Program for People With Multiple Sclerosis,COMPLETED,NA,2018-01-01,2022-01-31,232,VA Office of Research and Development,FED,Success,multiple sclerosis,2026-05-24T07:38:57.993746+00:00
NCT01599234,A Study to Evaluate the Efficacy of Sativex in Relieving Symptoms of Spasticity Due to Multiple Sclerosis,COMPLETED,Phase 3,2005-03,2005-12,337,Jazz Pharmaceuticals,INDUSTRY,Success,multiple sclerosis,2026-05-24T07:38:57.993746+00:00
NCT01585298,STudy to vAlidate telemetRic ECG Systems for firsT Dose Administration of Fingolimod (START),COMPLETED,Phase 4,2012-04-29,2016-12-12,6998,Novartis Pharmaceuticals,INDUSTRY,Success,multiple sclerosis,2026-05-24T07:38:57.993746+00:00
NCT02365259,Phototherapy in Persons With Multiple Sclerosis,UNKNOWN,Phase 1,2015-01,2016-02,20,University of Illinois at Urbana-Champaign,OTHER,Unknown,multiple sclerosis,2026-05-24T07:38:57.993746+00:00
NCT00675883,COMPliance With Avonex® PS in Patients With Relapsing-Remitting MS,COMPLETED,,2008-05,2011-12,1000,Biogen,INDUSTRY,Success,multiple sclerosis,2026-05-24T07:38:57.993746+00:00
NCT02275741,Study to Investigate the Immune Response and Safety of Prophylactic Vaccines in Patients Treated for Multiple Sclerosis,COMPLETED,,2009-10,2016-11,226,Dr. med. Micha Loebermann,OTHER,Success,multiple sclerosis,2026-05-24T07:38:57.993746+00:00
NCT03621761,"Cognitive Behavioral Therapy, Modafinil, or Both for Multiple Sclerosis Fatigue",COMPLETED,Phase 4,2018-11-15,2021-11-30,343,University of Michigan,OTHER,Success,multiple sclerosis,2026-05-24T07:38:57.993746+00:00
NCT01259388,A Pilot Study of Lithium in Progressive Multiple Sclerosis,COMPLETED,Phase 1; Phase 2,2011-05,2015-12,23,VA Office of Research and Development,FED,Success,multiple sclerosis,2026-05-24T07:38:57.993746+00:00
NCT00872053,Effect of Robot-assisted Training on Foot Drop in Multiple Sclerosis,COMPLETED,Phase 1; Phase 2,2009-02,2010-01,18,US Department of Veterans Affairs,FED,Success,multiple sclerosis,2026-05-24T07:38:57.993746+00:00
NCT07131553,Evaluation of the Wheelchair School (Drivkraft) a Clinical Study,NOT_YET_RECRUITING,NA,2025-10-01,2027-12,80,Karolinska Institutet,OTHER,Ongoing,multiple sclerosis,2026-05-24T07:38:57.993746+00:00
NCT00882453,Physical Activity and Fatigue in Early Multiple Sclerosis (MS),COMPLETED,,2006-08,2011-03,1739,Bayer,INDUSTRY,Success,multiple sclerosis,2026-05-24T07:38:57.993746+00:00
NCT00122954,Fish Oil for the Treatment of Depression in Patients With Multiple Sclerosis,COMPLETED,Phase 1; Phase 2,2005-07,2009-06,39,Oregon Health and Science University,OTHER,Success,multiple sclerosis,2026-05-24T07:38:57.993746+00:00
NCT02141022,Computerized Exercise Training for Cognitive Remediation in Adults With Multiple Sclerosis Treated With Gilenya,COMPLETED,NA,2013-08,2015-09,20,Stony Brook University,OTHER,Success,multiple sclerosis,2026-05-24T07:38:57.993746+00:00
NCT03429062,Comparison of Two Community Based Exercise Protocols in People With Multiple Sclerosis,WITHDRAWN,,2018-02-13,2019-02-13,0,Texas Woman's University,OTHER,Failure,multiple sclerosis,2026-05-24T07:38:57.993746+00:00
NCT06270342,The Effect of Dual Task On Upper Extremity Functions In Multiple Sclerosis Patients,COMPLETED,,2023-06-01,2023-12-15,60,Kutahya Health Sciences University,OTHER,Success,multiple sclerosis,2026-05-24T07:38:57.993746+00:00
NCT04640818,Safety and Efficacy of Cladribine Therapy After Anti CD20 Therapy,UNKNOWN,,2020-12-17,2022-10-31,45,Claudio Gobbi,OTHER_GOV,Unknown,multiple sclerosis,2026-05-24T07:38:57.993746+00:00
NCT06474520,Efficacy and Safety of Calculus Bovis Sativus (CBS) for Idiopathic Inflammatory Demyelinating Disease (CBSinIIDD),RECRUITING,NA,2024-08-08,2029-12,250,Tongji Hospital,OTHER,Ongoing,multiple sclerosis,2026-05-24T07:38:57.993746+00:00
NCT06136923,"An Exploratory Study to Evaluate Attention Biases in Adults With Multiple Sclerosis, Breast Cancer, and Lung Cancer",COMPLETED,NA,2023-10-19,2024-05-06,194,"Click Therapeutics, Inc.",INDUSTRY,Success,multiple sclerosis,2026-05-24T07:38:57.993746+00:00
NCT02870023,How Does Strength Training and Balance Training Affect Gait Function and Fatigue in Patients With Multiple Sclerosis?,COMPLETED,NA,2016-06,2018-12,71,University of Aarhus,OTHER,Success,multiple sclerosis,2026-05-24T07:38:57.993746+00:00
NCT05185986,Investigating the Home-based RCTs of Pilates Exercises and Cognitive Rehabilitation Exercises for Executive Functions and Anxiety in MS.,COMPLETED,NA,2021-12-20,2022-03-07,51,Arak University of Medical Sciences,OTHER,Success,multiple sclerosis,2026-05-24T07:38:57.993746+00:00
NCT03801473,Comparison of Robot-Assisted Gait Training and Conventional Therapy in Multiple Sclerosis Patients,COMPLETED,NA,2019-02-04,2020-03-01,42,"Sultan Abdulhamid Han Training and Research Hospital, Istanbul, Turkey",OTHER,Success,multiple sclerosis,2026-05-24T07:38:57.993746+00:00
NCT00852722,Low Fat Diet and Multiple Sclerosis,COMPLETED,Phase 1,2009-02,2014-07,61,Oregon Health and Science University,OTHER,Success,multiple sclerosis,2026-05-24T07:38:57.993746+00:00
NCT01026272,Novel Immune Markers in Patients With Multiple Sclerosis,UNKNOWN,,2010-01,2011-05,120,University of Washington,OTHER,Unknown,multiple sclerosis,2026-05-24T07:38:57.993746+00:00
NCT03568760,Finding the Right Words in Neurogenic Communication Disorders,COMPLETED,NA,2016-01-01,2021-12-31,17,Göteborg University,OTHER,Success,multiple sclerosis,2026-05-24T07:38:57.993746+00:00
NCT04833673,"The Effects of Relaxation Techniques on Pain, Fatigue and Kinesiophobia in Multiple Sclerosis Patients: A Three Arms Randomized Trial",COMPLETED,NA,2020-06-22,2021-03-15,80,Hacettepe University,OTHER,Success,multiple sclerosis,2026-05-24T07:38:57.993746+00:00
NCT06769763,mHealth Effect on Multiple Sclerosis Patients' Quality of Life and Self-care Practices,COMPLETED,NA,2025-01-14,2025-09-15,74,Cairo University,OTHER,Success,multiple sclerosis,2026-05-24T07:38:57.993746+00:00
NCT00349193,"A Study to Evaluate the Effectiveness, Tolerability and Safety of Laquinimod",COMPLETED,Phase 2,2005-03,2006-08,306,"Teva Branded Pharmaceutical Products R&D, Inc.",INDUSTRY,Success,multiple sclerosis,2026-05-24T07:38:57.993746+00:00
NCT00984984,Efficacy and Safety of Methylprednisolone Per os Versus IV for the Treatment of Multiple Sclerosis (MS) Relapses,UNKNOWN,Phase 3,2008-03,2014-06,200,Rennes University Hospital,OTHER,Unknown,multiple sclerosis,2026-05-24T07:38:57.993746+00:00
NCT05962281,Investigation The Effect of Conventional Vs. Individualized tDCS Intensity to Achieve Uniform E-Fields,UNKNOWN,NA,2024-03-01,2025-07-31,30,Koen Cuypers,OTHER,Unknown,multiple sclerosis,2026-05-24T07:38:57.993746+00:00
NCT01783665,The Effect of Aerobic Exercise on Cognitive Function and Sleep Quality in Individuals With Multiple Sclerosis,COMPLETED,NA,2012-08,2015-12,28,"Catherine Siengsukon, PT, PhD",OTHER,Success,multiple sclerosis,2026-05-24T07:38:57.993746+00:00
NCT04875832,EMDR for Depressed People With Multiple Sclerosis,UNKNOWN,NA,2021-05,2022-11,15,Fondazione Don Carlo Gnocchi Onlus,OTHER,Unknown,multiple sclerosis,2026-05-24T07:38:57.993746+00:00
NCT01047319,"A Study to Evaluate the Long-term Safety, Tolerability and Effect of Daily Oral Laquinimod 0.6 mg on Disease Course in Subjects With Relapsing Multiple Sclerosis",TERMINATED,Phase 3,2010-05-27,2017-06-30,1047,"Teva Branded Pharmaceutical Products R&D, Inc.",INDUSTRY,Failure,multiple sclerosis,2026-05-24T07:38:57.993746+00:00
NCT02209467,Balance and Falls in Multiple Sclerosis,COMPLETED,NA,2014-08,2015-08,52,Örebro County Council,OTHER_GOV,Success,multiple sclerosis,2026-05-24T07:38:57.993746+00:00
NCT05783934,Demyelination and Remyelination in Multiple Sclerosis (MS) Detected by Brain Amyloid PET-CT,COMPLETED,NA,2021-07-27,2024-01-09,6,Istituti Clinici Scientifici Maugeri SpA,OTHER,Success,multiple sclerosis,2026-05-24T07:38:57.993746+00:00
NCT01658384,Cognitive Evolution in Tysabri Treated Multiple Sclerosis Patients,COMPLETED,,2011-09,2015-03,63,Clinique Neuro-Outaouais,OTHER,Success,multiple sclerosis,2026-05-24T07:38:57.993746+00:00
NCT01272128,Avonex-evaluation of Quality of Life and Convenience in Belgian Participants - The AVAIL Study,COMPLETED,,2012-12,2015-09,100,Biogen,INDUSTRY,Success,multiple sclerosis,2026-05-24T07:38:57.993746+00:00
NCT01572207,Promoting Physical Activity Behavior in Persons With Multiple Sclerosis,COMPLETED,NA,2011-07,2012-07,30,Case Western Reserve University,OTHER,Success,multiple sclerosis,2026-05-24T07:38:57.993746+00:00
NCT05075499,Immune Response to COVID-19 Vaccine in Multiple Sclerosis Patients Treated With Teriflunomide and Alemtuzumab,UNKNOWN,NA,2021-03-20,2022-09,70,Sheba Medical Center,OTHER_GOV,Unknown,multiple sclerosis,2026-05-24T07:38:57.993746+00:00
NCT05210621,LONG-TERM EFFECTIVENESS AND SAFETY EVALUATION OF OCRELIZUMAB,ACTIVE_NOT_RECRUITING,Phase 3,2022-03-08,2029-02-24,72,Centre Hospitalier Universitaire de Nice,OTHER,Success,multiple sclerosis,2026-05-24T07:38:57.993746+00:00
NCT03951181,Life-Style Exercise and Activity Package for People Living With Progressive MS,COMPLETED,NA,2020-08-13,2021-04-19,21,Cardiff University,OTHER,Success,multiple sclerosis,2026-05-24T07:38:57.993746+00:00
NCT00001465,Study of the Disease Process of Lymphangioleiomyomatosis,RECRUITING,,1995-12-18,,2000,"National Heart, Lung, and Blood Institute (NHLBI)",NIH,Ongoing,multiple sclerosis,2026-05-24T07:38:57.993746+00:00
NCT06450600,Enhancing Quality of Life in MS Patients Through Tailored Therapeutic Education,UNKNOWN,NA,2024-10-05,2025-06-05,50,Akhrif Iman,OTHER_GOV,Unknown,multiple sclerosis,2026-05-24T07:38:57.993746+00:00
NCT03803800,Periodized Rehabilitation and Beta-alanine Supplementation in Multiple Sclerosis,COMPLETED,NA,2019-01-09,2019-12-09,31,Hasselt University,OTHER,Success,multiple sclerosis,2026-05-24T07:38:57.993746+00:00
NCT04448444,Brain Activity Changes Following Neuroproprioceptive Physiotherapy in Multiple Sclerosis,COMPLETED,NA,2015-05,2019-11-10,87,"Charles University, Czech Republic",OTHER,Success,multiple sclerosis,2026-05-24T07:38:57.993746+00:00
NCT01318421,A Study of ELND002 in Patients With Relapsing Forms of Multiple Sclerosis,TERMINATED,Phase 1,2010-12,,12,Elan Pharmaceuticals,INDUSTRY,Failure,multiple sclerosis,2026-05-24T07:38:57.993746+00:00
NCT04057898,Evaluation of MN-166 (Ibudilast) for 12 Months Followed by an Open-label Extension for 6 Months in Patients With ALS,ACTIVE_NOT_RECRUITING,Phase 2; Phase 3,2020-05-28,2028-04,234,MediciNova,INDUSTRY,Success,multiple sclerosis,2026-05-24T07:38:57.993746+00:00
NCT00978536,"A Monocenter, Cross-sectional Study to Compare Different Type of Cognitive Impairment in Multiple Sclerosis Patients and Cerebrospinal Fluid Biomarkers (Beta Amyloid, Total Tau Protein and Tau-phosphorylated Protein).",TERMINATED,NA,2009-02,2011-11,29,Nantes University Hospital,OTHER,Failure,multiple sclerosis,2026-05-24T07:38:57.993746+00:00
NCT06564311,A Study of Obexelimab in Patients With Relapsing Multiple Sclerosis (MoonStone),ACTIVE_NOT_RECRUITING,Phase 2,2024-08-26,2026-02,93,"Zenas BioPharma (USA), LLC",INDUSTRY,Success,multiple sclerosis,2026-05-24T07:38:57.993746+00:00
NCT00457964,RAD001 Therapy of Angiomyolipomata in Patients With TS Complex and Sporadic LAM,COMPLETED,Phase 1; Phase 2,2005-08,2013-07,36,"Children's Hospital Medical Center, Cincinnati",OTHER,Success,multiple sclerosis,2026-05-24T07:38:57.993746+00:00
NCT07497399,Targeting Agonists of Glucagon-like Peptide-1 Receptor for Multiple Sclerosis,RECRUITING,Phase 2,2026-04-28,2030-01,120,Johns Hopkins University,OTHER,Ongoing,multiple sclerosis,2026-05-24T07:38:57.993746+00:00
NCT06281314,The Efficacy of VESPA 2.0 for Cognitive Rehabilitation in Patients With Mild Cognitive Impairment,COMPLETED,NA,2021-03-01,2023-12-31,60,IRCCS Centro Neurolesi Bonino Pulejo,OTHER,Success,multiple sclerosis,2026-05-24T07:38:57.993746+00:00
NCT05767736,A Study to Evaluate Long-Term Safety of Vumerity and Tecfidera in Participants With Multiple Sclerosis (MS),ACTIVE_NOT_RECRUITING,,2024-06-08,2032-12-01,10500,Biogen,INDUSTRY,Success,multiple sclerosis,2026-05-24T07:38:57.993746+00:00
NCT03753698,"Wireless, Implantable Tibial Nerve Stimulator System (eCoin™) for the Treatment of Refractory Lower Urinary Tract Symptoms in Patients With MS",WITHDRAWN,NA,2020-07-01,2022-12-31,0,Chiara Zecca,OTHER,Failure,multiple sclerosis,2026-05-24T07:38:57.993746+00:00
NCT06528665,Determine PK Profiles of Ozanimod and Its' Major Metabolites in Healthy Subjects,COMPLETED,,2025-02-10,2025-04-16,24,"Corium Innovations, Inc.",INDUSTRY,Success,multiple sclerosis,2026-05-24T07:38:57.993746+00:00
NCT06782724,Psilocybin Therapy for Psychological Distress in Palliative Patients,RECRUITING,Phase 2,2025-07-01,2028-01-01,108,University Medical Center Groningen,OTHER,Ongoing,multiple sclerosis,2026-05-24T07:38:57.993746+00:00
NCT00534261,Does Quality of Life Improve in Multiple Sclerosis Patients Treated With Interferon Beta-1a?,COMPLETED,Phase 4,1999-11,2004-02,284,Biogen,INDUSTRY,Success,multiple sclerosis,2026-05-24T07:38:57.993746+00:00
NCT04379661,SUNLIGHT Study: Online Support Groups for MS to Address COVID-19,COMPLETED,NA,2020-05-07,2020-08-31,32,Columbia University,OTHER,Success,multiple sclerosis,2026-05-24T07:38:57.993746+00:00
NCT06251986,A Cross-sectional Study to Assess the Effectiveness and Safety of Ofatumumab (Kesimpta®) in Patients With Relapsing Multiple Sclerosis in the Spanish Clinical Practice,COMPLETED,,2024-02-26,2024-12-23,310,Novartis Pharmaceuticals,INDUSTRY,Success,multiple sclerosis,2026-05-24T07:38:57.993746+00:00
NCT05298670,Drug Repurposing Using Metformin for Improving the Therapeutic Outcome in Multiple Sclerosis Patients,UNKNOWN,Phase 2,2022-02-01,2023-03-28,80,German University in Cairo,OTHER,Unknown,multiple sclerosis,2026-05-24T07:38:57.993746+00:00
NCT01377870,Evaluation of Autologous Mesenchymal Stem Cell Transplantation (Effects and Side Effects) in Multiple Sclerosis,COMPLETED,Phase 1; Phase 2,2011-12,2014-04,22,Royan Institute,OTHER_GOV,Success,multiple sclerosis,2026-05-24T07:38:57.993746+00:00
NCT06226831,Onset of Lower Urinary Tract Symptoms in Multiple Sclerosis Patients,UNKNOWN,,2020-06-01,2025-12,1500,University Hospital Ostrava,OTHER,Unknown,multiple sclerosis,2026-05-24T07:38:57.993746+00:00
NCT06655896,Phase 2 Study Evaluating Rapcabtagene Autoleucel in Participants With Diffuse Cutaneous Systemic Sclerosis,RECRUITING,Phase 2,2024-10-29,2032-08-30,96,Novartis Pharmaceuticals,INDUSTRY,Ongoing,multiple sclerosis,2026-05-24T07:38:57.993746+00:00
NCT06064162,Ketamine for MS Fatigue,COMPLETED,EARLY_PHASE1,2023-12-05,2025-05-05,21,Alta Bates Summit Medical Center,OTHER,Success,multiple sclerosis,2026-05-24T07:38:57.993746+00:00
NCT00618527,Combination Therapy Using Cellcept and Rebif in RRMS,COMPLETED,EARLY_PHASE1,2006-08,2012-05,31,Aaron Boster,OTHER,Success,multiple sclerosis,2026-05-24T07:38:57.993746+00:00
NCT06982742,Effect of a Mobile Health App on Pain and Quality of Life in Patients With Neuropathic Pain in Multiple Sclerosis,NOT_YET_RECRUITING,NA,2025-07-01,2025-12-15,52,Meryem Kocaslan Toran,OTHER,Ongoing,multiple sclerosis,2026-05-24T07:38:57.993746+00:00
NCT02364986,Immune- and miRNA-response to Recombinant Interferon Beta in Healthy Volunteers and Patients With Relapsing Remitting Multiple Sclerosis,UNKNOWN,Phase 1,2015-01,2017-01,50,PD Dr. Marcus Müller,OTHER,Unknown,multiple sclerosis,2026-05-24T07:38:57.993746+00:00
NCT02965170,Validation of a Laboratory Test Measuring Natalizumab (Tysabri®) Serum Levels in MS,COMPLETED,,2016-10,2018-05,109,"Rocky Mountain MS Research Group, LLC",OTHER,Success,multiple sclerosis,2026-05-24T07:38:57.993746+00:00
NCT00927108,Rajavtihi Neuronal Adult Stem Cells Project,WITHDRAWN,Phase 2,2009-07,2011-12,0,Department of Medical Services Ministry of Public Health of Thailand,OTHER_GOV,Failure,multiple sclerosis,2026-05-24T07:38:57.993746+00:00
NCT00206635,Betaseron 16-Year Long-Term Follow-Up (LTF) in Patients With Relapsing-Remitting Multiple Sclerosis,COMPLETED,,2005-01,2005-12,432,Bayer,INDUSTRY,Success,multiple sclerosis,2026-05-24T07:38:57.993746+00:00
NCT00666224,Evaluate Early Glatiramer Acetate Treatment in Delaying Conversion to Clinically Definite Multiple Sclerosis of Subjects Presenting With Clinically Isolated Syndrome,COMPLETED,Phase 3,2004-01,2010-06,481,"Teva Branded Pharmaceutical Products R&D, Inc.",INDUSTRY,Success,multiple sclerosis,2026-05-24T07:38:57.993746+00:00
NCT04599023,Assessing the Feasibility of the MSPT Device in Routine Clinical Practice in the Swiss Healthcare System,TERMINATED,,2020-10-16,2022-08-31,182,"Insel Gruppe AG, University Hospital Bern",OTHER,Failure,multiple sclerosis,2026-05-24T07:38:57.993746+00:00
NCT03268096,"Disability, MRI Lesions and Thickness of Retinal Fibers: Evaluation 15 Years After a First Episode of Demyelination",COMPLETED,,2017-05-03,2021-11-03,182,Fondation Ophtalmologique Adolphe de Rothschild,NETWORK,Success,multiple sclerosis,2026-05-24T07:38:57.993746+00:00
NCT04977622,Gray Matter Demyelination in Primary Progressive MS at 7T,UNKNOWN,,2021-11-30,2024-12,60,Danish Research Centre for Magnetic Resonance,OTHER,Unknown,multiple sclerosis,2026-05-24T07:38:57.993746+00:00
NCT06567197,Multiple Sclerosis Treatment With Autologous Hematopoietic Stem Cell Transplantation in the Netherlands,RECRUITING,,2023-08-25,2028-09-01,24,"Amsterdam UMC, location VUmc",OTHER,Ongoing,multiple sclerosis,2026-05-24T07:38:57.993746+00:00
NCT07282574,"A Study to Evaluate the Safety, Pharmacokinetics, Pharmacodynamics, and Efficacy of RO7268489 as Add-on Therapy to Ocrelizumab, in Participants With Progressive Forms of Multiple Sclerosis (MS)",RECRUITING,Phase 2,2026-03-10,2030-05-30,360,Hoffmann-La Roche,INDUSTRY,Ongoing,multiple sclerosis,2026-05-24T07:38:57.993746+00:00
NCT02228213,Safety and Efficacy Study of MIS416 to Treat Secondary Progressive Multiple Sclerosis,COMPLETED,Phase 2,2014-10,2017-06,93,Innate Immunotherapeutics,INDUSTRY,Success,multiple sclerosis,2026-05-24T07:38:57.993746+00:00
NCT01405872,"Persistence, Adherence, Quality of Life, and Treatment Satisfaction With Avonex® PEN™.",COMPLETED,,2011-09,2013-09,270,Biogen,INDUSTRY,Success,multiple sclerosis,2026-05-24T07:38:57.993746+00:00
NCT07403266,Treatment With Full-spectrum Cannabis Extract of Refractory Epilepsy Associated With Tuberous Sclerosis Complex (TSC),RECRUITING,Phase 3,2024-06-01,2027-06,84,Oils4Cure,INDUSTRY,Ongoing,multiple sclerosis,2026-05-24T07:38:57.993746+00:00
NCT07168772,The Effect of a Probiotic Administration as an add-on Treatment in Multiple Sclerosis,RECRUITING,NA,2025-07-10,2027-12-31,80,Hospital Universitari Vall d'Hebron Research Institute,OTHER,Ongoing,multiple sclerosis,2026-05-24T07:38:57.993746+00:00
NCT02117050,RESOunD: REbif Satisfaction On Discontinuing Oral Dimethyl Fumarate,TERMINATED,Phase 4,2014-06,2015-04,1,EMD Serono,INDUSTRY,Failure,multiple sclerosis,2026-05-24T07:38:57.993746+00:00
NCT00942591,Atorvastatin 40 mg in Patients With Relapsing-Remitting Multiple Sclerosis Treated With Interferon-Beta-1b,COMPLETED,Phase 2,2005-05,2009-05,77,"Insel Gruppe AG, University Hospital Bern",OTHER,Success,multiple sclerosis,2026-05-24T07:38:57.993746+00:00
NCT07164924,Evaluation of the Impact of Multiple Sclerosis and Its Treatments on Women Fertility,COMPLETED,,2018-01-01,2024-12-08,800,"University Hospital, Clermont-Ferrand",OTHER,Success,multiple sclerosis,2026-05-24T07:38:57.993746+00:00
NCT07346924,Effect of Probiotics on Relapsing-Remitting Multiple Sclerosis,COMPLETED,NA,2024-01-01,2025-03-01,60,Cairo University,OTHER,Success,multiple sclerosis,2026-05-24T07:38:57.993746+00:00
NCT02486640,Evaluation of Potential Predictors of Adherence by Investigating a Representative Cohort of Multiple Sclerosis (MS) Patients in Germany Treated With Betaferon,COMPLETED,,2015-09-08,2020-01-16,162,Bayer,INDUSTRY,Success,multiple sclerosis,2026-05-24T07:38:57.993746+00:00
NCT05654818,Peripheral Immunological Effects of High-dose Vitamin D Treatment in Healthy Subjects,COMPLETED,NA,2023-04-13,2023-10-10,56,Centre Hospitalier Universitaire de Nīmes,OTHER,Success,multiple sclerosis,2026-05-24T07:38:57.993746+00:00
NCT00915460,Open-Label Safety Extension Study of Avonex,COMPLETED,Phase 4,1999-09,2003-07,408,Biogen,INDUSTRY,Success,multiple sclerosis,2026-05-24T07:38:57.993746+00:00
NCT01752660,Exercise in Severely Disabled Patients With MS,COMPLETED,Phase 1,2012-10,2013-07,12,University of Aarhus,OTHER,Success,multiple sclerosis,2026-05-24T07:38:57.993746+00:00
NCT01947582,The Effects of Ankle Foot Orthoses (AFOs) on Mobility in Persons With Multiple Sclerosis (MS),COMPLETED,NA,2013-10,2014-12,2,University of Texas Southwestern Medical Center,OTHER,Success,multiple sclerosis,2026-05-24T07:38:57.993746+00:00
NCT07193823,Sexual Dysfunction in Women With Multiple Sclerosis (MS),RECRUITING,,2024-07-16,2025-11,140,Ege University,OTHER,Ongoing,multiple sclerosis,2026-05-24T07:38:57.993746+00:00
NCT05218317,Evaluation of Relapse Presence in Multiple Sclerosis,COMPLETED,,2021-01-01,2022-01-01,87,Marmara University,OTHER,Success,multiple sclerosis,2026-05-24T07:38:57.993746+00:00
NCT05355389,Cognitive-motor Telerehabilitation in MS,RECRUITING,NA,2022-09-01,2027-08-31,90,Universitair Ziekenhuis Brussel,OTHER,Ongoing,multiple sclerosis,2026-05-24T07:38:57.993746+00:00
NCT04011579,Pilates Training in Multiple Sclerosis,COMPLETED,NA,2022-03-15,2023-10-20,126,Fondazione Italiana Sclerosi Multipla,OTHER,Success,multiple sclerosis,2026-05-24T07:38:57.993746+00:00
NCT05395624,"Safety, PK and Biodistribution of 18F-OP-801 in Patients With ALS, AD, MS, PD and Healthy Volunteers",RECRUITING,Phase 1; Phase 2,2023-02-02,2026-05-01,65,"Ashvattha Therapeutics, Inc.",INDUSTRY,Ongoing,multiple sclerosis,2026-05-24T07:38:57.993746+00:00
NCT05285891,Ocrelizumab Discontinuation in Relapsing Multiple Sclerosis,RECRUITING,Phase 4,2023-01-12,2030-11-01,123,National Institute of Allergy and Infectious Diseases (NIAID),NIH,Ongoing,multiple sclerosis,2026-05-24T07:38:57.993746+00:00
NCT04410991,Relapsing Forms of Multiple Sclerosis (RMS) Study of Bruton's Tyrosine Kinase (BTK) Inhibitor Tolebrutinib (SAR442168) (GEMINI 2),COMPLETED,Phase 3,2020-06-11,2024-07-16,899,Sanofi,INDUSTRY,Success,multiple sclerosis,2026-05-24T07:38:57.993746+00:00
NCT02750982,"Laughter Therapy Effects on Mood, Stress and Self-efficacy in People With Neurological Diseases.",COMPLETED,NA,2016-07,2018-08,24,"Brown, Theodore R., M.D., MPH",INDIV,Success,multiple sclerosis,2026-05-24T07:38:57.993746+00:00
NCT05684016,"Assessment of Deep Gray Matter Anatomic Changes in RRMS Patients Treated With Gilenya® With and Without Cognitive Impairment Over a 2 Year Period Using NeuroQuant, NeuroQuarc and ANAM",COMPLETED,NA,2013-12,2016-12,75,George Washington University,OTHER,Success,multiple sclerosis,2026-05-24T07:38:57.993746+00:00
NCT03768648,Cognition and MRI Markers in MS Patients With Aubagio® Treatment,COMPLETED,NA,2019-05-21,2023-02-23,75,"University Hospital, Bordeaux",OTHER,Success,multiple sclerosis,2026-05-24T07:38:57.993746+00:00
NCT01498887,Efficacy of Fingolimod in de Novo Patients Versus Fingolimod in Patients Previously Treated With a First Line Disease Modifying Therapy,COMPLETED,Phase 4,2011-12-24,2015-12-26,347,Novartis Pharmaceuticals,INDUSTRY,Success,multiple sclerosis,2026-05-24T07:38:57.993746+00:00
NCT04033133,Cerebral Blood Flow and tDCS,COMPLETED,NA,2019-12-20,2020-08-15,3,University of Iowa,OTHER,Success,multiple sclerosis,2026-05-24T07:38:57.993746+00:00
NCT06429085,"Rex Robot Assisted Rehabilitation to Enhance Balance and Mobility for People With Multiple Sclerosis, Clinical and Biomarker Study - RAPPER IV",COMPLETED,Phase 1,2018-12-18,2020-03-31,20,East Kent Hospitals University NHS Foundation Trust,OTHER_GOV,Success,multiple sclerosis,2026-05-24T07:38:57.993746+00:00
NCT04528784,Feasibility Study of Transcutaneous Tibial Nerve Stimulation for Urinary Symptoms in People With Multiple Sclerosis,COMPLETED,NA,2020-10-14,2021-03-12,23,University of Limerick,OTHER,Success,multiple sclerosis,2026-05-24T07:38:57.993746+00:00
NCT01943526,Ireland Natalizumab (TYSABRI) Observational Program,COMPLETED,,2011-11-30,2017-12-31,191,Biogen,INDUSTRY,Success,multiple sclerosis,2026-05-24T07:38:57.993746+00:00
NCT03941184,Spontaneous Coronary Artery Dissection (SCAD) and Autoimmunity,COMPLETED,,1995-01-01,2020-11-10,114,Mayo Clinic,OTHER,Success,multiple sclerosis,2026-05-24T07:38:57.993746+00:00
NCT02141386,Computerized Cognitive Exercise Training Treatment for Adults With Multiple Sclerosis,UNKNOWN,NA,2013-09,,136,Stony Brook University,OTHER,Unknown,multiple sclerosis,2026-05-24T07:38:57.993746+00:00
NCT06599866,Turkish Validity and Reliability of the Core Lower Urinary Tract Symptoms Questionnaire in Individuals With Multiple Sclerosis,COMPLETED,,2024-05-15,2025-03-26,71,Kutahya Health Sciences University,OTHER,Success,multiple sclerosis,2026-05-24T07:38:57.993746+00:00
NCT06957145,Vista Protein Expression of Monocyte and T Cell Subsets in Multiple Sclerosis and Its Clinical Correlation,RECRUITING,,2025-06-30,2026-12-30,60,Koç University,OTHER,Ongoing,multiple sclerosis,2026-05-24T07:38:57.993746+00:00
NCT04578639,Ocrelizumab VErsus Rituximab Off-Label at the Onset of Relapsing MS Disease,ACTIVE_NOT_RECRUITING,Phase 3,2020-11-02,2025-09-14,214,Haukeland University Hospital,OTHER,Success,multiple sclerosis,2026-05-24T07:38:57.993746+00:00
NCT04756700,Validation of DigiCog and Konectom Tools to Support Digitalized Clinical Assessment in Multiple Sclerosis,COMPLETED,NA,2020-10-12,2022-07-26,158,Biogen,INDUSTRY,Success,multiple sclerosis,2026-05-24T07:38:57.993746+00:00
NCT02386566,Observational Study to Assess the Correlation of EDSS With Quality of Life in MS Participants Treated With Natalizumab,COMPLETED,,2015-03-20,2018-01-28,48,Biogen,INDUSTRY,Success,multiple sclerosis,2026-05-24T07:38:57.993746+00:00
NCT04792567,Exploring the Immune Response to SARS-CoV-2 modRNA Vaccines in Patients With Secondary Progressive Multiple Sclerosis (AMA-VACC),COMPLETED,Phase 4,2021-04-19,2022-08-15,41,Novartis Pharmaceuticals,INDUSTRY,Success,multiple sclerosis,2026-05-24T07:38:57.993746+00:00
NCT00544037,BENEFIT Extension Study,COMPLETED,,2007-09,2011-01,283,Bayer,INDUSTRY,Success,multiple sclerosis,2026-05-24T07:38:57.993746+00:00
NCT05560139,The Effect of Transcranial Direct Current Stimulation on Fatigue Among Multiple Sclerosis Patients.Patients,UNKNOWN,NA,2022-12-01,2023-09-01,36,Assiut University,OTHER,Unknown,multiple sclerosis,2026-05-24T07:38:57.993746+00:00
NCT03638739,Exercise and Brain Health in MS,COMPLETED,NA,2018-08-01,2019-09-01,10,McMaster University,OTHER,Success,multiple sclerosis,2026-05-24T07:38:57.993746+00:00
NCT07304375,Effects of Exercise and Sleep on Motor Learning and Functional Abilities in Multiple Sclerosis,RECRUITING,NA,2025-12-01,2028-11-30,20,Zealand University Hospital,OTHER,Ongoing,multiple sclerosis,2026-05-24T07:38:57.993746+00:00
NCT07361965,Validity and Reliability of Mixed Reality-Based Mobility Tests in Multiple Sclerosis,NOT_YET_RECRUITING,,2026-02-02,2026-07-30,75,Selcuk University,OTHER,Ongoing,multiple sclerosis,2026-05-24T07:38:57.993746+00:00
NCT05171972,Reduced Oligodendrocyte-specific Cytotoxicity and Ofatumumab Treatment,COMPLETED,,2022-01-29,2025-07-31,40,University of Southern California,OTHER,Success,multiple sclerosis,2026-05-24T07:38:57.993746+00:00
NCT01854957,MEsenchymal StEm Cells for Multiple Sclerosis,UNKNOWN,Phase 1; Phase 2,2012-07,2014-09,20,Antonio Uccelli,OTHER,Unknown,multiple sclerosis,2026-05-24T07:38:57.993746+00:00
NCT05958381,Treatment of Cognitive Deficits in Multiple Sclerosis With High-Definition Transcranial Direct Current Stimulation,RECRUITING,NA,2023-10-18,2027-06-30,100,The University of Texas at Dallas,OTHER,Ongoing,multiple sclerosis,2026-05-24T07:38:57.993746+00:00
NCT05081271,COVID-19 Booster Vaccination in Persons With Multiple Sclerosis,TERMINATED,EARLY_PHASE1,2021-10-15,2022-05-30,10,Griffin Hospital,OTHER,Failure,multiple sclerosis,2026-05-24T07:38:57.993746+00:00
NCT00940719,Vitamin D3 Supplementation and the T Cell Compartment in Multiple Sclerosis (MS),COMPLETED,NA,2009-08,2010-07,15,Maastricht University Medical Center,OTHER,Success,multiple sclerosis,2026-05-24T07:38:57.993746+00:00
NCT00906737,Effects of Targeted Lower Extremity Joint Training on Multiple Sclerosis (MS) Gait Abnormalities,COMPLETED,NA,2009-04,2012-04,18,Mount Sinai Rehabilitation Hospital,OTHER,Success,multiple sclerosis,2026-05-24T07:38:57.993746+00:00
NCT02255656,Phase IIIB-IV Long-Term Follow-up Study for Patients Who Participated in CAMMS03409,COMPLETED,Phase 4,2015-01-07,2020-07-15,1062,"Genzyme, a Sanofi Company",INDUSTRY,Success,multiple sclerosis,2026-05-24T07:38:57.993746+00:00
NCT04856345,Running Title: Walking to Music and in Silence on a Treadmill,COMPLETED,NA,2021-01-22,2023-12-31,5,Hasselt University,OTHER,Success,multiple sclerosis,2026-05-24T07:38:57.993746+00:00
NCT05387395,COVID-19 on Disease Activity in Radiologically Isolated Syndrome Cohort,COMPLETED,,2022-05-31,2022-07-01,217,Centre Hospitalier Universitaire de Nice,OTHER,Success,multiple sclerosis,2026-05-24T07:38:57.993746+00:00
NCT03190902,Cognitive Impairment in Pediatric Onset Multiple Sclerosis,COMPLETED,NA,2015-09-15,2016-04-30,36,Pietro Iaffaldano,OTHER,Success,multiple sclerosis,2026-05-24T07:38:57.993746+00:00
NCT05808101,Gut Microbiome and Depression,TERMINATED,,2022-01-27,2024-10-29,51,Washington University School of Medicine,OTHER,Failure,multiple sclerosis,2026-05-24T07:38:57.993746+00:00
NCT07560995,Internuclear Ophthalmoplegia and Multiple Sclerosis: a Multicenter Retrospective Study,NOT_YET_RECRUITING,,2026-05,2027-05,200,"University Hospital, Strasbourg, France",OTHER,Ongoing,multiple sclerosis,2026-05-24T07:38:57.993746+00:00
NCT03872583,Understanding Magnetic Resonance Imaging in Multiple Sclerosis,COMPLETED,NA,2019-03-15,2022-12-01,120,Universitätsklinikum Hamburg-Eppendorf,OTHER,Success,multiple sclerosis,2026-05-24T07:38:57.993746+00:00
NCT00716066,Autologous Stem Cell Transplant for Neurologic Autoimmune Diseases,ACTIVE_NOT_RECRUITING,Phase 2,2008-06,2030-01-31,53,Fred Hutchinson Cancer Center,OTHER,Success,multiple sclerosis,2026-05-24T07:38:57.993746+00:00
NCT04564495,Home Based Tele-exercise for People With Chronic Neurological Impairments,ACTIVE_NOT_RECRUITING,NA,2021-01-22,2025-05-31,60,Burke Medical Research Institute,OTHER,Success,multiple sclerosis,2026-05-24T07:38:57.993746+00:00
NCT06360861,Evaluate the Safety and Feasibility of Allogeneic Mesenchymal Stem Cells in Patients With Multiple Sclerosis,COMPLETED,Phase 1,2019-07-23,2024-03-06,5,Tehran University of Medical Sciences,OTHER,Success,multiple sclerosis,2026-05-24T07:38:57.993746+00:00
NCT05835622,Clinical Investigation of the Quality of Life Benefit of Using a Home Walking Exoskeleton for a Population of Multiple Sclerosis Patients.,RECRUITING,NA,2024-02-01,2026-10-02,28,Pôle Saint Hélier,OTHER,Ongoing,multiple sclerosis,2026-05-24T07:38:57.993746+00:00
NCT02636829,Validation of Self-administered Questionnaire for Assessing Calcium Intake in Patients With Multiple Sclerosis or Chronic Inflammatory Arthritis,COMPLETED,NA,2016-03,2016-08,100,Centre Hospitalier Universitaire de Nīmes,OTHER,Success,multiple sclerosis,2026-05-24T07:38:57.993746+00:00
NCT01512329,Pacing Activity Self-management for Patients With Multiple Sclerosis,COMPLETED,Phase 2,2011-10,2014-10,31,Vrije Universiteit Brussel,OTHER,Success,multiple sclerosis,2026-05-24T07:38:57.993746+00:00
NCT06220669,A Study of LY3541860 in Adult Participants With Relapsing Multiple Sclerosis,ACTIVE_NOT_RECRUITING,Phase 2,2024-03-19,2026-07,63,Eli Lilly and Company,INDUSTRY,Success,multiple sclerosis,2026-05-24T07:38:57.993746+00:00
NCT02346279,Responsiveness and Minimal Clinical Important Difference of the Multiple Sclerosis Questionnaire for Physiotherapists,COMPLETED,,2011-04,2013-10,81,Institut fuer Physiotherapieforschung,OTHER,Success,multiple sclerosis,2026-05-24T07:38:57.993746+00:00
NCT07566988,A Real-world Study Comparing the Effectiveness of Ofatumumab and Ocrelizumab Treatment in Multiple Sclerosis Patients,COMPLETED,,2024-10-25,2025-04-30,2604,Novartis Pharmaceuticals,INDUSTRY,Success,multiple sclerosis,2026-05-24T07:38:57.993746+00:00
NCT03735823,IL-11 in the Development of Multiple Sclerosis,UNKNOWN,,2018-06-01,2023-05-31,96,Thomas Jefferson University,OTHER,Unknown,multiple sclerosis,2026-05-24T07:38:57.993746+00:00
NCT00109161,"Study of Subcutaneous Daclizumab in Patients With Active, Relapsing Forms of Multiple Sclerosis",COMPLETED,Phase 2,2005-04,2006-10,270,"PDL BioPharma, Inc.",INDUSTRY,Success,multiple sclerosis,2026-05-24T07:38:57.993746+00:00
NCT02583386,Comprehensive Fall Prevention and Detection in Multiple Sclerosis,COMPLETED,NA,2016-04,2019-10,96,Portland VA Medical Center,FED,Success,multiple sclerosis,2026-05-24T07:38:57.993746+00:00
NCT04153773,OCT and Early Cognitive Impairment in Multiple Sclerosis,COMPLETED,,2018-08-01,2019-09-01,90,Mansoura University Hospital,OTHER,Success,multiple sclerosis,2026-05-24T07:38:57.993746+00:00
NCT06394310,Dry Needling in Multiple Sclerosis,RECRUITING,NA,2024-05-01,2025-08-01,24,University of Kansas Medical Center,OTHER,Ongoing,multiple sclerosis,2026-05-24T07:38:57.993746+00:00
NCT06292923,A Study of Nasal Foralumab in Non-Active Secondary Progressive Multiple Sclerosis Patients,RECRUITING,Phase 2,2023-11-15,2025-11,54,Tiziana Life Sciences LTD,INDUSTRY,Ongoing,multiple sclerosis,2026-05-24T07:38:57.993746+00:00
NCT02424396,Biological Activity and Safety of Low Dose IL2 in Relapsing Remitting Multiple Sclerosis,COMPLETED,Phase 2,2016-06-13,2020-06-15,30,Assistance Publique - Hôpitaux de Paris,OTHER,Success,multiple sclerosis,2026-05-24T07:38:57.993746+00:00
NCT02882724,"Changes in Speed, Endurance and Balance in Women Patients With Multiple Sclerosis After 4 & 8 Weeks of Aquatic Exercise Training",COMPLETED,Phase 1,2016-01,,32,University of Isfahan,OTHER,Success,multiple sclerosis,2026-05-24T07:38:57.993746+00:00
NCT00112723,Flavopiridol in Treating Patients With Relapsed or Refractory Lymphoma or Multiple Myeloma,TERMINATED,Phase 1; Phase 2,2005-12,2015-11,46,National Cancer Institute (NCI),NIH,Failure,multiple sclerosis,2026-05-24T07:38:57.993746+00:00
NCT06677710,IDP-023 g-NK Cells Plus Ocrelizumab in Patients With Progressive Multiple Sclerosis,SUSPENDED,Phase 1,2026-06-30,2028-12-31,34,"Indapta Therapeutics, INC.",INDUSTRY,Failure,multiple sclerosis,2026-05-24T07:38:57.993746+00:00
NCT00424359,Ambulation Study in Multiple Sclerosis,COMPLETED,,2005-04,2009-01,40,"Brown, Theodore R., M.D., MPH",INDIV,Success,multiple sclerosis,2026-05-24T07:38:57.993746+00:00
NCT01065727,Impact Study of 2 Therapeutic Strategy for Aggressive Remitting Multiple Sclerosis,UNKNOWN,NA,2010-02,2019-02,250,Rennes University Hospital,OTHER,Unknown,multiple sclerosis,2026-05-24T07:38:57.993746+00:00
NCT07292116,Disease Progression in ms,NOT_YET_RECRUITING,,2025-12-15,2026-03-01,53,Hüseyin Bektaş,OTHER,Ongoing,multiple sclerosis,2026-05-24T07:38:57.993746+00:00
NCT07220252,Study to Assess Effects of Ublituximab in Pediatric Participants With Relapsing Forms of Multiple Sclerosis,NOT_YET_RECRUITING,Phase 2; Phase 3,2026-06-01,2033-06-30,240,"TG Therapeutics, Inc.",INDUSTRY,Ongoing,multiple sclerosis,2026-05-24T07:38:57.993746+00:00
NCT05957809,Structured Exercise Training in Newly Diagnosed Multiple Sclerosis,COMPLETED,NA,2023-07-20,2025-05-20,49,Istanbul University - Cerrahpasa,OTHER,Success,multiple sclerosis,2026-05-24T07:38:57.993746+00:00
NCT01975298,A Study to Evaluate 2 Doses Of Oral Administration Of Laquinimod Compared to Interferon ß-1a Administered by Injection in Participants With Relapsing Remitting Multiple Sclerosis (RRMS),WITHDRAWN,Phase 3,2014-01,2014-03,0,"Teva Branded Pharmaceutical Products R&D, Inc.",INDUSTRY,Failure,multiple sclerosis,2026-05-24T07:38:57.993746+00:00
NCT01993004,Immune Regulation in Multiple Sclerosis: The Effect of Glatiramer Acetate on MicroRNA Expression in Antigen-Presenting Cells,COMPLETED,,2013-07,2015-12,24,"Rutgers, The State University of New Jersey",OTHER,Success,multiple sclerosis,2026-05-24T07:38:57.993746+00:00
NCT07225504,A Study to Evaluate the Efficacy and Safety of Remibrutinib in Secondary Progressive Multiple Sclerosis,RECRUITING,Phase 3,2025-11-11,2034-01-02,1275,Novartis Pharmaceuticals,INDUSTRY,Ongoing,multiple sclerosis,2026-05-24T07:38:57.993746+00:00
NCT01093326,"Clinical Study to Investigate the Long-term Safety, Tolerability, and Efficacy of Ponesimod in Patients With Relapsing-remitting Multiple Sclerosis",COMPLETED,Phase 2,2010-05-12,2023-09-06,353,Actelion,INDUSTRY,Success,multiple sclerosis,2026-05-24T07:38:57.993746+00:00
NCT04618978,Periodic Leg Movements' Diagnosis in Spinal Cord Injury: Actigraphy as an Alternative for Polysomnography?,COMPLETED,NA,2021-02-25,2025-01-17,160,Assistance Publique - Hôpitaux de Paris,OTHER,Success,multiple sclerosis,2026-05-24T07:38:57.993746+00:00
NCT07139743,Obe-cel in Refractory Progressive Forms of Multiple Sclerosis,RECRUITING,Phase 1,2025-08-04,2029-08-15,18,Autolus Limited,INDUSTRY,Ongoing,multiple sclerosis,2026-05-24T07:38:57.993746+00:00
NCT04211740,Phase II Clinical Trial of OCH-NCNP1,COMPLETED,Phase 2,2019-12-06,2023-05-31,30,"National Center of Neurology and Psychiatry, Japan",OTHER,Success,multiple sclerosis,2026-05-24T07:38:57.993746+00:00
NCT06494813,Biochemical Role of Matrix Metalloproteinase -9 in Rheumatoid Arthritis,COMPLETED,NA,2024-08-01,2024-12-15,60,Sohag University,OTHER,Success,rheumatoid arthritis,2026-05-24T07:38:59.147040+00:00
NCT01726959,Prediction of Methotrexate Response - A Pilot Study,COMPLETED,,2011-12,2014-12,36,Wake Forest University Health Sciences,OTHER,Success,rheumatoid arthritis,2026-05-24T07:38:59.147040+00:00
NCT05002959,TESS V3 Modular Total Shoulder System PMCF,ACTIVE_NOT_RECRUITING,,2022-02-01,2026-12,67,Zimmer Biomet,INDUSTRY,Success,rheumatoid arthritis,2026-05-24T07:38:59.147040+00:00
NCT00886769,Single-dose Study to Assess Efficacy of Canakinumab (ACZ885) in Patients With Active Juvenile Idiopathic Arthritis (SJIA),TERMINATED,Phase 3,2009-07,2011-01,84,Novartis Pharmaceuticals,INDUSTRY,Failure,rheumatoid arthritis,2026-05-24T07:38:59.147040+00:00
NCT05269069,"Impact of Rheumatoid Arthritis on Body Composition, Bone Marrow Adiposity and Bone Mineral Density: a Case-control Study",TERMINATED,,2022-08-17,2024-04-02,52,"University Hospital, Lille",OTHER,Failure,rheumatoid arthritis,2026-05-24T07:38:59.147040+00:00
NCT05486715,Vitamin d Level and it's Association With Disease Activity in Egyptian Rheumatoid Arthritis Patients,UNKNOWN,,2022-09-01,2023-03-01,130,Mariam Samir Farg,OTHER,Unknown,rheumatoid arthritis,2026-05-24T07:38:59.147040+00:00
NCT03156023,Multiple Ascending Doses of Rozibafusp Alfa (AMG 570) in Adults With Rheumatoid Arthritis,COMPLETED,Phase 1,2017-08-14,2020-06-12,34,Amgen,INDUSTRY,Success,rheumatoid arthritis,2026-05-24T07:38:59.147040+00:00
NCT02341066,Endothelial Dysfunction Evaluation for Coronary Heart Disease Risk Estimation in Rheumatoid Arthritis (EDRA Study),UNKNOWN,,2015-07,2019-03,3000,Azienda Ospedaliero Universitaria di Sassari,OTHER,Unknown,rheumatoid arthritis,2026-05-24T07:38:59.147040+00:00
NCT06005220,"SBD121, a Synbiotic Medical Food for RA Management",COMPLETED,NA,2023-09-30,2025-10-06,143,"Solarea Bio, Inc",INDUSTRY,Success,rheumatoid arthritis,2026-05-24T07:38:59.147040+00:00
NCT02760368,"Evaluation of the Effectiveness and Safety of Two Dosing Regimens of Olokizumab (OKZ), Compared to Placebo, in Subjects With Rheumatoid Arthritis (RA) Who Are Taking Methotrexate But Have Active Disease",COMPLETED,Phase 3,2016-05-19,2018-10,428,"R-Pharm International, LLC",INDUSTRY,Success,rheumatoid arthritis,2026-05-24T07:38:59.147040+00:00
NCT00036387,A Study of the Safety and Effectiveness of Infliximab (Remicade) in Patients With Rheumatoid Arthritis.,COMPLETED,Phase 3,,2003-11,347,"Centocor, Inc.",INDUSTRY,Success,rheumatoid arthritis,2026-05-24T07:38:59.147040+00:00
NCT07336693,Bone Density Change in Postmenopausal Rheumatoid Arthritis,COMPLETED,,2025-06-01,2025-12-01,82,Istanbul University - Cerrahpasa,OTHER,Success,rheumatoid arthritis,2026-05-24T07:38:59.147040+00:00
NCT05069714,One or Two Week Methotrexate Discontinuation on Efficacy of Influenza Vaccination in Rheumatoid Arthritis.,COMPLETED,Phase 3,2021-10-01,2022-09-30,184,Seoul National University Hospital,OTHER,Success,rheumatoid arthritis,2026-05-24T07:38:59.147040+00:00
NCT05253976,"PMCF Study on the Safety, Performance and Clinical Benefits Data of the NexGen TM Augmentation Patella",WITHDRAWN,,2022-09,2034-12-31,0,Zimmer Biomet,INDUSTRY,Failure,rheumatoid arthritis,2026-05-24T07:38:59.147040+00:00
NCT05000216,COVID-19 Booster Vaccine in Autoimmune Disease Non-Responders,TERMINATED,Phase 2,2021-08-13,2024-03-28,258,National Institute of Allergy and Infectious Diseases (NIAID),NIH,Failure,rheumatoid arthritis,2026-05-24T07:38:59.147040+00:00
NCT07085676,Phase 1 Study of HBI0101 CAR-T in Refractory B-Cell Autoimmune Diseases,RECRUITING,Phase 1,2024-09-01,2030-11-01,120,Polina Stepensky,OTHER,Ongoing,rheumatoid arthritis,2026-05-24T07:38:59.147040+00:00
NCT00000416,Prevention of Arthritis-Related Work Disability,COMPLETED,NA,1997-09,2001-08,242,Boston University Charles River Campus,OTHER,Success,rheumatoid arthritis,2026-05-24T07:38:59.147040+00:00
NCT05598684,SAPHIR : Assessment of Predictive Factors for Persistence of Treatment After Initiation of Adalimumab With a Biosimilar (Adalimumab Fresenius KaBI or Substitution of Reference Adalimumab With the Fresenius Kabi Adalimumab Biosimilar in Patients With Chronic Inflammatory Diseases,UNKNOWN,,2022-11-24,2025-12-30,600,"Fresenius Kabi, France",INDUSTRY,Unknown,rheumatoid arthritis,2026-05-24T07:38:59.147040+00:00
NCT02187055,An Efficacy And Safety Study Evaluating Tofacitinib With And Without Methotrexate Compared To Adalimumab With Methotrexate,COMPLETED,Phase 4,2014-08,2016-12,1152,Pfizer,INDUSTRY,Success,rheumatoid arthritis,2026-05-24T07:38:59.147040+00:00
NCT02011776,"A Randomized, Parallel-Group Comparison Study of Topical Corticosteroids in Dry Eye Patients With Sjögren Syndrome",COMPLETED,,2013-03,2013-11,35,"Santen Pharmaceutical(China) Co.,LTD",INDUSTRY,Success,rheumatoid arthritis,2026-05-24T07:38:59.147040+00:00
NCT03678363,Tai Chi in Rheumatoid Arthritis (TaiChiRA),UNKNOWN,NA,2019-01-31,2020-06-30,30,"University Hospital, Clermont-Ferrand",OTHER,Unknown,rheumatoid arthritis,2026-05-24T07:38:59.147040+00:00
NCT02123147,Examining the Immunological Process of Autoimmune Patients,WITHDRAWN,,2014-07,2016-08,0,University of Florida,OTHER,Failure,rheumatoid arthritis,2026-05-24T07:38:59.147040+00:00
NCT00658047,A Study to Assess CH1504 in Patients With Active Rheumatoid Arthritis,COMPLETED,Phase 2,2008-04,2009-06,201,Chelsea Therapeutics,INDUSTRY,Success,rheumatoid arthritis,2026-05-24T07:38:59.147040+00:00
NCT01142726,Efficacy and Safety Study of Abatacept Subcutaneous Plus Methotrexate in Inducing Remission in Adults With Very Early Rheumatoid Arthritis,COMPLETED,Phase 3,2010-12,2014-10,511,Bristol-Myers Squibb,INDUSTRY,Success,rheumatoid arthritis,2026-05-24T07:38:59.147040+00:00
NCT05051943,A Study of the Real-world Use of an Adalimumab Biosimilar and Evaluation of Nutritional Status on the Therapeutic Response,COMPLETED,,2020-09-29,2023-01-20,754,Fresenius Kabi,INDUSTRY,Success,rheumatoid arthritis,2026-05-24T07:38:59.147040+00:00
NCT07357649,Baricitinib Effects on Procoagulant State in Rheumatoid Arthritis,NOT_YET_RECRUITING,Phase 4,2026-01,2026-12,100,Tanta University,OTHER,Ongoing,rheumatoid arthritis,2026-05-24T07:38:59.147040+00:00
NCT00393471,Study Comparing Etanercept Plus Methotrexate to Either Etanercept or Methotrexate Alone in Rheumatoid Arthritis.,COMPLETED,Phase 3,2000-10,2001-10,615,Wyeth is now a wholly owned subsidiary of Pfizer,INDUSTRY,Success,rheumatoid arthritis,2026-05-24T07:38:59.147040+00:00
NCT01292616,Effect of TNF-Inhibition Combined With Conventional DMARDs on Cervical Pannus in Patients With RA and Cervical Spine Involvement,UNKNOWN,,2011-10,2012-10,15,University of Zurich,OTHER,Unknown,rheumatoid arthritis,2026-05-24T07:38:59.147040+00:00
NCT03306784,Pain Catastrophizing and Routine Assessment of Patient Index Data 3(RAPID3) in Ten Categories of Rheumatology Outpatients,COMPLETED,,2017-07-03,2018-01-31,572,Nantes University Hospital,OTHER,Success,rheumatoid arthritis,2026-05-24T07:38:59.147040+00:00
NCT06492200,Impact of a High-fiber Diet on the Microbiome and Disease Activity in Patients With Rheumatoid Arthritis,RECRUITING,NA,2024-06-01,2026-12-30,52,Wuerzburg University Hospital,OTHER,Ongoing,rheumatoid arthritis,2026-05-24T07:38:59.147040+00:00
NCT00241982,Long-Circulating Liposomal Prednisolone Versus Pulse Intramuscular Methylprednisolone in Patients With Active Rheumatoid Arthritis,COMPLETED,Phase 2,2005-10,2008-05,22,Radboud University Medical Center,OTHER,Success,rheumatoid arthritis,2026-05-24T07:38:59.147040+00:00
NCT02386527,Consortium of Early Arthritis Cohorts USA,TERMINATED,,2014-12-01,2024-04,119,"Hospital for Special Surgery, New York",OTHER,Failure,rheumatoid arthritis,2026-05-24T07:38:59.147040+00:00
NCT01390441,A Study of the Pharmacokinetics and Safety of MK-8808 (MK-8808-002),TERMINATED,Phase 1,2011-07,2014-04,100,Merck Sharp & Dohme LLC,INDUSTRY,Failure,rheumatoid arthritis,2026-05-24T07:38:59.147040+00:00
NCT02481180,"Tolerance, Pharmacokinetics and Preliminary Efficacy of T0001 in RA (Rheumatoid Arthritis)",TERMINATED,Phase 1,2015-07-31,2017-11-06,36,"Shanghai Fudan-Zhangjiang Bio-Pharmaceutical Co., Ltd.",INDUSTRY,Failure,rheumatoid arthritis,2026-05-24T07:38:59.147040+00:00
NCT07281456,"Safety of Tofacitinib, an Oral Janus Kinase Inhibitor, in Primary Sjogren Disease",RECRUITING,Phase 2,2025-12-18,2030-12-15,60,National Institute of Dental and Craniofacial Research (NIDCR),NIH,Ongoing,rheumatoid arthritis,2026-05-24T07:38:59.147040+00:00
NCT01185522,An Observational Study of the Impact of RoActemra/Actemra on Fatigue in Patients With Rheumatoid Arthritis (PEPS),COMPLETED,,2010-01,2011-05,719,Hoffmann-La Roche,INDUSTRY,Success,rheumatoid arthritis,2026-05-24T07:38:59.147040+00:00
NCT05869370,The Effects Of Low Intensity Training With Blood Flow Restriction In Rheumatoid Arthritis Patients,UNKNOWN,NA,2018-05-20,2025-12,28,Federal University of Rio Grande do Sul,OTHER,Unknown,rheumatoid arthritis,2026-05-24T07:38:59.147040+00:00
NCT00049751,Study of Human Anti-TNF Monoclonal Antibody D2E7 in Subjects With Active Rheumatoid Arthritis,COMPLETED,Phase 3,2002-09,,3000,Abbott,INDUSTRY,Success,rheumatoid arthritis,2026-05-24T07:38:59.147040+00:00
NCT05957770,"Assessment of Anxiety, Depression, Sleep Quality and Quality of Life in Rheumatoid Arthritis Patients",COMPLETED,,2023-02-01,2023-10-30,60,Assiut University,OTHER,Success,rheumatoid arthritis,2026-05-24T07:38:59.147040+00:00
NCT04999683,Effect of Anti-inflammatory (ITIS) Diet in Rheumatoid Arthritis,COMPLETED,NA,2018-09-01,2022-09-01,26,"University of California, San Diego",OTHER,Success,rheumatoid arthritis,2026-05-24T07:38:59.147040+00:00
NCT01126541,SMART Study: A Study of Re-treatment With MabThera (Rituximab) in Patients With Rheumatoid Arthritis Who Have Failed on Anti-TNF Alfa Therapy,COMPLETED,Phase 3,2006-09,2011-11,224,Hoffmann-La Roche,INDUSTRY,Success,rheumatoid arthritis,2026-05-24T07:38:59.147040+00:00
NCT00412256,Omegaven in Patients With Rheumatoid Arthritis (ORA-Trial),COMPLETED,Phase 3,2004-09,2006-11,60,Humanis Klinikum Niederosterreich,OTHER,Success,rheumatoid arthritis,2026-05-24T07:38:59.147040+00:00
NCT03937856,Smartphone Mindfulness Meditation for Patients With Rheumatic Diseases,TERMINATED,NA,2019-05-07,2021-04-22,49,Johns Hopkins University,OTHER,Failure,rheumatoid arthritis,2026-05-24T07:38:59.147040+00:00
NCT00555230,Effects of HMG-coA Reductase Inhibitor on Rheumatoid Arthritis,COMPLETED,Phase 2,2007-07,2009-12,150,Chinese University of Hong Kong,OTHER,Success,rheumatoid arthritis,2026-05-24T07:38:59.147040+00:00
NCT06013436,AST Combined With 0.05% Cyclosporin Eye Drop Improve Corneal Nerve Density in Patients With SS Dry Eye,COMPLETED,,2022-06-01,2023-06-01,30,Chengdu University of Traditional Chinese Medicine,OTHER,Success,rheumatoid arthritis,2026-05-24T07:38:59.147040+00:00
NCT01759030,Study of Safety and Efficacy of BCD-020 Comparing to MabThera in Patients With Rheumatoid Arthritis,COMPLETED,Phase 3,2012-12,2015-07,181,Biocad,INDUSTRY,Success,rheumatoid arthritis,2026-05-24T07:38:59.147040+00:00
NCT02822521,A Novel Mobile App & Population Management System to Manage Rheumatoid Arthritis Flares,COMPLETED,NA,2016-11,2025-09,190,Brigham and Women's Hospital,OTHER,Success,rheumatoid arthritis,2026-05-24T07:38:59.147040+00:00
NCT04262505,A MEDiterranean Diet in Rheumatoid Arthritis,COMPLETED,NA,2020-02-06,2021-10-06,44,University of Limerick,OTHER,Success,rheumatoid arthritis,2026-05-24T07:38:59.147040+00:00
NCT02553005,"Evaluation of the Effect of Acupuncture on Hand Pain, Functional Deficits and Health Related Quality of Life in Patients With Rheumatoid Arthritis",UNKNOWN,EARLY_PHASE1,2015-05,2017-06,90,University of Coimbra,OTHER,Unknown,rheumatoid arthritis,2026-05-24T07:38:59.147040+00:00
NCT03926195,"Study to Evaluate the Effect of Filgotinib on Semen Parameters in Adult Males With Active Rheumatoid Arthritis, Psoriatic Arthritis, Ankylosing Spondylitis, or Non-radiographic Axial Spondyloarthritis",COMPLETED,Phase 2,2019-05-28,2023-05-10,109,Lakefront Biotherapeutics NV,INDUSTRY,Success,rheumatoid arthritis,2026-05-24T07:38:59.147040+00:00
NCT00844714,Cardiovascular Risk Markers in Patients With Rheumatoid Arthritis: Effect of Rituximab Therapy,COMPLETED,NA,2009-11,2014-12,20,"University of California, San Francisco",OTHER,Success,rheumatoid arthritis,2026-05-24T07:38:59.147040+00:00
NCT02127619,Total Knee Replacement With the ROCC Knee,COMPLETED,NA,2001-01,2014-03,500,"Bercovy, Michel, M.D.",INDIV,Success,rheumatoid arthritis,2026-05-24T07:38:59.147040+00:00
NCT03535519,Rheumatoid Arthritis Response to Methotrexate,UNKNOWN,,2018-08-07,2020-08-31,50,Juan Carlos Nieto,OTHER,Unknown,rheumatoid arthritis,2026-05-24T07:38:59.147040+00:00
NCT01643928,Rheumatoid Arthritis Extension Trial For Subjects Who Have Participated In Other PF-05280586 Trials (REFLECTIONS B328-04),COMPLETED,NA,2012-08-16,2016-03-14,185,Pfizer,INDUSTRY,Success,rheumatoid arthritis,2026-05-24T07:38:59.147040+00:00
NCT00603993,Self-injection of Adalimumab in Adult Japanese Subjects With Rheumatoid Arthritis,COMPLETED,Phase 3,2006-03,,88,Abbott,INDUSTRY,Success,rheumatoid arthritis,2026-05-24T07:38:59.147040+00:00
NCT01088321,Safety Study of Abatacept to Treat Rheumatoid Arthritis (A),COMPLETED,,2005-03,2016-11,81332,Bristol-Myers Squibb,INDUSTRY,Success,rheumatoid arthritis,2026-05-24T07:38:59.147040+00:00
NCT07162311,Effect of Home-Based Transcranial Direct Current Stimulation on Pain in Patients With Rheumatoid Arthritis With Low Inflammatory Activity,ENROLLING_BY_INVITATION,NA,2024-01-01,2028-12-22,34,Federal University of Rio Grande do Sul,OTHER,Ongoing,rheumatoid arthritis,2026-05-24T07:38:59.147040+00:00
NCT02808871,Phase ll Study of Pirfenidone in Patients With RAILD (TRAIL1),COMPLETED,Phase 2,2017-04-07,2021-04-07,123,Brigham and Women's Hospital,OTHER,Success,rheumatoid arthritis,2026-05-24T07:38:59.147040+00:00
NCT00234936,Quality of Life Study With Adalimumab in Rheumatoid Arthritis,COMPLETED,Phase 3,2003-12,,200,Abbott,INDUSTRY,Success,rheumatoid arthritis,2026-05-24T07:38:59.147040+00:00
NCT00078793,Registry of Etanercept (Enbrel®) In Children With Juvenile Rheumatoid Arthritis,COMPLETED,,2000-06,2008-01,600,Amgen,INDUSTRY,Success,rheumatoid arthritis,2026-05-24T07:38:59.147040+00:00
NCT01764321,Noninterventional Examination of Subcutaneous (sc) Tumor Necrosis Factor (TNF) Inhibitors,COMPLETED,,2012-12,2020-06-16,1723,UCB Pharma SA,INDUSTRY,Success,rheumatoid arthritis,2026-05-24T07:38:59.147040+00:00
NCT04870203,Combination of Baricitinib and Anti-TNF in Rheumatoid Arthritis,ACTIVE_NOT_RECRUITING,Phase 3,2021-07-15,2027-03,160,"University Hospital, Bordeaux",OTHER,Success,rheumatoid arthritis,2026-05-24T07:38:59.147040+00:00
NCT02744196,"Clinical Trial to Evaluate Efficacy and Safety of Acellbia® (JSC ""BIOCAD"") With Methotrexate in First Line Biological Therapy of Patients With Active Rheumatoid Arthritis",COMPLETED,Phase 3,2015-01,2017-08,159,Biocad,INDUSTRY,Success,rheumatoid arthritis,2026-05-24T07:38:59.147040+00:00
NCT07442773,Intervention to Support Partners and Informal Caregivers of Frail RA-patients,RECRUITING,NA,2026-03-15,2027-12-01,25,"Glostrup University Hospital, Copenhagen",OTHER,Ongoing,rheumatoid arthritis,2026-05-24T07:38:59.147040+00:00
NCT03667131,Enalapril Maleate on Arterial Stiffness in Rheumatoid Arthritis.,COMPLETED,Phase 2,2017-02-13,2018-02-19,59,University of Guadalajara,OTHER,Success,rheumatoid arthritis,2026-05-24T07:38:59.147040+00:00
NCT05944302,EMDR on Pain in Patients With in Patients Rheumatoid Arthritis,COMPLETED,NA,2023-07-13,2024-07-18,64,Mersin University,OTHER,Success,rheumatoid arthritis,2026-05-24T07:38:59.147040+00:00
NCT01543594,Italian Registry of Arthritis on Biologic Therapy,UNKNOWN,,2009-01,2025-12,10000,Gruppo Italiano Studio Early Arthritis,NETWORK,Unknown,rheumatoid arthritis,2026-05-24T07:38:59.147040+00:00
NCT00554853,"PPAR-gamma Agonists, Rheumatoid Arthritis and Cardiovascular Disease",COMPLETED,Phase 3,2007-11,2013-01,143,University of Michigan,OTHER,Success,rheumatoid arthritis,2026-05-24T07:38:59.147040+00:00
NCT03606876,Comparative Study to Evaluate the Pharmacokinetics of BAT1806 vs Actemra® in Healthy Subjects,COMPLETED,Phase 1,2018-06-13,2019-07-17,138,Bio-Thera Solutions,INDUSTRY,Success,rheumatoid arthritis,2026-05-24T07:38:59.147040+00:00
NCT02936180,Standard Versus High Dose Inactivated Influenza Vaccine in RA,COMPLETED,Phase 4,2016-10,2018-12,279,McGill University Health Centre/Research Institute of the McGill University Health Centre,OTHER,Success,rheumatoid arthritis,2026-05-24T07:38:59.147040+00:00
NCT04751396,Testing of an Educational Tool for Patients With Melanoma and Pre-Existing Autoimmune Disease Who Are Candidates for Immune Checkpoint Inhibitors,RECRUITING,,2022-04-20,2027-02-02,125,M.D. Anderson Cancer Center,OTHER,Ongoing,rheumatoid arthritis,2026-05-24T07:38:59.147040+00:00
NCT01360970,Hepatitis A Vaccine in Patients With Immunomodulating Drugs,COMPLETED,Phase 2,2009-09,2011-05,68,Lars Rombo,OTHER,Success,rheumatoid arthritis,2026-05-24T07:38:59.147040+00:00
NCT05926622,Clinical and Radiological Outcomes of Medacta Shoulder System FR,RECRUITING,,2022-03-15,2037-03,200,Medacta International SA,INDUSTRY,Ongoing,rheumatoid arthritis,2026-05-24T07:38:59.147040+00:00
NCT03124225,Ultrasound Utility in Routine Clinical Practise,COMPLETED,,2011-06,2013-06,258,Barts & The London NHS Trust,OTHER,Success,rheumatoid arthritis,2026-05-24T07:38:59.147040+00:00
NCT02565810,An Multicentre Clinical Study to Evaluate the Usability and Safety of the Pre-filled Pen and Pre-filled Syringe of SB5 in Subjects With Rheumatoid Arthritis,COMPLETED,Phase 2,2015-09,2016-03,49,"Samsung Bioepis Co., Ltd.",INDUSTRY,Success,rheumatoid arthritis,2026-05-24T07:38:59.147040+00:00
NCT01236118,A Study of LY2439821 in Rheumatoid Arthritis,COMPLETED,Phase 1,2010-12,2013-01,28,Eli Lilly and Company,INDUSTRY,Success,rheumatoid arthritis,2026-05-24T07:38:59.147040+00:00
NCT03896594,A Multiple Dose of HL237 in Healthy Male Subject,UNKNOWN,Phase 1,2018-12-24,2019-09-30,36,"Hanlim Pharm. Co., Ltd.",INDUSTRY,Unknown,rheumatoid arthritis,2026-05-24T07:38:59.147040+00:00
NCT04457856,A Study of TJ003234 in Rheumatoid Arthritis Patients,UNKNOWN,Phase 1,2020-08-06,2023-03,63,I-Mab Biopharma US Limited,INDUSTRY,Unknown,rheumatoid arthritis,2026-05-24T07:38:59.147040+00:00
NCT00242853,A Study To Investigate Markers Of Inflammation In Rheumatoid Arthritis,COMPLETED,,2004-10,,48,GlaxoSmithKline,INDUSTRY,Success,rheumatoid arthritis,2026-05-24T07:38:59.147040+00:00
NCT00264537,A Study of the Safety and Efficacy of Golimumab in Subjects With Rheumatoid Arthritis That Are Methotrexate-naive,COMPLETED,Phase 3,2005-12,2012-06,637,"Centocor, Inc.",INDUSTRY,Success,rheumatoid arthritis,2026-05-24T07:38:59.147040+00:00
NCT06741969,Nipocalimab in Moderate to Severe Sjogren's Disease,ACTIVE_NOT_RECRUITING,Phase 3,2024-12-04,2029-05-18,655,"Janssen Research & Development, LLC",INDUSTRY,Success,rheumatoid arthritis,2026-05-24T07:38:59.147040+00:00
NCT00513591,Duke Autoimmunity in Pregnancy Registry,COMPLETED,,2007-08,2018-11-19,513,Duke University,OTHER,Success,rheumatoid arthritis,2026-05-24T07:38:59.147040+00:00
NCT03780959,Safety and Efficacy of Etanercept (Recombinant Human Tumor Necrosis Factor Receptor Fusion Protein [TNFR:Fc]) in Children With Juvenile Rheumatoid Arthritis (JRA),COMPLETED,Phase 2; Phase 3,1997-05-01,1998-07-08,69,Amgen,INDUSTRY,Success,rheumatoid arthritis,2026-05-24T07:38:59.147040+00:00
NCT01009879,Human Tumor Necrosis Factor Alpha (TNFa)-Induced Pre-B Cell Bone Marrow Emigrants,WITHDRAWN,Phase 4,2009-11,2012-02,0,University of Pittsburgh,OTHER,Failure,rheumatoid arthritis,2026-05-24T07:38:59.147040+00:00
NCT07284797,A Phase 1 Open-label Study to Evaluate Safety in Healthy Participants and Participants With Autoimmune Diseases,RECRUITING,Phase 1,2026-02-24,2028-10,60,"Xencor, Inc.",INDUSTRY,Ongoing,rheumatoid arthritis,2026-05-24T07:38:59.147040+00:00
NCT05717179,Ultrasound to Guide Treatment Decisions in Patients With Rheumatoid Arthritis According to a T2T Approach,RECRUITING,NA,2023-02-22,2029-02,158,Italian Society for Rheumatology,OTHER,Ongoing,rheumatoid arthritis,2026-05-24T07:38:59.147040+00:00
NCT01215942,An Open Label Study for Participants With Rheumatoid Arthritis,TERMINATED,Phase 3,2011-06,2014-02,1086,Eli Lilly and Company,INDUSTRY,Failure,rheumatoid arthritis,2026-05-24T07:38:59.147040+00:00
NCT04177173,Methotrexate and Statins With Methotrexate Alone in the Treatment of Rheumatoid Arthritis,COMPLETED,Phase 4,2017-09-01,2018-12-14,100,King Edward Medical University,OTHER,Success,rheumatoid arthritis,2026-05-24T07:38:59.147040+00:00
NCT03995615,ESTIMATION OF GINGIVAL CREVICULAR LEVEL OF YKL40,UNKNOWN,NA,2020-01,2021-10,45,Krishnadevaraya College of Dental Sciences & Hospital,OTHER,Unknown,rheumatoid arthritis,2026-05-24T07:38:59.147040+00:00
NCT02277574,"Assess Safety, Tolerability, Pharmacokinetics and Clinical Activity of AMP-110 in Subjects With Rheumatoid Arthritis",COMPLETED,Phase 1,2014-06,2015-07,29,MedImmune LLC,INDUSTRY,Success,rheumatoid arthritis,2026-05-24T07:38:59.147040+00:00
NCT02441920,Chronic Periodontitis and Tooth Loss in Patients With Rheumatoid Arthritis,TERMINATED,,2010-11,2012-11,400,University of Birmingham,OTHER,Failure,rheumatoid arthritis,2026-05-24T07:38:59.147040+00:00
NCT02311855,Duration of Immune Response to Influenza Vaccination in Patients With RA,COMPLETED,Phase 4,2014-08,2016-02,87,Bassett Healthcare,OTHER,Success,rheumatoid arthritis,2026-05-24T07:38:59.147040+00:00
NCT00781989,Ultrasonography as a Biomarker in Early Rheumatoid Arthritis,COMPLETED,,2008-09,2011-04,101,Imperial College London,OTHER,Success,rheumatoid arthritis,2026-05-24T07:38:59.147040+00:00
NCT01542580,"A Prospective, Clinical Investigation of the Vanguard 360 Revision Knee",ACTIVE_NOT_RECRUITING,,2012-03,2031-12,255,Zimmer Biomet,INDUSTRY,Success,rheumatoid arthritis,2026-05-24T07:38:59.147040+00:00
NCT03895879,Use of Tocilizumab Drug Levels to Optimize Treatment in RA,UNKNOWN,Phase 4,2020-03-01,2024-12,98,Reade Rheumatology Research Institute,OTHER,Unknown,rheumatoid arthritis,2026-05-24T07:38:59.147040+00:00
NCT06297213,R-2487 in Patients With Sjogren's Syndrome (SS),NOT_YET_RECRUITING,Phase 1,2026-06-01,2028-08-30,36,Rise Therapeutics LLC,INDUSTRY,Ongoing,rheumatoid arthritis,2026-05-24T07:38:59.147040+00:00
NCT05576597,Effect of Butyrate Supplement on Rheumatoid Arthritis,COMPLETED,Phase 2,2022-08-23,2024-06-15,30,Peking University People's Hospital,OTHER,Success,rheumatoid arthritis,2026-05-24T07:38:59.147040+00:00
NCT00259610,Treatment of Early Aggressive Rheumatoid Arthritis (TEAR),COMPLETED,Phase 4,2004-05,2009-06,755,University of Alabama at Birmingham,OTHER,Success,rheumatoid arthritis,2026-05-24T07:38:59.147040+00:00
NCT04084223,JAKPOT (JAK Inhibitors and Predictors of Outcome in RheumaToid Arthritis),TERMINATED,NA,2019-10-10,2024-09-24,51,"University Hospital, Montpellier",OTHER,Failure,rheumatoid arthritis,2026-05-24T07:38:59.147040+00:00
NCT02941055,ADIRA (Anti-inflammatory Diet In Rheumatoid Arthritis),COMPLETED,NA,2017-02-01,2018-05-09,56,Göteborg University,OTHER,Success,rheumatoid arthritis,2026-05-24T07:38:59.147040+00:00
NCT04515589,Central Aspects of Pain in Rheumatoid Arthritis,COMPLETED,,2021-08-11,2023-09-30,95,University of Nottingham,OTHER,Success,rheumatoid arthritis,2026-05-24T07:38:59.147040+00:00
NCT04130178,Nerve Block of the Proximal Interphalangeal Joints PIPs in Rheumatoid Arthritis (RA) Patients: a Prospective Pilot Study,COMPLETED,NA,2019-10-15,2020-01-25,48,Sohag University,OTHER,Success,rheumatoid arthritis,2026-05-24T07:38:59.147040+00:00
NCT05114343,Effectiveness and Feasibility of a Home-based Exercise Program for Adolescents With Juvenile Idiopathic Arthritis,UNKNOWN,NA,2021-12,2024-04,30,University of Sao Paulo General Hospital,OTHER,Unknown,rheumatoid arthritis,2026-05-24T07:38:59.147040+00:00
NCT01683604,Observational Study of Tocilizumab in Participants With Rheumatoid Arthritis in Australia,COMPLETED,,2012-07,2014-06,37,Hoffmann-La Roche,INDUSTRY,Success,rheumatoid arthritis,2026-05-24T07:38:59.147040+00:00
NCT06716008,Manual Diaphragmatic Release on Ventilatory Functions in Women With Rheumatoid Arthritis,NOT_YET_RECRUITING,NA,2024-12-03,2025-04-01,60,Middle East University,OTHER,Ongoing,rheumatoid arthritis,2026-05-24T07:38:59.147040+00:00
NCT04754087,G7 Acetabular System With Vivacit-E or Longevity Liner PMCF Study,RECRUITING,NA,2021-07-07,2033-12-31,300,Zimmer Biomet,INDUSTRY,Ongoing,rheumatoid arthritis,2026-05-24T07:38:59.147040+00:00
NCT01162421,A Canadian Study to Evaluate Early Use of Adalimumab After Methotrexate Failure in Early Rheumatoid Arthritis,COMPLETED,Phase 4,2010-09,2015-07,77,"AbbVie (prior sponsor, Abbott)",INDUSTRY,Success,rheumatoid arthritis,2026-05-24T07:38:59.147040+00:00
NCT03186417,Mesenchymal Stem Cells in Early Rheumatoid Arthritis,TERMINATED,Phase 1,2017-12-15,2023-05-31,10,MetroHealth Medical Center,OTHER,Failure,rheumatoid arthritis,2026-05-24T07:38:59.147040+00:00
NCT03941184,Spontaneous Coronary Artery Dissection (SCAD) and Autoimmunity,COMPLETED,,1995-01-01,2020-11-10,114,Mayo Clinic,OTHER,Success,rheumatoid arthritis,2026-05-24T07:38:59.147040+00:00
NCT02221258,Safety of FURESTEM-RA Inj. in Patients With Moderate to Severe Rheumatoid Arthritis(RA),COMPLETED,Phase 1,2014-10,2015-10,9,"Kang Stem Biotech Co., Ltd.",INDUSTRY,Success,rheumatoid arthritis,2026-05-24T07:38:59.147040+00:00
NCT06277635,Effect of Silymarin Against Methotrexate-induced Liver Injury in Rheumatic Diseases,UNKNOWN,NA,2024-02-01,2025-04,72,Phramongkutklao College of Medicine and Hospital,OTHER,Unknown,rheumatoid arthritis,2026-05-24T07:38:59.147040+00:00
NCT01476956,Assess Structural Damage in Rheumatoid Arthritis Using Biomarkers and Radiography,COMPLETED,,2011-10,2019-12-31,571,CARE ARTHRITIS LTD.,INDUSTRY,Success,rheumatoid arthritis,2026-05-24T07:38:59.147040+00:00
NCT00250445,A Study to Evaluate the Safety of an Investigational Drug (Etoricoxib) in Patients With Osteoarthritis (OA) or Rheumatoid Arthritis (RA)(0663-066),COMPLETED,Phase 3,2003-01,2006-05,23498,Organon and Co,INDUSTRY,Success,rheumatoid arthritis,2026-05-24T07:38:59.147040+00:00
NCT06548607,Clinical Study on Targeted CD19 or CD19-BCMA CAR-T Therapy for Autoimmune Diseases,RECRUITING,EARLY_PHASE1,2024-09-14,2027-12-31,20,"Nanjing Bioheng Biotech Co., Ltd.",INDUSTRY,Ongoing,rheumatoid arthritis,2026-05-24T07:38:59.147040+00:00
NCT02679001,A Comparative Study to Observe the Effect of Concomitant Use of Corticosteroid Treatment in Rheumatoid Arthritis (RA) Participants Who Are Treated With a Tumor Necrosis Factor (TNF) Inhibitor or Tocilizumab (TCZ) as Their Second Biological Treatment.,COMPLETED,,2016-03-24,2017-12-07,200,Hoffmann-La Roche,INDUSTRY,Success,rheumatoid arthritis,2026-05-24T07:38:59.147040+00:00
NCT02639936,New Generation IGRA in Immunocompromised Individuals,COMPLETED,,2015-12,2023-12,2663,Tuberculosis Network European Trialsgroup,NETWORK,Success,rheumatoid arthritis,2026-05-24T07:38:59.147040+00:00
NCT03736044,Reconstitution of CD4+CD25highCD127low/-Tcell,COMPLETED,NA,2013-11-25,2017-03-13,48,University Hospital of Ferrara,OTHER,Success,rheumatoid arthritis,2026-05-24T07:38:59.147040+00:00
NCT06392711,Dose-Escalation Trial of Mesenchymal Stromal Cells in Patients With Medical Xerostomia,RECRUITING,Phase 1,2024-10-04,2028-11,36,"University of Wisconsin, Madison",OTHER,Ongoing,rheumatoid arthritis,2026-05-24T07:38:59.147040+00:00
NCT01179971,n-3 and n-6 Fatty Acids in Rheumatoid Arthritis,COMPLETED,Phase 2,2008-12,2010-01,60,"Charite University, Berlin, Germany",OTHER,Success,rheumatoid arthritis,2026-05-24T07:38:59.147040+00:00
NCT01970475,Efficacy and Safety Study of ABP 501 Compared to Adalimumab in Subjects With Moderate to Severe Rheumatoid Arthritis,COMPLETED,Phase 3,2013-10,2014-11,526,Amgen,INDUSTRY,Success,rheumatoid arthritis,2026-05-24T07:38:59.147040+00:00
NCT01194401,An Observational Study on Long-Term Effectiveness and Safety of RoActemra/Actemra (Tocilizumab) in Daily Practice in Patients With Rheumatoid Arthritis (ICHIBAN),UNKNOWN,,,,3404,Hoffmann-La Roche,INDUSTRY,Unknown,rheumatoid arthritis,2026-05-24T07:38:59.147040+00:00
NCT02598466,Patient-Reported Efficacy of Subcutaneous (SC) Abatacept in Rheumatoid Arthritis (RA) - South Africa,COMPLETED,,2015-07,2016-01,69,Bristol-Myers Squibb,INDUSTRY,Success,rheumatoid arthritis,2026-05-24T07:38:59.147040+00:00
NCT06667856,Foot Core Exercise Training With Telerehabilitation,SUSPENDED,NA,2026-09-24,2027-07-24,18,Pamukkale University,OTHER,Failure,rheumatoid arthritis,2026-05-24T07:38:59.147040+00:00
NCT01351805,"Vitamin D and Fish Oil for Autoimmune Disease, Inflammation and Knee Pain",COMPLETED,NA,2010-07,2025-02,25871,Brigham and Women's Hospital,OTHER,Success,rheumatoid arthritis,2026-05-24T07:38:59.147040+00:00
NCT00545454,Activity and Safety of Oral Administration of SSR150106XB for the Reduction of Inflammation in Patients With Active Rheumatoid Arthritis,COMPLETED,Phase 2,2007-10,2008-06,79,Sanofi,INDUSTRY,Success,rheumatoid arthritis,2026-05-24T07:38:59.147040+00:00
NCT05725577,Rheum@Home: RA Remote Patient Monitoring,WITHDRAWN,NA,2023-06-01,2023-06-01,0,Medisch Spectrum Twente,OTHER,Failure,rheumatoid arthritis,2026-05-24T07:38:59.147040+00:00
NCT06800157,Study of LW402 Tablets in Moderate to Severe Rheumatoid Arthritis,COMPLETED,Phase 2,2023-02-27,2024-08-30,72,"Shanghai Longwood Biopharmaceuticals Co., Ltd.",INDUSTRY,Success,rheumatoid arthritis,2026-05-24T07:38:59.147040+00:00
NCT05427942,"Yuflyma® (Adalimumab), Patient Experience After Switching",UNKNOWN,,2022-06-03,2023-03-01,300,Celltrion HealthCare France,INDUSTRY,Unknown,rheumatoid arthritis,2026-05-24T07:38:59.147040+00:00
NCT00867256,Cormet Large Diameter Metal on Metal (LDMOM) Total Hip System (G030265),TERMINATED,NA,2004-03-31,2009-04-27,195,Corin,INDUSTRY,Failure,rheumatoid arthritis,2026-05-24T07:38:59.147040+00:00
NCT01616641,Orofacial Evaluation in Women With Rheumatoid Arthritis,COMPLETED,,2011-06,2012-06,150,Federal University of São Paulo,OTHER,Success,rheumatoid arthritis,2026-05-24T07:38:59.147040+00:00
NCT02636829,Validation of Self-administered Questionnaire for Assessing Calcium Intake in Patients With Multiple Sclerosis or Chronic Inflammatory Arthritis,COMPLETED,NA,2016-03,2016-08,100,Centre Hospitalier Universitaire de Nīmes,OTHER,Success,rheumatoid arthritis,2026-05-24T07:38:59.147040+00:00
NCT02514772,"GP2013 Treatment in Patients With Active Rheumatoid Arthritis, Previously Treated With Rituxan® or MabThera®",COMPLETED,Phase 3,2015-07,2016-10,107,Sandoz,INDUSTRY,Success,rheumatoid arthritis,2026-05-24T07:38:59.147040+00:00
NCT00895050,Study Evaluating Impact of the Use of a Computer-based Tool on the Clinical Management of RA Patients,COMPLETED,,2009-03,2011-01,321,Pfizer,INDUSTRY,Success,rheumatoid arthritis,2026-05-24T07:38:59.147040+00:00
NCT05447182,People-Powered Medicine (PPM): Rheumatoid Arthritis Non-responders to Biologic Therapies (RANT),COMPLETED,,2021-07-06,2023-10-31,300,Brigham and Women's Hospital,OTHER,Success,rheumatoid arthritis,2026-05-24T07:38:59.147040+00:00
NCT03540823,Evaluation of Influenza A/H3N2 Vaccine in Patients With Rheumatologic Diseases,COMPLETED,Phase 4,2018-04-23,2018-08-23,300,University of Sao Paulo General Hospital,OTHER,Success,rheumatoid arthritis,2026-05-24T07:38:59.147040+00:00
NCT06946641,"A Phase I Study of QLS12010 Capsules: Safety, Tolerability, PK, PD, and Food Effects in Healthy Adults and Moderate to Severe Atopic Dermatitis Patients",RECRUITING,Phase 1,2025-03-31,2026-04,102,Shanghai Qilu Pharmaceutical Research and Development Center LTD,INDUSTRY,Ongoing,rheumatoid arthritis,2026-05-24T07:38:59.147040+00:00
NCT04931160,B-dependant Rare AutoImmune diseaSES - Cohort of Patients With Suspected Diagnosis of Primitive Sjögren Syndrome,RECRUITING,NA,2020-02-10,2035-02-10,1000,"University Hospital, Brest",OTHER,Ongoing,rheumatoid arthritis,2026-05-24T07:38:59.147040+00:00
NCT07085780,"A Clinical Study to Assess the Safety and Effectiveness of Dharasana Lep in Patients With Mild to Moderate Muscular, Joint, or Rheumatic Pain",COMPLETED,NA,2025-07-28,2025-09-15,35,NovoBliss Research Pvt Ltd,OTHER,Success,rheumatoid arthritis,2026-05-24T07:38:59.147040+00:00
NCT01590459,"24-week Study With Open Label Extension of VX-509, an Oral JAK3 Inhibitor, in Subjects Taking Methotrexate",COMPLETED,Phase 2,2012-04,2014-07,359,Vertex Pharmaceuticals Incorporated,INDUSTRY,Success,rheumatoid arthritis,2026-05-24T07:38:59.147040+00:00
NCT01741688,An Observational Study of Tocilizumab (Actemra) in Participants With Moderate to Severe Rheumatoid Arthritis,COMPLETED,,2012-10-26,2014-03-06,16,Hoffmann-La Roche,INDUSTRY,Success,rheumatoid arthritis,2026-05-24T07:38:59.147040+00:00
NCT01437124,Metal Ions in Ceramic on Metal Total Hip Arthroplasty,COMPLETED,,2011-10,2012-05,83,Hussain Kazi,OTHER,Success,rheumatoid arthritis,2026-05-24T07:38:59.147040+00:00
NCT03280797,Feasibility of a Cytokine Expression Profile in Immune Cells as an Orientation Tool in Therapeutic Decisions for Auto-inflammatory and Auto-immune Diseases,COMPLETED,NA,2017-11-24,2022-01-12,44,Centre Hospitalier Universitaire de Nīmes,OTHER,Success,rheumatoid arthritis,2026-05-24T07:38:59.147040+00:00
NCT06572696,Ultrasonographic Evaluation of Asymptomatic Shoulder Joint Pathologies in Rheumatoid Arthritis Patients,RECRUITING,,2024-08-12,2024-09-02,60,Fatih Sultan Mehmet Training and Research Hospital,OTHER,Ongoing,rheumatoid arthritis,2026-05-24T07:38:59.147040+00:00
NCT06613490,An Exploratory Clinical Study of CD19 CAR NK Cells for the Treatment of Refractory Antisynthetase Antibody Syndrome and Rheumatoid Arthritis,RECRUITING,EARLY_PHASE1,2025-05-20,2026-10-20,24,The First Affiliated Hospital with Nanjing Medical University,OTHER,Ongoing,rheumatoid arthritis,2026-05-24T07:38:59.147040+00:00
NCT04793646,N-acetylcysteine for Primary Sjögren's Syndrome,COMPLETED,NA,2021-04-30,2025-01-21,60,University of Sao Paulo General Hospital,OTHER,Success,rheumatoid arthritis,2026-05-24T07:38:59.147040+00:00
NCT00001862,TNRF:Fc to Treat Eye Inflammation in Juvenile Rheumatoid Arthritis,COMPLETED,Phase 2,1999-02,2003-03,15,National Eye Institute (NEI),NIH,Success,rheumatoid arthritis,2026-05-24T07:38:59.147040+00:00
NCT02430909,Multiple Dose Study of UCB4940 as add-on to Certolizumab Pegol in Subjects With Rheumatoid Arthritis,COMPLETED,Phase 2,2015-04,2017-04,159,UCB Celltech,INDUSTRY,Success,rheumatoid arthritis,2026-05-24T07:38:59.147040+00:00
NCT00995449,Study of KB003 In Biologics-Inadequate Rheumatoid Arthritis,TERMINATED,Phase 2,2010-01,2012-02,9,"Humanigen, Inc.",INDUSTRY,Failure,rheumatoid arthritis,2026-05-24T07:38:59.147040+00:00
NCT02675426,A Study Comparing Upadacitinib (ABT-494) to Placebo in Adults With Rheumatoid Arthritis on a Stable Dose of Conventional Synthetic Disease-Modifying Antirheumatic Drugs (csDMARDs) Who Have an Inadequate Response to csDMARDs Alone,COMPLETED,Phase 3,2015-12-17,2022-03-10,661,AbbVie,INDUSTRY,Success,rheumatoid arthritis,2026-05-24T07:38:59.147040+00:00
NCT01765478,"Safety,PK/PD, Food Effect Study of Orally Administered HM71224 in Healthy Adult Male Volunteers",COMPLETED,Phase 1,2013-01,2014-11,62,Hanmi Pharmaceutical Company Limited,INDUSTRY,Success,rheumatoid arthritis,2026-05-24T07:38:59.147040+00:00
NCT02176876,"Safety, Tolerability, and Pharmacokinetics of GS-5745 in Subjects With Rheumatoid Arthritis",COMPLETED,Phase 1,2014-08,2015-06,18,Gilead Sciences,INDUSTRY,Success,rheumatoid arthritis,2026-05-24T07:38:59.147040+00:00
NCT07517250,A Study on the Use of Canakinumab Among Familial Mediterranean Fever and Still's Disease Patients,RECRUITING,,2026-03-15,2027-03-03,160,Novartis Pharmaceuticals,INDUSTRY,Ongoing,rheumatoid arthritis,2026-05-24T07:38:59.147040+00:00
NCT03346590,Evolution of Total Energy Expenditure and Its Various Components in Active Rheumatoid Arthritis (RA)Treated With Anti-TNF Agents and Comparison With Healthy Subjects,UNKNOWN,NA,2017-11-30,2019-12-31,24,"University Hospital, Clermont-Ferrand",OTHER,Unknown,rheumatoid arthritis,2026-05-24T07:38:59.147040+00:00
NCT03417648,A Nutrition Intervention for Arthritis -3 (WCCR-ARTH3),COMPLETED,NA,2018-03-08,2018-12-14,8,Physicians Committee for Responsible Medicine,OTHER,Success,rheumatoid arthritis,2026-05-24T07:38:59.147040+00:00
NCT04586933,Nutrition in Rheumatic Diseases,UNKNOWN,NA,2020-12-10,2025-06-10,120,Haukeland University Hospital,OTHER,Unknown,rheumatoid arthritis,2026-05-24T07:38:59.147040+00:00
NCT04813549,Evaluation of Fibromyalgia Syndrome and Its Effect on Quality of Life in Rheumatoid Arthritis,COMPLETED,,2021-04-01,2022-11-30,85,Ahi Evran University Education and Research Hospital,OTHER,Success,rheumatoid arthritis,2026-05-24T07:38:59.147040+00:00
NCT05236491,COvid-19 Vaccine Booster in Immunocompromised Rheumatic Diseases,UNKNOWN,Phase 2; Phase 3,2022-03-09,2023-12,287,Paul R Fortin,OTHER,Unknown,rheumatoid arthritis,2026-05-24T07:38:59.147040+00:00
NCT02436785,Do Inflammatory Arthritis Inpatients Receiving Group Music Therapy Improve Pain Compared to Music Listening?,COMPLETED,NA,2015-05-06,2018-01-31,13,University of British Columbia,OTHER,Success,rheumatoid arthritis,2026-05-24T07:38:59.147040+00:00
NCT06025578,"A Study to Evaluate the Efficacy, Safety, and Tolerability of BMS-986278 in Participants With Progressive Pulmonary Fibrosis",ACTIVE_NOT_RECRUITING,Phase 3,2023-10-25,2027-12-27,1057,Bristol-Myers Squibb,INDUSTRY,Success,rheumatoid arthritis,2026-05-24T07:38:59.147040+00:00
NCT06531785,Role of Lung Ultrasound in Screening for Interstitial Lung Disease in Patients With Rheumatoid Arthritis,COMPLETED,,2024-01-01,2025-08-01,60,Assiut University,OTHER,Success,rheumatoid arthritis,2026-05-24T07:38:59.147040+00:00
NCT05740085,Osteoporosis Awareness in Rheumatoid Arthritis Patients,UNKNOWN,,2023-04-30,2023-08-30,100,Uskudar State Hospital,OTHER_GOV,Unknown,rheumatoid arthritis,2026-05-24T07:38:59.147040+00:00
NCT05277025,Pain Processing in Inflammatory and Non-Inflammatory Chronic Pain Syndromes,RECRUITING,,2022-03-22,2027-02-28,150,University of Florida,OTHER,Ongoing,rheumatoid arthritis,2026-05-24T07:38:59.147040+00:00
NCT01064063,Randomized Controlled Clinical Evaluation to Compare Vanguard Cruciate Retaining and AGC Total Condylar Knee Implants,COMPLETED,NA,2011-02-15,2022-05-10,150,Zimmer Biomet,INDUSTRY,Success,rheumatoid arthritis,2026-05-24T07:38:59.147040+00:00
NCT00641225,Study Evaluating Single Doses Of SBI-087 in Subjects With Rheumatoid Arthritis,COMPLETED,Phase 1,2008-03-31,2011-03-31,60,Pfizer,INDUSTRY,Success,rheumatoid arthritis,2026-05-24T07:38:59.147040+00:00
NCT04922840,Improved Cardiovascular Health for Patients With Inflammatory Joint Diseases,COMPLETED,NA,2021-08-09,2023-03-01,60,Diakonhjemmet Hospital,OTHER,Success,rheumatoid arthritis,2026-05-24T07:38:59.147040+00:00
NCT00235833,Adalimumab in Adult Japanese Subjects With Rheumatoid Arthritis,COMPLETED,Phase 2,2003-06,,25,Abbott,INDUSTRY,Success,rheumatoid arthritis,2026-05-24T07:38:59.147040+00:00
NCT01050738,Local Analgesia in Knee- and Hipatroplastic Surgery in Patients With Rheumatic Disease: Extra- vs. Intracapsulare Position of Catheter,UNKNOWN,NA,2010-01,2010-08,72,Spenshult Hospital,OTHER,Unknown,rheumatoid arthritis,2026-05-24T07:38:59.147040+00:00
NCT00650455,Efficacy and Safety of Valdecoxib and Naproxen in Treating the Signs and Symptoms of Rheumatoid Arthritis (RA) in a Severe Rheumatoid Arthritis Patients,COMPLETED,Phase 4,2003-02,2005-01,489,Pfizer,INDUSTRY,Success,rheumatoid arthritis,2026-05-24T07:38:59.147040+00:00
NCT05389189,A Tailored Psychological Intervention (MITIG.RA) for Managing Fatigue in Rheumatoid Arthritis,UNKNOWN,NA,2024-09-01,2025-09-30,120,"Unidade Local de Saúde de Coimbra, EPE",OTHER,Unknown,rheumatoid arthritis,2026-05-24T07:38:59.147040+00:00
NCT06385093,A Study on the Prevention and Treatment of GIOP With Eldecalcitol,UNKNOWN,Phase 4,2024-06,2026-03,314,Chinese SLE Treatment And Research Group,OTHER,Unknown,rheumatoid arthritis,2026-05-24T07:38:59.147040+00:00
NCT03513263,Effect of Periodontal Care on Rhematoid Arthritis in Uganda,UNKNOWN,NA,2017-09-01,2019-12-31,152,Makerere University,OTHER,Unknown,rheumatoid arthritis,2026-05-24T07:38:59.147040+00:00
NCT06072287,The Living With a Long-Term Condition Study,UNKNOWN,,2023-06-28,2024-01-10,600,King's College London,OTHER,Unknown,rheumatoid arthritis,2026-05-24T07:38:59.147040+00:00
NCT05304013,10-year Follow-up of Patients With Rheumatoid Arthritis Who Received Structured Treat-to-target Therapy in Early Disease,COMPLETED,,2021-12-22,2024-08-15,180,Diakonhjemmet Hospital,OTHER,Success,rheumatoid arthritis,2026-05-24T07:38:59.147040+00:00
NCT01202760,A Rheumatoid Arthritis Study in Participants,COMPLETED,Phase 3,2011-01,2013-07,1004,Eli Lilly and Company,INDUSTRY,Success,rheumatoid arthritis,2026-05-24T07:38:59.147040+00:00
NCT05240326,The Effects of Pilates Training on Exercise Capacity and Respiratory Muscle Performance in Patients With Rheumatoid Arthritis,UNKNOWN,NA,2022-03-15,2024-03-15,30,Gazi University,OTHER,Unknown,rheumatoid arthritis,2026-05-24T07:38:59.147040+00:00
NCT01861782,Comparison Between Dead Sea Solar and Water Treatment to Sulfur Pool and Medicinal Mud Treatment in Patients With RA,UNKNOWN,NA,2013-06,,30,Soroka University Medical Center,OTHER,Unknown,rheumatoid arthritis,2026-05-24T07:38:59.147040+00:00
NCT02410304,Pragmatic Study Comparing the Clinical Evlauation Methods ( C) and / or Ultrasound Method ( B or D) in Rheumatoid Arthritis to Adapt Treatment,COMPLETED,NA,2015-10-06,2022-11-25,561,"University Hospital, Brest",OTHER,Success,rheumatoid arthritis,2026-05-24T07:38:59.147040+00:00
NCT00074555,Registry for African Americans With Early Rheumatoid Arthritis,COMPLETED,,2001-01,2012-03,357,National Institute of Arthritis and Musculoskeletal and Skin Diseases (NIAMS),NIH,Success,rheumatoid arthritis,2026-05-24T07:38:59.147040+00:00
NCT03178955,Circadian RA Study in Rheumatoid Arthritis Subjects,WITHDRAWN,,2017-03-27,2019-08-16,0,"University of California, Davis",OTHER,Failure,rheumatoid arthritis,2026-05-24T07:38:59.147040+00:00
NCT05844735,A Randomized Placebo- and Active Comparator-controlled Study to Evaluate the Photosafety of SAR441566,COMPLETED,Phase 1,2023-05-22,2023-10-23,60,Sanofi,INDUSTRY,Success,rheumatoid arthritis,2026-05-24T07:38:59.147040+00:00
NCT03506035,Alloimmune Response to Citrullinated Shared Epitope Sequence in Patients With Rheumatoid Arthritis,UNKNOWN,,2018-09-01,2020-09-01,200,Corporacion Parc Tauli,OTHER,Unknown,rheumatoid arthritis,2026-05-24T07:38:59.147040+00:00
NCT05374785,Efficacy and Safety Study Comparing CPL409116 to Placebo in Participants With Active Rheumatoid Arthritis,COMPLETED,Phase 2,2022-05-01,2024-05-27,106,Celon Pharma SA,INDUSTRY,Success,rheumatoid arthritis,2026-05-24T07:38:59.147040+00:00
NCT04238143,Adipose-Derived Biocellular Regenerative Therapy for Osteoarthritis,RECRUITING,NA,2020-01-10,2027-09-30,100,Healeon Medical Inc,INDUSTRY,Ongoing,rheumatoid arthritis,2026-05-24T07:38:59.147040+00:00
NCT01194414,A Study to Compare Subcutaneous Versus Intravenous Administration of RoActemra/Actemra (Tocilizumab) in Participants With Moderate to Severe Active Rheumatoid Arthritis,COMPLETED,Phase 3,2010-09,2013-08,1262,Hoffmann-La Roche,INDUSTRY,Success,rheumatoid arthritis,2026-05-24T07:38:59.147040+00:00
NCT04815148,MH004 Topical Cream in Healthy Adult Volunteers and Participants With Atopic Dermatitis or Rheumatoid Arthritis,UNKNOWN,Phase 1,2021-04-01,2022-03-31,72,Minghui Pharmaceutical Pty Ltd,INDUSTRY,Unknown,rheumatoid arthritis,2026-05-24T07:38:59.147040+00:00
NCT01721200,"""Learning About Biologics""-Rheumatoid Arthritis",COMPLETED,NA,2012-11,2015-02,125,Geisinger Clinic,OTHER,Success,rheumatoid arthritis,2026-05-24T07:38:59.147040+00:00
NCT02101307,"Multicenter, Post-marketing, Non-interventional, Observational Study in RA Patients Treated With RoActemra/Actemra (Tocilizumab)",COMPLETED,,2014-07-09,2017-05-22,400,Hoffmann-La Roche,INDUSTRY,Success,rheumatoid arthritis,2026-05-24T07:38:59.147040+00:00
NCT03506165,Relationship of Periodontitis and Cardiovascular Risk in Patients With Rheumatoid Arthritis,UNKNOWN,NA,2019-04-01,2021-09,100,Assiut University,OTHER,Unknown,rheumatoid arthritis,2026-05-24T07:38:59.147040+00:00
NCT04324892,Effects of Achieving SDAI Remission on Joint Space Outcomes Progression in Early Rheumatoid Arthritis: an HR-pQCT Study,UNKNOWN,,2020-07-12,2024-01-30,110,Chinese University of Hong Kong,OTHER,Unknown,rheumatoid arthritis,2026-05-24T07:38:59.147040+00:00
NCT03550833,Impact of Life Events and Psychological Stress in Rheumatoid Arthritis Set-up : Case-control Study Within a Multifactorial and Integrative Psychological Model,COMPLETED,,2018-06-13,2019-07-04,152,"University Hospital, Bordeaux",OTHER,Success,rheumatoid arthritis,2026-05-24T07:38:59.147040+00:00
NCT00071149,Consistency of Traditional Chinese Medicine Diagnoses and Herbal Prescriptions for Rheumatoid Arthritis,COMPLETED,,2001-11,2004-04,120,National Center for Complementary and Integrative Health (NCCIH),NIH,Success,rheumatoid arthritis,2026-05-24T07:38:59.147040+00:00
NCT02894047,Study of the Influence of the Expression of the Calcium-sensitive Receptor (CaSR) by Monocytes in the Synovial Liquid on Structural Alterations in Patients Diagnosed With Rheumatoid Arthritis in the Previous Two Years,COMPLETED,,2013-07,2015-10,42,"Centre Hospitalier Universitaire, Amiens",OTHER,Success,rheumatoid arthritis,2026-05-24T07:38:59.147040+00:00
NCT06747949,A Long-term Extension Study of Dazodalibep in Participants With Sjögren's Syndrome (SS),RECRUITING,Phase 3,2025-02-25,2029-12-11,844,Amgen,INDUSTRY,Ongoing,rheumatoid arthritis,2026-05-24T07:38:59.147040+00:00
NCT04842981,Interleukin-6 Inhibitors and Drug-drug Interactions in Patients With Rheumatoid Arthritis,TERMINATED,Phase 1; Phase 2,2021-05-25,2022-09-30,3,University of Southern Denmark,OTHER,Failure,rheumatoid arthritis,2026-05-24T07:38:59.147040+00:00
NCT01856309,Long-term Safety and Efficacy of Sirukumab in Participants With RA Completing Studies CNTO136ARA3002 or CNTO136ARA3003,COMPLETED,Phase 3,2013-08-07,2018-04-30,1820,"Janssen Research & Development, LLC",INDUSTRY,Success,rheumatoid arthritis,2026-05-24T07:38:59.147040+00:00
NCT03333681,Evaluation of Stem Cell Therapy Effects on the Immune Response in Rheumatoid Arthritis Patients,COMPLETED,Phase 1,2016-06-20,2018-09-15,15,Mashhad University of Medical Sciences,OTHER,Success,rheumatoid arthritis,2026-05-24T07:38:59.147040+00:00
NCT01004432,Golimumab in Rheumatoid Arthritis Participants With an Inadequate Response to Etanercept (ENBREL) or Adalimumab (HUMIRA),COMPLETED,Phase 3,2009-12,2013-10,433,"Janssen Biotech, Inc.",INDUSTRY,Success,rheumatoid arthritis,2026-05-24T07:38:59.147040+00:00
NCT02404558,Single-dose Study to Describe the Safety of Sarilumab and Tocilizumab in Patients With Rheumatoid Arthritis,COMPLETED,Phase 1,2015-05,2016-03,30,Sanofi,INDUSTRY,Success,rheumatoid arthritis,2026-05-24T07:38:59.147040+00:00
NCT07262112,"Efficacy of Resistance Exercise and an Anti-Inflammatory Diet on Pain, Disease Activity, Functional Status, and Quality of Life in Patients With Rheumatoid Arthritis",NOT_YET_RECRUITING,NA,2025-11-30,2026-05-01,100,Berra Yamuç Tanrıöğen,OTHER,Ongoing,rheumatoid arthritis,2026-05-24T07:38:59.147040+00:00
NCT01705834,Dataglove to Measure Joint Stiffness in Patients With Arthritis,WITHDRAWN,,,,0,Western Health and Social Care Trust,OTHER,Failure,rheumatoid arthritis,2026-05-24T07:38:59.147040+00:00
NCT07303686,De-escalation of Ustekinumab Therapy in Patients With Crohn's Disease and Ulcerative Colitis,RECRUITING,Phase 4,2025-10-08,2027-10-15,115,McGill University Health Centre/Research Institute of the McGill University Health Centre,OTHER,Ongoing,crohn's disease,2026-05-24T07:39:00.132149+00:00
NCT06819891,A Study to Assess the Efficacy and Safety of Induction Therapy With Afimkibart (RO7790121) in Participants With Moderately to Severely Active Crohn's Disease,RECRUITING,Phase 3,2025-05-12,2033-04-30,425,Hoffmann-La Roche,INDUSTRY,Ongoing,crohn's disease,2026-05-24T07:39:00.132149+00:00
NCT04859088,Biologics and Partial Enteral Nutrition Study,RECRUITING,NA,2021-09-20,2026-09,80,NHS Greater Glasgow and Clyde,OTHER,Ongoing,crohn's disease,2026-05-24T07:39:00.132149+00:00
NCT01826188,Combined THC and CBD Drops for Treatment of Crohn's Disease,COMPLETED,Phase 1; Phase 2,2013-03,2018-06,50,Meir Medical Center,OTHER,Success,crohn's disease,2026-05-24T07:39:00.132149+00:00
NCT06375382,Effects of Acupuncture on Abdominal Pain-related Intestinal Flora in Patients With Crohn's Disease,COMPLETED,NA,2015-03-01,2024-03-31,64,"Shanghai Institute of Acupuncture, Moxibustion and Meridian",OTHER,Success,crohn's disease,2026-05-24T07:39:00.132149+00:00
NCT04002180,Specified Drug-Use Survey on Vedolizumab for IV Infusion 300 mg [Crohn's Disease],ACTIVE_NOT_RECRUITING,,2019-07-01,2026-06-30,335,Takeda,INDUSTRY,Success,crohn's disease,2026-05-24T07:39:00.132149+00:00
NCT03566823,Efficacy and Safety Study of Ontamalimab as Induction Therapy in Participants With Moderate to Severe Crohn's Disease (CARMEN CD 306),TERMINATED,Phase 3,2018-07-17,2020-08-18,34,Shire,INDUSTRY,Failure,crohn's disease,2026-05-24T07:39:00.132149+00:00
NCT02513459,"A Long Term Extension Trial of BI 655066/ABBV-066 (Risankizumab), in Patients With Moderately to Severely Active Crohn's Disease",COMPLETED,Phase 2,2015-09-16,2019-06-19,65,AbbVie,INDUSTRY,Success,crohn's disease,2026-05-24T07:39:00.132149+00:00
NCT00207662,A Safety and Efficacy Study of Infliximab (Remicade) in Patients With Moderate to Severe Active Crohn's Disease,COMPLETED,Phase 3,2000-07,2005-11,580,"Centocor, Inc.",INDUSTRY,Success,crohn's disease,2026-05-24T07:39:00.132149+00:00
NCT07258641,Fluorescence Imaging of Adalimumab-680LT and Risankizumab-800CW in Inflammatory Bowel Disease,NOT_YET_RECRUITING,Phase 1; Phase 2,2026-01-15,2028-04-01,30,University Medical Center Groningen,OTHER,Ongoing,crohn's disease,2026-05-24T07:39:00.132149+00:00
NCT02450513,Adalimumab Trough Concentrations in Crohn's Disease: A Pilot Pharmacokinetic Study,COMPLETED,,2012-03,2016-05-25,30,Universitaire Ziekenhuizen KU Leuven,OTHER,Success,crohn's disease,2026-05-24T07:39:00.132149+00:00
NCT04885920,A Study on Administration Choices of Vedolizumab and Outcomes for Adults With Inflammatory Bowel Disease (IBD) (VARIETY - CROATIA AND SLOVENIA),COMPLETED,,2022-02-22,2024-03-12,120,Takeda,INDUSTRY,Success,crohn's disease,2026-05-24T07:39:00.132149+00:00
NCT06925061,Target Engagement of EXL01 in the Prevention of Post-operative Recurrence of Crohn's Disease,RECRUITING,Phase 2,2025-03-31,2026-12-31,80,Madeleine Bezault,OTHER,Ongoing,crohn's disease,2026-05-24T07:39:00.132149+00:00
NCT01241058,Registry of Pediatric Patients Diagnosed With Crohn's Disease in Belgium,COMPLETED,,2008-05,2015-04,257,Gigi Veereman,OTHER,Success,crohn's disease,2026-05-24T07:39:00.132149+00:00
NCT01635621,A Phase II Study to Assess the Efficacy and Safety of Olokizumab in Patients With Crohn's Disease,WITHDRAWN,Phase 2,2012-06,2013-08,0,UCB BIOSCIENCES GmbH,INDUSTRY,Failure,crohn's disease,2026-05-24T07:39:00.132149+00:00
NCT05598684,SAPHIR : Assessment of Predictive Factors for Persistence of Treatment After Initiation of Adalimumab With a Biosimilar (Adalimumab Fresenius KaBI or Substitution of Reference Adalimumab With the Fresenius Kabi Adalimumab Biosimilar in Patients With Chronic Inflammatory Diseases,UNKNOWN,,2022-11-24,2025-12-30,600,"Fresenius Kabi, France",INDUSTRY,Unknown,crohn's disease,2026-05-24T07:39:00.132149+00:00
NCT02678052,OTIS Vedolizumab Pregnancy Exposure Registry,COMPLETED,,2015-12-01,2022-07-31,303,Takeda,INDUSTRY,Success,crohn's disease,2026-05-24T07:39:00.132149+00:00
NCT01503099,Intestinal Tuberculosis Diagnostics and the Differentiation From Crohn's Disease,UNKNOWN,,2009-10,2012-12,550,Lovisenberg Diakonale Hospital,OTHER,Unknown,crohn's disease,2026-05-24T07:39:00.132149+00:00
NCT01030809,Trial of a Treatment Algorithm for the Management of Crohn's Disease,COMPLETED,Phase 4,2010-01,2013-12,1999,"University of Western Ontario, Canada",OTHER,Success,crohn's disease,2026-05-24T07:39:00.132149+00:00
NCT05051943,A Study of the Real-world Use of an Adalimumab Biosimilar and Evaluation of Nutritional Status on the Therapeutic Response,COMPLETED,,2020-09-29,2023-01-20,754,Fresenius Kabi,INDUSTRY,Success,crohn's disease,2026-05-24T07:39:00.132149+00:00
NCT04978493,A Study to Test Whether BI 706321 Combined With Ustekinumab Helps People With Crohn's Disease,TERMINATED,Phase 2,2021-12-02,2024-08-08,49,Boehringer Ingelheim,INDUSTRY,Failure,crohn's disease,2026-05-24T07:39:00.132149+00:00
NCT01352221,Safety and Efficacy Study of Oral Ferric Iron To Treat Iron Deficiency Anaemia in Quiescent Crohn's Disease (AEGIS-2),COMPLETED,Phase 3,2011-08,2014-10,128,Shield Therapeutics,INDUSTRY,Success,crohn's disease,2026-05-24T07:39:00.132149+00:00
NCT02631967,Surgical Prevention of Anastomotic Recurrence by Excluding Mesentery in Crohn's Disease,UNKNOWN,NA,2015-11,2022-11,132,Federico II University,OTHER,Unknown,crohn's disease,2026-05-24T07:39:00.132149+00:00
NCT07089771,Virtual Versus Dye-based Chromoendoscopy in Inflammatory Bowel Disease Surveillance Colonoscopy,NOT_YET_RECRUITING,NA,2026-05-01,2032-12-31,480,Region Stockholm,OTHER_GOV,Ongoing,crohn's disease,2026-05-24T07:39:00.132149+00:00
NCT00383344,Use of FDG PET/CT to Evaluate Crohn Disease,COMPLETED,Phase 2,2006-10-01,2007-05-01,30,Eric Turcotte,OTHER,Success,crohn's disease,2026-05-24T07:39:00.132149+00:00
NCT04488198,Acupuncture in Pediatrics and Adolescents With Chronic Inflammatory Bowel Diseases,ACTIVE_NOT_RECRUITING,NA,2019-03-01,2026-12-31,60,Medical University of Vienna,OTHER,Success,crohn's disease,2026-05-24T07:39:00.132149+00:00
NCT06124287,MRE Predictors of Disease Relapse After Stopping Biologics,RECRUITING,,2024-02-27,2027-02,150,"University College, London",OTHER,Ongoing,crohn's disease,2026-05-24T07:39:00.132149+00:00
NCT04502303,18F-FDG and 68Ga-FAPI PET/CT in Crohn's Disease,UNKNOWN,Phase 2,2020-09,2021-09,30,Peking Union Medical College Hospital,OTHER,Unknown,crohn's disease,2026-05-24T07:39:00.132149+00:00
NCT04060303,ENhanced Recovery in CHildren Undergoing Surgery,COMPLETED,Phase 3,2020-07-01,2024-06-30,599,Northwestern University,OTHER,Success,crohn's disease,2026-05-24T07:39:00.132149+00:00
NCT02499783,Study to Evaluate the Safety and Efficacy of Adalimumab in Chinese Subjects With Moderate to Severe Crohn's Disease,COMPLETED,Phase 3,2015-08-17,2017-12-15,205,AbbVie,INDUSTRY,Success,crohn's disease,2026-05-24T07:39:00.132149+00:00
NCT00528073,"Placebo Controlled Study of 3 Doses of Rifaximin-EIR Tablet to Treat Moderate, Active Crohn's Disease",COMPLETED,Phase 2,2007-09,2009-10,410,Alfasigma S.p.A.,INDUSTRY,Success,crohn's disease,2026-05-24T07:39:00.132149+00:00
NCT03769922,Postoperative Progression of the Disease Following Extensive Versus Limited Mesenteric Excision for Crohn's Disease,UNKNOWN,NA,2019-02-18,2025-01,116,"Jinling Hospital, China",OTHER,Unknown,crohn's disease,2026-05-24T07:39:00.132149+00:00
NCT07196722,A Study of Icotrokinra in Participants With Moderately to Severely Active Crohn's Disease,RECRUITING,Phase 2; Phase 3,2025-10-03,2032-10-06,1092,"Janssen Research & Development, LLC",INDUSTRY,Ongoing,crohn's disease,2026-05-24T07:39:00.132149+00:00
NCT00434551,MACCS: Multicenter Australian CE in Patients With Suspected Crohn's Disease Study,COMPLETED,,2005-02,2008-02,119,Medtronic - MITG,INDUSTRY,Success,crohn's disease,2026-05-24T07:39:00.132149+00:00
NCT01792388,Vitd and Barrier Function in IBD,COMPLETED,Phase 4,2011-12,2012-03,30,"University of Dublin, Trinity College",OTHER,Success,crohn's disease,2026-05-24T07:39:00.132149+00:00
NCT05099653,Study of the Impact of a Physical Activity Programme on the Quality of Life of Patients With Inflammatory Bowel Disease,UNKNOWN,NA,2020-02-20,2022-10-31,30,Raincy Montfermeil Hospital Group,NETWORK,Unknown,crohn's disease,2026-05-24T07:39:00.132149+00:00
NCT00769353,Understanding and Treating Neuropsychiatric Symptoms of Pediatric Physical Illness,COMPLETED,NA,2008-01,2014-01,90,University of Pittsburgh,OTHER,Success,crohn's disease,2026-05-24T07:39:00.132149+00:00
NCT03009396,Open Label Efficacy and Safety of Anti-MAP (Mycobacterium Avium Ssp. Paratuberculosis) Therapy in Adult Crohn's Disease,COMPLETED,Phase 3,2017-03-18,2019-08-19,54,RedHill Biopharma Limited,INDUSTRY,Success,crohn's disease,2026-05-24T07:39:00.132149+00:00
NCT00269386,Clarithromycin in Active Crohn's Disease,COMPLETED,Phase 3,2000-04,2007-05,44,Royal Liverpool University Hospital,OTHER_GOV,Success,crohn's disease,2026-05-24T07:39:00.132149+00:00
NCT02768532,Value of Pharmacokinetic Assays in the Prediction of Induction and Maintenance Therapeutic Response in Crohn's Disease,TERMINATED,Phase 4,2016-07-01,2023-01-23,47,Centre Hospitalier Universitaire de Saint Etienne,OTHER,Failure,crohn's disease,2026-05-24T07:39:00.132149+00:00
NCT06338930,Remote Monitoring of Patients With an Inflammatory Bowel Disease Under no or Maintenance Therapy,NOT_YET_RECRUITING,NA,2025-02-01,2027-03-30,456,Universitaire Ziekenhuizen KU Leuven,OTHER,Ongoing,crohn's disease,2026-05-24T07:39:00.132149+00:00
NCT03648398,Pilot Study of an Online Therapeutic Education Program for Patients With Inflammatory Bowel Disease,UNKNOWN,NA,2021-01-29,2023-04-01,50,"Central Hospital, Nancy, France",OTHER,Unknown,crohn's disease,2026-05-24T07:39:00.132149+00:00
NCT03455751,Precision Pain Management for Major Abdominal Surgery in Colorectal Surgery,TERMINATED,NA,2018-04-17,2019-01-09,10,The Cleveland Clinic,OTHER,Failure,crohn's disease,2026-05-24T07:39:00.132149+00:00
NCT02088944,a Single-center Registered Clinical Research of Chinese Patients With Moderate to Severe Crohn's Disease,UNKNOWN,,2014-03,,142,"Nanfang Hospital, Southern Medical University",OTHER,Unknown,crohn's disease,2026-05-24T07:39:00.132149+00:00
NCT01933867,Water-aided Colonoscopy in Inflammatory Bowel Disease Patients,COMPLETED,NA,2013-09,2014-08,92,Vitkovice Hospital,OTHER,Success,crohn's disease,2026-05-24T07:39:00.132149+00:00
NCT04283864,"Decoding Personalized Nutritional, Microbiome and Host Patterns Impacting Clinical and Prognostic Features in Crohn's Disease",ACTIVE_NOT_RECRUITING,,2020-11-29,2027-12,300,Weizmann Institute of Science,OTHER,Success,crohn's disease,2026-05-24T07:39:00.132149+00:00
NCT04397263,A Study of Guselkumab in Participants With Moderately to Severely Active Crohn's Disease,COMPLETED,Phase 3,2020-06-10,2025-09-12,38,Janssen Pharmaceutical K.K.,INDUSTRY,Success,crohn's disease,2026-05-24T07:39:00.132149+00:00
NCT06995170,Investigation of the Correlation Between Polyamine Levels and Their Key Enzymatic Activities in Association With Inflammatory Bowel Disease Progression,RECRUITING,,2025-01-01,2025-12,146,Xijing Hospital,OTHER,Ongoing,crohn's disease,2026-05-24T07:39:00.132149+00:00
NCT04654494,Colorectal Cancer in Crohn's Disease,UNKNOWN,,2020-07-01,2021-01,70,University of Rome Tor Vergata,OTHER,Unknown,crohn's disease,2026-05-24T07:39:00.132149+00:00
NCT03261102,TDM Guided Early Optimization of ADAL in Crohn's Disease,ACTIVE_NOT_RECRUITING,NA,2017-01-17,2025-06-01,200,waqqas.afif,OTHER,Success,crohn's disease,2026-05-24T07:39:00.132149+00:00
NCT04751396,Testing of an Educational Tool for Patients With Melanoma and Pre-Existing Autoimmune Disease Who Are Candidates for Immune Checkpoint Inhibitors,RECRUITING,,2022-04-20,2027-02-02,125,M.D. Anderson Cancer Center,OTHER,Ongoing,crohn's disease,2026-05-24T07:39:00.132149+00:00
NCT00740103,Long-term Study of Semapimod (CNI-1493) for Treatment of Crohn's Disease,COMPLETED,Phase 2,2002-12,2004-09,119,Ferring Pharmaceuticals,INDUSTRY,Success,crohn's disease,2026-05-24T07:39:00.132149+00:00
NCT01233570,Topical Tacrolimus 0.1% Ointment For Treatment Of Cutaneous Crohn's Disease,COMPLETED,Phase 2,,,20,University of Aberdeen,OTHER,Success,crohn's disease,2026-05-24T07:39:00.132149+00:00
NCT03478956,A Phase I Study of Etrolizumab Followed by Open-Label Extension and Safety Monitoring in Pediatric Patients With Moderate to Severe Ulcerative Colitis or Moderate to Severe Crohn's Disease,TERMINATED,Phase 1,2018-03-27,2023-09-27,24,Hoffmann-La Roche,INDUSTRY,Failure,crohn's disease,2026-05-24T07:39:00.132149+00:00
NCT05407350,Validation of an IUS Activity Index,UNKNOWN,,2022-06,2025-06,110,International Bowel Ultrasound Group e.V.,OTHER,Unknown,crohn's disease,2026-05-24T07:39:00.132149+00:00
NCT00152425,"Study to Test the Effect of CDP870 in the Treatment of Crohn's Disease Over 26 Weeks, Comparing CDP870 to a Dummy Drug (Placebo), Following 3 Doses of Active Drug (CDP870).",COMPLETED,Phase 3,2004-02,2005-05,392,UCB Pharma,INDUSTRY,Success,crohn's disease,2026-05-24T07:39:00.132149+00:00
NCT04519697,Mesenchymal Stem Cells for the Treatment of Rectovaginal Fistulas in Participants With Crohn's Disease,TERMINATED,Phase 1; Phase 2,2020-10-28,2023-11-15,20,Anthony Lembo,OTHER,Failure,crohn's disease,2026-05-24T07:39:00.132149+00:00
NCT01349920,Biomarkers of Intestinal Mucosal Healing in Crohn's Disease (P08143),COMPLETED,,2012-11-28,2015-09-28,15,Merck Sharp & Dohme LLC,INDUSTRY,Success,crohn's disease,2026-05-24T07:39:00.132149+00:00
NCT04846959,Study to Evaluate Pregnancy Outcomes in Risankizumab Exposed Pregnancies Relative to Those Non-risankizumab Exposed Pregnancies in Women With FDA Approved Indications,RECRUITING,,2021-07-30,2032-06,818,AbbVie,INDUSTRY,Ongoing,crohn's disease,2026-05-24T07:39:00.132149+00:00
NCT04804046,Synbiotics and Post-op Crohn's Disease,TERMINATED,NA,2021-07-15,2023-12-31,4,University of Alberta,OTHER,Failure,crohn's disease,2026-05-24T07:39:00.132149+00:00
NCT01957423,Immune Response Regulation and Nutritional Status of the Crohn's Disease Patients.,COMPLETED,NA,2012-03,2013-03,41,"University of Campinas, Brazil",OTHER,Success,crohn's disease,2026-05-24T07:39:00.132149+00:00
NCT06833450,Reliability of IUS in Crohn's Disease,RECRUITING,NA,2022-01-19,2026-02,30,"Centre Hospitalier Universitaire, Amiens",OTHER,Ongoing,crohn's disease,2026-05-24T07:39:00.132149+00:00
NCT06452550,Neurophenotype Predicts CD Disease Progression,RECRUITING,,2021-05-01,2025-06-01,500,"First Affiliated Hospital, Sun Yat-Sen University",OTHER,Ongoing,crohn's disease,2026-05-24T07:39:00.132149+00:00
NCT06203782,Comparing Endoscopic Strictureplasty vs. Balloon Dilation in Crohn's Disease Strictures,RECRUITING,NA,2024-12-16,2026-01-01,102,"Second Affiliated Hospital, School of Medicine, Zhejiang University",OTHER,Ongoing,crohn's disease,2026-05-24T07:39:00.132149+00:00
NCT04779320,A Study of Vedolizumab in Children and Teenagers With Moderate to Severe Crohn's Disease (CD),RECRUITING,Phase 3,2022-02-10,2027-09-13,120,Takeda,INDUSTRY,Ongoing,crohn's disease,2026-05-24T07:39:00.132149+00:00
NCT03650413,An Extension Study to Evaluate the Long-Term Safety and Tolerability of UTTR1147A in Participants With Moderate to Severe Ulcerative Colitis or Crohn's Disease,TERMINATED,Phase 2,2019-01-14,2022-07-12,143,"Genentech, Inc.",INDUSTRY,Failure,crohn's disease,2026-05-24T07:39:00.132149+00:00
NCT01019460,"A Comparative Study of Capsule Endoscopy, Magnetic Resonance Imaging and Computer Tomography Scanning of the Small Bowel in Crohn's Disease",COMPLETED,NA,2007-10,2011-08,150,University of Southern Denmark,OTHER,Success,crohn's disease,2026-05-24T07:39:00.132149+00:00
NCT01345318,B0151005 Open-Label Extension Study,COMPLETED,Phase 2,2011-06,2016-03,191,Pfizer,INDUSTRY,Success,crohn's disease,2026-05-24T07:39:00.132149+00:00
NCT02677350,AlloGeneic Human Mesenchymal Stem Cells (hMSC) in PAtients With FistuLizing Crohn's Disease Via PErifistula iNjEctions (GALENE),WITHDRAWN,Phase 1,2019-12-01,2026-12,0,Joshua M Hare,OTHER,Failure,crohn's disease,2026-05-24T07:39:00.132149+00:00
NCT01083680,Effectiveness and Safety in Patients With Crohn´s Disease in Clinical Routine,COMPLETED,,2007-05,2015-12,4107,"AbbVie (prior sponsor, Abbott)",INDUSTRY,Success,crohn's disease,2026-05-24T07:39:00.132149+00:00
NCT06001450,Pregnant Women With and Without Crohns Disease to Explore the Role of Plastics and Toxins in Intestinal Inflammation,RECRUITING,,2023-08-15,2027-08-31,46,Icahn School of Medicine at Mount Sinai,OTHER,Ongoing,crohn's disease,2026-05-24T07:39:00.132149+00:00
NCT05709717,Regenerative Therapy With Autologous Stromal Vascular Fraction Derived Mesenchymal Stem Cells and Platelet-rich Plasma to Treat Complex Perianal Diseases,UNKNOWN,,2023-01-25,2024-01-31,50,Kantonsspital Winterthur KSW,OTHER,Unknown,crohn's disease,2026-05-24T07:39:00.132149+00:00
NCT07545317,Real-World Study of IL-23 Inhibitors in Active Crohn's Disease,RECRUITING,,2026-04,2028-08-31,665,"Sixth Affiliated Hospital, Sun Yat-sen University",OTHER,Ongoing,crohn's disease,2026-05-24T07:39:00.132149+00:00
NCT05956158,RISE: A Remote Study of Insomnia Treatment in Crohn's Disease,ACTIVE_NOT_RECRUITING,NA,2023-11-28,2027-02-28,83,Dartmouth-Hitchcock Medical Center,OTHER,Success,crohn's disease,2026-05-24T07:39:00.132149+00:00
NCT05321758,Fecal Microbiota Transplantation as the First-line Treatment in Active Pediatric Crohn's Disease,RECRUITING,NA,2020-03-22,2027-06-30,50,Tongji Hospital,OTHER,Ongoing,crohn's disease,2026-05-24T07:39:00.132149+00:00
NCT03941184,Spontaneous Coronary Artery Dissection (SCAD) and Autoimmunity,COMPLETED,,1995-01-01,2020-11-10,114,Mayo Clinic,OTHER,Success,crohn's disease,2026-05-24T07:39:00.132149+00:00
NCT03257345,VEST: The UK Vedolizumab Real Life Experience Study in Inflammatory Bowel Disease,UNKNOWN,,2017-02-03,2019-12-31,360,University Hospital Southampton NHS Foundation Trust,OTHER,Unknown,crohn's disease,2026-05-24T07:39:00.132149+00:00
NCT04431700,Study of Dietary Composition in Crohn's Disease,TERMINATED,NA,2020-10-05,2025-03-31,28,"University of California, Los Angeles",OTHER,Failure,crohn's disease,2026-05-24T07:39:00.132149+00:00
NCT07113522,A Phase 2 Study to Evaluate Therapies for Inflammatory Bowel Disease,RECRUITING,Phase 2,2025-06-26,2028-02-04,140,"Mirador Therapeutics, Inc.",INDUSTRY,Ongoing,crohn's disease,2026-05-24T07:39:00.132149+00:00
NCT00354367,Evaluate Efficacy of Certolizumab in Crohn's Patients With Draining Fistulas,WITHDRAWN,Phase 3,2007-01,,0,UCB Pharma,INDUSTRY,Failure,crohn's disease,2026-05-24T07:39:00.132149+00:00
NCT06935929,A Study on the Associations Between Microribonucleic Acid Gene Polymorphisms and Crohn's Disease,COMPLETED,,2020-01-01,2025-01-01,839,Second Affiliated Hospital of Wenzhou Medical University,OTHER,Success,crohn's disease,2026-05-24T07:39:00.132149+00:00
NCT00445939,A Study of Adalimumab for the Induction of Clinical Remission in Japanese Subjects With Crohn's Disease,COMPLETED,Phase 2; Phase 3,2007-02,,90,Abbott,INDUSTRY,Success,crohn's disease,2026-05-24T07:39:00.132149+00:00
NCT01877577,Supplementation of Vitamin D3 in Patients With Inflammatory Bowel Diseases and Hypovitaminosis D,COMPLETED,NA,2012-04,2013-09,30,"University of California, San Francisco",OTHER,Success,crohn's disease,2026-05-24T07:39:00.132149+00:00
NCT03709628,"A Study of a FimH Blocker, EB8018, in Crohn's Disease Patients",COMPLETED,Phase 1,2018-03-07,2019-12-04,8,Enterome,INDUSTRY,Success,crohn's disease,2026-05-24T07:39:00.132149+00:00
NCT00113503,Imuran Dosing in Crohn's Disease Study,TERMINATED,Phase 2,2005-07,2007-12,50,National Institute of Diabetes and Digestive and Kidney Diseases (NIDDK),NIH,Failure,crohn's disease,2026-05-24T07:39:00.132149+00:00
NCT04198831,Effect of Acupuncture on Quiescent Crohn's Disease,COMPLETED,NA,2015-04-01,2023-12-31,84,"Shanghai Institute of Acupuncture, Moxibustion and Meridian",OTHER,Success,crohn's disease,2026-05-24T07:39:00.132149+00:00
NCT06606756,CEDATA GPGE - a Patient Registry for Children and Adolescents With Inflammatory Bowel Disease,RECRUITING,,2004-09-01,2034-12-01,6300,University of Giessen,OTHER,Ongoing,crohn's disease,2026-05-24T07:39:00.132149+00:00
NCT05427942,"Yuflyma® (Adalimumab), Patient Experience After Switching",UNKNOWN,,2022-06-03,2023-03-01,300,Celltrion HealthCare France,INDUSTRY,Unknown,crohn's disease,2026-05-24T07:39:00.132149+00:00
NCT01417702,Endoscopy for Assessment of Mucosal Healing in IBD,COMPLETED,,2011-08,2014-11,232,University of Erlangen-Nürnberg Medical School,OTHER,Success,crohn's disease,2026-05-24T07:39:00.132149+00:00
NCT02084290,Evaluating a Shared Decision Making Program for Crohn's Disease,COMPLETED,NA,2014-03,2018-12-31,204,Dartmouth-Hitchcock Medical Center,OTHER,Success,crohn's disease,2026-05-24T07:39:00.132149+00:00
NCT02997059,Effect of Fluconazole on the Levels of ASCA After Surgical Resection for Crohn's Disease.,COMPLETED,Phase 2,2008-07,2015-06,35,"University Hospital, Lille",OTHER,Success,crohn's disease,2026-05-24T07:39:00.132149+00:00
NCT06109961,Hyperbaric Oxygen Therapy for Perianal Fistulizing Crohn's Disease Not Responsive or Intolerant to Conventional Care: HYPNOTIC Pilot Study,UNKNOWN,Phase 1; Phase 2,2024-01,2026-03,40,Ottawa Hospital Research Institute,OTHER,Unknown,crohn's disease,2026-05-24T07:39:00.132149+00:00
NCT05418062,Group ACT for CD Pain- a Feasibility Study,UNKNOWN,NA,2023-01-11,2024-02,48,King's College London,OTHER,Unknown,crohn's disease,2026-05-24T07:39:00.132149+00:00
NCT04508088,Skeletal Health and Bone Marrow Composition in Newly Diagnosed Adolescents With Crohn Disease,RECRUITING,,2020-09-10,2026-12,92,Massachusetts General Hospital,OTHER,Ongoing,crohn's disease,2026-05-24T07:39:00.132149+00:00
NCT03235180,Ultrasound Evaluation of Crohn's Disease,TERMINATED,Phase 4,2017-06-16,2021-10-12,9,Mayo Clinic,OTHER,Failure,crohn's disease,2026-05-24T07:39:00.132149+00:00
NCT02998827,Thalidomide Results in Diminished Ovarian Reserve in Reproductive Age Female IBD Patients,UNKNOWN,NA,2016-11,,90,"Sixth Affiliated Hospital, Sun Yat-sen University",OTHER,Unknown,crohn's disease,2026-05-24T07:39:00.132149+00:00
NCT03808103,Safety and Efficacy of EcoActive on Intestinal Adherent Invasive E. Coli in Patients With Inactive Crohn's Disease,ACTIVE_NOT_RECRUITING,Phase 1; Phase 2,2019-05-01,2026-06-01,30,"Intralytix, Inc.",INDUSTRY,Success,crohn's disease,2026-05-24T07:39:00.132149+00:00
NCT02413047,Evaluate if Response to Infliximab or Adalimumab May be Regained With an Immunomodulator,TERMINATED,NA,2015-05,2018-02,3,Indiana University,OTHER,Failure,crohn's disease,2026-05-24T07:39:00.132149+00:00
NCT01752790,Efficacy and Safety of Top-down Therapy in Pediatric Crohn's Disease,WITHDRAWN,Phase 4,2012-12,2015-12,0,University of Roma La Sapienza,OTHER,Failure,crohn's disease,2026-05-24T07:39:00.132149+00:00
NCT05578313,Inflammatory Bowel Diseases (IBD) Cannabis Registry,UNKNOWN,,2019-07-10,2024-07-10,1000,"Eli Sprecher, MD",OTHER_GOV,Unknown,crohn's disease,2026-05-24T07:39:00.132149+00:00
NCT00445432,A Study of Adalimumab for the Maintenance of Clinical Remission in Japanese Subjects With Crohn's Disease,COMPLETED,Phase 2; Phase 3,2007-03,2010-11,82,Abbott,INDUSTRY,Success,crohn's disease,2026-05-24T07:39:00.132149+00:00
NCT03266484,Effect of a Probiotic Mixture on the Gut Microbiome and Fatigue in Patients With Quiescent Inflammatory Bowel Disease,COMPLETED,NA,2017-11-13,2024-07-01,100,Massachusetts General Hospital,OTHER,Success,crohn's disease,2026-05-24T07:39:00.132149+00:00
NCT01769755,"A Randomized, Double-Blind, Placebo-Controlled Dose-Escalation Study to Determine the Safety and Efficacy of Intravenous Infusion of Human Placenta-Derived Cells (PDA001) for the Treatment of Crohn's Disease",COMPLETED,Phase 1,2013-03,2014-11,14,Celularity Incorporated,INDUSTRY,Success,crohn's disease,2026-05-24T07:39:00.132149+00:00
NCT05523050,Active Surgical Intervention on Crohn's Disease,UNKNOWN,NA,2022-09-16,2024-05-16,100,Wuxi People's Hospital,OTHER,Unknown,crohn's disease,2026-05-24T07:39:00.132149+00:00
NCT04233463,The Effect of Oral Polymeric Diet Enriched With TGF-beta 2 (Modulen) on Clinical Response and Mucosal Healing in Adult Patients With Newly Diagnosed Crohn's Disease,UNKNOWN,NA,2020-01,2021-06,50,Hillel Yaffe Medical Center,OTHER_GOV,Unknown,crohn's disease,2026-05-24T07:39:00.132149+00:00
NCT06405087,A Long-Term Extension Study of Vedolizumab in Children and Teenagers With Ulcerative Colitis (UC) or Crohn's Disease (CD),RECRUITING,Phase 3,2025-10-27,2032-01-26,70,Takeda,INDUSTRY,Ongoing,crohn's disease,2026-05-24T07:39:00.132149+00:00
NCT06456593,Efficacy and Safety of Obefazimod in Subjects With Moderately to Severely Active Crohn's Disease,RECRUITING,Phase 2,2024-10-30,2028-04,212,Abivax S.A.,INDUSTRY,Ongoing,crohn's disease,2026-05-24T07:39:00.132149+00:00
NCT05470985,"A Study to Evaluate the Efficacy, Safety, and Drug Levels of Oral Ozanimod in Pediatric Participants With Moderately to Severely Active Crohn's Disease With an Inadequate Response to Conventional Therapy",TERMINATED,Phase 2; Phase 3,2023-08-22,2024-09-13,5,Bristol-Myers Squibb,INDUSTRY,Failure,crohn's disease,2026-05-24T07:39:00.132149+00:00
NCT05626023,A Study of Human TH-SC01 Cell Injection for Treating Perianal Fistulas in Patients With Crohn's Disease,COMPLETED,Phase 1; Phase 2,2022-01-30,2025-02-28,9,"Jiangsu Topcel-KH Pharmaceutical Co., Ltd.",INDUSTRY,Success,crohn's disease,2026-05-24T07:39:00.132149+00:00
NCT00221026,Safety and Efficacy of Extracorporeal Photoimmune Therapy With UVADEX for the Treatment of Crohn's Disease,COMPLETED,Phase 2,2004-12,2006-06,25,Mallinckrodt,INDUSTRY,Success,crohn's disease,2026-05-24T07:39:00.132149+00:00
NCT04192825,Analysis of Therapeutic Management Strategies for Anal Suppurations of Crohn's Disease,RECRUITING,,2020-02-03,2028-08-03,440,Rennes University Hospital,OTHER,Ongoing,crohn's disease,2026-05-24T07:39:00.132149+00:00
NCT06407674,Non-invasive Assessment of RECTUM (POUCH) by US (RECT-US) in a Cohort of IBD Patients,RECRUITING,,2024-01-10,2025-05-28,150,IRCCS San Raffaele,OTHER,Ongoing,crohn's disease,2026-05-24T07:39:00.132149+00:00
NCT06788340,MOdel-Informed Precision Dosing of Ustekinumab and VEdolizumab in Inflammatory Bowel Disease,NOT_YET_RECRUITING,Phase 4,2025-09-01,2027-11-01,166,Odense University Hospital,OTHER,Ongoing,crohn's disease,2026-05-24T07:39:00.132149+00:00
NCT07519850,The Impact of Perianal Disease on Patient's Sex Life,RECRUITING,,2026-03-31,2026-06-20,60,AHEPA University Hospital,OTHER,Ongoing,crohn's disease,2026-05-24T07:39:00.132149+00:00
NCT04132024,Feasibility of Insomnia Tracking and Treatment in IBD,COMPLETED,NA,2019-10-07,2021-04-15,39,Dartmouth-Hitchcock Medical Center,OTHER,Success,crohn's disease,2026-05-24T07:39:00.132149+00:00
NCT03011593,Effect of UGIR in Adults With Compromised Gut Function and Malabsorption,COMPLETED,NA,2015-11,2016-06,18,"Metagenics, Inc.",INDUSTRY,Success,crohn's disease,2026-05-24T07:39:00.132149+00:00
NCT03019016,Comparison of Intracorporeal and Extracorporeal Anastomoses for Minimally Invasive Right Colectomy,COMPLETED,,2016-08,2017-10,1000,Intuitive Surgical,INDUSTRY,Success,crohn's disease,2026-05-24T07:39:00.132149+00:00
NCT01666626,Ultrasound Stiffness Imaging in Crohn's Disease,COMPLETED,,2012-09,2015-07,30,University of Michigan,OTHER,Success,crohn's disease,2026-05-24T07:39:00.132149+00:00
NCT03378167,PediCRaFT: Pediatric Crohn's Disease Fecal Transplant Trial,COMPLETED,Phase 1,2018-12-01,2023-09-30,17,McMaster Children's Hospital,OTHER,Success,crohn's disease,2026-05-24T07:39:00.132149+00:00
NCT00427921,Human Anti-TNF Monoclonal Antibody Adalimumab in Canadian Subjects With Moderate to Severe Crohn's Disease (ACCESS),COMPLETED,Phase 3,2007-01,2008-01,304,Abbott,INDUSTRY,Success,crohn's disease,2026-05-24T07:39:00.132149+00:00
NCT06324838,Extended Mesenteric Resection in Ileocecal Crohn's Disease.,RECRUITING,NA,2025-02-01,2029-06,204,Odense University Hospital,OTHER,Ongoing,crohn's disease,2026-05-24T07:39:00.132149+00:00
NCT06534216,Role of Intestinal Ultrasound in Treat to Target Strategy in the Management of Inflammatory Bowel Disease : the IUS-TTT Study,ACTIVE_NOT_RECRUITING,,2024-04-05,2026-03-04,100,"Asian Institute of Gastroenterology, India",OTHER,Success,crohn's disease,2026-05-24T07:39:00.132149+00:00
NCT02931799,Prevention of Readmissions at IBD Centres of Excellence,UNKNOWN,NA,2018-10-01,2021-12,400,"Mount Sinai Hospital, Canada",OTHER,Unknown,crohn's disease,2026-05-24T07:39:00.132149+00:00
NCT06802887,Long-term Treatment With Ustekinumab in Patients With Crohn's Disease and Ulcerative Colitis: a Cohort Study,RECRUITING,,2021-07-18,2025-12,12,IRCCS Azienda Ospedaliero-Universitaria di Bologna,OTHER,Ongoing,crohn's disease,2026-05-24T07:39:00.132149+00:00
NCT00862121,A Study With Pentasa in Patients With Active Crohn's Disease,TERMINATED,Phase 3,2009-04,2010-10,20,Ferring Pharmaceuticals,INDUSTRY,Failure,crohn's disease,2026-05-24T07:39:00.132149+00:00
NCT03706196,"Comparison of Environmental Factors Between the Areas of Over- and Under-incidence of Crohn's Disease in the Haut de France Region, by the Study of Dental Exposomes",COMPLETED,,2019-04-02,2019-07-16,14,"University Hospital, Lille",OTHER,Success,crohn's disease,2026-05-24T07:39:00.132149+00:00
NCT04876690,A Study of the Quality of Life in Adults With Crohn's Disease With Complex Perianal Fistulas,COMPLETED,,2021-07-09,2022-05-27,15,Takeda,INDUSTRY,Success,crohn's disease,2026-05-24T07:39:00.132149+00:00
NCT02255370,Curcumin Associated With Thiopurin in the Prevention of Post-op Recurrence in Crohn Disease,COMPLETED,Phase 3,2014-12,2018-06,61,"University Hospital, Clermont-Ferrand",OTHER,Success,crohn's disease,2026-05-24T07:39:00.132149+00:00
NCT05835973,Evaluation of Sleep Changes in Inflammatory Bowel Diseases (IBD) Patients.,RECRUITING,NA,2025-04-08,2028-06-08,216,Hospices Civils de Lyon,OTHER,Ongoing,crohn's disease,2026-05-24T07:39:00.132149+00:00
NCT07539727,Clinical Value of Intestinal Ultrasound in Predicting Clinical Relapse in Crohn's Disease Patients in Deep Remission: a Multicenter Prospective Observational Study,RECRUITING,,2025-01-01,2029-01-01,420,"Nanfang Hospital, Southern Medical University",OTHER,Ongoing,crohn's disease,2026-05-24T07:39:00.132149+00:00
NCT04881370,Quality of Life for Patients With Chronic Paediatric Onset Inflammatory Bowel Disease (IBD),TERMINATED,,2020-10-09,2021-06-28,298,"University Hospital, Lille",OTHER,Failure,crohn's disease,2026-05-24T07:39:00.132149+00:00
NCT03914261,Expanded Access to Risankizumab,NO_LONGER_AVAILABLE,,,,,AbbVie,INDUSTRY,Unknown,crohn's disease,2026-05-24T07:39:00.132149+00:00
NCT02801240,Effect of a Comprehensive Nutrition Support Product on the Nutritional Status of Adults With Inflammatory Bowel Disease,COMPLETED,NA,2016-06-01,2016-12-16,10,National University of Natural Medicine,OTHER,Success,crohn's disease,2026-05-24T07:39:00.132149+00:00
NCT04362735,Efficacy of Vedolizumab in Crohn's Disease Patients Naive to Biological Therapy,UNKNOWN,,2020-08-01,2021-04-01,100,Pontifícia Universidade Católica do Paraná,OTHER,Unknown,crohn's disease,2026-05-24T07:39:00.132149+00:00
NCT00609752,Adverse Effects of Glucocorticoid Therapy on Bone in Childhood Crohn's Disease,UNKNOWN,Phase 4,2008-02,2010-01,80,University Hospital Birmingham,OTHER,Unknown,crohn's disease,2026-05-24T07:39:00.132149+00:00
NCT03677648,A Phase II Study in Patients With Moderate to Severe Active Crohn's Disease,COMPLETED,Phase 2,2019-05-14,2021-12-09,112,Reistone Biopharma Company Limited,INDUSTRY,Success,crohn's disease,2026-05-24T07:39:00.132149+00:00
NCT06953791,Comparison of Quality of Life During a Flare of Crohn's Disease Treated With Prednisolone or aCDED With PEN in Adult Patients,RECRUITING,Phase 2,2026-02-01,2028-02-01,52,University Hospital Tuebingen,OTHER,Ongoing,crohn's disease,2026-05-24T07:39:00.132149+00:00
NCT07169123,Protease Regulation and Impact of Sodium as Mechanisms of Inflammation in IBD,NOT_YET_RECRUITING,,2025-09-18,2029-09-01,300,McMaster University,OTHER,Ongoing,crohn's disease,2026-05-24T07:39:00.132149+00:00
NCT03889613,Pillcam Crohn's Capsule for Monitoring of Panenteric Mucosal Healing in Crohn's Disease Patients With Vedolizumab,UNKNOWN,NA,2019-04-03,2024-11-01,60,Sheba Medical Center,OTHER_GOV,Unknown,crohn's disease,2026-05-24T07:39:00.132149+00:00
NCT05918562,Efficacy of a Low Fiber Diet for Pediatric Colonoscopy Prep,UNKNOWN,NA,2021-04-20,2023-09-01,80,Rhode Island Hospital,OTHER,Unknown,crohn's disease,2026-05-24T07:39:00.132149+00:00
NCT06734780,Effects of Vaping on Post-operative Recurrence of Crohn's Disease,RECRUITING,,2024-11-30,2025-08,600,IRCCS Ospedale San Raffaele,OTHER,Ongoing,crohn's disease,2026-05-24T07:39:00.132149+00:00
NCT05117996,Simplified Bowel Preparation Versus Standard Bowel Preparation Before Capsule Endoscopy in Patients With Crohn's Disease,COMPLETED,NA,2022-07-05,2024-04-22,144,Nantes University Hospital,OTHER,Success,crohn's disease,2026-05-24T07:39:00.132149+00:00
NCT04187820,Effect of Acupuncture on Mild to Moderate Active Crohn's Disease,RECRUITING,NA,2019-06-01,2026-12-31,60,"Shanghai Institute of Acupuncture, Moxibustion and Meridian",OTHER,Ongoing,crohn's disease,2026-05-24T07:39:00.132149+00:00
NCT07170462,Cranberry and Gut Health in Crohn's Disease,RECRUITING,EARLY_PHASE1,2025-10-29,2026-09-15,50,Ana Maldonado-Contreras,OTHER,Ongoing,crohn's disease,2026-05-24T07:39:00.132149+00:00
NCT01986127,Adalimumab Intralesional in Intestinal Strictures of Crohn's Disease Patients,TERMINATED,Phase 3,2014-02-14,2018-06-30,26,Sara Varea,OTHER,Failure,crohn's disease,2026-05-24T07:39:00.132149+00:00
NCT04031469,A Non-Interventional Pilot Study to Explore the Role of Gut Flora in Disease,SUSPENDED,,2019-07-11,2030-12-10,1000,ProgenaBiome,OTHER,Failure,crohn's disease,2026-05-24T07:39:00.132149+00:00
NCT01442025,Study Investigating Tailored Treatment With Infliximab for Active Crohn's Disease,COMPLETED,Phase 4,2012-06,2015-07,121,Groupe d'Etude Therapeutique des Affections Inflammatoires Digestives,OTHER,Success,crohn's disease,2026-05-24T07:39:00.132149+00:00
NCT06146816,The Assessment of Infrared Treatment for Crohn's Disease,RECRUITING,NA,2023-09-12,2028-01,40,"Shmuel Kivity, MD",OTHER_GOV,Ongoing,crohn's disease,2026-05-24T07:39:00.132149+00:00
NCT00222378,"Prevalence of Cytomegalovirus, Epstein Barr Virus and Human Herpes 6 Virus in Inflammatory Bowel Disease",COMPLETED,,2005-04,2012-06,129,University of Miami,OTHER,Success,crohn's disease,2026-05-24T07:39:00.132149+00:00
NCT00427804,Tumor Necrosis Factor Decreases Vitamin D Dependant Calcium Absorption,COMPLETED,NA,2007-01,2009-11,9,Atlanta VA Medical Center,FED,Success,crohn's disease,2026-05-24T07:39:00.132149+00:00
NCT07113717,Post Operative Hospital at Home After Colorectal Surgery,NOT_YET_RECRUITING,NA,2025-12-15,2027-06,20,Nordsjaellands Hospital,OTHER,Ongoing,crohn's disease,2026-05-24T07:39:00.132149+00:00
NCT02272868,Fecal Microbial Transplant in Pediatric Crohn's Disease,TERMINATED,Phase 1; Phase 2,2015-01,2016-10-01,7,Seattle Children's Hospital,OTHER,Failure,crohn's disease,2026-05-24T07:39:00.132149+00:00
NCT06754891,Clinical Trial of TQH3906 Capsules for the Treatment of Adult Patients With Moderately to Severely Active Ulcerative Colitis or Crohn's Disease,RECRUITING,Phase 1,2025-01-28,2027-12,135,"Chia Tai Tianqing Pharmaceutical Group Nanjing Shunxin Pharmaceutical Co., Ltd.",INDUSTRY,Ongoing,crohn's disease,2026-05-24T07:39:00.132149+00:00
NCT06053424,Positron Emission Tomography (PET) Study of Changes in [11C]AZ14132516 Uptake Following Administration of AZD7798 to Healthy Participants and Patients With Crohn's Disease,COMPLETED,Phase 1,2023-09-25,2024-10-08,13,AstraZeneca,INDUSTRY,Success,crohn's disease,2026-05-24T07:39:00.132149+00:00
NCT04018040,Vegetarian Diet in IBD,COMPLETED,NA,2019-05-06,2023-08-10,21,Edith Cowan University,OTHER,Success,crohn's disease,2026-05-24T07:39:00.132149+00:00
NCT01692808,Bioavailability of Vitamin D in Children and Adolescents With Crohn's Disease,COMPLETED,Phase 2,2012-10,2014-11,20,St. Justine's Hospital,OTHER,Success,crohn's disease,2026-05-24T07:39:00.132149+00:00
NCT04046913,The ADDapt Diet in Reducing Crohn's Disease Inflammation,UNKNOWN,NA,2019-09-09,2024-08-20,154,King's College London,OTHER,Unknown,crohn's disease,2026-05-24T07:39:00.132149+00:00
NCT02742597,Patient-Centred Innovations for Persons With Multimorbidity - Ontario,COMPLETED,NA,2016-01-12,2022-10-19,175,London Health Sciences Centre Research Institute OR Lawson Research Institute of St. Joseph's,OTHER,Success,crohn's disease,2026-05-24T07:39:00.132149+00:00
NCT00972218,Effectiveness and Safety of Spondylitis Related to Inflammatory Bowel Disease,WITHDRAWN,Phase 4,2009-07,2010-01,0,University of Alberta,OTHER,Failure,crohn's disease,2026-05-24T07:39:00.132149+00:00
NCT00517296,Endoscopic Ultrasound (EUS) Guided Treatment With Humira for Crohn's Perianal Fistulas,COMPLETED,Phase 4,2008-01,2015-12,21,Vanderbilt University Medical Center,OTHER,Success,crohn's disease,2026-05-24T07:39:00.132149+00:00
NCT06773182,Assessing Interventions of Diet in IBD,RECRUITING,NA,2025-04-01,2027-01-01,45,McMaster University,OTHER,Ongoing,crohn's disease,2026-05-24T07:39:00.132149+00:00
NCT06429488,"Obsessive-compulsive Disorder, Depression and Anxiety Among Patients With Crohn's Disease",COMPLETED,,2022-09-01,2023-09-01,293,University of Jordan,OTHER,Success,crohn's disease,2026-05-24T07:39:00.132149+00:00
NCT05096897,Oral Health-related Quality of Life (OHRQoL) in Patients With Inflammatory Bowel Disease (IBD),COMPLETED,,2023-01-05,2023-12-01,138,"University Hospital, Lille",OTHER,Success,crohn's disease,2026-05-24T07:39:00.132149+00:00
NCT02321280,The Efficacy of Denosumab in Active Crohn's Disease,COMPLETED,Phase 1; Phase 2,2015-02,2018-04-20,2,University of Manitoba,OTHER,Success,crohn's disease,2026-05-24T07:39:00.132149+00:00
NCT02378688,Safety and Efficacy of MT-1303 in Subjects With Moderate to Severe Active Crohn's Disease,COMPLETED,Phase 2,2015-03,2016-10,78,Tanabe Pharma Corporation,INDUSTRY,Success,crohn's disease,2026-05-24T07:39:00.132149+00:00
NCT04799496,A Study of Kynteles Injection (Vedolizumab) in Adults With Moderate to Severe Ulcerative Colitis or Crohn's Disease or Chronic Pouchitis,COMPLETED,,2020-06-10,2025-06-30,688,Takeda,INDUSTRY,Success,crohn's disease,2026-05-24T07:39:00.132149+00:00
NCT00207766,A Study of the Safety and Efficacy of Infliximab (Remicade) in Subjects With Fistulizing Crohn's Disease,COMPLETED,Phase 3,2000-06,2006-08,306,"Centocor, Inc.",INDUSTRY,Success,crohn's disease,2026-05-24T07:39:00.132149+00:00
NCT05033431,"Study to Evaluate the Pharmacokinetics (Movement of Drugs Within the Body), Safety and Tolerability of Brazikumab in Healthy Chinese and White Participants",COMPLETED,Phase 1,2021-10-11,2022-10-12,48,AstraZeneca,INDUSTRY,Success,crohn's disease,2026-05-24T07:39:00.132149+00:00
NCT01562951,Assessment of Mucosal Activity to Improve the Prognosis of Patients With Crohn's Disease Treated With Immunosuppressants,TERMINATED,Phase 3,2012-10,2014-03,15,Grupo Espanol de Trabajo en Enfermedad de Crohn y Colitis Ulcerosa,OTHER,Failure,crohn's disease,2026-05-24T07:39:00.132149+00:00
NCT03161886,A Treat-to-target Strategy Using Pan-enteric Capsule Endoscopy (PCE) in Paediatric Crohn's Disease (CD).,COMPLETED,NA,2014-12-01,2017-01-10,48,Azienda Policlinico Umberto I,OTHER,Success,crohn's disease,2026-05-24T07:39:00.132149+00:00
NCT07529236,"Digestive Evolution of Children With Crohn's Disease or Ulcerative Colitis Whose Anti-TNFα Treatment Was Switched to Ustekinumab Due to Paradoxical Psoriasis,",NOT_YET_RECRUITING,,2026-04-19,2027-10-01,40,Centre Hospitalier Universitaire de Nice,OTHER,Ongoing,crohn's disease,2026-05-24T07:39:00.132149+00:00
NCT04321863,Stratifying Crohn's Using Biomarker Assessment,UNKNOWN,,2020-08-13,2022-07-01,315,NHS Greater Glasgow and Clyde,OTHER,Unknown,crohn's disease,2026-05-24T07:39:00.132149+00:00
NCT02998398,Evaluation of the Switch From the Original Infliximab to Its Biosimilar in Daily Practice at Cochin Hospital,COMPLETED,,2015-10,2016-06-29,262,Assistance Publique - Hôpitaux de Paris,OTHER,Success,crohn's disease,2026-05-24T07:39:00.132149+00:00
NCT05452304,"AZD7798 Safety, Tolerability, and Pharmacokinetics After a Single Ascending and Repeat Dose Administrations to Healthy Subjects, and Patients With Crohn's Disease",COMPLETED,Phase 1,2022-07-12,2024-11-27,112,AstraZeneca,INDUSTRY,Success,crohn's disease,2026-05-24T07:39:00.132149+00:00
NCT02326155,To Evaluate the Safety and Efficacy of Remsima™ in Patients With Crohn's Disease (CD) or Ulcerative Colitis (UC),TERMINATED,,2014-12-08,2020-02-28,470,Celltrion,INDUSTRY,Failure,crohn's disease,2026-05-24T07:39:00.132149+00:00
NCT03131414,The IMAGINE-SPOR CIHR Chronic Disease Network,UNKNOWN,,2017-10-01,2023-06-01,8000,Hamilton Health Sciences Corporation,OTHER,Unknown,crohn's disease,2026-05-24T07:39:00.132149+00:00
NCT05615116,Clinical Study on the Distribution of Digestive Tract Microbiota Before and After Ileocecal Resection in Crohn's Disease,UNKNOWN,,2022-11-15,2023-03-15,60,Shanghai 10th People's Hospital,OTHER,Unknown,crohn's disease,2026-05-24T07:39:00.132149+00:00
NCT02322008,Anti-TNF Therapy in Danish Patients With Inflammatory Bowel Diseases in Clinical Practice,COMPLETED,,2009-09,2011-03,1035,"Regionshospitalet Viborg, Skive",OTHER,Success,crohn's disease,2026-05-24T07:39:00.132149+00:00
NCT05165108,Non-invasive Vagus Nerve Stimulation in the Treatment of Crohn's Disease - A Pilot Study,TERMINATED,NA,2021-11-30,2022-08-12,4,Indiana University,OTHER,Failure,crohn's disease,2026-05-24T07:39:00.132149+00:00
NCT07471438,Study of Concordance Between Inflammatory Activity Assessed by Enteric MRI With and Without Intestinal Distension Product in Patients With Ileal Crohn's Disease.,NOT_YET_RECRUITING,NA,2026-03,2026-09,60,"University Hospital, Clermont-Ferrand",OTHER,Ongoing,crohn's disease,2026-05-24T07:39:00.132149+00:00
NCT03222011,Stricture Definition and Treatment (STRIDENT) Endoscopic Therapy Study,UNKNOWN,NA,2017-10-09,2021-02,30,St Vincent's Hospital Melbourne,OTHER,Unknown,crohn's disease,2026-05-24T07:39:00.132149+00:00
NCT03555058,The CURE - CD Trial,COMPLETED,NA,2018-07-03,2023-12-26,60,Sheba Medical Center,OTHER_GOV,Success,crohn's disease,2026-05-24T07:39:00.132149+00:00
NCT04178408,IBD Registry in a Sub-Saharan African Population,RECRUITING,,2021-01-02,2025-12-31,100,University of Zimbabwe,OTHER,Ongoing,crohn's disease,2026-05-24T07:39:00.132149+00:00
NCT05725876,Quantitative Fluorescence Molecular Imaging of Ustekinumab-800CW to Elucidate the Drug Distribution Throughout Inflamed Tissue in Crohn's Disease and Psoriasis.,RECRUITING,Phase 1,2025-01-06,2027-01-06,56,University Medical Center Groningen,OTHER,Ongoing,crohn's disease,2026-05-24T07:39:00.132149+00:00
NCT05068284,A Study to Evaluate Adverse Events and Change in Disease Activity in Participants Between 18 to 75 Years of Age Treated With Intravenous (IV) Infusion and Subcutaneous (SC) Injections of ABBV-154 for Moderately to Severely Active Crohn's Disease,TERMINATED,Phase 2,2022-01-31,2023-07-20,176,AbbVie,INDUSTRY,Failure,crohn's disease,2026-05-24T07:39:00.132149+00:00
NCT00655135,Phase 2 Study of the Safety and Efficacy of LDP-02 in Mildly to Moderately Active Crohn's Patients,COMPLETED,Phase 2,2000-02,,185,"Millennium Pharmaceuticals, Inc.",INDUSTRY,Success,crohn's disease,2026-05-24T07:39:00.132149+00:00
NCT06063967,A Study to Assess Adverse Events and Change in Disease Activity of Risankizumab Subcutaneous Induction Treatment for Moderately to Severely Active Crohn's Disease.,ACTIVE_NOT_RECRUITING,Phase 3,2023-11-15,2027-03,289,AbbVie,INDUSTRY,Success,crohn's disease,2026-05-24T07:39:00.132149+00:00
NCT01991314,Treatment of Iron Deficiency Anaemia in Inflammatory Bowel Disease With Ferrous Sulphate,COMPLETED,Phase 4,2011-12,2015-06,90,Queen Mary University of London,OTHER,Success,crohn's disease,2026-05-24T07:39:00.132149+00:00
NCT06900738,A Study to Evaluate Non-invasive Measurements of the Inflammatory Status in Patients with IBD,NOT_YET_RECRUITING,NA,2025-10-01,2026-10-01,50,Universitaire Ziekenhuizen KU Leuven,OTHER,Ongoing,crohn's disease,2026-05-24T07:39:00.132149+00:00
NCT02550158,A Study Evaluating the Impact of an Educational Program (EDU-MICI) on Patients With Inflammatory Bowel Disease,COMPLETED,NA,2011-06,2015-04,263,Groupe d'Etude Therapeutique des Affections Inflammatoires Digestives,OTHER,Success,crohn's disease,2026-05-24T07:39:00.132149+00:00
NCT01417715,Endomicroscopy for Assessment of Mucosal Healing,COMPLETED,,2011-08,2014-08,84,University of Erlangen-Nürnberg Medical School,OTHER,Success,crohn's disease,2026-05-24T07:39:00.132149+00:00
NCT05386290,A Multicentered Prospective Cohort Study of Chinese IBD Patients,UNKNOWN,,2020-07-09,2023-12,200,Peking Union Medical College Hospital,OTHER,Unknown,crohn's disease,2026-05-24T07:39:00.132149+00:00
NCT01570348,Crohn's Allogeneic Transplant Study,TERMINATED,Phase 2,2012-07-17,2019-10-30,2,Fred Hutchinson Cancer Center,OTHER,Failure,crohn's disease,2026-05-24T07:39:00.132149+00:00
NCT05456763,Butyrate in Pediatric Inflammatory Bowel Disease,COMPLETED,NA,2013-06,2022-06,100,Centre of Postgraduate Medical Education,OTHER,Success,crohn's disease,2026-05-24T07:39:00.132149+00:00
NCT00245947,Study Evaluating ERB-041 in Active Crohn's Disease,COMPLETED,Phase 1,2004-04,2005-04,22,Wyeth is now a wholly owned subsidiary of Pfizer,INDUSTRY,Success,crohn's disease,2026-05-24T07:39:00.132149+00:00
NCT03941418,Impact of Additional Treatment With Saccharomyces Boulardii on Quality of Life in Patients With Mild Forms of Ulcerative Colitis and Crohn Disease,UNKNOWN,NA,2019-06-01,2020-03-31,150,University Clinic Dr Dragisa Misovic-Dedinje,OTHER,Unknown,crohn's disease,2026-05-24T07:39:00.132149+00:00
NCT06203158,Intestinal Epithelial Fucosylation Affects the Efficacy of Ustekinumab in Crohn's Disease,COMPLETED,,2023-12-26,2024-02-28,50,Second Affiliated Hospital of Wenzhou Medical University,OTHER,Success,crohn's disease,2026-05-24T07:39:00.132149+00:00
NCT00138840,Study of STA-5326 Mesylate in Patients With Moderate to Severe Crohn's Disease,COMPLETED,Phase 2,2005-08,,282,Synta Pharmaceuticals Corp.,INDUSTRY,Success,crohn's disease,2026-05-24T07:39:00.132149+00:00
NCT02193048,Prospective Evaluation of a Scoring System in Patients Newly Diagnosed With Crohn's Disease,COMPLETED,,2014-09,2021-12-31,216,Ferring Pharmaceuticals,INDUSTRY,Success,crohn's disease,2026-05-24T07:39:00.132149+00:00
NCT01951326,Efficacy and Safety of Anti-MAP Therapy in Adult Crohn's Disease,COMPLETED,Phase 3,2013-09,2019-08,331,RedHill Biopharma Limited,INDUSTRY,Success,crohn's disease,2026-05-24T07:39:00.132149+00:00
