phase,enrollment_log,sponsor_type,mechanism_id,duration_months,disease_trial_rate,prior_approvals,disease_prevalence_log,phase_success_rate,success,disease,raw_probability
2,5.8377304471659395,1,13,34,0.525,4,5.071882007306125,0.36,0,Sickle Cell Disease,0.49148202755372566
3,4.997212273764115,1,12,74,1.6,8,6.0,0.58,0,Multiple Sclerosis,0.7752631200395321
3,5.5254529391317835,0,10,69,1.6,8,6.0,0.58,1,Multiple Sclerosis,0.8518145365937076
2,4.812184355372417,0,14,66,0.475,3,7.505149978319906,0.36,0,Food Allergy & Anaphylaxis,0.5629425429372583
1,5.598421958998375,0,13,46,0.425,2,5.079181246047625,0.64,1,Autoimmune Liver Diseases,0.6961437263473542
3,4.454347296253507,0,12,72,0.475,3,7.505149978319906,0.58,1,Food Allergy & Anaphylaxis,0.7242073868584448
2,4.110873864173311,1,2,61,0.9,5,7.3979400086720375,0.36,0,Diabetic Nephropathy,0.4494587188117005
1,4.290459441148391,1,11,43,0.425,2,5.079181246047625,0.64,1,Autoimmune Liver Diseases,0.580241463318065
1,5.75890177387728,0,11,44,0.7,3,5.301029995663981,0.64,1,Systemic Lupus Erythematosus,0.7511952680466077
3,4.499809670330265,1,11,63,0.9,5,7.3979400086720375,0.58,1,Diabetic Nephropathy,0.725839975853869
2,3.1780538303479458,1,11,55,0.9,5,7.3979400086720375,0.36,0,Diabetic Nephropathy,0.40151620149705297
1,4.634728988229636,1,9,50,0.525,4,5.071882007306125,0.64,1,Sickle Cell Disease,0.8043234646981425
1,4.007333185232471,0,14,43,0.475,3,7.505149978319906,0.64,1,Food Allergy & Anaphylaxis,0.8395240263621426
3,5.700443573390687,1,9,70,0.525,4,5.071882007306125,0.58,1,Sickle Cell Disease,0.792929498359199
1,3.713572066704308,1,0,37,0.325,2,5.176091259055681,0.64,1,Hidradenitis Suppurativa,0.6255187967396256
2,5.7430031878094825,0,2,49,0.475,3,7.505149978319906,0.36,0,Food Allergy & Anaphylaxis,0.5397311363095573
1,3.58351893845611,2,6,45,0.425,2,5.079181246047625,0.64,0,Autoimmune Liver Diseases,0.4641755604417328
3,4.624972813284271,1,4,56,0.9,5,7.3979400086720375,0.58,1,Diabetic Nephropathy,0.732164183209325
3,5.937536205082426,0,1,70,0.525,4,5.071882007306125,0.58,1,Sickle Cell Disease,0.7848195338149082
3,5.093750200806762,1,3,68,0.9,5,7.3979400086720375,0.58,1,Diabetic Nephropathy,0.7557879741288812
2,3.8918202981106265,1,9,56,0.525,4,5.071882007306125,0.36,0,Sickle Cell Disease,0.46330154124599
1,6.621405651764134,1,5,35,0.7,3,5.301029995663981,0.64,0,Systemic Lupus Erythematosus,0.81441181769378
1,5.71042701737487,0,9,27,0.475,3,7.505149978319906,0.64,1,Food Allergy & Anaphylaxis,0.9254303372713727
1,7.207118856207756,1,13,46,0.9,5,7.3979400086720375,0.64,1,Diabetic Nephropathy,0.9317270219408746
1,4.127134385045092,1,8,35,0.9,5,7.3979400086720375,0.64,1,Diabetic Nephropathy,0.8469518505759276
3,4.836281906951478,1,14,49,0.325,2,5.176091259055681,0.58,1,Hidradenitis Suppurativa,0.6904905108990438
2,6.955592608396297,1,4,63,0.525,4,5.071882007306125,0.36,0,Sickle Cell Disease,0.5474734339446448
1,4.219507705176107,0,3,33,0.475,3,7.505149978319906,0.64,0,Food Allergy & Anaphylaxis,0.7803094550034771
3,5.438079308923196,1,5,65,0.475,3,7.505149978319906,0.58,0,Food Allergy & Anaphylaxis,0.7937609242116409
1,3.6635616461296463,2,2,43,0.7,3,5.301029995663981,0.64,0,Systemic Lupus Erythematosus,0.5152874653535814
3,5.327876168789581,0,15,68,1.6,8,6.0,0.58,1,Multiple Sclerosis,0.9118919896575158
1,6.70073110954781,0,6,29,0.325,2,5.176091259055681,0.64,1,Hidradenitis Suppurativa,0.8260498410420127
3,4.820281565605037,0,2,80,0.525,4,5.071882007306125,0.58,0,Sickle Cell Disease,0.7286840418025498
1,5.720311776607412,2,3,41,0.525,4,5.071882007306125,0.64,1,Sickle Cell Disease,0.7089262091042401
1,5.111987788356544,1,0,21,0.475,3,7.505149978319906,0.64,1,Food Allergy & Anaphylaxis,0.7753720977289579
2,4.060443010546419,1,11,63,0.475,3,7.505149978319906,0.36,0,Food Allergy & Anaphylaxis,0.40489405409232293
1,5.54907608489522,0,2,38,1.6,8,6.0,0.64,1,Multiple Sclerosis,0.9250003629245735
3,4.844187086458591,2,11,63,0.9,5,7.3979400086720375,0.58,1,Diabetic Nephropathy,0.6632222527148359
1,5.111987788356544,1,10,67,0.7,3,5.301029995663981,0.64,1,Systemic Lupus Erythematosus,0.6687054310622912
3,3.4011973816621555,1,15,69,0.7,3,5.301029995663981,0.58,1,Systemic Lupus Erythematosus,0.5937729488665858
3,2.70805020110221,1,14,55,0.325,2,5.176091259055681,0.58,0,Hidradenitis Suppurativa,0.5810276905146917
2,4.060443010546419,1,10,36,1.6,8,6.0,0.36,1,Multiple Sclerosis,0.4638940540923229
1,3.8066624897703196,1,4,71,0.9,5,7.3979400086720375,0.64,1,Diabetic Nephropathy,0.760617639063175
1,6.912742820493176,0,10,39,0.9,5,7.3979400086720375,0.64,1,Diabetic Nephropathy,0.95
1,4.867534450455582,0,2,39,0.425,2,5.079181246047625,0.64,1,Autoimmune Liver Diseases,0.6593987775853458
1,5.529429087511423,1,2,43,0.7,3,5.301029995663981,0.64,1,Systemic Lupus Erythematosus,0.6896808043238514
3,4.219507705176107,0,8,65,0.475,3,7.505149978319906,0.58,1,Food Allergy & Anaphylaxis,0.7823094550034773
2,4.174387269895637,0,9,56,0.425,2,5.079181246047625,0.36,1,Autoimmune Liver Diseases,0.43768564486857897
1,5.541263545158426,0,14,51,0.525,4,5.071882007306125,0.64,0,Sickle Cell Disease,0.8999415373848558
3,5.303304908059076,1,16,63,0.7,3,5.301029995663981,0.58,1,Systemic Lupus Erythematosus,0.6203240256946639
2,6.6293632534374485,1,9,51,1.6,8,6.0,0.36,1,Multiple Sclerosis,0.663143559509572
1,3.091042453358316,1,4,59,0.7,3,5.301029995663981,0.64,1,Systemic Lupus Erythematosus,0.5656342792534333
1,4.948759890378168,1,6,38,0.9,5,7.3979400086720375,0.64,0,Diabetic Nephropathy,0.8184902784977272
2,6.306275286948016,1,15,71,0.425,2,5.079181246047625,0.36,0,Autoimmune Liver Diseases,0.49496393082169454
2,5.087596335232384,0,13,63,0.7,3,5.301029995663981,0.36,1,Systemic Lupus Erythematosus,0.44681170894981853
3,5.093750200806762,1,11,73,0.425,2,5.079181246047625,0.58,0,Autoimmune Liver Diseases,0.5657879741288814
3,4.941642422609304,2,1,60,0.425,2,5.079181246047625,0.58,0,Autoimmune Liver Diseases,0.47813185402379665
3,3.912023005428146,0,13,53,0.9,5,7.3979400086720375,0.58,1,Diabetic Nephropathy,0.7459991722727933
1,6.282266746896006,1,10,19,0.9,5,7.3979400086720375,0.64,1,Diabetic Nephropathy,0.8854279493152717
3,6.78897174299217,1,12,60,1.6,8,6.0,0.58,1,Multiple Sclerosis,0.8651337398160743
1,5.41610040220442,1,1,36,1.6,8,6.0,0.64,1,Multiple Sclerosis,0.8683237932933474
3,5.272999558563747,0,5,57,1.6,8,6.0,0.58,1,Multiple Sclerosis,0.9091343986537619
1,6.111467339502679,1,2,40,0.325,2,5.176091259055681,0.64,1,Hidradenitis Suppurativa,0.7465372031721471
3,5.236441962829949,1,9,66,0.7,3,5.301029995663981,0.58,0,Systemic Lupus Erythematosus,0.6869635882099915
3,5.62040086571715,2,12,63,0.525,4,5.071882007306125,0.58,1,Sickle Cell Disease,0.6389133789172574
2,5.1298987149230735,1,10,37,0.9,5,7.3979400086720375,0.36,1,Diabetic Nephropathy,0.5009396896707584
2,5.497168225293202,2,7,56,0.475,3,7.505149978319906,0.36,1,Food Allergy & Anaphylaxis,0.39739456286762287
3,4.499809670330265,1,16,73,0.325,2,5.176091259055681,0.58,0,Hidradenitis Suppurativa,0.6035066425205357
2,5.849324779946859,2,11,59,0.525,4,5.071882007306125,0.36,1,Sickle Cell Disease,0.4120634294534816
3,5.91350300563827,2,2,71,0.9,5,7.3979400086720375,0.58,1,Diabetic Nephropathy,0.7169479895692884
1,2.833213344056216,1,0,27,0.525,4,5.071882007306125,0.64,0,Sickle Cell Disease,0.641704260145918
3,4.700480365792417,1,0,76,0.7,3,5.301029995663981,0.58,0,Systemic Lupus Erythematosus,0.5899755514787193
1,6.499787040655854,1,0,33,0.9,5,7.3979400086720375,0.64,1,Diabetic Nephropathy,0.8963222648410837
1,4.624972813284271,1,12,59,1.6,8,6.0,0.64,1,Multiple Sclerosis,0.8284975165426584
2,5.53338948872752,2,0,35,0.9,5,7.3979400086720375,0.36,1,Diabetic Nephropathy,0.4412129450761666
1,3.8501476017100584,1,1,46,0.325,2,5.176091259055681,0.64,0,Hidradenitis Suppurativa,0.6325068938583835
1,6.464588303689961,0,9,27,0.475,3,7.505149978319906,0.64,1,Food Allergy & Anaphylaxis,0.95
3,5.43372200355424,1,11,69,0.7,3,5.301029995663981,0.58,1,Systemic Lupus Erythematosus,0.6268754388149841
1,5.187385805840755,0,2,33,0.525,4,5.071882007306125,0.64,1,Sickle Cell Disease,0.8121640015485332
2,4.0943445622221,0,10,33,0.325,2,5.176091259055681,0.36,1,Hidradenitis Suppurativa,0.4056183628958814
2,7.142036574706803,0,0,44,0.475,3,7.505149978319906,0.36,1,Food Allergy & Anaphylaxis,0.6098037468181201
2,5.214935757608986,0,11,50,0.425,2,5.079181246047625,0.36,0,Autoimmune Liver Diseases,0.4202157983426664
2,7.868254265520613,1,7,68,0.7,3,5.301029995663981,0.36,0,Systemic Lupus Erythematosus,0.523
2,4.8283137373023015,1,15,58,0.525,4,5.071882007306125,0.36,0,Sickle Cell Disease,0.5107555689808473
1,5.7430031878094825,1,8,45,0.325,2,5.176091259055681,0.64,1,Hidradenitis Suppurativa,0.7980644696428906
1,6.040254711277414,1,5,38,0.9,5,7.3979400086720375,0.64,1,Diabetic Nephropathy,0.9433017033633689
2,5.996452088619021,1,14,38,0.425,2,5.079181246047625,0.36,1,Autoimmune Liver Diseases,0.47943956206592386
3,5.493061443340548,0,16,70,0.9,5,7.3979400086720375,0.58,1,Diabetic Nephropathy,0.8258550436750964
2,4.919980925828125,0,6,57,1.6,8,6.0,0.36,1,Multiple Sclerosis,0.557374234987398
3,6.803505257608338,1,2,57,0.425,2,5.079181246047625,0.58,0,Autoimmune Liver Diseases,0.6515278955334778
2,4.532599493153256,0,2,55,0.425,2,5.079181246047625,0.36,0,Autoimmune Liver Diseases,0.3858309195530474
1,3.9889840465642745,2,7,46,0.9,5,7.3979400086720375,0.64,1,Diabetic Nephropathy,0.689922753044868
2,6.274762021241939,1,4,46,0.7,3,5.301029995663981,0.36,1,Systemic Lupus Erythematosus,0.45638534102790373
2,4.820281565605037,1,14,52,1.6,8,6.0,0.36,1,Multiple Sclerosis,0.5723507084692163
2,5.739792912179234,1,6,59,1.6,8,6.0,0.36,0,Multiple Sclerosis,0.548570105574555
2,4.68213122712422,1,14,43,0.425,2,5.079181246047625,0.36,1,Autoimmune Liver Diseases,0.41338293242369073
2,4.04305126783455,0,8,57,0.425,2,5.079181246047625,0.36,0,Autoimmune Liver Diseases,0.4310090752373529
1,5.82600010738045,0,3,35,0.325,2,5.176091259055681,0.64,1,Hidradenitis Suppurativa,0.7822271188080797
2,4.941642422609304,0,5,45,0.325,2,5.176091259055681,0.36,0,Hidradenitis Suppurativa,0.51846518735713
2,6.3835066348840055,1,16,57,0.425,2,5.079181246047625,0.36,0,Autoimmune Liver Diseases,0.4288322915709003
3,3.8501476017100584,0,16,85,0.7,3,5.301029995663981,0.58,1,Systemic Lupus Erythematosus,0.5968402271917169
2,6.78332520060396,2,9,56,0.425,2,5.079181246047625,0.36,0,Autoimmune Liver Diseases,0.438851093500935
1,3.2188758248682006,0,12,37,0.475,3,7.505149978319906,0.64,1,Food Allergy & Anaphylaxis,0.7289775155513262
2,3.091042453358316,1,16,48,0.475,3,7.505149978319906,0.36,1,Food Allergy & Anaphylaxis,0.35496761258676657
3,5.60947179518496,1,9,70,0.7,3,5.301029995663981,0.58,1,Systemic Lupus Erythematosus,0.705698260682062
1,5.272999558563747,1,0,46,0.475,3,7.505149978319906,0.64,0,Food Allergy & Anaphylaxis,0.7834677319870953
3,5.278114659230517,0,12,80,1.6,8,6.0,0.58,0,Multiple Sclerosis,0.8393914686287827
2,4.330733340286331,0,0,48,0.9,5,7.3979400086720375,0.36,0,Diabetic Nephropathy,0.510615896377411
1,2.3978952727983707,0,11,67,0.425,2,5.079181246047625,0.64,1,Autoimmune Liver Diseases,0.5315374120169646
2,4.700480365792417,2,10,42,0.425,2,5.079181246047625,0.36,1,Autoimmune Liver Diseases,0.2643088848120526
2,5.780743515792329,2,5,55,0.425,2,5.079181246047625,0.36,0,Autoimmune Liver Diseases,0.3886241068617282
2,3.1354942159291497,0,2,50,0.9,5,7.3979400086720375,0.36,0,Diabetic Nephropathy,0.44929361336851126
2,3.8066624897703196,0,2,57,0.325,2,5.176091259055681,0.36,0,Hidradenitis Suppurativa,0.39095097239650844
1,4.663439094112067,2,10,41,0.475,3,7.505149978319906,0.64,1,Food Allergy & Anaphylaxis,0.6727728415418051
3,3.1354942159291497,0,4,70,0.475,3,7.505149978319906,0.58,1,Food Allergy & Anaphylaxis,0.6566269467018447
2,5.313205979041787,0,12,40,0.475,3,7.505149978319906,0.36,1,Food Allergy & Anaphylaxis,0.5181548755706556
3,5.438079308923196,1,2,69,0.7,3,5.301029995663981,0.58,0,Systemic Lupus Erythematosus,0.627094257544974
2,6.38856140554563,1,7,49,0.425,2,5.079181246047625,0.36,1,Autoimmune Liver Diseases,0.42908545666872766
1,4.51085950651685,2,9,45,0.7,3,5.301029995663981,0.64,1,Systemic Lupus Erythematosus,0.6283986408837755
3,4.110873864173311,0,0,42,0.525,4,5.071882007306125,0.58,1,Sickle Cell Disease,0.6927920521450339
2,6.236369590203704,0,7,43,0.475,3,7.505149978319906,0.36,1,Food Allergy & Anaphylaxis,0.564462026986514
2,4.02535169073515,0,1,51,1.6,8,6.0,0.36,1,Multiple Sclerosis,0.512108149962219
1,3.8918202981106265,0,0,39,0.7,3,5.301029995663981,0.64,1,Systemic Lupus Erythematosus,0.6569682079126568
2,4.624972813284271,1,5,53,0.525,4,5.071882007306125,0.36,1,Sickle Cell Disease,0.5004975165426584
2,4.007333185232471,0,4,56,0.425,2,5.079181246047625,0.36,0,Autoimmune Liver Diseases,0.3591906930288091
2,5.5053315359323625,0,0,59,0.9,5,7.3979400086720375,0.36,1,Diabetic Nephropathy,0.5698044012278318
1,5.8664680569332965,0,15,25,0.525,4,5.071882007306125,0.64,1,Sickle Cell Disease,0.9162563828138339
2,3.8918202981106265,1,4,54,0.9,5,7.3979400086720375,0.36,0,Diabetic Nephropathy,0.43830154124599
1,4.605170185988092,2,10,42,0.9,5,7.3979400086720375,0.64,0,Diabetic Nephropathy,0.7211641498739915
2,6.974478911025045,0,7,44,0.9,5,7.3979400086720375,0.36,1,Diabetic Nephropathy,0.6434186416766025
2,6.386879319362645,1,13,61,0.9,5,7.3979400086720375,0.36,1,Diabetic Nephropathy,0.5640012106504817
1,5.10594547390058,0,0,29,0.475,3,7.505149978319906,0.64,1,Food Allergy & Anaphylaxis,0.8250681454251388
1,5.293304824724492,1,12,42,0.325,2,5.176091259055681,0.64,1,Hidradenitis Suppurativa,0.7054881755686555
1,5.081404364984463,2,11,41,0.425,2,5.079181246047625,0.64,1,Autoimmune Liver Diseases,0.5401668481289537
2,5.0238805208462765,2,16,54,0.9,5,7.3979400086720375,0.36,0,Diabetic Nephropathy,0.41560548254134166
1,4.204692619390966,1,10,47,0.7,3,5.301029995663981,0.64,0,Systemic Lupus Erythematosus,0.6228908944685835
1,6.1070228877422545,0,14,52,0.475,3,7.505149978319906,0.64,1,Food Allergy & Anaphylaxis,0.9453144856546782
2,5.393627546352362,1,10,66,0.425,2,5.079181246047625,0.36,0,Autoimmune Liver Diseases,0.3791950771914204
3,4.663439094112067,1,12,63,0.7,3,5.301029995663981,0.58,0,Systemic Lupus Erythematosus,0.5881061748751383
2,4.330733340286331,2,8,49,0.325,2,5.176091259055681,0.36,0,Hidradenitis Suppurativa,0.357615896377411
3,4.48863636973214,0,2,54,0.9,5,7.3979400086720375,0.58,1,Diabetic Nephropathy,0.7752749980911724
3,5.049856007249537,1,12,78,0.475,3,7.505149978319906,0.58,0,Food Allergy & Anaphylaxis,0.7042460798798912
2,3.784189633918261,2,13,46,0.9,5,7.3979400086720375,0.36,0,Diabetic Nephropathy,0.3528014964852736
1,7.0326242610280065,0,1,61,0.9,5,7.3979400086720375,0.64,1,Diabetic Nephropathy,0.95
3,5.159055299214529,0,12,97,1.6,8,6.0,0.58,1,Multiple Sclerosis,0.8334060704254843
2,4.61512051684126,1,6,63,0.325,2,5.176091259055681,0.36,1,Hidradenitis Suppurativa,0.382
1,5.384495062789089,1,6,22,0.325,2,5.176091259055681,0.64,0,Hidradenitis Suppurativa,0.7100696917109517
1,4.948759890378168,2,4,35,1.6,8,6.0,0.64,1,Multiple Sclerosis,0.7648236118310606
2,4.3694478524670215,0,3,56,0.475,3,7.505149978319906,0.36,0,Food Allergy & Anaphylaxis,0.470576932035075
2,2.9444389791664403,0,16,53,0.525,4,5.071882007306125,0.36,1,Sickle Cell Disease,0.39426007859540363
3,5.262690188904886,2,13,54,0.325,2,5.176091259055681,0.58,0,Hidradenitis Suppurativa,0.5619495926353179
1,6.380122536899765,1,1,16,0.425,2,5.079181246047625,0.64,0,Autoimmune Liver Diseases,0.6853294665498415
2,4.564348191467836,0,10,50,1.6,8,6.0,0.36,0,Multiple Sclerosis,0.5394353352806224
2,5.541263545158426,0,9,57,0.325,2,5.176091259055681,0.36,0,Hidradenitis Suppurativa,0.5486082040515223
1,4.330733340286331,0,13,39,0.525,4,5.071882007306125,0.64,1,Sickle Cell Disease,0.7689492297107445
3,4.189654742026425,1,4,71,0.325,2,5.176091259055681,0.58,1,Hidradenitis Suppurativa,0.5877941875287106
3,6.591673732008658,1,12,79,0.475,3,7.505149978319906,0.58,1,Food Allergy & Anaphylaxis,0.7815898764437632
3,5.147494476813453,1,2,64,0.325,2,5.176091259055681,0.58,1,Hidradenitis Suppurativa,0.6361580018590617
2,4.762173934797756,0,9,54,0.9,5,7.3979400086720375,0.36,0,Diabetic Nephropathy,0.6024210002559136
3,5.351858133476067,1,8,54,0.525,4,5.071882007306125,0.58,1,Sickle Cell Disease,0.7754302005698024
1,5.247024072160486,0,0,46,0.475,3,7.505149978319906,0.64,1,Food Allergy & Anaphylaxis,0.832162174786911
2,5.384495062789089,2,6,57,0.475,3,7.505149978319906,0.36,0,Food Allergy & Anaphylaxis,0.3917363583776184
1,5.537334267018537,0,7,34,0.325,2,5.176091259055681,0.64,1,Hidradenitis Suppurativa,0.7677442984703048
2,5.0106352940962555,1,13,70,0.525,4,5.071882007306125,0.36,0,Sickle Cell Disease,0.4499388059978684
2,4.976733742420574,2,7,51,0.9,5,7.3979400086720375,0.36,1,Diabetic Nephropathy,0.4132321556793955
1,4.700480365792417,1,7,44,0.325,2,5.176091259055681,0.64,0,Hidradenitis Suppurativa,0.6756422181453859
2,6.226536669287466,1,5,39,0.425,2,5.079181246047625,0.36,1,Autoimmune Liver Diseases,0.4909694121643634
1,5.267858159063328,1,16,45,0.425,2,5.079181246047625,0.64,1,Autoimmune Liver Diseases,0.6295426668125065
3,4.68213122712422,1,7,74,0.475,3,7.505149978319906,0.58,0,Food Allergy & Anaphylaxis,0.6857162657570242
2,4.890349128221754,1,6,61,1.6,8,6.0,0.36,0,Multiple Sclerosis,0.5058815868299139
2,4.948759890378168,0,15,49,1.6,8,6.0,0.36,1,Multiple Sclerosis,0.6288236118310606
1,5.749392985908253,1,2,49,0.7,3,5.301029995663981,0.64,1,Systemic Lupus Erythematosus,0.7007183168942698
1,4.465908118654584,2,5,31,0.475,3,7.505149978319906,0.64,1,Food Allergy & Anaphylaxis,0.7327921888466044
1,4.6443908991413725,0,2,45,0.7,3,5.301029995663981,0.64,0,Systemic Lupus Erythematosus,0.695144606778744
2,2.70805020110221,2,3,32,1.6,8,6.0,0.36,1,Multiple Sclerosis,0.31369435718135835
1,6.317164686747284,0,10,36,0.325,2,5.176091259055681,0.64,1,Hidradenitis Suppurativa,0.8068427241100455
3,6.095824562432225,1,6,74,0.9,5,7.3979400086720375,0.58,0,Diabetic Nephropathy,0.8060866458695188
2,5.780743515792329,1,5,46,0.325,2,5.176091259055681,0.36,1,Hidradenitis Suppurativa,0.5106241068617282
3,3.970291913552122,2,15,53,0.325,2,5.176091259055681,0.58,0,Hidradenitis Suppurativa,0.566637009963
2,3.4965075614664802,0,12,55,0.7,3,5.301029995663981,0.36,1,Systemic Lupus Erythematosus,0.36602828584058167
2,4.844187086458591,0,4,49,0.325,2,5.176091259055681,0.36,0,Hidradenitis Suppurativa,0.44355558604816925
1,3.8501476017100584,1,2,56,0.9,5,7.3979400086720375,0.64,1,Diabetic Nephropathy,0.7628402271917167
1,4.762173934797756,2,13,32,0.425,2,5.079181246047625,0.64,1,Autoimmune Liver Diseases,0.5240876669225805
2,4.3694478524670215,2,7,56,0.525,4,5.071882007306125,0.36,1,Sickle Cell Disease,0.337576932035075
1,5.135798437050262,1,13,28,0.425,2,5.079181246047625,0.64,0,Autoimmune Liver Diseases,0.6229030931134159
2,4.356708826689592,1,2,61,0.425,2,5.079181246047625,0.36,0,Autoimmune Liver Diseases,0.32693176179327965
3,4.941642422609304,0,16,70,0.525,4,5.071882007306125,0.58,0,Sickle Cell Disease,0.7347985206904635
2,5.68697535633982,0,5,59,0.325,2,5.176091259055681,0.36,1,Hidradenitis Suppurativa,0.5559204790675295
3,4.143134726391533,1,13,74,0.325,2,5.176091259055681,0.58,0,Hidradenitis Suppurativa,0.5854315432861833
2,4.7535901911063645,0,13,54,1.6,8,6.0,0.36,1,Multiple Sclerosis,0.5489880971187578
2,3.9318256327243257,0,2,54,0.325,2,5.176091259055681,0.36,0,Hidradenitis Suppurativa,0.39734264097200267
1,4.718498871295094,1,13,41,1.6,8,6.0,0.64,1,Multiple Sclerosis,0.8332180007662121
3,4.727387818712341,1,14,79,0.525,4,5.071882007306125,0.58,1,Sickle Cell Disease,0.7439997675986836
1,5.056245805348308,1,12,42,0.9,5,7.3979400086720375,0.64,1,Diabetic Nephropathy,0.8239009577297388
1,4.418840607796598,1,6,48,0.325,2,5.176091259055681,0.64,1,Hidradenitis Suppurativa,0.6614107863971415
1,6.144185634125646,0,2,51,0.325,2,5.176091259055681,0.64,1,Hidradenitis Suppurativa,0.7981766943132966
2,5.135798437050262,2,11,68,0.475,3,7.505149978319906,0.36,0,Food Allergy & Anaphylaxis,0.3792364264467491
1,4.61512051684126,0,3,26,0.9,5,7.3979400086720375,0.64,1,Diabetic Nephropathy,0.8516666666666666
3,6.9930151229329605,0,9,62,1.6,8,6.0,0.58,1,Multiple Sclerosis,0.95
1,3.9318256327243257,1,8,25,0.325,2,5.176091259055681,0.64,1,Hidradenitis Suppurativa,0.7066759743053361
1,5.472270673671475,0,6,50,0.7,3,5.301029995663981,0.64,1,Systemic Lupus Erythematosus,0.7368111644240187
1,3.5263605246161616,2,1,45,1.6,8,6.0,0.64,1,Multiple Sclerosis,0.6925668687739195
2,6.12029741895095,2,15,61,1.6,8,6.0,0.36,1,Multiple Sclerosis,0.5576463506026628
1,4.007333185232471,0,9,31,0.9,5,7.3979400086720375,0.64,1,Diabetic Nephropathy,0.8908573596954757
1,4.90527477843843,2,7,35,0.525,4,5.071882007306125,0.64,1,Sickle Cell Disease,0.6679668140314745
2,5.342334251964811,1,0,49,0.7,3,5.301029995663981,0.36,0,Systemic Lupus Erythematosus,0.40961839468566125
1,3.4965075614664802,0,15,19,0.525,4,5.071882007306125,0.64,1,Sickle Cell Disease,0.7963616191739153
3,6.431331081933479,1,14,73,0.7,3,5.301029995663981,0.58,1,Systemic Lupus Erythematosus,0.746894131269219
1,4.382026634673881,1,6,47,0.7,3,5.301029995663981,0.64,1,Systemic Lupus Erythematosus,0.6318805499906133
2,5.10594547390058,0,16,46,1.6,8,6.0,0.36,1,Multiple Sclerosis,0.5667348120918053
1,6.717804695023691,2,5,31,0.425,2,5.079181246047625,0.64,1,Autoimmune Liver Diseases,0.6922378960433112
2,5.087596335232384,2,6,35,0.425,2,5.079181246047625,0.36,0,Autoimmune Liver Diseases,0.28381170894981855
2,6.679599185844383,1,5,57,1.6,8,6.0,0.36,1,Multiple Sclerosis,0.665658596433312
1,4.969813299576001,0,5,37,0.325,2,5.176091259055681,0.64,1,Hidradenitis Suppurativa,0.8092170555469242
1,4.5217885770490405,1,6,40,0.475,3,7.505149978319906,0.64,0,Food Allergy & Anaphylaxis,0.7456177993597713
2,5.666426688112432,0,15,68,0.475,3,7.505149978319906,0.36,1,Food Allergy & Anaphylaxis,0.6058895147073928
2,5.0369526024136295,0,15,70,0.525,4,5.071882007306125,0.36,1,Sickle Cell Disease,0.5712633867702173
2,2.6390573296152584,1,0,61,0.525,4,5.071882007306125,0.36,1,Sickle Cell Disease,0.3279889585736723
1,4.990432586778736,0,13,50,0.9,5,7.3979400086720375,0.64,1,Diabetic Nephropathy,0.8705884884526788
3,2.70805020110221,1,2,74,0.425,2,5.079181246047625,0.58,0,Autoimmune Liver Diseases,0.4433610238480251
1,3.9512437185814275,2,14,21,1.6,8,6.0,0.64,0,Multiple Sclerosis,0.7843327723368118
2,2.3978952727983707,1,8,66,0.9,5,7.3979400086720375,0.36,1,Diabetic Nephropathy,0.4298707453502978
1,5.8971538676367405,1,7,46,0.525,4,5.071882007306125,0.64,1,Sickle Cell Disease,0.7977949657471715
1,5.424950017481403,1,14,53,1.6,8,6.0,0.64,1,Multiple Sclerosis,0.9387682406642097
2,3.295836866004329,0,11,63,0.425,2,5.079181246047625,0.36,0,Autoimmune Liver Diseases,0.3226463176016695
1,5.8289456176102075,0,3,31,0.475,3,7.505149978319906,0.64,0,Food Allergy & Anaphylaxis,0.8613748294029514
3,7.05617528410041,0,6,72,0.7,3,5.301029995663981,0.58,0,Systemic Lupus Erythematosus,0.7581737995342498
2,5.484796933490655,0,10,48,0.475,3,7.505149978319906,0.36,0,Food Allergy & Anaphylaxis,0.5267734368676951
1,4.219507705176107,0,16,40,0.9,5,7.3979400086720375,0.64,1,Diabetic Nephropathy,0.8316427883368103
3,5.402677381872279,1,15,70,0.325,2,5.176091259055681,0.58,1,Hidradenitis Suppurativa,0.7189829591098165
2,4.736198448394496,1,15,63,0.525,4,5.071882007306125,0.36,0,Sickle Cell Disease,0.5061108816362124
1,5.429345628954441,2,5,55,0.325,2,5.176091259055681,0.64,0,Hidradenitis Suppurativa,0.702322324907999
3,5.924255797414532,1,12,49,0.525,4,5.071882007306125,0.58,1,Sickle Cell Disease,0.7341537450161195
2,5.209486152841421,2,13,68,0.475,3,7.505149978319906,0.36,0,Food Allergy & Anaphylaxis,0.3829418250544352
2,4.836281906951478,0,8,54,1.6,8,6.0,0.36,1,Multiple Sclerosis,0.6231571775657104
3,4.007333185232471,2,1,80,1.6,8,6.0,0.58,1,Multiple Sclerosis,0.645190693028809
1,7.059617628291383,0,2,40,0.325,2,5.176091259055681,0.64,0,Hidradenitis Suppurativa,0.844012731659862
1,4.663439094112067,0,16,37,0.475,3,7.505149978319906,0.64,1,Food Allergy & Anaphylaxis,0.8027728415418051
3,5.730099782973574,1,9,71,0.7,3,5.301029995663981,0.58,0,Systemic Lupus Erythematosus,0.711750544746622
3,6.398594934535208,0,10,57,0.475,3,7.505149978319906,0.58,1,Food Allergy & Anaphylaxis,0.8219213067947363
3,5.043425116919247,1,7,63,0.325,2,5.176091259055681,0.58,1,Hidradenitis Suppurativa,0.6309224541546101
2,4.02535169073515,1,5,63,0.425,2,5.079181246047625,0.36,0,Autoimmune Liver Diseases,0.380108149962219
3,3.9889840465642745,0,2,49,0.475,3,7.505149978319906,0.58,1,Food Allergy & Anaphylaxis,0.700589419711535
2,2.3978952727983707,1,8,65,0.525,4,5.071882007306125,0.36,0,Sickle Cell Disease,0.38487074535029775
2,6.594413459749778,1,1,56,0.475,3,7.505149978319906,0.36,0,Food Allergy & Anaphylaxis,0.5323937174077173
3,4.3694478524670215,0,7,71,0.525,4,5.071882007306125,0.58,1,Sickle Cell Disease,0.7059102653684084
2,4.890349128221754,2,13,54,1.6,8,6.0,0.36,1,Multiple Sclerosis,0.42588158682991395
2,4.219507705176107,0,11,58,0.9,5,7.3979400086720375,0.36,0,Diabetic Nephropathy,0.5049761216701437
2,3.5263605246161616,0,8,36,0.325,2,5.176091259055681,0.36,1,Hidradenitis Suppurativa,0.4465668687739194
2,2.5649493574615367,2,3,52,0.325,2,5.176091259055681,0.36,1,Hidradenitis Suppurativa,0.19598682318999544
1,6.887552571664617,0,16,47,0.525,4,5.071882007306125,0.64,1,Sickle Cell Disease,0.8974014061604545
2,4.127134385045092,0,12,40,1.6,8,6.0,0.36,1,Multiple Sclerosis,0.5172851839092609
1,4.990432586778736,1,4,31,0.325,2,5.176091259055681,0.64,1,Hidradenitis Suppurativa,0.6902551551193455
3,3.7612001156935624,1,8,54,0.325,2,5.176091259055681,0.58,0,Hidradenitis Suppurativa,0.6359583049480972
2,5.375278407684165,1,4,58,0.7,3,5.301029995663981,0.36,1,Systemic Lupus Erythematosus,0.4112733921069785
1,5.159055299214529,0,12,47,0.475,3,7.505149978319906,0.64,1,Food Allergy & Anaphylaxis,0.8277394037588178
1,5.247024072160486,2,6,55,0.475,3,7.505149978319906,0.64,1,Food Allergy & Anaphylaxis,0.702162174786911
3,2.3978952727983707,2,14,64,0.525,4,5.071882007306125,0.58,0,Sickle Cell Disease,0.5432040786836312
1,4.8283137373023015,1,7,48,0.325,2,5.176091259055681,0.64,1,Hidradenitis Suppurativa,0.6820889023141806
2,3.7376696182833684,0,9,44,0.9,5,7.3979400086720375,0.36,0,Diabetic Nephropathy,0.5504200940358108
3,6.679599185844383,2,14,74,0.525,4,5.071882007306125,0.58,1,Sickle Cell Disease,0.7619919297666455
2,4.7535901911063645,0,4,45,1.6,8,6.0,0.36,1,Multiple Sclerosis,0.5489880971187578
1,4.219507705176107,2,2,38,0.7,3,5.301029995663981,0.64,0,Systemic Lupus Erythematosus,0.5436427883368105
1,5.860786223465865,1,11,40,0.525,4,5.071882007306125,0.64,0,Sickle Cell Disease,0.7959714817581018
2,3.7612001156935624,0,2,47,1.6,8,6.0,0.36,0,Multiple Sclerosis,0.4986249716147638
2,3.295836866004329,0,4,51,0.9,5,7.3979400086720375,0.36,0,Diabetic Nephropathy,0.45764631760166957
3,3.6375861597263857,0,6,76,0.425,2,5.079181246047625,0.58,0,Autoimmune Liver Diseases,0.5419540529994734
1,4.844187086458591,1,0,34,0.475,3,7.505149978319906,0.64,1,Food Allergy & Anaphylaxis,0.7618889193815027
2,6.049733455231958,0,12,49,0.325,2,5.176091259055681,0.36,1,Hidradenitis Suppurativa,0.5041100996529093
2,4.219507705176107,2,14,58,1.6,8,6.0,0.36,1,Multiple Sclerosis,0.46197612167014374
1,3.8501476017100584,1,15,53,0.7,3,5.301029995663981,0.64,1,Systemic Lupus Erythematosus,0.674840227191717
1,6.505784060128229,0,3,43,0.525,4,5.071882007306125,0.64,0,Sickle Cell Disease,0.8782892327107612
1,4.736198448394496,0,13,42,0.9,5,7.3979400086720375,0.64,0,Diabetic Nephropathy,0.857777548302879
1,3.091042453358316,0,6,34,0.9,5,7.3979400086720375,0.64,1,Diabetic Nephropathy,0.7736342792534332
3,6.304448802421981,2,10,77,1.6,8,6.0,0.58,0,Multiple Sclerosis,0.7608724394878406
1,6.19644412779452,0,3,33,0.525,4,5.071882007306125,0.64,1,Sickle Cell Disease,0.8627950935891626
3,6.20455776256869,1,2,75,0.425,2,5.079181246047625,0.58,0,Autoimmune Liver Diseases,0.6215349332266583
2,5.564520407322694,1,8,49,0.7,3,5.301029995663981,0.36,1,Systemic Lupus Erythematosus,0.49077557225137175
2,4.882801922586371,1,4,52,0.475,3,7.505149978319906,0.36,0,Food Allergy & Anaphylaxis,0.446501356860653
1,5.602118820879701,1,15,39,0.475,3,7.505149978319906,0.64,1,Food Allergy & Anaphylaxis,0.8699959219838477
3,5.8377304471659395,2,13,89,0.325,2,5.176091259055681,0.58,1,Hidradenitis Suppurativa,0.590815360887059
2,6.322565239927284,0,10,56,0.325,2,5.176091259055681,0.36,0,Hidradenitis Suppurativa,0.5177799054131246
3,4.912654885736052,2,4,67,0.525,4,5.071882007306125,0.58,1,Sickle Cell Disease,0.6033385629558503
1,6.09807428216624,1,13,34,0.7,3,5.301029995663981,0.64,1,Systemic Lupus Erythematosus,0.7181993854888734
2,4.430816798843313,1,3,47,0.9,5,7.3979400086720375,0.36,1,Diabetic Nephropathy,0.4656835210904254
1,4.859812404361672,2,14,36,1.6,8,6.0,0.64,1,Multiple Sclerosis,0.8303430038965763
3,4.430816798843313,0,4,70,0.9,5,7.3979400086720375,0.58,0,Diabetic Nephropathy,0.772350187757092
1,5.236441962829949,2,4,37,1.6,8,6.0,0.64,1,Multiple Sclerosis,0.7792969215433247
2,7.104144092987527,1,12,56,0.325,2,5.176091259055681,0.36,1,Hidradenitis Suppurativa,0.506907593826901
3,2.5649493574615367,1,15,64,0.525,4,5.071882007306125,0.58,0,Sickle Cell Disease,0.632320156523329
3,4.430816798843313,0,15,52,0.7,3,5.301029995663981,0.58,1,Systemic Lupus Erythematosus,0.6963501877570921
1,7.126087273299125,0,2,42,0.7,3,5.301029995663981,0.64,0,Systemic Lupus Erythematosus,0.8196723119427978
3,5.056245805348308,2,9,65,1.6,8,6.0,0.58,1,Multiple Sclerosis,0.7682342910630723
2,6.018593214496234,1,12,52,0.475,3,7.505149978319906,0.36,0,Food Allergy & Anaphylaxis,0.5035493486855132
1,6.635946555686647,1,4,28,1.6,8,6.0,0.64,1,Multiple Sclerosis,0.9294731585936797
1,5.356586274672012,0,14,50,0.425,2,5.079181246047625,0.64,1,Autoimmune Liver Diseases,0.7540010640410657
1,4.394449154672439,0,15,48,0.425,2,5.079181246047625,0.64,1,Autoimmune Liver Diseases,0.7055094891009565
2,5.093750200806762,1,10,46,0.9,5,7.3979400086720375,0.36,0,Diabetic Nephropathy,0.49912130746221467
2,4.852030263919617,0,1,62,0.425,2,5.079181246047625,0.36,0,Autoimmune Liver Diseases,0.40195084502352496
1,4.672828834461906,1,12,42,1.6,8,6.0,0.64,1,Multiple Sclerosis,0.8309134454061987
2,5.337538079701318,1,8,56,0.9,5,7.3979400086720375,0.36,0,Diabetic Nephropathy,0.5813774303638639
1,5.117993812416755,1,12,32,0.475,3,7.505149978319906,0.64,1,Food Allergy & Anaphylaxis,0.775674213451756
3,3.295836866004329,0,7,76,0.9,5,7.3979400086720375,0.58,1,Diabetic Nephropathy,0.7143129842683361
2,4.68213122712422,1,0,50,0.425,2,5.079181246047625,0.36,0,Autoimmune Liver Diseases,0.3433829324236908
3,4.532599493153256,1,2,70,0.475,3,7.505149978319906,0.58,1,Food Allergy & Anaphylaxis,0.6781642528863809
3,2.9444389791664403,2,7,65,0.325,2,5.176091259055681,0.58,0,Hidradenitis Suppurativa,0.4435934119287369
3,2.8903717578961645,0,14,65,0.9,5,7.3979400086720375,0.58,1,Diabetic Nephropathy,0.763068824570073
3,6.037870919922137,1,9,63,0.425,2,5.079181246047625,0.58,0,Autoimmune Liver Diseases,0.6831822289935
1,5.720311776607412,1,15,48,0.325,2,5.176091259055681,0.64,1,Hidradenitis Suppurativa,0.79692620910424
3,4.762173934797756,1,16,66,0.7,3,5.301029995663981,0.58,1,Systemic Lupus Erythematosus,0.5930876669225803
2,5.111987788356544,1,9,51,0.425,2,5.079181246047625,0.36,0,Autoimmune Liver Diseases,0.4350387643956245
1,5.0238805208462765,0,5,27,1.6,8,6.0,0.64,1,Multiple Sclerosis,0.95
3,3.784189633918261,0,3,72,0.525,4,5.071882007306125,0.58,1,Sickle Cell Disease,0.676134829818607
1,5.752572638825633,0,11,35,0.7,3,5.301029995663981,0.64,1,Systemic Lupus Erythematosus,0.7508778066626749
1,3.4965075614664802,1,14,31,0.525,4,5.071882007306125,0.64,1,Sickle Cell Disease,0.7463616191739153
3,5.187385805840755,0,13,72,0.9,5,7.3979400086720375,0.58,1,Diabetic Nephropathy,0.8104973348818663
1,4.394449154672439,1,2,30,0.425,2,5.079181246047625,0.64,0,Autoimmune Liver Diseases,0.5855094891009563
1,7.001245622069476,0,8,25,0.475,3,7.505149978319906,0.64,1,Food Allergy & Anaphylaxis,0.95
2,5.123963979403259,1,5,56,0.525,4,5.071882007306125,0.36,0,Sickle Cell Disease,0.5256411813214332
3,5.60947179518496,0,13,58,0.425,2,5.079181246047625,0.58,1,Autoimmune Liver Diseases,0.641698260682062
1,4.382026634673881,1,4,46,0.425,2,5.079181246047625,0.64,1,Autoimmune Liver Diseases,0.5848805499906133
3,6.1903154058531475,2,14,64,0.525,4,5.071882007306125,0.58,0,Sickle Cell Disease,0.7374880301880584
1,5.176149732573829,2,16,46,0.9,5,7.3979400086720375,0.64,0,Diabetic Nephropathy,0.7499323571191696
1,2.3978952727983707,1,9,11,0.7,3,5.301029995663981,0.64,1,Systemic Lupus Erythematosus,0.5985374120169645
1,3.4011973816621555,0,9,52,0.425,2,5.079181246047625,0.64,0,Autoimmune Liver Diseases,0.654772948866586
2,3.713572066704308,2,8,43,0.9,5,7.3979400086720375,0.36,1,Diabetic Nephropathy,0.41918546340629226
1,4.574710978503383,2,2,54,0.475,3,7.505149978319906,0.64,1,Food Allergy & Anaphylaxis,0.6682922336073207
2,3.7376696182833684,0,14,45,0.475,3,7.505149978319906,0.36,0,Food Allergy & Anaphylaxis,0.5084200940358108
2,2.6390573296152584,0,4,35,0.525,4,5.071882007306125,0.36,0,Sickle Cell Disease,0.37798895857367226
1,7.212294468500341,1,5,44,0.475,3,7.505149978319906,0.64,1,Food Allergy & Anaphylaxis,0.95
2,3.8918202981106265,1,14,41,0.525,4,5.071882007306125,0.36,0,Sickle Cell Disease,0.46330154124599
3,4.31748811353631,0,1,63,0.7,3,5.301029995663981,0.58,0,Systemic Lupus Erythematosus,0.6206114120274706
1,4.919980925828125,1,0,49,0.525,4,5.071882007306125,0.64,1,Sickle Cell Disease,0.7487075683207314
1,6.877296071497429,0,4,49,0.7,3,5.301029995663981,0.64,1,Systemic Lupus Erythematosus,0.8072213879618005
1,5.54907608489522,0,0,36,0.325,2,5.176091259055681,0.64,1,Hidradenitis Suppurativa,0.7683336962579069
2,4.700480365792417,1,9,46,1.6,8,6.0,0.36,1,Multiple Sclerosis,0.5663088848120525
3,5.6131281063880705,0,1,75,1.6,8,6.0,0.58,1,Multiple Sclerosis,0.8562150804598434
3,4.912654885736052,2,4,88,0.475,3,7.505149978319906,0.58,1,Food Allergy & Anaphylaxis,0.6173385629558504
2,5.288267030694535,0,7,65,0.325,2,5.176091259055681,0.36,1,Hidradenitis Suppurativa,0.46590167713749486
3,5.700443573390687,1,7,83,0.525,4,5.071882007306125,0.58,1,Sickle Cell Disease,0.722929498359199
1,6.760414691083428,0,2,41,0.525,4,5.071882007306125,0.64,1,Sickle Cell Disease,0.8910375875671135
3,5.030437921392435,2,7,67,0.9,5,7.3979400086720375,0.58,1,Diabetic Nephropathy,0.6726021834095759
2,5.634789603169249,2,14,56,1.6,8,6.0,0.36,1,Multiple Sclerosis,0.5333020797916637
1,5.736572297479192,0,16,43,0.475,3,7.505149978319906,0.64,1,Food Allergy & Anaphylaxis,0.8567418878788161
1,3.9318256327243257,0,11,51,1.6,8,6.0,0.64,1,Multiple Sclerosis,0.8433426409720027
2,3.4965075614664802,2,12,60,0.325,2,5.176091259055681,0.36,1,Hidradenitis Suppurativa,0.24502828584058173
1,5.855071922202427,1,15,53,0.525,4,5.071882007306125,0.64,1,Sickle Cell Disease,0.8656849480226527
1,5.652489180268651,2,12,23,0.425,2,5.079181246047625,0.64,0,Autoimmune Liver Diseases,0.5688568692753225
3,6.905753276311464,0,12,69,0.325,2,5.176091259055681,0.58,1,Hidradenitis Suppurativa,0.7743123625320207
2,4.976733742420574,2,3,52,1.6,8,6.0,0.36,1,Multiple Sclerosis,0.43023215567939543
1,4.727387818712341,0,1,36,0.475,3,7.505149978319906,0.64,1,Food Allergy & Anaphylaxis,0.8059997675986836
2,2.6390573296152584,0,6,58,0.475,3,7.505149978319906,0.36,1,Food Allergy & Anaphylaxis,0.38098895857367227
3,6.135564891081739,2,3,65,0.7,3,5.301029995663981,0.58,1,Systemic Lupus Erythematosus,0.5820780595170946
3,5.225746673713202,1,5,67,0.475,3,7.505149978319906,0.58,1,Food Allergy & Anaphylaxis,0.7830926152878452
3,5.968707559985366,2,13,47,0.525,4,5.071882007306125,0.58,0,Sickle Cell Disease,0.6563821609901135
1,4.23410650459726,0,13,39,0.9,5,7.3979400086720375,0.64,1,Diabetic Nephropathy,0.8323835426260673
3,4.143134726391533,0,10,69,1.6,8,6.0,0.58,1,Multiple Sclerosis,0.78209820995285
1,5.54907608489522,1,7,42,0.425,2,5.079181246047625,0.64,1,Autoimmune Liver Diseases,0.6436670295912403
2,5.6240175061873385,1,15,45,0.475,3,7.505149978319906,0.36,1,Food Allergy & Anaphylaxis,0.553761533986453
1,7.438383530044307,1,8,46,0.325,2,5.176091259055681,0.64,1,Hidradenitis Suppurativa,0.8829645801175254
3,4.59511985013459,2,4,58,0.475,3,7.505149978319906,0.58,1,Food Allergy & Anaphylaxis,0.6013231979674575
1,5.365976015021851,1,8,41,0.475,3,7.505149978319906,0.64,0,Food Allergy & Anaphylaxis,0.8581394323194002
2,4.219507705176107,0,1,44,0.475,3,7.505149978319906,0.36,0,Food Allergy & Anaphylaxis,0.46297612167014374
2,4.941642422609304,1,1,45,0.525,4,5.071882007306125,0.36,0,Sickle Cell Disease,0.44646518735713003
1,5.37989735354046,1,15,48,0.7,3,5.301029995663981,0.64,1,Systemic Lupus Erythematosus,0.7521720777514704
1,6.4425401664681985,1,2,48,0.9,5,7.3979400086720375,0.64,1,Diabetic Nephropathy,0.893455484398908
3,4.204692619390966,0,1,57,0.475,3,7.505149978319906,0.58,1,Food Allergy & Anaphylaxis,0.7115575611352503
1,5.37989735354046,0,7,46,1.6,8,6.0,0.64,1,Multiple Sclerosis,0.9165054110848037
2,7.344072850573066,1,0,35,0.425,2,5.079181246047625,0.36,0,Autoimmune Liver Diseases,0.47691280215796383
3,4.882801922586371,0,12,86,0.475,3,7.505149978319906,0.58,1,Food Allergy & Anaphylaxis,0.7458346901939865
1,3.912023005428146,0,5,43,0.9,5,7.3979400086720375,0.64,1,Diabetic Nephropathy,0.8859991722727933
2,4.77912349311153,0,4,48,0.425,2,5.079181246047625,0.36,0,Autoimmune Liver Diseases,0.3982757219238786
2,6.20050917404269,1,6,49,0.525,4,5.071882007306125,0.36,0,Sickle Cell Disease,0.5096654265252109
2,5.8805329864007,2,0,66,0.325,2,5.176091259055681,0.36,1,Hidradenitis Suppurativa,0.36562827978957735
1,5.0238805208462765,1,9,35,0.9,5,7.3979400086720375,0.64,1,Diabetic Nephropathy,0.8922721492080082
2,5.10594547390058,1,10,43,0.425,2,5.079181246047625,0.36,1,Autoimmune Liver Diseases,0.36473481209180536
1,7.415175109613295,1,9,46,0.525,4,5.071882007306125,0.64,1,Sickle Cell Disease,0.9438034681014584
2,4.007333185232471,0,5,53,0.475,3,7.505149978319906,0.36,0,Food Allergy & Anaphylaxis,0.5221906930288092
1,6.363028103540465,1,3,28,0.525,4,5.071882007306125,0.64,1,Sickle Cell Disease,0.8211399479125787
1,3.295836866004329,0,5,41,0.425,2,5.079181246047625,0.64,0,Autoimmune Liver Diseases,0.6493129842683364
3,5.755742213586912,1,16,76,0.475,3,7.505149978319906,0.58,1,Food Allergy & Anaphylaxis,0.7397034559752106
2,6.20455776256869,2,8,30,1.6,8,6.0,0.36,1,Multiple Sclerosis,0.5618682665599916
1,5.537334267018537,0,6,48,0.325,2,5.176091259055681,0.64,1,Hidradenitis Suppurativa,0.7677442984703048
3,5.472270673671475,0,8,72,1.6,8,6.0,0.58,1,Multiple Sclerosis,0.919144497757352
3,3.6109179126442243,0,4,60,0.325,2,5.176091259055681,0.58,1,Hidradenitis Suppurativa,0.6082507709567343
2,6.226536669287466,0,9,58,1.6,8,6.0,0.36,1,Multiple Sclerosis,0.6929694121643635
2,6.07993319509559,0,14,58,0.7,3,5.301029995663981,0.36,1,Systemic Lupus Erythematosus,0.5666236028680471
1,6.293419278846481,0,12,67,0.9,5,7.3979400086720375,0.64,1,Diabetic Nephropathy,0.935986614345178
1,4.477336814478207,2,1,14,0.525,4,5.071882007306125,0.64,1,Sickle Cell Disease,0.646370229966658
3,7.13966033596492,1,7,78,1.6,8,6.0,0.58,1,Multiple Sclerosis,0.8826848406978715
1,6.517671272912275,2,14,46,0.425,2,5.079181246047625,0.64,0,Autoimmune Liver Diseases,0.6822178111694105
2,7.468513271496337,1,4,58,1.6,8,6.0,0.36,1,Multiple Sclerosis,0.635138607314888
1,2.3978952727983707,0,5,19,0.425,2,5.079181246047625,0.64,0,Autoimmune Liver Diseases,0.6015374120169646
2,4.02535169073515,0,2,56,0.425,2,5.079181246047625,0.36,1,Autoimmune Liver Diseases,0.36010814996221896
3,8.054840221101024,0,0,76,0.525,4,5.071882007306125,0.58,1,Sickle Cell Disease,0.8683333333333334
3,2.772588722239781,0,10,74,1.6,8,6.0,0.58,0,Multiple Sclerosis,0.7111440007557058
1,6.663132695990803,1,4,48,0.475,3,7.505149978319906,0.64,1,Food Allergy & Anaphylaxis,0.8531675610611944
3,3.713572066704308,0,12,67,0.425,2,5.079181246047625,0.58,1,Autoimmune Liver Diseases,0.545852130072959
3,6.738152494595957,2,5,62,0.475,3,7.505149978319906,0.58,1,Food Allergy & Anaphylaxis,0.7789231719340217
1,6.2422232654551655,1,8,33,0.475,3,7.505149978319906,0.64,0,Food Allergy & Anaphylaxis,0.9020886162924674
1,4.890349128221754,0,2,38,1.6,8,6.0,0.64,1,Multiple Sclerosis,0.891881586829914
2,5.062595033026967,1,1,51,0.525,4,5.071882007306125,0.36,0,Sickle Cell Disease,0.45255378096801085
1,5.765191102784844,2,9,25,0.475,3,7.505149978319906,0.64,1,Food Allergy & Anaphylaxis,0.7981773931729378
3,2.8903717578961645,0,7,49,0.325,2,5.176091259055681,0.58,1,Hidradenitis Suppurativa,0.5707354912367395
2,4.532599493153256,1,8,47,0.325,2,5.176091259055681,0.36,0,Hidradenitis Suppurativa,0.44783091955304744
2,5.3230099791384085,1,11,45,0.325,2,5.176091259055681,0.36,1,Hidradenitis Suppurativa,0.41764749039280624
2,2.4849066497880004,1,4,44,0.525,4,5.071882007306125,0.36,0,Sickle Cell Disease,0.31963625434051396
2,6.2324480165505225,1,3,46,0.7,3,5.301029995663981,0.36,1,Systemic Lupus Erythematosus,0.4542655630795195
3,2.995732273553991,1,7,81,1.6,8,6.0,0.58,1,Multiple Sclerosis,0.6729634396589174
1,7.328437352895162,2,2,41,1.6,8,6.0,0.64,1,Multiple Sclerosis,0.8841305176216769
1,3.8918202981106265,0,1,39,0.475,3,7.505149978319906,0.64,0,Food Allergy & Anaphylaxis,0.7636348745793234
2,3.9318256327243257,1,1,63,0.425,2,5.079181246047625,0.36,0,Autoimmune Liver Diseases,0.3053426409720027
2,3.9512437185814275,0,15,62,0.475,3,7.505149978319906,0.36,1,Food Allergy & Anaphylaxis,0.5193327723368117
2,5.857933154483459,1,0,48,0.7,3,5.301029995663981,0.36,1,Systemic Lupus Erythematosus,0.43549508681071675
3,4.564348191467836,1,15,75,0.425,2,5.079181246047625,0.58,1,Autoimmune Liver Diseases,0.6091020019472893
1,3.6375861597263857,1,2,40,0.475,3,7.505149978319906,0.64,1,Food Allergy & Anaphylaxis,0.70062071966614
1,4.532599493153256,1,9,48,0.475,3,7.505149978319906,0.64,1,Food Allergy & Anaphylaxis,0.816164252886381
1,5.375278407684165,2,15,32,0.325,2,5.176091259055681,0.64,1,Hidradenitis Suppurativa,0.699606725440312
2,5.849324779946859,0,10,72,0.9,5,7.3979400086720375,0.36,1,Diabetic Nephropathy,0.5870634294534817
2,4.90527477843843,1,13,55,0.7,3,5.301029995663981,0.36,0,Systemic Lupus Erythematosus,0.38763348069814096
1,5.267858159063328,0,5,50,0.9,5,7.3979400086720375,0.64,1,Diabetic Nephropathy,0.95
1,6.210600077024653,1,5,40,0.425,2,5.079181246047625,0.64,0,Autoimmune Liver Diseases,0.7468376586720937
2,5.62040086571715,0,4,64,0.325,2,5.176091259055681,0.36,1,Hidradenitis Suppurativa,0.482580045583924
2,6.684611727667927,1,10,63,1.6,8,6.0,0.36,1,Multiple Sclerosis,0.5959095379889091
1,5.25227342804663,2,0,43,0.9,5,7.3979400086720375,0.64,1,Diabetic Nephropathy,0.7537593609752863
3,5.6240175061873385,1,12,63,0.425,2,5.079181246047625,0.58,0,Autoimmune Liver Diseases,0.5924282006531196
3,4.77912349311153,1,2,84,0.475,3,7.505149978319906,0.58,1,Food Allergy & Anaphylaxis,0.6906090552572122
2,6.202535517187923,0,0,65,0.325,2,5.176091259055681,0.36,1,Hidradenitis Suppurativa,0.5117669494027299
3,4.820281565605037,0,13,57,1.6,8,6.0,0.58,0,Multiple Sclerosis,0.8163507084692162
2,5.707110264748875,2,1,58,0.9,5,7.3979400086720375,0.36,0,Diabetic Nephropathy,0.44993061443340554
3,4.477336814478207,0,7,86,0.9,5,7.3979400086720375,0.58,1,Diabetic Nephropathy,0.7747035632999912
2,4.897839799950911,1,11,33,1.6,8,6.0,0.36,0,Multiple Sclerosis,0.5062589471116831
2,5.934894195619588,2,4,68,0.525,4,5.071882007306125,0.36,0,Sickle Cell Disease,0.41635375007299597
3,6.86171134048073,2,14,56,0.325,2,5.176091259055681,0.58,1,Hidradenitis Suppurativa,0.7121080076063432
1,5.529429087511423,0,9,48,0.425,2,5.079181246047625,0.64,1,Autoimmune Liver Diseases,0.7626808043238515
2,5.43372200355424,1,15,44,1.6,8,6.0,0.36,1,Multiple Sclerosis,0.6032087721483175
1,6.077642243349034,1,13,45,0.7,3,5.301029995663981,0.64,0,Systemic Lupus Erythematosus,0.7171754589216963
3,6.56244409369372,1,4,72,0.7,3,5.301029995663981,0.58,0,Systemic Lupus Erythematosus,0.6834596906620908
2,5.796057750765372,1,16,45,0.525,4,5.071882007306125,0.36,0,Sickle Cell Disease,0.4893921711198026
2,6.154858094016418,0,6,68,0.7,3,5.301029995663981,0.36,1,Systemic Lupus Erythematosus,0.5003781254358006
1,4.02535169073515,1,6,40,0.475,3,7.505149978319906,0.64,1,Food Allergy & Anaphylaxis,0.7204414832955524
2,5.918893854273146,1,9,50,1.6,8,6.0,0.36,1,Multiple Sclerosis,0.6275515938309671
2,6.035481432524756,1,9,70,0.325,2,5.176091259055681,0.36,1,Hidradenitis Suppurativa,0.5233958017905355
3,5.247024072160486,1,13,64,0.425,2,5.079181246047625,0.58,0,Autoimmune Liver Diseases,0.5734955081202443
2,4.969813299576001,1,4,44,0.325,2,5.176091259055681,0.36,1,Hidradenitis Suppurativa,0.3998837222135908
3,6.340359303727752,0,14,63,0.525,4,5.071882007306125,0.58,1,Sickle Cell Disease,0.8750045279440881
2,4.919980925828125,1,11,44,1.6,8,6.0,0.36,1,Multiple Sclerosis,0.507374234987398
1,4.454347296253507,1,15,65,0.9,5,7.3979400086720375,0.64,1,Diabetic Nephropathy,0.8635407201917779
1,6.42648845745769,0,4,41,0.325,2,5.176091259055681,0.64,0,Hidradenitis Suppurativa,0.8123182752291982
2,4.820281565605037,1,0,43,0.325,2,5.176091259055681,0.36,0,Hidradenitis Suppurativa,0.39235070846921627
2,4.553876891600541,0,2,50,0.325,2,5.176091259055681,0.36,0,Hidradenitis Suppurativa,0.42890622981409554
1,5.771441123130016,0,0,37,0.475,3,7.505149978319906,0.64,1,Food Allergy & Anaphylaxis,0.8584908738236176
2,6.733401891837359,1,3,36,1.6,8,6.0,0.36,0,Multiple Sclerosis,0.5983520260239557
3,6.1070228877422545,1,2,51,0.9,5,7.3979400086720375,0.58,1,Diabetic Nephropathy,0.8066478189880113
1,6.42648845745769,1,8,29,1.6,8,6.0,0.64,1,Multiple Sclerosis,0.95
3,6.551080335043404,1,14,70,0.9,5,7.3979400086720375,0.58,1,Diabetic Nephropathy,0.8988906944789525
3,5.955837369464831,0,11,74,0.9,5,7.3979400086720375,0.58,0,Diabetic Nephropathy,0.8490703240816513
2,5.4510384535657,2,7,57,0.9,5,7.3979400086720375,0.36,0,Diabetic Nephropathy,0.4370783592839109
1,4.9344739331306915,0,15,40,0.7,3,5.301029995663981,0.64,1,Systemic Lupus Erythematosus,0.7797708416251224
1,6.154858094016418,0,4,43,0.525,4,5.071882007306125,0.64,1,Sickle Cell Disease,0.8607114587691342
2,4.3694478524670215,1,3,44,0.325,2,5.176091259055681,0.36,0,Hidradenitis Suppurativa,0.369576932035075
1,3.7376696182833684,2,14,59,0.9,5,7.3979400086720375,0.64,1,Diabetic Nephropathy,0.7470867607024775
2,3.9889840465642745,1,10,78,0.9,5,7.3979400086720375,0.36,0,Diabetic Nephropathy,0.4432560863782016
2,4.110873864173311,0,1,64,0.425,2,5.079181246047625,0.36,0,Autoimmune Liver Diseases,0.36445871881170044
1,4.8283137373023015,2,3,31,1.6,8,6.0,0.64,1,Multiple Sclerosis,0.7587555689808473
2,5.14166355650266,1,0,42,0.9,5,7.3979400086720375,0.36,0,Diabetic Nephropathy,0.5015314125531085
2,5.971261839790462,2,4,37,1.6,8,6.0,0.36,0,Multiple Sclerosis,0.48017686869986376
1,4.248495242049359,1,7,59,0.525,4,5.071882007306125,0.64,1,Sickle Cell Disease,0.7147801492637917
3,5.645446897643238,1,7,64,0.9,5,7.3979400086720375,0.58,1,Diabetic Nephropathy,0.7835035109141677
1,4.51085950651685,1,6,31,0.9,5,7.3979400086720375,0.64,1,Diabetic Nephropathy,0.7963986408837752
2,6.184148890937483,0,3,54,1.6,8,6.0,0.36,1,Multiple Sclerosis,0.620845736036427
2,4.5217885770490405,0,6,52,0.425,2,5.079181246047625,0.36,0,Autoimmune Liver Diseases,0.38528446602643796
2,5.755742213586912,1,11,51,0.9,5,7.3979400086720375,0.36,1,Diabetic Nephropathy,0.5323701226418771
2,6.077642243349034,1,1,44,0.9,5,7.3979400086720375,0.36,0,Diabetic Nephropathy,0.5485087922550297
2,2.9444389791664403,0,0,40,0.7,3,5.301029995663981,0.36,1,Systemic Lupus Erythematosus,0.3372600785954036
2,4.430816798843313,0,4,48,0.525,4,5.071882007306125,0.36,1,Sickle Cell Disease,0.4706835210904253
1,5.940171252720432,0,9,44,0.325,2,5.176091259055681,0.64,0,Hidradenitis Suppurativa,0.8579516342880502
1,4.882801922586371,2,1,61,0.325,2,5.176091259055681,0.64,0,Hidradenitis Suppurativa,0.6048346901939864
1,6.091309882077698,0,16,32,0.9,5,7.3979400086720375,0.64,1,Diabetic Nephropathy,0.9258604011396043
3,5.267858159063328,2,6,66,0.525,4,5.071882007306125,0.58,0,Sickle Cell Disease,0.6212093334791731
1,5.817111159963204,1,16,31,0.325,2,5.176091259055681,0.64,1,Hidradenitis Suppurativa,0.7317813506251821
2,6.0844994130751715,0,9,68,0.9,5,7.3979400086720375,0.36,0,Diabetic Nephropathy,0.6688524362194178
2,6.744059186311348,0,0,55,0.475,3,7.505149978319906,0.36,0,Food Allergy & Anaphylaxis,0.5898855224901907
2,5.707110264748875,1,1,84,0.425,2,5.079181246047625,0.36,0,Autoimmune Liver Diseases,0.3949306144334055
1,6.693323668269949,2,10,47,0.9,5,7.3979400086720375,0.64,1,Diabetic Nephropathy,0.8260123444925934
1,2.9444389791664403,0,5,19,1.6,8,6.0,0.64,1,Multiple Sclerosis,0.8622600785954038
1,5.44673737166631,1,13,50,0.525,4,5.071882007306125,0.64,0,Sickle Cell Disease,0.7751957095600186
3,5.3471075307174685,1,16,67,0.525,4,5.071882007306125,0.58,0,Sickle Cell Disease,0.7051915366321693
1,5.476463551931511,0,8,35,1.6,8,6.0,0.64,0,Multiple Sclerosis,0.95
2,5.099866427824199,1,1,62,0.475,3,7.505149978319906,0.36,1,Food Allergy & Anaphylaxis,0.45742900074093357
1,4.430816798843313,1,9,42,0.7,3,5.301029995663981,0.64,0,Systemic Lupus Erythematosus,0.7043501877570921
3,5.60947179518496,1,8,84,0.475,3,7.505149978319906,0.58,0,Food Allergy & Anaphylaxis,0.8023649273487288
1,7.149916836132109,1,10,60,0.7,3,5.301029995663981,0.64,1,Systemic Lupus Erythematosus,0.7708647372951325
2,5.2574953720277815,1,1,47,0.9,5,7.3979400086720375,0.36,0,Diabetic Nephropathy,0.507355162102927
2,5.318119993844216,1,5,50,0.525,4,5.071882007306125,0.36,1,Sickle Cell Disease,0.5354017896526848
1,6.173786103901937,1,16,14,1.6,8,6.0,0.64,1,Multiple Sclerosis,0.9063265205711412
3,4.189654742026425,0,1,78,0.525,4,5.071882007306125,0.58,0,Sickle Cell Disease,0.6967941875287107
3,5.262690188904886,1,4,70,0.7,3,5.301029995663981,0.58,0,Systemic Lupus Erythematosus,0.6182829259686512
1,5.84354441703136,0,16,38,1.6,8,6.0,0.64,1,Multiple Sclerosis,0.9397735735692654
2,5.598421958998375,0,8,55,0.425,2,5.079181246047625,0.36,0,Autoimmune Liver Diseases,0.5094770596806873
2,5.3471075307174685,0,10,54,0.525,4,5.071882007306125,0.36,1,Sickle Cell Disease,0.516858203298836
2,7.2456550675945355,0,16,64,0.7,3,5.301029995663981,0.36,0,Systemic Lupus Erythematosus,0.5549885680174458
3,5.147494476813453,1,6,58,0.475,3,7.505149978319906,0.58,1,Food Allergy & Anaphylaxis,0.7091580018590619
1,4.912654885736052,0,15,40,0.425,2,5.079181246047625,0.64,0,Autoimmune Liver Diseases,0.7316718962891838
2,6.576469569048224,0,10,69,0.425,2,5.079181246047625,0.36,1,Autoimmune Liver Diseases,0.4884952827305764
2,6.80128303447162,2,10,77,0.7,3,5.301029995663981,0.36,0,Systemic Lupus Erythematosus,0.40274999411570533
1,7.575071699507561,1,6,38,0.475,3,7.505149978319906,0.64,0,Food Allergy & Anaphylaxis,0.8988027482440529
2,3.332204510175204,2,13,49,0.525,4,5.071882007306125,0.36,0,Sickle Cell Disease,0.28453333400081193
1,5.82600010738045,0,10,38,0.525,4,5.071882007306125,0.64,1,Sickle Cell Disease,0.8442271188080799
1,4.394449154672439,1,12,52,1.6,8,6.0,0.64,0,Multiple Sclerosis,0.8168428224342895
3,2.772588722239781,2,14,81,0.325,2,5.176091259055681,0.58,1,Hidradenitis Suppurativa,0.5044773340890392
2,5.030437921392435,2,1,40,0.7,3,5.301029995663981,0.36,0,Systemic Lupus Erythematosus,0.3139355167429092
2,5.641907070938114,0,12,57,0.425,2,5.079181246047625,0.36,1,Autoimmune Liver Diseases,0.44165922416728276
1,4.90527477843843,1,15,41,0.525,4,5.071882007306125,0.64,1,Sickle Cell Disease,0.8179668140314744
1,4.477336814478207,0,10,38,0.9,5,7.3979400086720375,0.64,1,Diabetic Nephropathy,0.8447035632999912
1,6.577861357721047,0,5,32,0.475,3,7.505149978319906,0.64,1,Food Allergy & Anaphylaxis,0.95
2,3.7612001156935624,1,2,49,0.7,3,5.301029995663981,0.36,1,Systemic Lupus Erythematosus,0.3296249716147638
2,5.231108616854587,1,0,55,0.425,2,5.079181246047625,0.36,0,Autoimmune Liver Diseases,0.3710288243862555
1,5.493061443340548,2,6,33,0.525,4,5.071882007306125,0.64,0,Sickle Cell Disease,0.6975217103417632
2,5.860786223465865,2,10,45,0.325,2,5.176091259055681,0.36,1,Hidradenitis Suppurativa,0.3646381484247684
2,6.16541785423142,0,10,42,0.7,3,5.301029995663981,0.36,1,Systemic Lupus Erythematosus,0.5009072309023275
3,5.82600010738045,2,0,56,1.6,8,6.0,0.58,1,Multiple Sclerosis,0.7368937854747463
2,4.290459441148391,0,12,46,0.525,4,5.071882007306125,0.36,1,Sickle Cell Disease,0.46357479665139817
3,4.290459441148391,1,10,71,1.6,8,6.0,0.58,1,Multiple Sclerosis,0.7395747966513981
3,6.169610732491456,0,0,66,0.325,2,5.176091259055681,0.58,0,Hidradenitis Suppurativa,0.7374506485783459
2,4.127134385045092,0,4,66,1.6,8,6.0,0.36,0,Multiple Sclerosis,0.5172851839092609
1,5.834810737062605,0,14,40,0.7,3,5.301029995663981,0.64,1,Systemic Lupus Erythematosus,0.825002281231438
2,5.214935757608986,1,11,59,0.9,5,7.3979400086720375,0.36,1,Diabetic Nephropathy,0.5052157983426665
3,5.4680601411351315,2,15,69,0.9,5,7.3979400086720375,0.58,0,Diabetic Nephropathy,0.7645997476185427
1,4.330733340286331,0,7,30,1.6,8,6.0,0.64,1,Multiple Sclerosis,0.863615896377411
3,7.180069874302796,0,11,96,0.7,3,5.301029995663981,0.58,1,Systemic Lupus Erythematosus,0.7643735558424639
1,5.420534999272286,1,4,40,1.6,8,6.0,0.64,1,Multiple Sclerosis,0.8685465108108164
3,4.02535169073515,0,2,64,0.7,3,5.301029995663981,0.58,1,Systemic Lupus Erythematosus,0.6057748166288857
1,4.727387818712341,0,7,35,0.7,3,5.301029995663981,0.64,1,Systemic Lupus Erythematosus,0.699333100932017
1,5.755742213586912,0,16,45,0.9,5,7.3979400086720375,0.64,1,Diabetic Nephropathy,0.9090367893085437
1,3.713572066704308,1,15,48,0.425,2,5.079181246047625,0.64,0,Autoimmune Liver Diseases,0.6208521300729591
2,3.091042453358316,1,14,55,0.425,2,5.079181246047625,0.36,0,Autoimmune Liver Diseases,0.33196761258676655
3,3.367295829986474,0,0,71,0.425,2,5.079181246047625,0.58,1,Autoimmune Liver Diseases,0.5280183828760224
2,4.219507705176107,1,1,40,0.525,4,5.071882007306125,0.36,1,Sickle Cell Disease,0.40997612167014374
3,3.713572066704308,0,3,76,0.9,5,7.3979400086720375,0.58,1,Diabetic Nephropathy,0.7358521300729589
2,4.553876891600541,1,10,65,0.7,3,5.301029995663981,0.36,0,Systemic Lupus Erythematosus,0.36990622981409554
1,4.634728988229636,0,5,45,0.525,4,5.071882007306125,0.64,1,Sickle Cell Disease,0.8543234646981426
2,4.948759890378168,1,3,43,0.7,3,5.301029995663981,0.36,0,Systemic Lupus Erythematosus,0.38982361183106057
2,6.340359303727752,1,5,64,0.9,5,7.3979400086720375,0.36,0,Diabetic Nephropathy,0.6316711946107546
2,2.995732273553991,0,12,48,0.325,2,5.176091259055681,0.36,1,Hidradenitis Suppurativa,0.3489634396589174
3,3.58351893845611,0,4,51,0.9,5,7.3979400086720375,0.58,1,Diabetic Nephropathy,0.7291755604417327
1,5.968707559985366,2,10,47,0.9,5,7.3979400086720375,0.64,1,Diabetic Nephropathy,0.7897154943234466
1,3.7612001156935624,0,4,33,0.9,5,7.3979400086720375,0.64,1,Diabetic Nephropathy,0.8082916382814305
2,5.384495062789089,1,0,40,0.325,2,5.176091259055681,0.36,0,Hidradenitis Suppurativa,0.42073635837761836
3,4.962844630259907,0,6,75,0.475,3,7.505149978319906,0.58,1,Food Allergy & Anaphylaxis,0.7498661769139919
1,6.82001636467413,0,0,38,0.425,2,5.079181246047625,0.64,0,Autoimmune Liver Diseases,0.7573543606310383
2,6.784457062637643,1,4,57,1.6,8,6.0,0.36,1,Multiple Sclerosis,0.6009077507307934
2,4.110873864173311,1,8,50,0.425,2,5.079181246047625,0.36,0,Autoimmune Liver Diseases,0.38445871881170046
1,3.784189633918261,0,0,20,0.475,3,7.505149978319906,0.64,1,Food Allergy & Anaphylaxis,0.758134829818607
2,5.857933154483459,1,9,67,0.9,5,7.3979400086720375,0.36,1,Diabetic Nephropathy,0.6074950868107168
2,6.192362489474872,0,9,43,0.7,3,5.301029995663981,0.36,0,Systemic Lupus Erythematosus,0.5722572609932528
2,5.62040086571715,0,2,60,0.325,2,5.176091259055681,0.36,1,Hidradenitis Suppurativa,0.482580045583924
2,5.181783550292085,2,8,74,0.325,2,5.176091259055681,0.36,0,Hidradenitis Suppurativa,0.40054897732928685
3,5.579729825986222,1,4,73,0.525,4,5.071882007306125,0.58,1,Sickle Cell Disease,0.7168722791912447
3,5.723585101952381,0,9,67,0.475,3,7.505149978319906,0.58,1,Food Allergy & Anaphylaxis,0.8580904128642995
1,4.276666119016055,2,16,49,0.7,3,5.301029995663981,0.64,1,Systemic Lupus Erythematosus,0.5465421512193279
2,5.869296913133774,1,11,56,0.525,4,5.071882007306125,0.36,0,Sickle Cell Disease,0.4930648935472603
3,4.727387818712341,0,14,65,0.525,4,5.071882007306125,0.58,1,Sickle Cell Disease,0.7939997675986836
1,4.709530201312334,0,11,46,1.6,8,6.0,0.64,1,Multiple Sclerosis,0.8827655089902162
3,5.8522024797744745,2,10,73,0.9,5,7.3979400086720375,0.58,1,Diabetic Nephropathy,0.713874396364605
2,5.209486152841421,1,11,44,0.7,3,5.301029995663981,0.36,0,Systemic Lupus Erythematosus,0.40294182505443515
3,4.127134385045092,1,15,38,0.425,2,5.079181246047625,0.58,1,Autoimmune Liver Diseases,0.5869518505759278
2,3.8918202981106265,0,1,53,1.6,8,6.0,0.36,0,Multiple Sclerosis,0.5053015412459899
1,5.545177444479562,0,4,42,0.325,2,5.176091259055681,0.64,1,Hidradenitis Suppurativa,0.7681380012918502
3,4.736198448394496,1,11,51,0.525,4,5.071882007306125,0.58,1,Sickle Cell Disease,0.6744442149695458
1,5.700443573390687,1,0,32,0.425,2,5.079181246047625,0.64,0,Autoimmune Liver Diseases,0.6512628316925324
3,7.077498053569231,1,0,65,0.525,4,5.071882007306125,0.58,1,Sickle Cell Disease,0.7919075148061263
3,3.332204510175204,0,12,55,1.6,8,6.0,0.58,0,Multiple Sclerosis,0.7405333340008118
2,5.655991810819852,1,7,44,1.6,8,6.0,0.36,1,Multiple Sclerosis,0.544365949714028
3,5.4510384535657,1,14,58,1.6,8,6.0,0.58,1,Multiple Sclerosis,0.8680783592839109
2,5.793013608384144,1,14,50,0.525,4,5.071882007306125,0.36,0,Sickle Cell Disease,0.5592394992454581
2,3.332204510175204,0,3,32,1.6,8,6.0,0.36,0,Multiple Sclerosis,0.4765333340008119
3,3.8066624897703196,1,2,67,0.325,2,5.176091259055681,0.58,0,Hidradenitis Suppurativa,0.5682843057298418
2,5.0238805208462765,1,7,64,0.475,3,7.505149978319906,0.36,0,Food Allergy & Anaphylaxis,0.45360548254134164
3,5.43372200355424,0,8,84,1.6,8,6.0,0.58,1,Multiple Sclerosis,0.9172087721483174
3,4.6443908991413725,1,16,53,0.525,4,5.071882007306125,0.58,1,Sickle Cell Disease,0.6698112734454107
3,4.700480365792417,2,9,85,0.525,4,5.071882007306125,0.58,1,Sickle Cell Disease,0.6626422181453862
2,6.2285110035911835,0,8,49,1.6,8,6.0,0.36,1,Multiple Sclerosis,0.6930683241649688
1,3.295836866004329,0,0,61,0.9,5,7.3979400086720375,0.64,0,Diabetic Nephropathy,0.7843129842683361
2,5.272999558563747,0,3,51,0.425,2,5.079181246047625,0.36,0,Autoimmune Liver Diseases,0.4231343986537618
1,3.58351893845611,1,15,46,0.9,5,7.3979400086720375,0.64,0,Diabetic Nephropathy,0.8191755604417327
3,6.57507584059962,1,1,50,0.7,3,5.301029995663981,0.58,1,Systemic Lupus Erythematosus,0.6840921657152944
3,3.58351893845611,2,4,44,0.7,3,5.301029995663981,0.58,0,Systemic Lupus Erythematosus,0.4531755604417327
2,4.465908118654584,0,12,63,0.9,5,7.3979400086720375,0.36,0,Diabetic Nephropathy,0.5174588555132709
2,5.817111159963204,0,14,54,1.6,8,6.0,0.36,1,Multiple Sclerosis,0.6724480172918488
2,4.700480365792417,0,5,68,0.7,3,5.301029995663981,0.36,1,Systemic Lupus Erythematosus,0.49730888481205254
1,4.762173934797756,1,12,39,1.6,8,6.0,0.64,1,Multiple Sclerosis,0.8354210002559136
3,5.19295685089021,1,15,64,0.325,2,5.176091259055681,0.58,1,Hidradenitis Suppurativa,0.7084441143259665
1,5.575949103146316,0,13,35,0.9,5,7.3979400086720375,0.64,0,Diabetic Nephropathy,0.9000158589761502
3,5.407171771460119,1,14,70,0.9,5,7.3979400086720375,0.58,1,Diabetic Nephropathy,0.8415420264608761
1,4.219507705176107,0,8,38,0.525,4,5.071882007306125,0.64,1,Sickle Cell Disease,0.8333094550034772
1,5.438079308923196,0,3,26,0.425,2,5.079181246047625,0.64,0,Autoimmune Liver Diseases,0.6880942575449742
2,6.448889394146858,0,10,58,0.475,3,7.505149978319906,0.36,0,Food Allergy & Anaphylaxis,0.5751067838276562
1,5.961005339623274,1,10,43,0.9,5,7.3979400086720375,0.64,1,Diabetic Nephropathy,0.869329392018751
2,4.718498871295094,0,15,70,1.6,8,6.0,0.36,0,Multiple Sclerosis,0.6172180007662121
2,4.204692619390966,0,10,64,0.9,5,7.3979400086720375,0.36,1,Diabetic Nephropathy,0.5042242278019167
2,4.77912349311153,0,13,59,0.7,3,5.301029995663981,0.36,1,Systemic Lupus Erythematosus,0.4312757219238786
3,3.6375861597263857,0,0,79,0.9,5,7.3979400086720375,0.58,0,Diabetic Nephropathy,0.7319540529994732
1,5.552959584921617,0,5,49,1.6,8,6.0,0.64,1,Multiple Sclerosis,0.95
2,4.962844630259907,0,2,35,0.9,5,7.3979400086720375,0.36,0,Diabetic Nephropathy,0.5425328435806585
2,3.5553480614894135,1,15,74,0.9,5,7.3979400086720375,0.36,1,Diabetic Nephropathy,0.49105951693140354
2,7.246368080102461,1,6,56,0.475,3,7.505149978319906,0.36,1,Food Allergy & Anaphylaxis,0.5650242440803223
3,6.493753839851686,1,13,70,0.475,3,7.505149978319906,0.58,1,Food Allergy & Anaphylaxis,0.7766868157849525
1,4.394449154672439,1,12,55,0.525,4,5.071882007306125,0.64,1,Sickle Cell Disease,0.722176155767623
3,6.61472560020376,0,5,74,0.425,2,5.079181246047625,0.58,1,Autoimmune Liver Diseases,0.7620773682862403
2,4.969813299576001,1,1,46,0.425,2,5.079181246047625,0.36,1,Autoimmune Liver Diseases,0.35788372221359077
2,5.159055299214529,0,0,62,0.9,5,7.3979400086720375,0.36,0,Diabetic Nephropathy,0.5524060704254844
1,4.727387818712341,1,1,35,0.9,5,7.3979400086720375,0.64,1,Diabetic Nephropathy,0.8073331009320167
3,7.23561914106675,1,14,56,1.6,8,6.0,0.58,1,Multiple Sclerosis,0.95
3,6.320768294250582,1,12,64,0.325,2,5.176091259055681,0.58,1,Hidradenitis Suppurativa,0.6950232297212504
2,6.481577129276431,1,14,40,0.425,2,5.079181246047625,0.36,1,Autoimmune Liver Diseases,0.503743718796928
3,4.30406509320417,2,12,51,0.9,5,7.3979400086720375,0.58,1,Diabetic Nephropathy,0.6359311294246816
3,5.0689042022202315,1,2,68,0.475,3,7.505149978319906,0.58,1,Food Allergy & Anaphylaxis,0.7052045756852773
1,5.393627546352362,1,3,61,0.425,2,5.079181246047625,0.64,0,Autoimmune Liver Diseases,0.6358617438580872
3,5.455321115357702,0,4,69,0.7,3,5.301029995663981,0.58,1,Systemic Lupus Erythematosus,0.6779600800455472
3,3.8066624897703196,0,7,67,1.6,8,6.0,0.58,1,Multiple Sclerosis,0.7649509723965084
1,2.8903717578961645,0,15,61,0.525,4,5.071882007306125,0.64,1,Sickle Cell Disease,0.7647354912367399
3,5.099866427824199,0,0,71,1.6,8,6.0,0.58,1,Multiple Sclerosis,0.8304290007409335
3,5.308267697401205,1,15,70,0.425,2,5.079181246047625,0.58,1,Autoimmune Liver Diseases,0.646573402770216
1,4.919980925828125,2,11,28,0.9,5,7.3979400086720375,0.64,0,Diabetic Nephropathy,0.7370409016540646
1,4.836281906951478,2,15,29,0.7,3,5.301029995663981,0.64,1,Systemic Lupus Erythematosus,0.6448238442323773
2,4.1588830833596715,0,5,51,0.475,3,7.505149978319906,0.36,1,Food Allergy & Anaphylaxis,0.5298982270201721
2,4.709530201312334,1,9,60,0.525,4,5.071882007306125,0.36,1,Sickle Cell Disease,0.5047655089902163
1,4.07753744390572,0,0,46,0.525,4,5.071882007306125,0.64,1,Sickle Cell Disease,0.7560969745612498
2,5.777652323222656,1,11,63,0.9,5,7.3979400086720375,0.36,1,Diabetic Nephropathy,0.5334690679778159
1,5.707110264748875,0,9,44,0.475,3,7.505149978319906,0.64,1,Food Allergy & Anaphylaxis,0.925263947766739
3,4.605170185988092,1,11,61,0.7,3,5.301029995663981,0.58,1,Systemic Lupus Erythematosus,0.5851641498739916
2,4.499809670330265,0,12,46,0.9,5,7.3979400086720375,0.36,0,Diabetic Nephropathy,0.5191733091872024
2,4.61512051684126,1,8,62,0.425,2,5.079181246047625,0.36,0,Autoimmune Liver Diseases,0.41000000000000003
1,4.31748811353631,0,11,49,0.425,2,5.079181246047625,0.64,0,Autoimmune Liver Diseases,0.6316114120274707
2,4.852030263919617,1,11,57,0.9,5,7.3979400086720375,0.36,1,Diabetic Nephropathy,0.48695084502352504
2,5.3471075307174685,0,4,53,0.525,4,5.071882007306125,0.36,0,Sickle Cell Disease,0.516858203298836
3,6.0330862217988015,1,3,61,0.7,3,5.301029995663981,0.58,1,Systemic Lupus Erythematosus,0.6569424203803252
2,6.210600077024653,2,0,44,1.6,8,6.0,0.36,0,Multiple Sclerosis,0.4921709920054269
2,5.424950017481403,0,4,44,0.525,4,5.071882007306125,0.36,1,Sickle Cell Disease,0.5207682406642097
3,4.653960350157523,0,2,83,1.6,8,6.0,0.58,1,Multiple Sclerosis,0.807961035657664
2,4.605170185988092,1,7,39,1.6,8,6.0,0.36,0,Multiple Sclerosis,0.49149748320732495
3,3.8501476017100584,2,0,65,0.7,3,5.301029995663981,0.58,1,Systemic Lupus Erythematosus,0.4668402271917168
2,5.342334251964811,2,11,27,1.6,8,6.0,0.36,1,Multiple Sclerosis,0.44861839468566134
1,5.455321115357702,0,6,38,0.525,4,5.071882007306125,0.64,1,Sickle Cell Disease,0.825626746712214
2,4.553876891600541,1,9,53,0.7,3,5.301029995663981,0.36,0,Systemic Lupus Erythematosus,0.43990622981409555
2,6.066108090103747,2,13,53,0.425,2,5.079181246047625,0.36,0,Autoimmune Liver Diseases,0.33293075113497583
2,5.950642552587727,1,5,56,0.7,3,5.301029995663981,0.36,1,Systemic Lupus Erythematosus,0.5101432401596278
1,4.820281565605037,0,14,56,0.475,3,7.505149978319906,0.64,1,Food Allergy & Anaphylaxis,0.8806840418025498
1,4.663439094112067,1,14,28,1.6,8,6.0,0.64,1,Multiple Sclerosis,0.9004395082084716
2,5.10594547390058,0,0,53,0.425,2,5.079181246047625,0.36,0,Autoimmune Liver Diseases,0.4147348120918053
1,5.662960480135946,0,1,28,1.6,8,6.0,0.64,1,Multiple Sclerosis,0.9307156014885765
1,3.7612001156935624,2,14,37,0.7,3,5.301029995663981,0.64,1,Systemic Lupus Erythematosus,0.5902916382814306
3,3.713572066704308,0,16,48,0.325,2,5.176091259055681,0.58,0,Hidradenitis Suppurativa,0.6135187967396256
1,5.3612921657094255,0,16,42,0.525,4,5.071882007306125,0.64,1,Sickle Cell Disease,0.8209041377675295
1,3.6109179126442243,1,4,37,0.475,3,7.505149978319906,0.64,1,Food Allergy & Anaphylaxis,0.6992507709567344
3,5.337538079701318,1,2,80,0.525,4,5.071882007306125,0.58,1,Sickle Cell Disease,0.7047107636971972
1,5.075173815233827,1,3,37,0.425,2,5.079181246047625,0.64,1,Autoimmune Liver Diseases,0.6198533674782738
2,3.4657359027997265,0,7,43,0.425,2,5.079181246047625,0.36,1,Autoimmune Liver Diseases,0.33144085092485276
3,6.98100574072173,2,7,69,0.525,4,5.071882007306125,0.58,1,Sickle Cell Disease,0.707078621062017
1,4.762173934797756,0,5,66,1.6,8,6.0,0.64,1,Multiple Sclerosis,0.95
2,3.367295829986474,2,3,78,0.525,4,5.071882007306125,0.36,0,Sickle Cell Disease,0.2863517162093556
2,4.74493212836325,0,3,47,0.9,5,7.3979400086720375,0.36,1,Diabetic Nephropathy,0.5315514131203202
3,4.663439094112067,1,2,72,0.475,3,7.505149978319906,0.58,1,Food Allergy & Anaphylaxis,0.6847728415418051
1,3.4657359027997265,0,7,34,1.6,8,6.0,0.64,1,Multiple Sclerosis,0.8194408509248527
3,6.220590170099739,1,15,68,0.325,2,5.176091259055681,0.58,1,Hidradenitis Suppurativa,0.7600048300185153
2,6.639875833826536,1,15,50,0.425,2,5.079181246047625,0.36,1,Autoimmune Liver Diseases,0.5116698801589215
1,6.371611847231857,0,6,55,0.525,4,5.071882007306125,0.64,1,Sickle Cell Disease,0.8715698731753403
1,4.219507705176107,1,12,41,0.9,5,7.3979400086720375,0.64,1,Diabetic Nephropathy,0.7816427883368102
2,2.833213344056216,2,4,63,0.325,2,5.176091259055681,0.36,0,Hidradenitis Suppurativa,0.21037092681258446
3,6.486160788944089,0,7,61,0.9,5,7.3979400086720375,0.58,1,Diabetic Nephropathy,0.8756399191490246
3,3.871201010907891,0,13,55,0.325,2,5.176091259055681,0.58,1,Hidradenitis Suppurativa,0.6215822041194317
1,6.882437470997847,2,13,44,0.525,4,5.071882007306125,0.64,1,Sickle Cell Disease,0.7671453892160556
2,5.863631175598097,0,11,51,0.325,2,5.176091259055681,0.36,0,Hidradenitis Suppurativa,0.49478080187388873
1,4.330733340286331,0,9,46,0.9,5,7.3979400086720375,0.64,1,Diabetic Nephropathy,0.9072825630440776
2,3.8918202981106265,1,5,47,0.525,4,5.071882007306125,0.36,1,Sickle Cell Disease,0.46330154124599
1,4.74493212836325,1,3,29,0.425,2,5.079181246047625,0.64,1,Autoimmune Liver Diseases,0.6032180797869869
2,7.473637108496206,1,5,50,0.7,3,5.301029995663981,0.36,1,Systemic Lupus Erythematosus,0.5863949451022054
2,6.295266001439646,2,11,56,0.425,2,5.079181246047625,0.36,0,Autoimmune Liver Diseases,0.3444124546429195
3,4.890349128221754,0,12,75,0.525,4,5.071882007306125,0.58,0,Sickle Cell Disease,0.7322149201632475
3,5.4116460518550396,1,8,50,0.425,2,5.079181246047625,0.58,1,Autoimmune Liver Diseases,0.6517667459402682
3,5.71042701737487,2,8,67,0.9,5,7.3979400086720375,0.58,0,Diabetic Nephropathy,0.7767636706047059
2,5.666426688112432,1,2,55,0.425,2,5.079181246047625,0.36,0,Autoimmune Liver Diseases,0.39288951470739275
2,4.820281565605037,1,10,52,1.6,8,6.0,0.36,0,Multiple Sclerosis,0.5023507084692163
2,4.852030263919617,0,14,48,0.525,4,5.071882007306125,0.36,1,Sickle Cell Disease,0.5619508450235251
2,4.90527477843843,0,6,48,0.525,4,5.071882007306125,0.36,1,Sickle Cell Disease,0.494633480698141
1,4.584967478670572,1,7,49,0.525,4,5.071882007306125,0.64,1,Sickle Cell Disease,0.7318103729590981
3,6.182084906716632,1,0,59,0.525,4,5.071882007306125,0.58,1,Sickle Cell Disease,0.7470756567165575
3,4.9344739331306915,1,4,43,0.425,2,5.079181246047625,0.58,1,Autoimmune Liver Diseases,0.5577708416251224
2,6.569481420414296,2,6,45,0.475,3,7.505149978319906,0.36,0,Food Allergy & Anaphylaxis,0.45114538627119416
3,4.454347296253507,1,5,74,0.7,3,5.301029995663981,0.58,0,Systemic Lupus Erythematosus,0.647540720191778
2,4.990432586778736,1,15,36,0.425,2,5.079181246047625,0.36,0,Autoimmune Liver Diseases,0.42892182178601224
1,5.081404364984463,0,13,30,0.475,3,7.505149978319906,0.64,1,Food Allergy & Anaphylaxis,0.8238335147956203
2,5.910796644040527,0,12,51,0.325,2,5.176091259055681,0.36,1,Hidradenitis Suppurativa,0.49714563760904196
1,7.046647277848756,0,15,49,0.525,4,5.071882007306125,0.64,1,Sickle Cell Disease,0.95
2,5.049856007249537,0,10,59,0.525,4,5.071882007306125,0.36,1,Sickle Cell Disease,0.5019127465465578
2,4.343805421853684,1,3,63,1.6,8,6.0,0.36,0,Multiple Sclerosis,0.478278157714912
2,5.817111159963204,2,3,57,0.525,4,5.071882007306125,0.36,1,Sickle Cell Disease,0.41044801729184877
1,4.68213122712422,0,0,32,0.325,2,5.176091259055681,0.64,1,Hidradenitis Suppurativa,0.7247162657570241
2,4.9344739331306915,2,2,47,0.475,3,7.505149978319906,0.36,0,Food Allergy & Anaphylaxis,0.36910417495845566
1,5.3471075307174685,0,13,76,0.325,2,5.176091259055681,0.64,1,Hidradenitis Suppurativa,0.7581915366321693
3,2.995732273553991,1,13,85,0.425,2,5.079181246047625,0.58,1,Autoimmune Liver Diseases,0.4586301063255842
1,6.610696044717759,1,14,33,0.9,5,7.3979400086720375,0.64,1,Diabetic Nephropathy,0.95
2,6.483107351457199,0,3,58,0.7,3,5.301029995663981,0.36,1,Systemic Lupus Erythematosus,0.5168203471644169
1,3.5553480614894135,2,16,45,0.9,5,7.3979400086720375,0.64,0,Diabetic Nephropathy,0.6677261835980701
2,5.568344503761097,1,11,60,0.475,3,7.505149978319906,0.36,0,Food Allergy & Anaphylaxis,0.4809675110667301
2,4.204692619390966,2,16,48,0.9,5,7.3979400086720375,0.36,1,Diabetic Nephropathy,0.3742242278019167
3,4.1588830833596715,1,6,66,0.9,5,7.3979400086720375,0.58,1,Diabetic Nephropathy,0.7085648936868386
1,5.43372200355424,0,10,38,0.525,4,5.071882007306125,0.64,1,Sickle Cell Disease,0.8245421054816511
2,5.916202062607435,0,16,43,0.425,2,5.079181246047625,0.36,0,Autoimmune Liver Diseases,0.4554166409825089
2,3.2188758248682006,1,13,57,0.9,5,7.3979400086720375,0.36,0,Diabetic Nephropathy,0.40364418221799275
2,7.3427791893318455,0,8,51,1.6,8,6.0,0.36,1,Multiple Sclerosis,0.7488480772298315
1,4.634728988229636,1,9,45,0.325,2,5.176091259055681,0.64,0,Hidradenitis Suppurativa,0.7423234646981424
3,5.0689042022202315,1,4,78,0.7,3,5.301029995663981,0.58,0,Systemic Lupus Erythematosus,0.6085379090186105
2,6.796823718274855,1,14,86,0.525,4,5.071882007306125,0.36,1,Sickle Cell Disease,0.6095267794592711
2,5.4510384535657,1,3,47,1.6,8,6.0,0.36,0,Multiple Sclerosis,0.5340783592839109
3,3.970291913552122,1,1,78,0.475,3,7.505149978319906,0.58,1,Food Allergy & Anaphylaxis,0.6496370099630002
1,4.927253685157205,1,0,42,0.7,3,5.301029995663981,0.64,1,Systemic Lupus Erythematosus,0.6594072036586685
1,3.871201010907891,2,9,44,0.425,2,5.079181246047625,0.64,0,Autoimmune Liver Diseases,0.5489155374527651
3,4.330733340286331,0,8,63,1.6,8,6.0,0.58,1,Multiple Sclerosis,0.861615896377411
2,4.143134726391533,0,15,36,0.9,5,7.3979400086720375,0.36,0,Diabetic Nephropathy,0.57109820995285
2,5.332718793265369,2,4,49,0.425,2,5.079181246047625,0.36,0,Autoimmune Liver Diseases,0.2961352991400744
1,4.143134726391533,0,10,53,1.6,8,6.0,0.64,1,Multiple Sclerosis,0.85409820995285
2,5.44673737166631,1,2,57,0.525,4,5.071882007306125,0.36,0,Sickle Cell Disease,0.4718623762266851
2,4.59511985013459,0,0,68,0.7,3,5.301029995663981,0.36,0,Systemic Lupus Erythematosus,0.42198986463412397
1,4.564348191467836,1,15,34,0.9,5,7.3979400086720375,0.64,1,Diabetic Nephropathy,0.869102001947289
2,4.532599493153256,0,12,45,0.525,4,5.071882007306125,0.36,1,Sickle Cell Disease,0.4758309195530474
1,4.727387818712341,1,12,58,0.9,5,7.3979400086720375,0.64,1,Diabetic Nephropathy,0.8073331009320167
2,4.219507705176107,2,4,54,0.425,2,5.079181246047625,0.36,0,Autoimmune Liver Diseases,0.23997612167014376
2,5.384495062789089,1,2,57,1.6,8,6.0,0.36,1,Multiple Sclerosis,0.5307363583776183
2,5.2832037287379885,0,13,53,0.475,3,7.505149978319906,0.36,1,Food Allergy & Anaphylaxis,0.5166472236621213
2,8.336869637284956,1,3,55,0.425,2,5.079181246047625,0.36,1,Autoimmune Liver Diseases,0.49
1,4.532599493153256,0,2,46,0.9,5,7.3979400086720375,0.64,1,Diabetic Nephropathy,0.847497586219714
2,3.713572066704308,1,6,64,0.525,4,5.071882007306125,0.36,1,Sickle Cell Disease,0.3841854634062922
1,4.499809670330265,2,5,39,0.325,2,5.176091259055681,0.64,1,Hidradenitis Suppurativa,0.6555066425205358
2,4.48863636973214,1,7,57,0.475,3,7.505149978319906,0.36,0,Food Allergy & Anaphylaxis,0.42660833142450577
2,5.583496308781699,1,16,42,0.9,5,7.3979400086720375,0.36,1,Diabetic Nephropathy,0.5237279819999066
1,4.189654742026425,1,9,38,0.425,2,5.079181246047625,0.64,1,Autoimmune Liver Diseases,0.6451275208620442
1,5.384495062789089,0,16,36,0.7,3,5.301029995663981,0.64,0,Systemic Lupus Erythematosus,0.7324030250442851
3,4.820281565605037,1,4,73,0.475,3,7.505149978319906,0.58,1,Food Allergy & Anaphylaxis,0.6926840418025497
2,6.959398512133975,1,11,31,0.525,4,5.071882007306125,0.36,1,Sickle Cell Disease,0.5476639103654781
3,3.5553480614894135,2,10,69,0.475,3,7.505149978319906,0.58,0,Food Allergy & Anaphylaxis,0.548392850264737
1,4.59511985013459,1,1,48,0.7,3,5.301029995663981,0.64,0,Systemic Lupus Erythematosus,0.6426565313007907
1,6.419994928147142,1,1,32,1.6,8,6.0,0.64,1,Multiple Sclerosis,0.9186597374974059
1,4.499809670330265,1,13,29,0.525,4,5.071882007306125,0.64,1,Sickle Cell Disease,0.7275066425205359
2,6.71295620067707,1,6,66,0.9,5,7.3979400086720375,0.36,0,Diabetic Nephropathy,0.5803285104534044
3,3.1780538303479458,0,8,64,1.6,8,6.0,0.58,1,Multiple Sclerosis,0.8025162014970529
3,4.060443010546419,0,5,69,0.475,3,7.505149978319906,0.58,1,Food Allergy & Anaphylaxis,0.7742273874256566
2,5.855071922202427,1,14,47,0.475,3,7.505149978319906,0.36,1,Food Allergy & Anaphylaxis,0.5653516146893193
3,3.4965075614664802,1,9,51,0.475,3,7.505149978319906,0.58,1,Food Allergy & Anaphylaxis,0.6953616191739153
2,5.429345628954441,0,1,62,0.525,4,5.071882007306125,0.36,1,Sickle Cell Disease,0.5209889915746655
2,3.970291913552122,0,16,32,0.325,2,5.176091259055681,0.36,1,Hidradenitis Suppurativa,0.3993036766296668
1,3.828641396489095,1,12,42,0.525,4,5.071882007306125,0.64,1,Sickle Cell Disease,0.6934079485224449
2,4.74493212836325,1,4,58,0.325,2,5.176091259055681,0.36,0,Hidradenitis Suppurativa,0.38855141312032015
1,4.718498871295094,1,16,44,0.425,2,5.079181246047625,0.64,0,Autoimmune Liver Diseases,0.6018846674328789
1,4.343805421853684,1,12,47,0.475,3,7.505149978319906,0.64,0,Food Allergy & Anaphylaxis,0.7366114910482454
2,4.127134385045092,0,2,46,1.6,8,6.0,0.36,1,Multiple Sclerosis,0.5172851839092609
1,5.575949103146316,1,8,36,1.6,8,6.0,0.64,0,Multiple Sclerosis,0.9463491923094837
3,4.969813299576001,2,11,68,0.425,2,5.079181246047625,0.58,0,Autoimmune Liver Diseases,0.47955038888025747
2,3.871201010907891,0,4,50,1.6,8,6.0,0.36,0,Multiple Sclerosis,0.5042488707860984
1,3.9512437185814275,0,7,28,0.475,3,7.505149978319906,0.64,0,Food Allergy & Anaphylaxis,0.7666661056701451
2,4.465908118654584,0,16,64,0.425,2,5.079181246047625,0.36,1,Autoimmune Liver Diseases,0.38245885551327086
3,6.773080375655535,0,1,55,1.6,8,6.0,0.58,1,Multiple Sclerosis,0.9143382684925755
1,4.8283137373023015,1,5,34,1.6,8,6.0,0.64,1,Multiple Sclerosis,0.9087555689808473
3,4.836281906951478,2,3,48,0.7,3,5.301029995663981,0.58,0,Systemic Lupus Erythematosus,0.516823844232377
1,5.3612921657094255,0,14,42,0.7,3,5.301029995663981,0.64,1,Systemic Lupus Erythematosus,0.8012374711008629
1,5.220355825078324,0,5,56,0.425,2,5.079181246047625,0.64,1,Autoimmune Liver Diseases,0.7471549452477116
1,3.367295829986474,0,2,45,0.7,3,5.301029995663981,0.64,1,Systemic Lupus Erythematosus,0.6300183828760224
3,5.771441123130016,0,4,68,0.325,2,5.176091259055681,0.58,1,Hidradenitis Suppurativa,0.7174908738236174
3,5.0369526024136295,0,14,62,0.7,3,5.301029995663981,0.58,0,Systemic Lupus Erythematosus,0.726930053436884
1,6.1070228877422545,0,14,35,0.325,2,5.176091259055681,0.64,0,Hidradenitis Suppurativa,0.8663144856546782
1,5.407171771460119,1,7,49,0.325,2,5.176091259055681,0.64,1,Hidradenitis Suppurativa,0.7112086931275428
1,5.720311776607412,0,14,45,0.325,2,5.176091259055681,0.64,1,Hidradenitis Suppurativa,0.84692620910424
1,2.3978952727983707,0,11,48,0.525,4,5.071882007306125,0.64,0,Sickle Cell Disease,0.6682040786836312
1,4.897839799950911,1,16,45,1.6,8,6.0,0.64,1,Multiple Sclerosis,0.842258947111683
2,4.02535169073515,0,14,49,0.325,2,5.176091259055681,0.36,0,Hidradenitis Suppurativa,0.47210814996221895
2,5.176149732573829,1,6,51,0.9,5,7.3979400086720375,0.36,0,Diabetic Nephropathy,0.503265690452503
2,3.1354942159291497,0,16,52,0.9,5,7.3979400086720375,0.36,1,Diabetic Nephropathy,0.44929361336851126
2,4.6913478822291435,0,1,57,1.6,8,6.0,0.36,1,Multiple Sclerosis,0.5458480520568064
3,5.375278407684165,0,10,84,0.7,3,5.301029995663981,0.58,1,Systemic Lupus Erythematosus,0.6739400587736453
1,5.6240175061873385,1,8,43,0.525,4,5.071882007306125,0.64,1,Sickle Cell Disease,0.8540948673197863
1,4.543294782270004,0,1,61,1.6,8,6.0,0.64,1,Multiple Sclerosis,0.8743714653582583
3,6.836259277277067,0,5,55,0.7,3,5.301029995663981,0.58,1,Systemic Lupus Erythematosus,0.8171673866746273
1,4.969813299576001,1,11,50,1.6,8,6.0,0.64,1,Multiple Sclerosis,0.8458837222135908
1,5.877735781779639,0,13,31,0.9,5,7.3979400086720375,0.64,1,Diabetic Nephropathy,0.9151546939098635
1,3.7376696182833684,1,14,30,0.325,2,5.176091259055681,0.64,1,Hidradenitis Suppurativa,0.6967534273691443
2,4.356708826689592,2,15,47,1.6,8,6.0,0.36,0,Multiple Sclerosis,0.4689317617932796
2,4.0943445622221,1,8,46,0.325,2,5.176091259055681,0.36,1,Hidradenitis Suppurativa,0.4256183628958814
2,6.102558594613569,1,11,49,0.9,5,7.3979400086720375,0.36,1,Diabetic Nephropathy,0.5497574383015986
2,5.093750200806762,0,0,44,0.425,2,5.079181246047625,0.36,1,Autoimmune Liver Diseases,0.41412130746221465
2,4.248495242049359,2,4,62,1.6,8,6.0,0.36,0,Multiple Sclerosis,0.3934468159304584
3,4.1588830833596715,1,16,64,0.325,2,5.176091259055681,0.58,0,Hidradenitis Suppurativa,0.5862315603535053
1,5.318119993844216,2,8,45,0.9,5,7.3979400086720375,0.64,1,Diabetic Nephropathy,0.8270684563193514
2,6.786716950605081,1,3,47,0.475,3,7.505149978319906,0.36,1,Food Allergy & Anaphylaxis,0.542020872950992
2,3.6109179126442243,1,0,52,0.9,5,7.3979400086720375,0.36,0,Diabetic Nephropathy,0.42391743762340095
2,5.303304908059076,1,7,52,0.9,5,7.3979400086720375,0.36,0,Diabetic Nephropathy,0.5096573590279972
1,6.198478716492308,1,7,49,0.425,2,5.079181246047625,0.64,1,Autoimmune Liver Diseases,0.6762303637569882
1,5.811140992976701,1,12,46,0.325,2,5.176091259055681,0.64,1,Hidradenitis Suppurativa,0.731481948532951
2,5.480638923341991,2,3,65,1.6,8,6.0,0.36,1,Multiple Sclerosis,0.45556466829717096
2,5.966146739123692,1,11,56,0.525,4,5.071882007306125,0.36,1,Sickle Cell Disease,0.49792045788151773
1,4.955827057601261,1,2,44,1.6,8,6.0,0.64,1,Multiple Sclerosis,0.8451794852195038
1,5.3706380281276624,1,6,40,0.7,3,5.301029995663981,0.64,0,Systemic Lupus Erythematosus,0.6817069581183547
2,4.584967478670572,0,3,46,0.525,4,5.071882007306125,0.36,0,Sickle Cell Disease,0.47847703962576454
2,4.718498871295094,0,7,52,0.9,5,7.3979400086720375,0.36,0,Diabetic Nephropathy,0.5302180007662122
3,5.840641657373398,0,4,55,0.7,3,5.301029995663981,0.58,1,Systemic Lupus Erythematosus,0.6972946797255591
2,5.568344503761097,0,7,71,0.7,3,5.301029995663981,0.36,0,Systemic Lupus Erythematosus,0.47096751106673
2,3.9318256327243257,1,8,55,0.425,2,5.079181246047625,0.36,1,Autoimmune Liver Diseases,0.37534264097200276
2,6.338594078203183,0,2,44,0.425,2,5.079181246047625,0.36,0,Autoimmune Liver Diseases,0.4765827772579174
2,5.231108616854587,2,1,72,1.6,8,6.0,0.36,1,Multiple Sclerosis,0.44302882438625546
1,5.799092654460526,1,7,28,0.9,5,7.3979400086720375,0.64,1,Diabetic Nephropathy,0.8612110449055306
3,6.361302477572996,0,15,69,0.425,2,5.079181246047625,0.58,0,Autoimmune Liver Diseases,0.7493868508008812
2,5.0238805208462765,0,12,59,0.525,4,5.071882007306125,0.36,1,Sickle Cell Disease,0.5006054825413416
2,4.90527477843843,2,2,45,1.6,8,6.0,0.36,0,Multiple Sclerosis,0.426633480698141
2,4.5217885770490405,1,12,54,0.325,2,5.176091259055681,0.36,1,Hidradenitis Suppurativa,0.37728446602643795
2,4.51085950651685,0,14,73,0.425,2,5.079181246047625,0.36,0,Autoimmune Liver Diseases,0.45473197421710865
3,5.087596335232384,1,4,65,0.325,2,5.176091259055681,0.58,1,Hidradenitis Suppurativa,0.6331450422831518
2,7.080026499922591,1,2,59,0.425,2,5.079181246047625,0.36,0,Autoimmune Liver Diseases,0.46370071043107886
2,6.628041376179533,1,0,61,0.325,2,5.176091259055681,0.36,0,Hidradenitis Suppurativa,0.48307737816304663
2,6.423246963533519,0,13,40,0.9,5,7.3979400086720375,0.36,1,Diabetic Nephropathy,0.6158226040909214
1,3.258096538021482,2,16,21,0.475,3,7.505149978319906,0.64,1,Food Allergy & Anaphylaxis,0.6010186152773389
1,5.220355825078324,1,12,26,0.425,2,5.079181246047625,0.64,1,Autoimmune Liver Diseases,0.6271549452477115
2,6.003887067106539,0,0,46,0.325,2,5.176091259055681,0.36,0,Hidradenitis Suppurativa,0.5018122345986529
1,7.252053951852814,1,1,39,1.6,8,6.0,0.64,1,Multiple Sclerosis,0.95
3,4.430816798843313,2,3,50,0.9,5,7.3979400086720375,0.58,1,Diabetic Nephropathy,0.642350187757092
1,4.060443010546419,1,2,33,1.6,8,6.0,0.64,0,Multiple Sclerosis,0.7998940540923228
1,3.713572066704308,1,1,28,0.7,3,5.301029995663981,0.64,1,Systemic Lupus Erythematosus,0.597852130072959
1,6.042632833682381,0,3,47,0.325,2,5.176091259055681,0.64,1,Hidradenitis Suppurativa,0.7930875595977995
3,4.330733340286331,0,11,70,0.9,5,7.3979400086720375,0.58,0,Diabetic Nephropathy,0.7672825630440776
2,4.8283137373023015,0,11,59,0.425,2,5.079181246047625,0.36,1,Autoimmune Liver Diseases,0.4007555689808473
1,4.07753744390572,1,12,48,0.475,3,7.505149978319906,0.64,1,Food Allergy & Anaphylaxis,0.7230969745612498
3,2.772588722239781,2,7,66,0.475,3,7.505149978319906,0.58,0,Food Allergy & Anaphylaxis,0.5074773340890393
2,5.87493073085203,1,10,48,0.325,2,5.176091259055681,0.36,1,Hidradenitis Suppurativa,0.44534738017436626
1,5.407171771460119,1,14,53,1.6,8,6.0,0.64,1,Multiple Sclerosis,0.9378753597942094
3,5.3230099791384085,0,3,62,1.6,8,6.0,0.58,1,Multiple Sclerosis,0.8416474903928062
1,3.4657359027997265,0,6,53,0.9,5,7.3979400086720375,0.64,1,Diabetic Nephropathy,0.7931075175915193
1,5.765191102784844,1,16,59,0.425,2,5.079181246047625,0.64,0,Autoimmune Liver Diseases,0.6545107265062711
2,5.293304824724492,1,4,60,0.9,5,7.3979400086720375,0.36,1,Diabetic Nephropathy,0.5091548422353221
1,4.727387818712341,2,2,40,1.6,8,6.0,0.64,1,Multiple Sclerosis,0.7536664342653502
1,4.983606621708336,0,6,53,0.525,4,5.071882007306125,0.64,1,Sickle Cell Disease,0.8019115111549577
3,6.246106765481563,1,8,66,0.475,3,7.505149978319906,0.58,1,Food Allergy & Anaphylaxis,0.8342831690671157
1,4.290459441148391,1,12,44,0.475,3,7.505149978319906,0.64,0,Food Allergy & Anaphylaxis,0.7339081299847316
3,4.564348191467836,2,7,62,0.525,4,5.071882007306125,0.58,1,Sickle Cell Disease,0.5857686686139558
1,6.100318952020064,2,12,37,0.525,4,5.071882007306125,0.64,1,Sickle Cell Disease,0.727978538142241
3,6.251903883165888,1,10,71,0.475,3,7.505149978319906,0.58,1,Food Allergy & Anaphylaxis,0.7645735861469031
3,3.4339872044851463,0,10,69,0.475,3,7.505149978319906,0.58,1,Food Allergy & Anaphylaxis,0.6721346931170367
1,3.295836866004329,1,14,36,0.425,2,5.079181246047625,0.64,1,Autoimmune Liver Diseases,0.5993129842683363
2,4.634728988229636,0,15,54,0.525,4,5.071882007306125,0.36,0,Sickle Cell Disease,0.5509901313648089
2,4.248495242049359,1,5,56,0.9,5,7.3979400086720375,0.36,1,Diabetic Nephropathy,0.5264468159304584
3,4.127134385045092,0,3,73,0.525,4,5.071882007306125,0.58,1,Sickle Cell Disease,0.6936185172425944
3,5.0106352940962555,0,8,61,0.325,2,5.176091259055681,0.58,1,Hidradenitis Suppurativa,0.7492721393312017
2,5.983936280687191,0,14,64,0.325,2,5.176091259055681,0.36,1,Hidradenitis Suppurativa,0.5708122012633194
3,2.3978952727983707,2,14,64,0.325,2,5.176091259055681,0.58,0,Hidradenitis Suppurativa,0.484204078683631
2,5.91350300563827,0,1,53,0.7,3,5.301029995663981,0.36,1,Systemic Lupus Erythematosus,0.4882813229026217
2,4.174387269895637,2,10,42,0.9,5,7.3979400086720375,0.36,1,Diabetic Nephropathy,0.372685644868579
2,3.044522437723423,0,7,67,0.475,3,7.505149978319906,0.36,1,Food Allergy & Anaphylaxis,0.40252810437829495
2,5.0106352940962555,1,5,58,0.475,3,7.505149978319906,0.36,1,Food Allergy & Anaphylaxis,0.5229388059978685
1,5.049856007249537,1,0,39,0.475,3,7.505149978319906,0.64,1,Food Allergy & Anaphylaxis,0.7722460798798911
1,3.871201010907891,0,6,32,0.9,5,7.3979400086720375,0.64,1,Diabetic Nephropathy,0.8139155374527649
3,2.70805020110221,1,9,59,1.6,8,6.0,0.58,1,Multiple Sclerosis,0.7276943571813583
3,7.116394144093465,1,11,78,0.7,3,5.301029995663981,0.58,0,Systemic Lupus Erythematosus,0.7111872636764848
1,5.945420608606575,0,9,32,0.7,3,5.301029995663981,0.64,1,Systemic Lupus Erythematosus,0.8305481261235973
1,5.793013608384144,0,0,32,0.425,2,5.079181246047625,0.64,1,Autoimmune Liver Diseases,0.705906165912125
3,5.3471075307174685,1,4,52,0.475,3,7.505149978319906,0.58,1,Food Allergy & Anaphylaxis,0.7191915366321694
1,6.194405391104672,0,0,32,0.425,2,5.079181246047625,0.64,1,Autoimmune Liver Diseases,0.7260262818410059
2,6.159095388491933,0,1,54,0.9,5,7.3979400086720375,0.36,1,Diabetic Nephropathy,0.6025904399798732
3,4.727387818712341,1,4,64,0.525,4,5.071882007306125,0.58,0,Sickle Cell Disease,0.6739997675986835
1,6.822197390620491,1,10,50,0.425,2,5.079181246047625,0.64,1,Autoimmune Liver Diseases,0.7074635309800854
1,5.204006687076795,1,4,38,0.475,3,7.505149978319906,0.64,1,Food Allergy & Anaphylaxis,0.7799996755972202
1,5.541263545158426,1,3,44,0.325,2,5.176091259055681,0.64,1,Hidradenitis Suppurativa,0.7179415373848556
3,5.030437921392435,1,13,60,0.525,4,5.071882007306125,0.58,1,Sickle Cell Disease,0.6892688500762427
2,4.382026634673881,0,3,52,0.9,5,7.3979400086720375,0.36,1,Diabetic Nephropathy,0.5132138833239465
1,3.1780538303479458,2,0,57,0.7,3,5.301029995663981,0.64,0,Systemic Lupus Erythematosus,0.4901828681637196
3,6.80128303447162,0,14,66,0.425,2,5.079181246047625,0.58,1,Autoimmune Liver Diseases,0.7714166607823723
1,4.30406509320417,2,12,35,0.475,3,7.505149978319906,0.64,0,Food Allergy & Anaphylaxis,0.6545977960913484
1,6.78897174299217,1,6,32,0.7,3,5.301029995663981,0.64,1,Systemic Lupus Erythematosus,0.7528004064827412
1,6.129050210060545,2,10,49,0.9,5,7.3979400086720375,0.64,1,Diabetic Nephropathy,0.7977516165729712
3,7.27655640271871,0,9,87,0.475,3,7.505149978319906,0.58,1,Food Allergy & Anaphylaxis,0.9358680540612556
2,4.276666119016055,0,10,53,0.525,4,5.071882007306125,0.36,0,Sickle Cell Disease,0.4628754845526612
1,5.262690188904886,1,5,41,0.425,2,5.079181246047625,0.64,1,Autoimmune Liver Diseases,0.6992829259686514
2,5.575949103146316,2,5,59,0.425,2,5.079181246047625,0.36,1,Autoimmune Liver Diseases,0.3783491923094836
2,3.7376696182833684,0,1,51,0.9,5,7.3979400086720375,0.36,1,Diabetic Nephropathy,0.4804200940358108
3,3.713572066704308,0,10,63,0.475,3,7.505149978319906,0.58,0,Food Allergy & Anaphylaxis,0.6865187967396258
1,3.5553480614894135,1,4,49,0.7,3,5.301029995663981,0.64,0,Systemic Lupus Erythematosus,0.5897261835980703
1,4.23410650459726,0,14,53,0.7,3,5.301029995663981,0.64,1,Systemic Lupus Erythematosus,0.7443835426260675
1,2.8903717578961645,1,5,45,1.6,8,6.0,0.64,1,Multiple Sclerosis,0.8094021579034062
3,4.709530201312334,1,15,62,0.9,5,7.3979400086720375,0.58,0,Diabetic Nephropathy,0.8064321756568829
2,7.260522598089852,1,10,51,0.425,2,5.079181246047625,0.36,1,Autoimmune Liver Diseases,0.4727324712187547
3,4.812184355372417,2,2,59,1.6,8,6.0,0.58,0,Multiple Sclerosis,0.6859425429372582
1,5.170483995038151,2,14,39,0.525,4,5.071882007306125,0.64,1,Sickle Cell Disease,0.7513141227301048
2,4.90527477843843,1,11,71,0.525,4,5.071882007306125,0.36,0,Sickle Cell Disease,0.444633480698141
2,5.54907608489522,0,3,39,0.7,3,5.301029995663981,0.36,0,Systemic Lupus Erythematosus,0.4700003629245735
1,5.560681631015528,2,1,32,0.425,2,5.079181246047625,0.64,1,Autoimmune Liver Diseases,0.5642495604522392
2,5.82600010738045,1,16,62,1.6,8,6.0,0.36,1,Multiple Sclerosis,0.5528937854747463
1,4.290459441148391,0,11,43,0.325,2,5.176091259055681,0.64,1,Hidradenitis Suppurativa,0.7049081299847316
2,3.332204510175204,0,9,44,0.525,4,5.071882007306125,0.36,0,Sickle Cell Disease,0.4845333340008119
3,3.9889840465642745,0,4,75,0.475,3,7.505149978319906,0.58,1,Food Allergy & Anaphylaxis,0.700589419711535
3,5.384495062789089,0,0,67,0.325,2,5.176091259055681,0.58,1,Hidradenitis Suppurativa,0.6980696917109517
1,5.6937321388027,1,13,34,1.6,8,6.0,0.64,1,Multiple Sclerosis,0.8822594634167984
2,6.674561391814426,1,15,55,0.425,2,5.079181246047625,0.36,1,Autoimmune Liver Diseases,0.5134063890889782
1,3.9318256327243257,0,12,46,0.325,2,5.176091259055681,0.64,1,Hidradenitis Suppurativa,0.6866759743053361
3,5.846438775057725,1,2,46,0.525,4,5.071882007306125,0.58,1,Sickle Cell Disease,0.7302520448854968
2,4.290459441148391,1,14,54,0.7,3,5.301029995663981,0.36,0,Systemic Lupus Erythematosus,0.42657479665139814
1,5.5909869805108565,1,12,45,0.9,5,7.3979400086720375,0.64,1,Diabetic Nephropathy,0.8507705902872744
1,6.22455842927536,0,3,49,0.9,5,7.3979400086720375,0.64,1,Diabetic Nephropathy,0.9325369707708304
3,5.220355825078324,0,0,67,0.325,2,5.176091259055681,0.58,1,Hidradenitis Suppurativa,0.6898216119143781
1,3.713572066704308,0,10,47,0.325,2,5.176091259055681,0.64,1,Hidradenitis Suppurativa,0.6755187967396257
2,6.102558594613569,2,3,52,0.475,3,7.505149978319906,0.36,1,Food Allergy & Anaphylaxis,0.4277574383015986
2,4.948759890378168,2,5,52,0.325,2,5.176091259055681,0.36,1,Hidradenitis Suppurativa,0.3888236118310606
2,4.663439094112067,1,7,73,0.425,2,5.079181246047625,0.36,1,Autoimmune Liver Diseases,0.3424395082084716
1,6.970730078143525,0,14,45,0.9,5,7.3979400086720375,0.64,1,Diabetic Nephropathy,0.95
2,5.998936561946683,1,2,50,1.6,8,6.0,0.36,1,Multiple Sclerosis,0.5615640951315464
2,4.290459441148391,1,13,57,0.475,3,7.505149978319906,0.36,1,Food Allergy & Anaphylaxis,0.4165747966513982
3,4.727387818712341,0,1,63,0.325,2,5.176091259055681,0.58,1,Hidradenitis Suppurativa,0.6649997675986835
1,4.31748811353631,1,7,44,0.425,2,5.079181246047625,0.64,0,Autoimmune Liver Diseases,0.5816114120274707
1,5.655991810819852,1,5,24,0.475,3,7.505149978319906,0.64,1,Food Allergy & Anaphylaxis,0.8726992830473614
1,3.5553480614894135,1,8,44,1.6,8,6.0,0.64,1,Multiple Sclerosis,0.8440595169314036
1,3.828641396489095,1,6,49,0.9,5,7.3979400086720375,0.64,1,Diabetic Nephropathy,0.7617412818557779
1,6.508769136971682,1,9,48,0.525,4,5.071882007306125,0.64,1,Sickle Cell Disease,0.8984387096531796
1,6.049733455231958,0,4,40,0.475,3,7.505149978319906,0.64,0,Food Allergy & Anaphylaxis,0.8724434329862428
1,4.2626798770413155,0,5,52,0.475,3,7.505149978319906,0.64,1,Food Allergy & Anaphylaxis,0.8524995861363969
1,3.828641396489095,0,1,32,0.425,2,5.079181246047625,0.64,1,Autoimmune Liver Diseases,0.6067412818557782
3,5.3706380281276624,0,3,65,1.6,8,6.0,0.58,0,Multiple Sclerosis,0.8440402914516879
1,6.289715570908998,1,5,25,1.6,8,6.0,0.64,1,Multiple Sclerosis,0.95
2,4.795790545596741,1,11,71,0.9,5,7.3979400086720375,0.36,0,Diabetic Nephropathy,0.4841160778396978
1,2.995732273553991,1,9,48,0.7,3,5.301029995663981,0.64,0,Systemic Lupus Erythematosus,0.6306301063255842
1,3.8501476017100584,1,9,32,0.7,3,5.301029995663981,0.64,1,Systemic Lupus Erythematosus,0.674840227191717
2,5.420534999272286,0,9,51,0.7,3,5.301029995663981,0.36,0,Systemic Lupus Erythematosus,0.5335465108108164
2,5.308267697401205,1,9,45,0.9,5,7.3979400086720375,0.36,0,Diabetic Nephropathy,0.5799067361035493
2,5.749392985908253,1,0,54,0.425,2,5.079181246047625,0.36,1,Autoimmune Liver Diseases,0.39705165022760314
3,7.110696122978827,0,7,56,0.7,3,5.301029995663981,0.58,1,Systemic Lupus Erythematosus,0.7609021305208757
2,4.787491742782046,1,10,61,0.9,5,7.3979400086720375,0.36,0,Diabetic Nephropathy,0.4836976653561719
1,5.808142489980444,0,1,37,0.525,4,5.071882007306125,0.64,1,Sickle Cell Disease,0.8433315724797534
2,5.093750200806762,1,1,48,0.475,3,7.505149978319906,0.36,0,Food Allergy & Anaphylaxis,0.45712130746221463
3,5.455321115357702,0,6,50,0.7,3,5.301029995663981,0.58,1,Systemic Lupus Erythematosus,0.6779600800455472
1,5.093750200806762,1,7,50,0.475,3,7.505149978319906,0.64,1,Food Allergy & Anaphylaxis,0.774454640795548
1,4.127134385045092,1,4,40,0.325,2,5.176091259055681,0.64,0,Hidradenitis Suppurativa,0.6466185172425943
1,4.762173934797756,0,7,34,1.6,8,6.0,0.64,1,Multiple Sclerosis,0.8854210002559136
3,5.407171771460119,1,4,57,0.475,3,7.505149978319906,0.58,0,Food Allergy & Anaphylaxis,0.7222086931275429
2,5.159055299214529,2,6,60,0.425,2,5.079181246047625,0.36,0,Autoimmune Liver Diseases,0.2874060704254844
2,6.8966943316227125,0,12,57,0.325,2,5.176091259055681,0.36,0,Hidradenitis Suppurativa,0.5465256255879889
1,5.627621113690637,0,7,40,1.6,8,6.0,0.64,1,Multiple Sclerosis,0.9289423660099624
1,4.382026634673881,2,9,58,0.7,3,5.301029995663981,0.64,1,Systemic Lupus Erythematosus,0.6218805499906134
3,4.174387269895637,1,15,79,0.425,2,5.079181246047625,0.58,1,Autoimmune Liver Diseases,0.5893523115352458
2,5.963579343618446,2,12,38,0.475,3,7.505149978319906,0.36,1,Food Allergy & Anaphylaxis,0.4207917576817591
3,5.459585514144159,2,10,57,0.425,2,5.079181246047625,0.58,1,Autoimmune Liver Diseases,0.5041742131351472
3,6.663132695990803,0,3,60,0.325,2,5.176091259055681,0.58,0,Hidradenitis Suppurativa,0.7621675610611943
1,4.812184355372417,1,1,42,0.325,2,5.176091259055681,0.64,1,Hidradenitis Suppurativa,0.6812758762705916
3,5.521460917862246,0,5,64,0.475,3,7.505149978319906,0.58,1,Food Allergy & Anaphylaxis,0.8479474688571644
1,6.870053411798126,1,15,48,1.6,8,6.0,0.64,1,Multiple Sclerosis,0.95
2,4.77912349311153,1,6,56,0.7,3,5.301029995663981,0.36,0,Systemic Lupus Erythematosus,0.3812757219238786
1,4.2626798770413155,2,1,49,0.9,5,7.3979400086720375,0.64,1,Diabetic Nephropathy,0.7038329194697299
3,5.049856007249537,0,6,91,1.6,8,6.0,0.58,1,Multiple Sclerosis,0.8279127465465577
1,4.477336814478207,0,8,46,1.6,8,6.0,0.64,1,Multiple Sclerosis,0.9410368966333247
2,5.752572638825633,0,15,34,0.325,2,5.176091259055681,0.36,1,Hidradenitis Suppurativa,0.5592111399960081
3,5.003946305945459,0,12,70,1.6,8,6.0,0.58,1,Multiple Sclerosis,0.8256021043888011
2,4.564348191467836,1,0,60,0.325,2,5.176091259055681,0.36,0,Hidradenitis Suppurativa,0.37943533528062245
2,3.367295829986474,0,16,38,0.475,3,7.505149978319906,0.36,0,Food Allergy & Anaphylaxis,0.41935171620935563
3,5.8664680569332965,1,13,60,0.475,3,7.505149978319906,0.58,1,Food Allergy & Anaphylaxis,0.7452563828138338
3,5.0238805208462765,1,1,69,0.7,3,5.301029995663981,0.58,0,Systemic Lupus Erythematosus,0.6062721492080083
2,6.113682179832232,1,6,57,0.9,5,7.3979400086720375,0.36,1,Diabetic Nephropathy,0.5503148576757294
2,4.406719247264253,0,12,54,0.325,2,5.176091259055681,0.36,0,Hidradenitis Suppurativa,0.4214639484342173
2,3.2188758248682006,1,1,56,1.6,8,6.0,0.36,1,Multiple Sclerosis,0.4206441822179927
2,4.59511985013459,1,3,44,0.325,2,5.176091259055681,0.36,0,Hidradenitis Suppurativa,0.380989864634124
2,5.673323267171493,1,2,72,0.525,4,5.071882007306125,0.36,0,Sickle Cell Disease,0.4832355368496214
2,5.736572297479192,0,13,56,0.9,5,7.3979400086720375,0.36,1,Diabetic Nephropathy,0.5814085545454827
3,4.709530201312334,1,1,71,0.7,3,5.301029995663981,0.58,1,Systemic Lupus Erythematosus,0.5904321756568829
1,6.126869184114185,1,5,43,0.475,3,7.505149978319906,0.64,0,Food Allergy & Anaphylaxis,0.8963089935786391
1,5.43372200355424,2,3,26,0.475,3,7.505149978319906,0.64,1,Food Allergy & Anaphylaxis,0.7115421054816509
1,6.152732694704104,1,4,43,0.475,3,7.505149978319906,0.64,1,Food Allergy & Anaphylaxis,0.8276049624562428
2,5.181783550292085,1,4,36,0.475,3,7.505149978319906,0.36,0,Food Allergy & Anaphylaxis,0.4615489773292869
3,2.6390573296152584,0,5,79,0.425,2,5.079181246047625,0.58,0,Autoimmune Liver Diseases,0.5596556252403391
1,5.5093883366279774,0,4,24,0.9,5,7.3979400086720375,0.64,1,Diabetic Nephropathy,0.8966747341638801
2,5.655991810819852,0,2,59,0.9,5,7.3979400086720375,0.36,0,Diabetic Nephropathy,0.577365949714028
2,4.204692619390966,0,16,57,0.425,2,5.079181246047625,0.36,0,Autoimmune Liver Diseases,0.36922422780191666
3,4.060443010546419,1,1,57,0.475,3,7.505149978319906,0.58,1,Food Allergy & Anaphylaxis,0.6542273874256564
1,7.663407664893479,1,13,36,0.425,2,5.079181246047625,0.64,0,Autoimmune Liver Diseases,0.7466666666666668
1,4.477336814478207,1,0,40,0.9,5,7.3979400086720375,0.64,1,Diabetic Nephropathy,0.7947035632999911
1,4.955827057601261,2,10,67,0.525,4,5.071882007306125,0.64,1,Sickle Cell Disease,0.6705128185528373
1,6.453624998892692,1,4,39,0.9,5,7.3979400086720375,0.64,1,Diabetic Nephropathy,0.8940106050891232
2,4.955827057601261,1,4,59,0.7,3,5.301029995663981,0.36,0,Systemic Lupus Erythematosus,0.3901794852195038
3,6.249975242259483,2,2,61,0.9,5,7.3979400086720375,0.58,0,Diabetic Nephropathy,0.7338103010926835
1,7.510977752014095,1,4,34,0.425,2,5.079181246047625,0.64,1,Autoimmune Liver Diseases,0.7419296851861625
3,5.783825182329737,1,11,62,0.425,2,5.079181246047625,0.58,0,Autoimmune Liver Diseases,0.6004453331568786
1,4.394449154672439,1,0,60,0.475,3,7.505149978319906,0.64,1,Food Allergy & Anaphylaxis,0.739176155767623
2,5.860786223465865,0,5,56,0.475,3,7.505149978319906,0.36,0,Food Allergy & Anaphylaxis,0.6156381484247685
1,4.59511985013459,0,9,43,1.6,8,6.0,0.64,1,Multiple Sclerosis,0.946989864634124
1,6.073044534100405,0,8,38,0.475,3,7.505149978319906,0.64,1,Food Allergy & Anaphylaxis,0.9436117104340535
3,5.236441962829949,0,10,64,0.325,2,5.176091259055681,0.58,0,Hidradenitis Suppurativa,0.6906302548766581
1,4.976733742420574,0,16,36,0.7,3,5.301029995663981,0.64,1,Systemic Lupus Erythematosus,0.7118988223460623
2,6.594413459749778,0,8,63,0.475,3,7.505149978319906,0.36,1,Food Allergy & Anaphylaxis,0.6523937174077175
2,6.1224928095143865,1,0,60,0.9,5,7.3979400086720375,0.36,0,Diabetic Nephropathy,0.550756361648143
3,5.869296913133774,0,16,77,0.425,2,5.079181246047625,0.58,0,Autoimmune Liver Diseases,0.6547315602139271
3,3.871201010907891,0,14,61,0.525,4,5.071882007306125,0.58,1,Sickle Cell Disease,0.7505822041194319
2,4.700480365792417,2,1,58,0.9,5,7.3979400086720375,0.36,0,Diabetic Nephropathy,0.3993088848120526
2,5.209486152841421,1,12,41,0.325,2,5.176091259055681,0.36,1,Hidradenitis Suppurativa,0.4119418250544352
3,6.419994928147142,2,2,77,0.475,3,7.505149978319906,0.58,0,Food Allergy & Anaphylaxis,0.6929930708307395
3,5.872117789475416,2,2,69,1.6,8,6.0,0.58,1,Multiple Sclerosis,0.739206336357284
1,5.924255797414532,1,15,61,0.9,5,7.3979400086720375,0.64,0,Diabetic Nephropathy,0.9374870783494528
3,5.645446897643238,0,14,70,0.325,2,5.176091259055681,0.58,1,Hidradenitis Suppurativa,0.7811701775808345
3,4.836281906951478,0,0,83,1.6,8,6.0,0.58,1,Multiple Sclerosis,0.8171571775657104
2,5.799092654460526,1,8,70,0.9,5,7.3979400086720375,0.36,1,Diabetic Nephropathy,0.6045443782388641
1,5.594711379601839,1,0,42,0.325,2,5.176091259055681,0.64,1,Hidradenitis Suppurativa,0.7206241730594716
1,4.74493212836325,0,6,69,0.475,3,7.505149978319906,0.64,1,Food Allergy & Anaphylaxis,0.8068847464536536
1,4.897839799950911,2,3,47,1.6,8,6.0,0.64,1,Multiple Sclerosis,0.7622589471116831
3,4.74493212836325,1,3,50,0.525,4,5.071882007306125,0.58,1,Sickle Cell Disease,0.6748847464536536
1,5.2832037287379885,1,14,23,0.525,4,5.071882007306125,0.64,1,Sickle Cell Disease,0.8369805569954547
2,6.3578422665081,0,13,62,0.425,2,5.079181246047625,0.36,1,Autoimmune Liver Diseases,0.47754687373538995
2,2.5649493574615367,2,1,35,0.525,4,5.071882007306125,0.36,0,Sickle Cell Disease,0.24398682318999546
1,4.02535169073515,0,10,27,0.525,4,5.071882007306125,0.64,0,Sickle Cell Disease,0.7534414832955525
3,6.7661917146603505,0,7,85,1.6,8,6.0,0.58,1,Multiple Sclerosis,0.9139934395396224
2,5.147494476813453,2,1,58,0.425,2,5.079181246047625,0.36,0,Autoimmune Liver Diseases,0.2868246685257284
1,6.4457198193855785,0,6,38,0.9,5,7.3979400086720375,0.64,1,Diabetic Nephropathy,0.943614720202284
1,4.189654742026425,0,11,39,0.525,4,5.071882007306125,0.64,1,Sickle Cell Disease,0.7617941875287109
1,4.836281906951478,1,1,43,0.525,4,5.071882007306125,0.64,1,Sickle Cell Disease,0.7444905108990438
3,5.278114659230517,0,4,56,1.6,8,6.0,0.58,1,Multiple Sclerosis,0.8393914686287827
1,5.236441962829949,1,2,44,1.6,8,6.0,0.64,1,Multiple Sclerosis,0.8592969215433247
3,2.3978952727983707,1,5,55,1.6,8,6.0,0.58,1,Multiple Sclerosis,0.7108707453502977
2,3.2188758248682006,1,4,61,0.475,3,7.505149978319906,0.36,1,Food Allergy & Anaphylaxis,0.3616441822179927
2,6.139884552226255,0,15,64,0.325,2,5.176091259055681,0.36,0,Hidradenitis Suppurativa,0.5786278434049071
2,4.852030263919617,1,11,40,1.6,8,6.0,0.36,1,Multiple Sclerosis,0.5039508450235249
2,5.953243334287785,2,6,57,0.9,5,7.3979400086720375,0.36,1,Diabetic Nephropathy,0.4622736183299818
2,4.68213122712422,1,6,50,0.475,3,7.505149978319906,0.36,0,Food Allergy & Anaphylaxis,0.43638293242369075
2,7.357556200910353,0,3,40,0.425,2,5.079181246047625,0.36,0,Autoimmune Liver Diseases,0.5275874028183966
1,5.976350909297934,1,14,50,0.525,4,5.071882007306125,0.64,1,Sickle Cell Disease,0.8717653046273921
1,3.713572066704308,2,13,41,0.9,5,7.3979400086720375,0.64,1,Diabetic Nephropathy,0.6758521300729589
1,4.430816798843313,1,9,39,0.325,2,5.176091259055681,0.64,1,Hidradenitis Suppurativa,0.7320168544237587
3,5.181783550292085,1,0,66,0.475,3,7.505149978319906,0.58,1,Food Allergy & Anaphylaxis,0.7108823106626203
1,5.720311776607412,1,4,30,0.475,3,7.505149978319906,0.64,1,Food Allergy & Anaphylaxis,0.80592620910424
1,5.886104031450156,0,7,42,0.325,2,5.176091259055681,0.64,1,Hidradenitis Suppurativa,0.7852409434583427
1,7.2682230211595655,1,8,33,1.6,8,6.0,0.64,1,Multiple Sclerosis,0.95
1,3.8501476017100584,0,13,49,0.475,3,7.505149978319906,0.64,1,Food Allergy & Anaphylaxis,0.7615068938583837
2,5.25227342804663,0,14,50,0.525,4,5.071882007306125,0.36,0,Sickle Cell Disease,0.5820926943086198
1,6.102558594613569,2,2,51,0.525,4,5.071882007306125,0.64,1,Sickle Cell Disease,0.7280907716349321
1,4.406719247264253,0,14,45,0.7,3,5.301029995663981,0.64,0,Systemic Lupus Erythematosus,0.7531306151008842
1,6.447305862541213,0,11,39,0.475,3,7.505149978319906,0.64,1,Food Allergy & Anaphylaxis,0.8923608150032077
2,5.497168225293202,1,0,40,0.425,2,5.079181246047625,0.36,0,Autoimmune Liver Diseases,0.38439456286762286
1,7.20934025660291,0,0,51,0.9,5,7.3979400086720375,0.64,1,Diabetic Nephropathy,0.95
2,5.872117789475416,1,0,66,0.525,4,5.071882007306125,0.36,0,Sickle Cell Disease,0.49320633635728417
2,5.993961427306569,1,4,61,0.425,2,5.079181246047625,0.36,0,Autoimmune Liver Diseases,0.4093147180559945
1,4.867534450455582,1,16,58,0.7,3,5.301029995663981,0.64,0,Systemic Lupus Erythematosus,0.6563987775853457
1,6.061456918928017,1,16,36,0.475,3,7.505149978319906,0.64,1,Food Allergy & Anaphylaxis,0.8230309838130186
1,4.31748811353631,1,16,30,0.9,5,7.3979400086720375,0.64,1,Diabetic Nephropathy,0.7866114120274704
1,3.2188758248682006,0,14,31,0.9,5,7.3979400086720375,0.64,0,Diabetic Nephropathy,0.8503108488846594
2,5.093750200806762,1,2,70,0.475,3,7.505149978319906,0.36,0,Food Allergy & Anaphylaxis,0.45712130746221463
1,4.941642422609304,2,10,55,0.425,2,5.079181246047625,0.64,0,Autoimmune Liver Diseases,0.5331318540237968
3,6.893656354602635,1,3,58,0.325,2,5.176091259055681,0.58,1,Hidradenitis Suppurativa,0.7237069060925332
2,5.056245805348308,1,7,34,0.9,5,7.3979400086720375,0.36,1,Diabetic Nephropathy,0.4972342910630723
3,5.267858159063328,2,12,83,0.425,2,5.079181246047625,0.58,1,Autoimmune Liver Diseases,0.49454266681250636
3,3.5553480614894135,1,10,71,0.475,3,7.505149978319906,0.58,0,Food Allergy & Anaphylaxis,0.628392850264737
3,5.945420608606575,0,15,58,0.425,2,5.079181246047625,0.58,1,Autoimmune Liver Diseases,0.7285481261235973
1,5.170483995038151,1,8,41,1.6,8,6.0,0.64,1,Multiple Sclerosis,0.9259807893967712
2,6.139884552226255,1,6,47,0.475,3,7.505149978319906,0.36,0,Food Allergy & Anaphylaxis,0.5096278434049072
1,5.849324779946859,0,11,41,0.325,2,5.176091259055681,0.64,1,Hidradenitis Suppurativa,0.783396762786815
2,6.645090969505644,1,7,54,1.6,8,6.0,0.36,1,Multiple Sclerosis,0.593930977357979
1,4.983606621708336,2,14,35,0.7,3,5.301029995663981,0.64,1,Systemic Lupus Erythematosus,0.652244844488291
1,4.90527477843843,1,10,40,0.9,5,7.3979400086720375,0.64,1,Diabetic Nephropathy,0.8163001473648075
2,3.871201010907891,0,2,65,0.9,5,7.3979400086720375,0.36,1,Diabetic Nephropathy,0.48724887078609835
1,6.717804695023691,2,8,33,0.525,4,5.071882007306125,0.64,1,Sickle Cell Disease,0.8289045627099778
1,4.718498871295094,1,3,52,0.525,4,5.071882007306125,0.64,1,Sickle Cell Disease,0.7385513340995455
2,3.7376696182833684,2,2,42,0.475,3,7.505149978319906,0.36,0,Food Allergy & Anaphylaxis,0.3084200940358108
2,4.663439094112067,0,8,54,0.425,2,5.079181246047625,0.36,1,Autoimmune Liver Diseases,0.4624395082084716
2,4.927253685157205,1,6,57,0.7,3,5.301029995663981,0.36,1,Systemic Lupus Erythematosus,0.3887405369920016
2,4.882801922586371,1,15,61,0.425,2,5.079181246047625,0.36,0,Autoimmune Liver Diseases,0.42350135686065304
2,5.631211781821365,1,9,60,0.7,3,5.301029995663981,0.36,1,Systemic Lupus Erythematosus,0.4941225463851272
2,6.368187186350492,1,2,54,0.525,4,5.071882007306125,0.36,1,Sickle Cell Disease,0.5180650130871673
2,5.1298987149230735,1,4,42,0.525,4,5.071882007306125,0.36,0,Sickle Cell Disease,0.4559396896707584
2,6.089044875446846,0,12,69,0.525,4,5.071882007306125,0.36,0,Sickle Cell Disease,0.5540802270462108
2,6.102558594613569,0,4,37,0.425,2,5.079181246047625,0.36,0,Autoimmune Liver Diseases,0.46475743830159866
2,6.401917196727186,2,14,59,1.6,8,6.0,0.36,1,Multiple Sclerosis,0.5717543629660364
3,5.616771097666572,0,0,85,0.525,4,5.071882007306125,0.58,1,Sickle Cell Disease,0.7687312293533324
3,6.0867747269123065,2,7,63,0.525,4,5.071882007306125,0.58,1,Sickle Cell Disease,0.6622997946876874
1,7.831617276352611,0,11,37,0.525,4,5.071882007306125,0.64,1,Sickle Cell Disease,0.9333333333333336
3,5.19295685089021,1,2,48,0.425,2,5.079181246047625,0.58,1,Autoimmune Liver Diseases,0.5707774476592999
3,3.5263605246161616,1,9,66,0.7,3,5.301029995663981,0.58,0,Systemic Lupus Erythematosus,0.6002335354405862
3,4.127134385045092,1,0,77,0.7,3,5.301029995663981,0.58,0,Systemic Lupus Erythematosus,0.5609518505759277
1,5.0238805208462765,0,2,33,0.525,4,5.071882007306125,0.64,1,Sickle Cell Disease,0.8039388158746752
1,4.804021044733257,2,11,49,0.475,3,7.505149978319906,0.64,1,Food Allergy & Anaphylaxis,0.6798643513137659
1,7.042286171939743,0,3,42,0.475,3,7.505149978319906,0.64,1,Food Allergy & Anaphylaxis,0.9221454072236694
3,3.912023005428146,0,4,82,0.325,2,5.176091259055681,0.58,1,Hidradenitis Suppurativa,0.62366583893946
2,5.153291594497779,1,2,55,0.9,5,7.3979400086720375,0.36,1,Diabetic Nephropathy,0.5021162145412681
2,4.948759890378168,1,15,45,0.7,3,5.301029995663981,0.36,0,Systemic Lupus Erythematosus,0.4598236118310606
1,7.293017679772782,0,12,26,0.525,4,5.071882007306125,0.64,1,Sickle Cell Disease,0.9176916828426227
2,3.4965075614664802,0,2,53,1.6,8,6.0,0.36,1,Multiple Sclerosis,0.4850282858405817
2,3.6375861597263857,2,7,61,0.525,4,5.071882007306125,0.36,0,Sickle Cell Disease,0.3002873863328066
2,3.4965075614664802,2,9,62,1.6,8,6.0,0.36,0,Multiple Sclerosis,0.4250282858405817
2,4.30406509320417,1,10,63,0.475,3,7.505149978319906,0.36,0,Food Allergy & Anaphylaxis,0.417264462758015
3,3.258096538021482,1,16,79,0.325,2,5.176091259055681,0.58,1,Hidradenitis Suppurativa,0.5400186152773387
1,4.976733742420574,2,8,15,0.325,2,5.176091259055681,0.64,1,Hidradenitis Suppurativa,0.679565489012729
2,6.073044534100405,1,4,66,0.425,2,5.079181246047625,0.36,1,Autoimmune Liver Diseases,0.4132783771007199
2,4.795790545596741,0,1,57,0.325,2,5.176091259055681,0.36,1,Hidradenitis Suppurativa,0.44111607783969775
1,5.87493073085203,0,12,48,1.6,8,6.0,0.64,1,Multiple Sclerosis,0.9413473801743663
1,5.049856007249537,0,12,58,0.9,5,7.3979400086720375,0.64,1,Diabetic Nephropathy,0.8735794132132243
3,5.8916442118257715,0,7,62,0.325,2,5.176091259055681,0.58,1,Hidradenitis Suppurativa,0.7235187219505728
2,5.153291594497779,2,0,50,0.7,3,5.301029995663981,0.36,0,Systemic Lupus Erythematosus,0.32011621454126804
2,4.709530201312334,0,3,54,0.325,2,5.176091259055681,0.36,0,Hidradenitis Suppurativa,0.43676550899021627
1,7.8636512654486515,1,13,49,0.7,3,5.301029995663981,0.64,1,Systemic Lupus Erythematosus,0.7936666666666667
3,3.1354942159291497,0,0,65,0.425,2,5.079181246047625,0.58,1,Autoimmune Liver Diseases,0.515960280035178
1,4.77912349311153,0,1,38,0.525,4,5.071882007306125,0.64,0,Sickle Cell Disease,0.7916090552572121
2,4.941642422609304,0,11,46,0.425,2,5.079181246047625,0.36,0,Autoimmune Liver Diseases,0.40646518735713
2,3.8066624897703196,2,13,55,0.9,5,7.3979400086720375,0.36,0,Diabetic Nephropathy,0.3539509723965085
2,5.5093883366279774,1,4,66,0.475,3,7.505149978319906,0.36,0,Food Allergy & Anaphylaxis,0.4780080674972136
1,5.19295685089021,1,6,36,0.525,4,5.071882007306125,0.64,1,Sickle Cell Disease,0.7624441143259666
3,4.30406509320417,1,7,70,0.325,2,5.176091259055681,0.58,0,Hidradenitis Suppurativa,0.5935977960913482
3,3.7612001156935624,0,10,70,0.9,5,7.3979400086720375,0.58,0,Diabetic Nephropathy,0.7382916382814304
2,6.1903154058531475,0,9,56,0.325,2,5.176091259055681,0.36,0,Hidradenitis Suppurativa,0.581154696854725
1,6.410174881966167,0,7,39,0.325,2,5.176091259055681,0.64,1,Hidradenitis Suppurativa,0.8115012635869038
2,3.4339872044851463,0,3,42,0.475,3,7.505149978319906,0.36,0,Food Allergy & Anaphylaxis,0.42280135978370315
2,3.332204510175204,0,2,60,0.9,5,7.3979400086720375,0.36,0,Diabetic Nephropathy,0.4595333340008119
2,4.983606621708336,1,5,25,0.475,3,7.505149978319906,0.36,0,Food Allergy & Anaphylaxis,0.5215781778216242
2,4.727387818712341,0,10,47,0.9,5,7.3979400086720375,0.36,1,Diabetic Nephropathy,0.5306664342653502
2,4.5217885770490405,0,7,53,0.325,2,5.176091259055681,0.36,0,Hidradenitis Suppurativa,0.4272844660264379
2,6.398594934535208,1,13,65,0.425,2,5.079181246047625,0.36,0,Autoimmune Liver Diseases,0.42958797346140276
2,4.248495242049359,0,0,68,0.525,4,5.071882007306125,0.36,1,Sickle Cell Disease,0.4614468159304584
1,5.655991810819852,0,1,25,0.325,2,5.176091259055681,0.64,1,Hidradenitis Suppurativa,0.7736992830473614
2,5.19295685089021,0,7,52,1.6,8,6.0,0.36,0,Multiple Sclerosis,0.5711107809926331
1,4.30406509320417,2,7,45,0.9,5,7.3979400086720375,0.64,1,Diabetic Nephropathy,0.7059311294246815
2,4.343805421853684,1,0,51,0.475,3,7.505149978319906,0.36,0,Food Allergy & Anaphylaxis,0.419278157714912
2,5.983936280687191,0,14,60,0.525,4,5.071882007306125,0.36,1,Sickle Cell Disease,0.6188122012633195
3,4.852030263919617,0,7,72,0.475,3,7.505149978319906,0.58,1,Food Allergy & Anaphylaxis,0.7442841783568585
2,4.948759890378168,0,6,70,0.7,3,5.301029995663981,0.36,1,Systemic Lupus Erythematosus,0.43982361183106056
2,6.226536669287466,1,11,52,0.425,2,5.079181246047625,0.36,0,Autoimmune Liver Diseases,0.42096941216436345
1,5.442417710521793,1,6,40,0.325,2,5.176091259055681,0.64,1,Hidradenitis Suppurativa,0.7129787894800885
1,4.30406509320417,0,13,38,0.9,5,7.3979400086720375,0.64,1,Diabetic Nephropathy,0.8359311294246815
2,4.812184355372417,1,8,55,0.325,2,5.176091259055681,0.36,0,Hidradenitis Suppurativa,0.4619425429372582
3,4.7535901911063645,0,7,55,0.425,2,5.079181246047625,0.58,1,Autoimmune Liver Diseases,0.5986547637854247
1,5.117993812416755,0,8,25,1.6,8,6.0,0.64,0,Multiple Sclerosis,0.95
3,3.828641396489095,0,11,79,0.325,2,5.176091259055681,0.58,1,Hidradenitis Suppurativa,0.6194079485224447
3,3.044522437723423,1,0,90,1.6,8,6.0,0.58,1,Multiple Sclerosis,0.6755281043782949
3,4.727387818712341,0,4,74,0.525,4,5.071882007306125,0.58,1,Sickle Cell Disease,0.7239997675986836
3,5.579729825986222,2,16,49,0.325,2,5.176091259055681,0.58,1,Hidradenitis Suppurativa,0.5778722791912446
1,7.688913336864796,1,10,47,0.7,3,5.301029995663981,0.64,0,Systemic Lupus Erythematosus,0.7936666666666667
2,3.4965075614664802,1,16,51,0.325,2,5.176091259055681,0.36,0,Hidradenitis Suppurativa,0.32502828584058174
1,6.654152520183219,0,3,39,1.6,8,6.0,0.64,1,Multiple Sclerosis,0.95
1,4.465908118654584,0,1,39,0.325,2,5.176091259055681,0.64,1,Hidradenitis Suppurativa,0.7137921888466042
2,4.1588830833596715,1,11,40,0.9,5,7.3979400086720375,0.36,1,Diabetic Nephropathy,0.45189822702017207
2,4.477336814478207,0,3,62,0.525,4,5.071882007306125,0.36,1,Sickle Cell Disease,0.4730368966333246
2,5.214935757608986,1,1,44,0.475,3,7.505149978319906,0.36,0,Food Allergy & Anaphylaxis,0.46321579834266646
1,2.9444389791664403,1,7,57,0.475,3,7.505149978319906,0.64,1,Food Allergy & Anaphylaxis,0.6645934119287371
1,5.517452896464707,0,1,53,0.475,3,7.505149978319906,0.64,1,Food Allergy & Anaphylaxis,0.845746261342178
3,6.021023349349527,1,10,62,0.475,3,7.505149978319906,0.58,1,Food Allergy & Anaphylaxis,0.7530044847587406
3,6.974478911025045,1,8,60,0.525,4,5.071882007306125,0.58,1,Sickle Cell Disease,0.8567519750099359
2,4.1588830833596715,1,12,59,0.9,5,7.3979400086720375,0.36,0,Diabetic Nephropathy,0.45189822702017207
2,4.997212273764115,1,4,60,0.525,4,5.071882007306125,0.36,0,Sickle Cell Disease,0.4492631200395322
1,4.941642422609304,2,5,37,0.9,5,7.3979400086720375,0.64,0,Diabetic Nephropathy,0.8081318540237966
2,5.983936280687191,1,4,50,0.425,2,5.079181246047625,0.36,0,Autoimmune Liver Diseases,0.4088122012633195
2,7.0707241072602764,0,15,71,0.525,4,5.071882007306125,0.36,1,Sickle Cell Disease,0.6732351971235242
2,5.043425116919247,1,9,42,0.9,5,7.3979400086720375,0.36,0,Diabetic Nephropathy,0.5665891208212769
3,3.6635616461296463,2,12,77,0.475,3,7.505149978319906,0.58,0,Food Allergy & Anaphylaxis,0.5539541320202482
2,4.61512051684126,1,12,36,0.325,2,5.176091259055681,0.36,0,Hidradenitis Suppurativa,0.382
1,5.831882477283517,0,6,45,0.325,2,5.176091259055681,0.64,1,Hidradenitis Suppurativa,0.7825221049144392
1,7.123672785204607,1,9,45,0.7,3,5.301029995663981,0.64,1,Systemic Lupus Erythematosus,0.8395514902972163
3,6.1675164908883415,0,4,72,0.425,2,5.079181246047625,0.58,1,Autoimmune Liver Diseases,0.6696790500788332
2,4.189654742026425,2,13,50,1.6,8,6.0,0.36,0,Multiple Sclerosis,0.39046085419537724
2,3.828641396489095,0,5,54,0.475,3,7.505149978319906,0.36,1,Food Allergy & Anaphylaxis,0.5130746151891115
1,4.343805421853684,1,2,31,0.475,3,7.505149978319906,0.64,0,Food Allergy & Anaphylaxis,0.7366114910482454
2,6.300785794663244,1,12,28,0.475,3,7.505149978319906,0.36,0,Food Allergy & Anaphylaxis,0.5176889530433926
2,5.241747015059643,1,10,42,0.9,5,7.3979400086720375,0.36,1,Diabetic Nephropathy,0.5065635888420928
2,4.442651256490317,2,0,52,0.7,3,5.301029995663981,0.36,0,Systemic Lupus Erythematosus,0.2842823306427611
3,4.948759890378168,0,4,72,1.6,8,6.0,0.58,1,Multiple Sclerosis,0.8228236118310606
3,6.411818267709897,1,16,84,0.9,5,7.3979400086720375,0.58,1,Diabetic Nephropathy,0.8219169014655704
3,5.0238805208462765,0,10,82,0.425,2,5.079181246047625,0.58,1,Autoimmune Liver Diseases,0.6122721492080084
2,3.6109179126442243,1,2,54,0.9,5,7.3979400086720375,0.36,0,Diabetic Nephropathy,0.42391743762340095
1,5.176149732573829,2,11,52,0.525,4,5.071882007306125,0.64,1,Sickle Cell Disease,0.6815990237858365
2,4.867534450455582,2,5,61,0.325,2,5.176091259055681,0.36,1,Hidradenitis Suppurativa,0.384732110918679
1,5.147494476813453,2,7,39,0.475,3,7.505149978319906,0.64,1,Food Allergy & Anaphylaxis,0.6971580018590618
1,5.19295685089021,0,6,31,0.325,2,5.176091259055681,0.64,1,Hidradenitis Suppurativa,0.7504441143259666
2,4.605170185988092,1,13,63,0.525,4,5.071882007306125,0.36,0,Sickle Cell Disease,0.42949748320732495
1,4.59511985013459,1,3,31,1.6,8,6.0,0.64,1,Multiple Sclerosis,0.8269898646341239
1,4.204692619390966,1,16,33,0.9,5,7.3979400086720375,0.64,0,Diabetic Nephropathy,0.7808908944685833
2,5.0689042022202315,1,3,60,0.475,3,7.505149978319906,0.36,1,Food Allergy & Anaphylaxis,0.45587124235194376
2,3.2188758248682006,1,5,51,0.475,3,7.505149978319906,0.36,0,Food Allergy & Anaphylaxis,0.4316441822179927
2,6.555356891810665,0,4,51,0.525,4,5.071882007306125,0.36,1,Sickle Cell Disease,0.5774381609018859
2,3.5553480614894135,0,4,46,1.6,8,6.0,0.36,0,Multiple Sclerosis,0.4880595169314035
1,5.14166355650266,2,9,56,0.475,3,7.505149978319906,0.64,1,Food Allergy & Anaphylaxis,0.766864745886442
3,4.804021044733257,0,9,57,0.525,4,5.071882007306125,0.58,1,Sickle Cell Disease,0.797864351313766
2,5.1647859739235145,2,11,73,0.325,2,5.176091259055681,0.36,1,Hidradenitis Suppurativa,0.3296942556613218
1,6.891625897052253,2,16,51,0.475,3,7.505149978319906,0.64,1,Food Allergy & Anaphylaxis,0.7846052800412873
1,4.6443908991413725,0,11,34,0.9,5,7.3979400086720375,0.64,1,Diabetic Nephropathy,0.8531446067787438
2,4.770684624465665,1,3,68,0.9,5,7.3979400086720375,0.36,0,Diabetic Nephropathy,0.48285018744048325
3,7.647786045440933,0,1,68,0.325,2,5.176091259055681,0.58,1,Hidradenitis Suppurativa,0.8093333333333333
2,6.5998704992128365,2,10,59,0.325,2,5.176091259055681,0.36,0,Hidradenitis Suppurativa,0.40166694213132115
3,6.782192056006791,0,12,61,0.525,4,5.071882007306125,0.58,1,Sickle Cell Disease,0.8271277053307378
2,3.8066624897703196,2,7,47,0.325,2,5.176091259055681,0.36,0,Hidradenitis Suppurativa,0.2609509723965085
2,4.709530201312334,1,3,60,0.425,2,5.079181246047625,0.36,0,Autoimmune Liver Diseases,0.3447655089902163
2,5.099866427824199,0,11,39,0.7,3,5.301029995663981,0.36,0,Systemic Lupus Erythematosus,0.4474290007409335
1,4.174387269895637,1,5,25,0.425,2,5.079181246047625,0.64,1,Autoimmune Liver Diseases,0.6443523115352459
1,3.4339872044851463,0,6,37,0.525,4,5.071882007306125,0.64,1,Sickle Cell Disease,0.7231346931170366
2,6.637258031284457,1,4,45,0.9,5,7.3979400086720375,0.36,1,Diabetic Nephropathy,0.5765388184849277
2,4.356708826689592,0,15,38,0.325,2,5.176091259055681,0.36,1,Hidradenitis Suppurativa,0.4889317617932796
2,5.231108616854587,1,16,59,0.9,5,7.3979400086720375,0.36,1,Diabetic Nephropathy,0.5060288243862555
2,4.574710978503383,1,10,41,0.325,2,5.176091259055681,0.36,0,Hidradenitis Suppurativa,0.37995890027398727
2,3.6109179126442243,0,1,65,0.475,3,7.505149978319906,0.36,1,Food Allergy & Anaphylaxis,0.4319174376234009
2,5.170483995038151,1,3,61,0.9,5,7.3979400086720375,0.36,1,Diabetic Nephropathy,0.5029807893967712
1,6.947937068614969,0,5,61,0.7,3,5.301029995663981,0.64,1,Systemic Lupus Erythematosus,0.8807569569740332
2,4.382026634673881,0,6,54,0.425,2,5.079181246047625,0.36,0,Autoimmune Liver Diseases,0.37821388332394645
2,4.736198448394496,1,14,58,0.325,2,5.176091259055681,0.36,0,Hidradenitis Suppurativa,0.4581108816362124
3,5.4638318050256105,1,16,75,0.425,2,5.079181246047625,0.58,1,Autoimmune Liver Diseases,0.5843874330744702
3,2.5649493574615367,1,8,62,0.9,5,7.3979400086720375,0.58,1,Diabetic Nephropathy,0.6956534898566621
2,6.154858094016418,2,15,62,0.325,2,5.176091259055681,0.36,0,Hidradenitis Suppurativa,0.4493781254358006
2,4.31748811353631,0,0,53,0.7,3,5.301029995663981,0.36,0,Systemic Lupus Erythematosus,0.40794474536080383
3,4.418840607796598,0,6,78,0.425,2,5.079181246047625,0.58,0,Autoimmune Liver Diseases,0.5817441197304749
2,5.429345628954441,1,12,40,0.7,3,5.301029995663981,0.36,0,Systemic Lupus Erythematosus,0.4139889915746655
1,4.859812404361672,2,1,45,0.525,4,5.071882007306125,0.64,0,Sickle Cell Disease,0.6656763372299097
2,6.100318952020064,0,1,55,0.475,3,7.505149978319906,0.36,0,Food Allergy & Anaphylaxis,0.5576452048089076
2,3.7612001156935624,1,2,39,1.6,8,6.0,0.36,0,Multiple Sclerosis,0.44862497161476383
2,5.3981627015177525,2,10,59,0.325,2,5.176091259055681,0.36,0,Hidradenitis Suppurativa,0.3414228680182134
1,4.418840607796598,0,7,43,1.6,8,6.0,0.64,1,Multiple Sclerosis,0.8680774530638081
2,7.769378609513984,0,4,48,0.9,5,7.3979400086720375,0.36,0,Diabetic Nephropathy,0.675
2,5.940171252720432,0,16,63,0.525,4,5.071882007306125,0.36,1,Sickle Cell Disease,0.5466183009547168
2,5.634789603169249,2,15,58,0.475,3,7.505149978319906,0.36,1,Food Allergy & Anaphylaxis,0.4743020797916637
1,5.159055299214529,0,7,50,0.425,2,5.079181246047625,0.64,1,Autoimmune Liver Diseases,0.6740727370921512
2,3.6375861597263857,0,15,56,0.475,3,7.505149978319906,0.36,0,Food Allergy & Anaphylaxis,0.5032873863328067
3,5.863631175598097,0,4,67,0.9,5,7.3979400086720375,0.58,1,Diabetic Nephropathy,0.8444474685405553
1,4.927253685157205,0,8,37,1.6,8,6.0,0.64,0,Multiple Sclerosis,0.95
2,4.897839799950911,1,9,54,0.425,2,5.079181246047625,0.36,1,Autoimmune Liver Diseases,0.4242589471116831
2,5.288267030694535,2,11,60,0.325,2,5.176091259055681,0.36,1,Hidradenitis Suppurativa,0.33590167713749486
1,4.382026634673881,2,1,31,0.7,3,5.301029995663981,0.64,1,Systemic Lupus Erythematosus,0.5518805499906133
2,6.391917113392602,1,14,52,0.525,4,5.071882007306125,0.36,1,Sickle Cell Disease,0.589253524053863
2,5.82600010738045,0,16,54,0.475,3,7.505149978319906,0.36,0,Food Allergy & Anaphylaxis,0.5438937854747464
1,5.8522024797744745,1,1,42,0.7,3,5.301029995663981,0.64,1,Systemic Lupus Erythematosus,0.7058743963646051
1,4.553876891600541,0,3,27,0.9,5,7.3979400086720375,0.64,0,Diabetic Nephropathy,0.8485728964807622
2,4.060443010546419,2,15,55,0.475,3,7.505149978319906,0.36,0,Food Allergy & Anaphylaxis,0.3948940540923229
1,4.812184355372417,1,4,43,0.325,2,5.176091259055681,0.64,0,Hidradenitis Suppurativa,0.6812758762705916
2,6.021023349349527,1,9,64,1.6,8,6.0,0.36,1,Multiple Sclerosis,0.6326711514254072
2,6.298949246855942,0,10,54,0.7,3,5.301029995663981,0.36,1,Systemic Lupus Erythematosus,0.5075969566972922
1,3.9889840465642745,0,1,18,0.7,3,5.301029995663981,0.64,0,Systemic Lupus Erythematosus,0.6619227530448683
3,5.480638923341991,1,3,60,0.9,5,7.3979400086720375,0.58,0,Diabetic Nephropathy,0.7752313349638376
2,4.90527477843843,0,11,50,0.425,2,5.079181246047625,0.36,1,Autoimmune Liver Diseases,0.404633480698141
1,3.871201010907891,2,6,53,0.9,5,7.3979400086720375,0.64,0,Diabetic Nephropathy,0.6839155374527649
1,5.476463551931511,1,2,48,1.6,8,6.0,0.64,1,Multiple Sclerosis,0.8713550243841691
2,5.752572638825633,2,5,58,0.425,2,5.079181246047625,0.36,0,Autoimmune Liver Diseases,0.3872111399960081
1,4.736198448394496,1,13,53,0.425,2,5.079181246047625,0.64,1,Autoimmune Liver Diseases,0.6027775483028792
3,5.062595033026967,0,15,71,0.425,2,5.079181246047625,0.58,0,Autoimmune Liver Diseases,0.6842204476346777
1,6.1675164908883415,0,10,33,0.7,3,5.301029995663981,0.64,1,Systemic Lupus Erythematosus,0.7716790500788332
2,5.308267697401205,1,8,51,0.9,5,7.3979400086720375,0.36,1,Diabetic Nephropathy,0.5799067361035493
2,5.19295685089021,0,15,48,0.7,3,5.301029995663981,0.36,1,Systemic Lupus Erythematosus,0.5221107809926332
1,5.3706380281276624,2,0,34,1.6,8,6.0,0.64,0,Multiple Sclerosis,0.786040291451688
1,5.0369526024136295,1,12,37,0.425,2,5.079181246047625,0.64,1,Autoimmune Liver Diseases,0.617930053436884
1,3.9889840465642745,1,12,16,0.9,5,7.3979400086720375,0.64,0,Diabetic Nephropathy,0.769922753044868
2,6.46302945692067,1,14,60,0.425,2,5.079181246047625,0.36,1,Autoimmune Liver Diseases,0.5028148995182813
2,5.087596335232384,2,11,50,0.425,2,5.079181246047625,0.36,0,Autoimmune Liver Diseases,0.28381170894981855
1,6.877296071497429,1,0,37,0.425,2,5.079181246047625,0.64,1,Autoimmune Liver Diseases,0.7102213879618006
3,4.795790545596741,0,3,71,0.525,4,5.071882007306125,0.58,1,Sickle Cell Disease,0.7274494111730312
2,5.598421958998375,0,1,67,1.6,8,6.0,0.36,1,Multiple Sclerosis,0.5914770596806873
1,5.236441962829949,2,13,43,0.325,2,5.176091259055681,0.64,0,Hidradenitis Suppurativa,0.6226302548766581
2,4.394449154672439,1,16,49,0.7,3,5.301029995663981,0.36,1,Systemic Lupus Erythematosus,0.36184282243428945
3,4.532599493153256,0,0,79,0.425,2,5.079181246047625,0.58,0,Autoimmune Liver Diseases,0.5874975862197143
1,3.4965075614664802,2,15,39,0.475,3,7.505149978319906,0.64,0,Food Allergy & Anaphylaxis,0.6833616191739152
1,3.5553480614894135,0,4,41,0.525,4,5.071882007306125,0.64,1,Sickle Cell Disease,0.7293928502647371
3,6.210600077024653,1,10,72,0.425,2,5.079181246047625,0.58,1,Autoimmune Liver Diseases,0.6218376586720936
1,3.6635616461296463,2,6,34,0.7,3,5.301029995663981,0.64,1,Systemic Lupus Erythematosus,0.5152874653535814
1,2.3978952727983707,0,6,51,1.6,8,6.0,0.64,1,Multiple Sclerosis,0.7628707453502978
1,6.71295620067707,1,6,32,0.475,3,7.505149978319906,0.64,1,Food Allergy & Anaphylaxis,0.8556618437867378
3,4.382026634673881,1,15,68,0.425,2,5.079181246047625,0.58,1,Autoimmune Liver Diseases,0.5998805499906134
2,6.028278520230698,2,11,40,0.9,5,7.3979400086720375,0.36,0,Diabetic Nephropathy,0.46603478939186116
3,3.6375861597263857,1,9,64,0.325,2,5.176091259055681,0.58,1,Hidradenitis Suppurativa,0.62962071966614
3,3.4339872044851463,1,15,62,1.6,8,6.0,0.58,1,Multiple Sclerosis,0.7658013597837031
1,6.498282149476434,1,13,49,0.475,3,7.505149978319906,0.64,1,Food Allergy & Anaphylaxis,0.8449135735432219
1,5.135798437050262,1,12,53,0.325,2,5.176091259055681,0.64,0,Hidradenitis Suppurativa,0.6975697597800824
1,3.8066624897703196,1,15,52,0.9,5,7.3979400086720375,0.64,0,Diabetic Nephropathy,0.8306176390631751
1,5.0238805208462765,1,9,30,0.425,2,5.079181246047625,0.64,1,Autoimmune Liver Diseases,0.6872721492080085
1,5.384495062789089,0,6,36,0.9,5,7.3979400086720375,0.64,1,Diabetic Nephropathy,0.8904030250442849
1,4.844187086458591,0,4,34,0.525,4,5.071882007306125,0.64,0,Sickle Cell Disease,0.7948889193815027
2,4.574710978503383,0,3,55,1.6,8,6.0,0.36,0,Multiple Sclerosis,0.5399589002739872
1,4.31748811353631,1,13,54,0.475,3,7.505149978319906,0.64,1,Food Allergy & Anaphylaxis,0.7352780786941373
1,2.4849066497880004,1,15,51,0.425,2,5.079181246047625,0.64,0,Autoimmune Liver Diseases,0.5563029210071808
3,4.584967478670572,2,8,70,0.425,2,5.079181246047625,0.58,1,Autoimmune Liver Diseases,0.5301437062924313
1,3.5553480614894135,2,8,29,0.525,4,5.071882007306125,0.64,0,Sickle Cell Disease,0.669392850264737
2,4.718498871295094,0,11,48,0.425,2,5.079181246047625,0.36,0,Autoimmune Liver Diseases,0.39521800076621216
2,4.406719247264253,0,11,47,0.325,2,5.176091259055681,0.36,1,Hidradenitis Suppurativa,0.4214639484342173
1,4.143134726391533,0,3,34,0.475,3,7.505149978319906,0.64,1,Food Allergy & Anaphylaxis,0.7764315432861835
1,5.187385805840755,1,9,40,0.7,3,5.301029995663981,0.64,1,Systemic Lupus Erythematosus,0.7424973348818664
1,3.367295829986474,0,8,45,1.6,8,6.0,0.64,1,Multiple Sclerosis,0.8843517162093557
2,6.650279048587422,0,13,58,0.325,2,5.176091259055681,0.36,0,Hidradenitis Suppurativa,0.5341907182018343
3,4.30406509320417,0,14,81,0.7,3,5.301029995663981,0.58,1,Systemic Lupus Erythematosus,0.6899311294246817
3,5.3706380281276624,0,6,64,0.9,5,7.3979400086720375,0.58,1,Diabetic Nephropathy,0.8197069581183546
2,4.3694478524670215,0,2,69,0.325,2,5.176091259055681,0.36,0,Hidradenitis Suppurativa,0.41957693203507496
2,5.529429087511423,0,6,60,0.9,5,7.3979400086720375,0.36,1,Diabetic Nephropathy,0.5710141376571847
3,5.19295685089021,1,7,81,1.6,8,6.0,0.58,1,Multiple Sclerosis,0.7851107809926331
1,4.343805421853684,2,10,38,0.475,3,7.505149978319906,0.64,0,Food Allergy & Anaphylaxis,0.6566114910482455
2,5.308267697401205,0,14,59,0.425,2,5.079181246047625,0.36,1,Autoimmune Liver Diseases,0.4949067361035492
2,5.5093883366279774,0,9,52,0.9,5,7.3979400086720375,0.36,1,Diabetic Nephropathy,0.6400080674972136
2,4.990432586778736,2,0,63,0.325,2,5.176091259055681,0.36,1,Hidradenitis Suppurativa,0.32092182178601225
1,4.51085950651685,1,1,32,0.7,3,5.301029995663981,0.64,1,Systemic Lupus Erythematosus,0.6383986408837754
1,6.272877006546167,1,14,37,0.325,2,5.176091259055681,0.64,1,Hidradenitis Suppurativa,0.8246242456268438
2,3.828641396489095,1,3,63,0.475,3,7.505149978319906,0.36,0,Food Allergy & Anaphylaxis,0.3930746151891114
2,5.003946305945459,0,4,61,0.475,3,7.505149978319906,0.36,0,Food Allergy & Anaphylaxis,0.5026021043888012
1,4.997212273764115,0,12,37,0.7,3,5.301029995663981,0.64,1,Systemic Lupus Erythematosus,0.712929786706199
2,4.276666119016055,0,13,62,0.425,2,5.079181246047625,0.36,0,Autoimmune Liver Diseases,0.3728754845526612
3,4.718498871295094,0,5,69,0.425,2,5.079181246047625,0.58,0,Autoimmune Liver Diseases,0.666884667432879
2,3.1780538303479458,1,4,50,0.425,2,5.079181246047625,0.36,0,Autoimmune Liver Diseases,0.2665162014970529
2,4.48863636973214,0,7,53,0.425,2,5.079181246047625,0.36,0,Autoimmune Liver Diseases,0.3836083314245058
3,5.278114659230517,1,3,74,0.425,2,5.079181246047625,0.58,0,Autoimmune Liver Diseases,0.5750581352954495
1,6.359573868672378,1,11,55,0.9,5,7.3979400086720375,0.64,1,Diabetic Nephropathy,0.8893002706926669
2,3.332204510175204,2,12,53,0.7,3,5.301029995663981,0.36,1,Systemic Lupus Erythematosus,0.22753333400081188
1,4.564348191467836,1,10,44,0.9,5,7.3979400086720375,0.64,1,Diabetic Nephropathy,0.799102001947289
2,4.060443010546419,1,11,64,0.525,4,5.071882007306125,0.36,1,Sickle Cell Disease,0.4018940540923229
1,7.367708572374371,1,13,54,1.6,8,6.0,0.64,1,Multiple Sclerosis,0.95
1,3.6109179126442243,0,0,35,0.475,3,7.505149978319906,0.64,1,Food Allergy & Anaphylaxis,0.7492507709567344
1,5.598421958998375,0,11,23,0.425,2,5.079181246047625,0.64,1,Autoimmune Liver Diseases,0.6961437263473542
2,5.564520407322694,2,2,46,0.475,3,7.505149978319906,0.36,1,Food Allergy & Anaphylaxis,0.4007755722513718
1,5.8289456176102075,0,0,51,0.9,5,7.3979400086720375,0.64,1,Diabetic Nephropathy,0.9127081627362845
2,5.730099782973574,1,3,51,0.325,2,5.176091259055681,0.36,1,Hidradenitis Suppurativa,0.4380838780799553
2,4.564348191467836,1,2,42,0.425,2,5.079181246047625,0.36,0,Autoimmune Liver Diseases,0.3374353352806224
2,6.1463292576688975,2,5,46,0.475,3,7.505149978319906,0.36,0,Food Allergy & Anaphylaxis,0.49995077240687774
2,6.244166900663736,1,3,40,0.325,2,5.176091259055681,0.36,0,Hidradenitis Suppurativa,0.4638526539733536
2,2.772588722239781,2,2,70,0.7,3,5.301029995663981,0.36,0,Systemic Lupus Erythematosus,0.19814400075570593
3,3.828641396489095,1,0,64,0.9,5,7.3979400086720375,0.58,0,Diabetic Nephropathy,0.691741281855778
3,3.9512437185814275,0,9,61,0.475,3,7.505149978319906,0.58,1,Food Allergy & Anaphylaxis,0.7686661056701453
1,5.638354669333745,0,11,46,0.7,3,5.301029995663981,0.64,1,Systemic Lupus Erythematosus,0.7451476375257247
1,5.697093486505405,0,5,30,0.525,4,5.071882007306125,0.64,1,Sickle Cell Disease,0.907761430974064
2,5.220355825078324,1,6,53,1.6,8,6.0,0.36,0,Multiple Sclerosis,0.5224882785810446
1,5.2574953720277815,1,7,22,0.525,4,5.071882007306125,0.64,0,Sickle Cell Disease,0.7656884954362604
3,5.541263545158426,0,0,65,0.525,4,5.071882007306125,0.58,1,Sickle Cell Disease,0.7649415373848556
1,4.948759890378168,1,15,36,0.325,2,5.176091259055681,0.64,1,Hidradenitis Suppurativa,0.758156945164394
2,3.8066624897703196,0,13,43,0.7,3,5.301029995663981,0.36,0,Systemic Lupus Erythematosus,0.38195097239650844
2,4.804021044733257,1,2,51,0.7,3,5.301029995663981,0.36,0,Systemic Lupus Erythematosus,0.38253101798043243
3,5.66988092298052,0,16,62,0.9,5,7.3979400086720375,0.58,0,Diabetic Nephropathy,0.8347294917728837
3,4.564348191467836,2,16,54,0.325,2,5.176091259055681,0.58,0,Hidradenitis Suppurativa,0.5267686686139558
2,4.02535169073515,0,14,45,0.9,5,7.3979400086720375,0.36,1,Diabetic Nephropathy,0.565108149962219
1,3.4965075614664802,0,5,50,0.525,4,5.071882007306125,0.64,1,Sickle Cell Disease,0.7963616191739153
1,5.429345628954441,1,15,32,0.525,4,5.071882007306125,0.64,1,Sickle Cell Disease,0.8443223249079992
3,2.3978952727983707,2,13,55,0.7,3,5.301029995663981,0.58,0,Systemic Lupus Erythematosus,0.39053741201696435
1,6.1070228877422545,1,6,57,0.525,4,5.071882007306125,0.64,1,Sickle Cell Disease,0.8083144856546782
1,4.804021044733257,2,10,37,0.425,2,5.079181246047625,0.64,1,Autoimmune Liver Diseases,0.5261976846470993
2,5.62040086571715,2,8,42,1.6,8,6.0,0.36,0,Multiple Sclerosis,0.5325800455839239
2,4.762173934797756,0,6,30,0.425,2,5.079181246047625,0.36,0,Autoimmune Liver Diseases,0.39742100025591365
1,6.1070228877422545,0,8,45,0.525,4,5.071882007306125,0.64,1,Sickle Cell Disease,0.9283144856546783
3,6.3818160174060985,1,7,49,0.475,3,7.505149978319906,0.58,1,Food Allergy & Anaphylaxis,0.7710809508789171
2,5.030437921392435,2,11,64,0.9,5,7.3979400086720375,0.36,0,Diabetic Nephropathy,0.4159355167429093
2,4.61512051684126,1,10,53,0.525,4,5.071882007306125,0.36,0,Sickle Cell Disease,0.43
2,4.948759890378168,2,3,52,0.7,3,5.301029995663981,0.36,1,Systemic Lupus Erythematosus,0.30982361183106055
1,5.796057750765372,1,7,47,0.9,5,7.3979400086720375,0.64,1,Diabetic Nephropathy,0.8610588377864692
3,5.948034989180646,0,7,81,0.325,2,5.176091259055681,0.58,0,Hidradenitis Suppurativa,0.7263458544642575
1,3.4965075614664802,0,16,48,0.425,2,5.079181246047625,0.64,1,Autoimmune Liver Diseases,0.5896949525072486
3,4.356708826689592,1,13,58,0.9,5,7.3979400086720375,0.58,1,Diabetic Nephropathy,0.7185984284599461
1,7.253470382684528,0,1,50,1.6,8,6.0,0.64,1,Multiple Sclerosis,0.95
2,5.8289456176102075,0,8,39,1.6,8,6.0,0.36,0,Multiple Sclerosis,0.6730414960696179
2,4.727387818712341,0,12,37,0.525,4,5.071882007306125,0.36,0,Sickle Cell Disease,0.48566643426535017
1,5.14166355650266,2,10,64,0.325,2,5.176091259055681,0.64,1,Hidradenitis Suppurativa,0.6178647458864419
2,3.1780538303479458,0,15,38,1.6,8,6.0,0.36,1,Multiple Sclerosis,0.5385162014970528
2,6.920671504248683,2,9,37,0.475,3,7.505149978319906,0.36,1,Food Allergy & Anaphylaxis,0.538725683192966
2,4.204692619390966,1,11,57,1.6,8,6.0,0.36,0,Multiple Sclerosis,0.4712242278019167
1,5.594711379601839,1,14,44,0.7,3,5.301029995663981,0.64,0,Systemic Lupus Erythematosus,0.762957506392805
1,5.062595033026967,0,5,54,0.325,2,5.176091259055681,0.64,1,Hidradenitis Suppurativa,0.8138871143013443
1,5.3612921657094255,1,9,25,0.425,2,5.079181246047625,0.64,1,Autoimmune Liver Diseases,0.7042374711008629
2,4.795790545596741,1,8,38,0.7,3,5.301029995663981,0.36,0,Systemic Lupus Erythematosus,0.4521160778396977
1,3.9889840465642745,0,3,48,0.425,2,5.079181246047625,0.64,1,Autoimmune Liver Diseases,0.6149227530448683
2,5.521460917862246,1,3,60,0.325,2,5.176091259055681,0.36,1,Hidradenitis Suppurativa,0.42761413552383076
3,4.343805421853684,1,6,70,0.7,3,5.301029995663981,0.58,1,Systemic Lupus Erythematosus,0.5719448243815787
2,4.07753744390572,1,15,55,0.475,3,7.505149978319906,0.36,1,Food Allergy & Anaphylaxis,0.47576364122791637
2,4.61512051684126,0,12,47,0.475,3,7.505149978319906,0.36,1,Food Allergy & Anaphylaxis,0.483
2,4.3694478524670215,1,7,74,0.425,2,5.079181246047625,0.36,1,Autoimmune Liver Diseases,0.327576932035075
3,5.37989735354046,1,15,63,0.425,2,5.079181246047625,0.58,1,Autoimmune Liver Diseases,0.6501720777514705
1,2.995732273553991,0,3,34,0.475,3,7.505149978319906,0.64,1,Food Allergy & Anaphylaxis,0.7172967729922509
2,3.1780538303479458,1,6,41,0.475,3,7.505149978319906,0.36,0,Food Allergy & Anaphylaxis,0.35951620149705293
2,6.274762021241939,0,16,46,0.525,4,5.071882007306125,0.36,0,Sickle Cell Disease,0.5633853410279037
2,4.477336814478207,0,9,60,0.7,3,5.301029995663981,0.36,1,Systemic Lupus Erythematosus,0.48603689663332456
1,5.159055299214529,1,15,45,0.525,4,5.071882007306125,0.64,0,Sickle Cell Disease,0.8307394037588178
1,3.258096538021482,2,11,28,0.9,5,7.3979400086720375,0.64,0,Diabetic Nephropathy,0.652351948610672
3,5.153291594497779,1,1,45,0.525,4,5.071882007306125,0.58,1,Sickle Cell Disease,0.6954495478746014
3,3.9512437185814275,2,16,76,0.525,4,5.071882007306125,0.58,1,Sickle Cell Disease,0.5546661056701452
2,5.6240175061873385,0,1,55,1.6,8,6.0,0.36,0,Multiple Sclerosis,0.5927615339864529
2,6.529418838262226,1,14,44,0.425,2,5.079181246047625,0.36,1,Autoimmune Liver Diseases,0.506139386581723
3,4.31748811353631,1,1,55,0.525,4,5.071882007306125,0.58,0,Sickle Cell Disease,0.6532780786941372
2,5.793013608384144,1,3,55,0.475,3,7.505149978319906,0.36,0,Food Allergy & Anaphylaxis,0.4922394992454581
1,6.566672429803241,1,12,66,1.6,8,6.0,0.64,1,Multiple Sclerosis,0.9260047392023635
2,3.713572066704308,0,5,53,1.6,8,6.0,0.36,1,Multiple Sclerosis,0.5661854634062922
2,4.574710978503383,0,2,94,0.425,2,5.079181246047625,0.36,0,Autoimmune Liver Diseases,0.3879589002739873
2,4.31748811353631,1,0,48,1.6,8,6.0,0.36,1,Multiple Sclerosis,0.4769447453608039
2,4.836281906951478,0,5,67,0.525,4,5.071882007306125,0.36,0,Sickle Cell Disease,0.5611571775657105
2,6.139884552226255,0,2,45,1.6,8,6.0,0.36,0,Multiple Sclerosis,0.6186278434049072
1,4.110873864173311,0,5,37,0.325,2,5.176091259055681,0.64,0,Hidradenitis Suppurativa,0.7657920521450339
1,5.84354441703136,0,14,51,0.525,4,5.071882007306125,0.64,1,Sickle Cell Disease,0.915106906902599
3,3.367295829986474,1,15,79,1.6,8,6.0,0.58,0,Multiple Sclerosis,0.7623517162093556
1,4.787491742782046,0,8,32,1.6,8,6.0,0.64,1,Multiple Sclerosis,0.95
3,5.755742213586912,1,11,81,0.7,3,5.301029995663981,0.58,1,Systemic Lupus Erythematosus,0.6430367893085438
2,6.089044875446846,1,9,52,0.7,3,5.301029995663981,0.36,0,Systemic Lupus Erythematosus,0.5170802270462107
1,5.71042701737487,2,2,40,1.6,8,6.0,0.64,0,Multiple Sclerosis,0.8030970039380392
2,3.8918202981106265,1,3,36,1.6,8,6.0,0.36,0,Multiple Sclerosis,0.45530154124599
1,4.382026634673881,1,2,30,0.525,4,5.071882007306125,0.64,1,Sickle Cell Disease,0.72154721665728
1,4.976733742420574,0,16,28,0.475,3,7.505149978319906,0.64,1,Food Allergy & Anaphylaxis,0.818565489012729
1,4.653960350157523,1,9,46,0.325,2,5.176091259055681,0.64,1,Hidradenitis Suppurativa,0.7432943689909974
2,4.795790545596741,1,14,56,0.7,3,5.301029995663981,0.36,1,Systemic Lupus Erythematosus,0.4521160778396977
1,4.875197323201151,2,5,59,1.6,8,6.0,0.64,1,Multiple Sclerosis,0.8311182132233746
2,5.673323267171493,1,9,59,0.425,2,5.079181246047625,0.36,1,Autoimmune Liver Diseases,0.4632355368496214
2,5.19295685089021,2,9,43,0.525,4,5.071882007306125,0.36,0,Sickle Cell Disease,0.4491107809926332
2,5.560681631015528,2,2,66,0.425,2,5.079181246047625,0.36,1,Autoimmune Liver Diseases,0.30758289378557224
3,4.007333185232471,1,12,66,0.325,2,5.176091259055681,0.58,0,Hidradenitis Suppurativa,0.5785240263621424
1,3.6109179126442243,2,5,31,0.425,2,5.079181246047625,0.64,1,Autoimmune Liver Diseases,0.5355841042900678
1,3.6375861597263857,1,1,32,0.525,4,5.071882007306125,0.64,1,Sickle Cell Disease,0.6836207196661401
3,5.645446897643238,2,9,59,0.325,2,5.176091259055681,0.58,1,Hidradenitis Suppurativa,0.6511701775808345
3,5.288267030694535,1,0,64,0.7,3,5.301029995663981,0.58,1,Systemic Lupus Erythematosus,0.6195683438041615
3,5.4638318050256105,1,13,54,0.325,2,5.176091259055681,0.58,1,Hidradenitis Suppurativa,0.6520540997411367
3,5.181783550292085,1,7,68,0.9,5,7.3979400086720375,0.58,1,Diabetic Nephropathy,0.7602156439959534
3,6.452048954437226,0,13,59,0.325,2,5.176091259055681,0.58,1,Hidradenitis Suppurativa,0.7515983451411375
3,4.795790545596741,1,1,71,0.9,5,7.3979400086720375,0.58,0,Diabetic Nephropathy,0.7407827445063643
2,3.332204510175204,1,11,53,0.9,5,7.3979400086720375,0.36,1,Diabetic Nephropathy,0.40953333400081193
2,6.483107351457199,1,8,50,0.525,4,5.071882007306125,0.36,1,Sickle Cell Disease,0.593820347164417
1,8.039802343736485,1,0,53,1.6,8,6.0,0.64,1,Multiple Sclerosis,0.95
1,5.796057750765372,1,13,46,1.6,8,6.0,0.64,1,Multiple Sclerosis,0.8873921711198026
3,5.808142489980444,1,14,55,0.425,2,5.079181246047625,0.58,1,Autoimmune Liver Diseases,0.6716649058130867
2,4.804021044733257,1,15,49,0.9,5,7.3979400086720375,0.36,1,Diabetic Nephropathy,0.5545310179804325
2,4.9344739331306915,0,15,48,0.7,3,5.301029995663981,0.36,1,Systemic Lupus Erythematosus,0.5091041749584556
2,5.634789603169249,1,10,40,0.475,3,7.505149978319906,0.36,0,Food Allergy & Anaphylaxis,0.48430207979166373
1,4.454347296253507,1,14,29,0.9,5,7.3979400086720375,0.64,1,Diabetic Nephropathy,0.8635407201917779
3,4.343805421853684,1,9,70,0.525,4,5.071882007306125,0.58,1,Sickle Cell Disease,0.7246114910482455
3,5.777652323222656,0,6,47,0.7,3,5.301029995663981,0.58,0,Systemic Lupus Erythematosus,0.6941357346444825
2,4.7535901911063645,1,11,56,0.7,3,5.301029995663981,0.36,1,Systemic Lupus Erythematosus,0.37998809711875786
2,7.480992162869525,0,15,70,0.475,3,7.505149978319906,0.36,1,Food Allergy & Anaphylaxis,0.696762906004306
1,4.90527477843843,0,4,57,0.7,3,5.301029995663981,0.64,1,Systemic Lupus Erythematosus,0.7083001473648077
2,4.3694478524670215,1,8,63,0.9,5,7.3979400086720375,0.36,0,Diabetic Nephropathy,0.5325769320350751
3,3.4657359027997265,1,11,62,0.325,2,5.176091259055681,0.58,0,Hidradenitis Suppurativa,0.550774184258186
1,2.3978952727983707,0,12,59,0.475,3,7.505149978319906,0.64,1,Food Allergy & Anaphylaxis,0.6852040786836312
2,4.6913478822291435,1,7,48,0.9,5,7.3979400086720375,0.36,0,Diabetic Nephropathy,0.4788480520568065
3,4.442651256490317,1,10,56,0.325,2,5.176091259055681,0.58,1,Hidradenitis Suppurativa,0.6006156639760943
1,6.5337888379333435,0,0,51,0.425,2,5.079181246047625,0.64,1,Autoimmune Liver Diseases,0.7430248719783797
1,7.126890808898808,0,9,41,0.325,2,5.176091259055681,0.64,1,Hidradenitis Suppurativa,0.9173791876988852
2,5.37989735354046,0,8,69,0.425,2,5.079181246047625,0.36,1,Autoimmune Liver Diseases,0.49850541108480373
3,4.204692619390966,1,1,54,0.7,3,5.301029995663981,0.58,1,Systemic Lupus Erythematosus,0.5648908944685834
1,5.560681631015528,2,9,49,0.475,3,7.505149978319906,0.64,1,Food Allergy & Anaphylaxis,0.7879162271189059
2,5.176149732573829,0,3,55,0.475,3,7.505149978319906,0.36,0,Food Allergy & Anaphylaxis,0.511265690452503
1,6.1224928095143865,1,10,49,0.425,2,5.079181246047625,0.64,0,Autoimmune Liver Diseases,0.6724230283148097
2,5.733341276897746,1,3,63,1.6,8,6.0,0.36,0,Multiple Sclerosis,0.5482464798492741
1,5.327876168789581,2,5,44,0.425,2,5.079181246047625,0.64,0,Autoimmune Liver Diseases,0.6225586563241827
2,5.062595033026967,1,8,71,0.7,3,5.301029995663981,0.36,0,Systemic Lupus Erythematosus,0.4655537809680108
2,4.248495242049359,0,4,57,0.425,2,5.079181246047625,0.36,0,Autoimmune Liver Diseases,0.37144681593045836
1,6.0867747269123065,0,0,32,0.7,3,5.301029995663981,0.64,1,Systemic Lupus Erythematosus,0.7676331280210208
2,5.793013608384144,2,7,67,0.325,2,5.176091259055681,0.36,1,Hidradenitis Suppurativa,0.36123949924545806
1,6.184148890937483,1,5,31,0.7,3,5.301029995663981,0.64,1,Systemic Lupus Erythematosus,0.7925124027030938
1,5.8289456176102075,2,4,30,0.325,2,5.176091259055681,0.64,0,Hidradenitis Suppurativa,0.6523748294029513
2,3.5553480614894135,2,7,61,0.325,2,5.176091259055681,0.36,0,Hidradenitis Suppurativa,0.2480595169314035
1,5.030437921392435,1,16,46,0.425,2,5.079181246047625,0.64,0,Autoimmune Liver Diseases,0.6176021834095761
2,5.236441962829949,1,13,56,1.6,8,6.0,0.36,0,Multiple Sclerosis,0.5232969215433247
1,4.762173934797756,0,4,43,0.9,5,7.3979400086720375,0.64,1,Diabetic Nephropathy,0.8590876669225802
1,4.882801922586371,0,8,35,1.6,8,6.0,0.64,1,Multiple Sclerosis,0.95
2,5.517452896464707,0,2,49,0.7,3,5.301029995663981,0.36,0,Systemic Lupus Erythematosus,0.4684129280088445
1,6.647688373563329,1,3,42,0.9,5,7.3979400086720375,0.64,1,Diabetic Nephropathy,0.9037276831096485
2,3.784189633918261,0,0,51,0.425,2,5.079181246047625,0.36,0,Autoimmune Liver Diseases,0.3478014964852735
1,3.7376696182833684,0,0,38,0.325,2,5.176091259055681,0.64,1,Hidradenitis Suppurativa,0.6767534273691442
2,2.833213344056216,1,13,54,0.9,5,7.3979400086720375,0.36,0,Diabetic Nephropathy,0.3833709268125845
2,5.003946305945459,0,16,69,0.475,3,7.505149978319906,0.36,0,Food Allergy & Anaphylaxis,0.5026021043888012
2,4.804021044733257,0,6,60,0.425,2,5.079181246047625,0.36,1,Autoimmune Liver Diseases,0.39953101798043245
2,5.123963979403259,1,13,57,0.525,4,5.071882007306125,0.36,0,Sickle Cell Disease,0.45564118132143316
2,5.953243334287785,2,9,51,0.475,3,7.505149978319906,0.36,0,Food Allergy & Anaphylaxis,0.4902736183299818
2,4.48863636973214,1,12,54,0.9,5,7.3979400086720375,0.36,1,Diabetic Nephropathy,0.4686083314245058
1,4.68213122712422,0,4,55,0.7,3,5.301029995663981,0.64,1,Systemic Lupus Erythematosus,0.6970495990903575
2,4.875197323201151,1,4,64,1.6,8,6.0,0.36,0,Multiple Sclerosis,0.5051182132233745
1,3.6888794541139363,2,9,43,0.525,4,5.071882007306125,0.64,0,Sickle Cell Disease,0.6762529063404112
1,3.8501476017100584,1,11,22,0.525,4,5.071882007306125,0.64,1,Sickle Cell Disease,0.6945068938583836
1,3.044522437723423,0,10,58,0.325,2,5.176091259055681,0.64,1,Hidradenitis Suppurativa,0.6408614377116284
2,3.9318256327243257,1,10,52,0.7,3,5.301029995663981,0.36,0,Systemic Lupus Erythematosus,0.3383426409720027
2,5.786897381366708,1,5,46,0.7,3,5.301029995663981,0.36,0,Systemic Lupus Erythematosus,0.5019327498170822
2,4.859812404361672,0,2,54,0.325,2,5.176091259055681,0.36,1,Hidradenitis Suppurativa,0.4443430038965762
2,5.455321115357702,1,13,48,0.325,2,5.176091259055681,0.36,0,Hidradenitis Suppurativa,0.4242934133788805
3,6.996681488176539,2,13,62,0.475,3,7.505149978319906,0.58,1,Food Allergy & Anaphylaxis,0.7218631318491715
3,4.465908118654584,2,14,66,0.9,5,7.3979400086720375,0.58,1,Diabetic Nephropathy,0.7141255221799375
2,5.075173815233827,2,10,64,1.6,8,6.0,0.36,0,Multiple Sclerosis,0.435186700811607
3,3.8066624897703196,1,3,60,0.9,5,7.3979400086720375,0.58,1,Diabetic Nephropathy,0.6906176390631751
1,5.214935757608986,1,6,34,1.6,8,6.0,0.64,1,Multiple Sclerosis,0.8582157983426665
1,5.25227342804663,1,3,44,0.525,4,5.071882007306125,0.64,1,Sickle Cell Disease,0.7654260276419531
2,4.3694478524670215,2,13,58,0.425,2,5.079181246047625,0.36,1,Autoimmune Liver Diseases,0.24757693203507503
2,4.51085950651685,0,2,52,0.7,3,5.301029995663981,0.36,0,Systemic Lupus Erythematosus,0.4177319742171086
1,3.713572066704308,0,4,30,0.475,3,7.505149978319906,0.64,1,Food Allergy & Anaphylaxis,0.7545187967396257
2,4.61512051684126,1,1,55,0.525,4,5.071882007306125,0.36,0,Sickle Cell Disease,0.43
3,4.912654885736052,1,9,71,1.6,8,6.0,0.58,1,Multiple Sclerosis,0.8410052296225169
2,5.099866427824199,1,14,65,0.475,3,7.505149978319906,0.36,0,Food Allergy & Anaphylaxis,0.5274290007409336
2,5.723585101952381,0,0,40,0.525,4,5.071882007306125,0.36,0,Sickle Cell Disease,0.5357570795309661
3,6.548219102762372,1,0,88,0.9,5,7.3979400086720375,0.58,1,Diabetic Nephropathy,0.8287474279052882
1,4.605170185988092,0,2,32,0.9,5,7.3979400086720375,0.64,1,Diabetic Nephropathy,0.8511641498739915
3,5.905361848054571,2,15,77,0.325,2,5.176091259055681,0.58,1,Hidradenitis Suppurativa,0.6642064907039972
2,3.4965075614664802,0,13,54,0.525,4,5.071882007306125,0.36,0,Sickle Cell Disease,0.4230282858405817
2,4.77912349311153,1,6,49,1.6,8,6.0,0.36,0,Multiple Sclerosis,0.5002757219238786
2,6.306275286948016,0,12,46,0.475,3,7.505149978319906,0.36,1,Food Allergy & Anaphylaxis,0.5679639308216946
2,6.555356891810665,0,7,39,0.425,2,5.079181246047625,0.36,0,Autoimmune Liver Diseases,0.48743816090188596
1,6.063785208687608,1,4,55,1.6,8,6.0,0.64,1,Multiple Sclerosis,0.9008143366469963
2,5.746203190540153,0,0,63,0.475,3,7.505149978319906,0.36,1,Food Allergy & Anaphylaxis,0.5398916500910697
3,4.060443010546419,0,13,80,0.7,3,5.301029995663981,0.58,1,Systemic Lupus Erythematosus,0.6075607207589896
1,5.0238805208462765,0,2,28,0.9,5,7.3979400086720375,0.64,1,Diabetic Nephropathy,0.8722721492080082
2,5.41610040220442,0,6,32,1.6,8,6.0,0.36,1,Multiple Sclerosis,0.5823237932933474
2,4.248495242049359,0,6,49,0.475,3,7.505149978319906,0.36,0,Food Allergy & Anaphylaxis,0.4644468159304584
3,4.2626798770413155,2,5,66,0.325,2,5.176091259055681,0.58,0,Hidradenitis Suppurativa,0.5814995861363967
1,5.313205979041787,0,0,43,1.6,8,6.0,0.64,1,Multiple Sclerosis,0.9131548755706557
2,6.068425588244111,1,10,39,0.325,2,5.176091259055681,0.36,0,Hidradenitis Suppurativa,0.4550468952057828
1,3.7612001156935624,0,12,43,0.475,3,7.505149978319906,0.64,0,Food Allergy & Anaphylaxis,0.7569583049480973
1,2.3978952727983707,1,3,46,0.475,3,7.505149978319906,0.64,0,Food Allergy & Anaphylaxis,0.6352040786836312
3,4.634728988229636,2,7,81,0.325,2,5.176091259055681,0.58,1,Hidradenitis Suppurativa,0.5303234646981423
1,6.529418838262226,0,0,53,0.9,5,7.3979400086720375,0.64,1,Diabetic Nephropathy,0.9478060532483895
2,5.910796644040527,2,0,50,0.425,2,5.079181246047625,0.36,0,Autoimmune Liver Diseases,0.3251456376090419
2,4.727387818712341,1,14,58,0.7,3,5.301029995663981,0.36,1,Systemic Lupus Erythematosus,0.44866643426535013
3,5.598421958998375,1,16,61,0.7,3,5.301029995663981,0.58,0,Systemic Lupus Erythematosus,0.635143726347354
1,3.4011973816621555,0,14,46,0.525,4,5.071882007306125,0.64,1,Sickle Cell Disease,0.7914396155332526
2,3.784189633918261,2,15,60,0.525,4,5.071882007306125,0.36,1,Sickle Cell Disease,0.37780149648527356
1,4.882801922586371,0,0,56,0.325,2,5.176091259055681,0.64,1,Hidradenitis Suppurativa,0.7348346901939864
1,4.564348191467836,2,1,47,0.525,4,5.071882007306125,0.64,1,Sickle Cell Disease,0.650768668613956
3,5.8944028342648505,1,9,77,0.325,2,5.176091259055681,0.58,1,Hidradenitis Suppurativa,0.7436570346252174
1,6.6293632534374485,2,16,46,0.7,3,5.301029995663981,0.64,1,Systemic Lupus Erythematosus,0.6648102261762389
1,3.4657359027997265,0,13,51,0.7,3,5.301029995663981,0.64,0,Systemic Lupus Erythematosus,0.6351075175915195
1,5.521460917862246,1,5,30,0.525,4,5.071882007306125,0.64,1,Sickle Cell Disease,0.8489474688571643
3,5.993961427306569,0,2,60,0.9,5,7.3979400086720375,0.58,1,Diabetic Nephropathy,0.8509813847226612
1,5.616771097666572,0,6,31,0.425,2,5.079181246047625,0.64,1,Autoimmune Liver Diseases,0.6970645626866658
2,4.143134726391533,1,13,53,0.425,2,5.079181246047625,0.36,1,Autoimmune Liver Diseases,0.31609820995285
2,6.984716320118266,0,3,48,0.525,4,5.071882007306125,0.36,0,Sickle Cell Disease,0.5989309889635022
2,5.805134968916488,1,5,61,0.325,2,5.176091259055681,0.36,0,Hidradenitis Suppurativa,0.5118474094694485
2,6.440946540632921,0,3,45,0.325,2,5.176091259055681,0.36,1,Hidradenitis Suppurativa,0.5237090092556004
2,5.634789603169249,1,8,55,1.6,8,6.0,0.36,1,Multiple Sclerosis,0.6133020797916637
3,2.995732273553991,2,10,50,0.475,3,7.505149978319906,0.58,1,Food Allergy & Anaphylaxis,0.5192967729922509
3,4.836281906951478,1,14,71,0.7,3,5.301029995663981,0.58,1,Systemic Lupus Erythematosus,0.6668238442323772
2,5.68697535633982,1,1,57,0.525,4,5.071882007306125,0.36,0,Sickle Cell Disease,0.4839204790675295
2,4.48863636973214,0,8,47,0.525,4,5.071882007306125,0.36,0,Sickle Cell Disease,0.5436083314245057
2,4.653960350157523,1,3,64,0.425,2,5.079181246047625,0.36,0,Autoimmune Liver Diseases,0.3419610356576641
1,3.7376696182833684,0,6,41,0.525,4,5.071882007306125,0.64,0,Sickle Cell Disease,0.7387534273691443
3,6.93828448401696,0,7,62,1.6,8,6.0,0.58,1,Multiple Sclerosis,0.9226071947617794
3,6.061456918928017,1,5,74,0.525,4,5.071882007306125,0.58,1,Sickle Cell Disease,0.8110309838130187
1,4.356708826689592,0,10,40,0.475,3,7.505149978319906,0.64,1,Food Allergy & Anaphylaxis,0.787265095126613
1,4.919980925828125,2,0,60,0.325,2,5.176091259055681,0.64,1,Hidradenitis Suppurativa,0.6067075683207314
1,5.407171771460119,0,13,45,0.425,2,5.079181246047625,0.64,0,Autoimmune Liver Diseases,0.6865420264608763
3,3.784189633918261,1,12,66,0.7,3,5.301029995663981,0.58,0,Systemic Lupus Erythematosus,0.5434681631519402
1,5.521460917862246,0,7,20,0.425,2,5.079181246047625,0.64,1,Autoimmune Liver Diseases,0.6922808021904977
1,4.290459441148391,1,9,32,0.325,2,5.176091259055681,0.64,0,Hidradenitis Suppurativa,0.7249081299847316
2,4.5217885770490405,1,7,54,1.6,8,6.0,0.36,1,Multiple Sclerosis,0.48728446602643793
2,6.591673732008658,0,4,55,0.7,3,5.301029995663981,0.36,1,Systemic Lupus Erythematosus,0.5222565431104297
2,6.317164686747284,2,0,58,0.525,4,5.071882007306125,0.36,1,Sickle Cell Disease,0.43550939077671214
1,6.721425700790643,1,16,38,0.525,4,5.071882007306125,0.64,1,Sickle Cell Disease,0.8390858317906937
3,4.574710978503383,0,16,59,0.475,3,7.505149978319906,0.58,0,Food Allergy & Anaphylaxis,0.7302922336073208
3,7.355641102974253,0,10,77,1.6,8,6.0,0.58,1,Multiple Sclerosis,0.9434915867558582
3,5.44673737166631,1,13,66,0.525,4,5.071882007306125,0.58,1,Sickle Cell Disease,0.7101957095600184
2,5.8522024797744745,1,10,39,0.7,3,5.301029995663981,0.36,1,Systemic Lupus Erythematosus,0.43520772969793836
2,5.631211781821365,1,5,42,0.525,4,5.071882007306125,0.36,1,Sickle Cell Disease,0.5511225463851273
2,5.950642552587727,2,15,58,0.7,3,5.301029995663981,0.36,0,Systemic Lupus Erythematosus,0.4301432401596277
1,3.9889840465642745,1,14,46,0.7,3,5.301029995663981,0.64,0,Systemic Lupus Erythematosus,0.6819227530448683
1,4.882801922586371,2,14,50,0.325,2,5.176091259055681,0.64,1,Hidradenitis Suppurativa,0.6748346901939865
3,4.290459441148391,0,0,75,0.525,4,5.071882007306125,0.58,0,Sickle Cell Disease,0.7019081299847316
2,5.916202062607435,1,16,58,0.7,3,5.301029995663981,0.36,0,Systemic Lupus Erythematosus,0.4384166409825089
2,3.8501476017100584,1,9,49,0.525,4,5.071882007306125,0.36,0,Sickle Cell Disease,0.4611735605250502
1,4.700480365792417,0,1,38,0.525,4,5.071882007306125,0.64,1,Sickle Cell Disease,0.7876422181453862
3,3.1780538303479458,0,1,53,0.9,5,7.3979400086720375,0.58,1,Diabetic Nephropathy,0.7081828681637196
3,4.406719247264253,0,7,63,1.6,8,6.0,0.58,1,Multiple Sclerosis,0.7954639484342173
1,6.612041034833092,0,9,34,0.425,2,5.079181246047625,0.64,0,Autoimmune Liver Diseases,0.8169429596031503
3,5.579729825986222,1,5,67,1.6,8,6.0,0.58,1,Multiple Sclerosis,0.8745389458579113
2,5.537334267018537,1,11,63,0.325,2,5.176091259055681,0.36,1,Hidradenitis Suppurativa,0.4284109651369714
2,5.4680601411351315,0,10,45,0.475,3,7.505149978319906,0.36,0,Food Allergy & Anaphylaxis,0.525933080951876
2,5.529429087511423,1,14,58,0.7,3,5.301029995663981,0.36,1,Systemic Lupus Erythematosus,0.4890141376571846
3,6.059123195581797,1,0,57,1.6,8,6.0,0.58,1,Multiple Sclerosis,0.8285806913620265
2,4.820281565605037,1,14,52,0.325,2,5.176091259055681,0.36,1,Hidradenitis Suppurativa,0.46235070846921633
2,6.073044534100405,2,12,57,0.425,2,5.079181246047625,0.36,0,Autoimmune Liver Diseases,0.33327837710071995
1,3.9889840465642745,1,1,44,1.6,8,6.0,0.64,1,Multiple Sclerosis,0.7962560863782014
2,5.476463551931511,1,4,56,0.525,4,5.071882007306125,0.36,0,Sickle Cell Disease,0.47335502438416915
2,6.421622267806518,1,1,65,0.475,3,7.505149978319906,0.36,0,Food Allergy & Anaphylaxis,0.5237412371079526
1,5.529429087511423,1,2,38,0.525,4,5.071882007306125,0.64,1,Sickle Cell Disease,0.7793474709905182
2,4.859812404361672,2,15,48,0.9,5,7.3979400086720375,0.36,1,Diabetic Nephropathy,0.4773430038965763
2,6.320768294250582,1,0,64,0.475,3,7.505149978319906,0.36,0,Food Allergy & Anaphylaxis,0.5186898963879172
2,6.738152494595957,1,11,45,0.7,3,5.301029995663981,0.36,0,Systemic Lupus Erythematosus,0.47958983860068816
2,5.976350909297934,1,11,34,0.425,2,5.079181246047625,0.36,0,Autoimmune Liver Diseases,0.4084319712940585
2,4.6913478822291435,0,2,70,1.6,8,6.0,0.36,1,Multiple Sclerosis,0.5458480520568064
3,3.8501476017100584,1,16,56,0.425,2,5.079181246047625,0.58,0,Autoimmune Liver Diseases,0.502840227191717
1,4.700480365792417,1,16,53,0.9,5,7.3979400086720375,0.64,1,Diabetic Nephropathy,0.8059755514787191
1,4.290459441148391,1,13,54,0.475,3,7.505149978319906,0.64,1,Food Allergy & Anaphylaxis,0.7339081299847316
2,6.429719478039138,1,3,48,1.6,8,6.0,0.36,1,Multiple Sclerosis,0.5831467543348252
2,4.007333185232471,1,12,46,0.9,5,7.3979400086720375,0.36,0,Diabetic Nephropathy,0.4441906930288092
2,4.553876891600541,1,5,55,0.325,2,5.176091259055681,0.36,1,Hidradenitis Suppurativa,0.44890622981409556
3,5.0238805208462765,1,5,73,0.325,2,5.176091259055681,0.58,1,Hidradenitis Suppurativa,0.699938815874675
1,5.68697535633982,1,2,49,0.525,4,5.071882007306125,0.64,0,Sickle Cell Disease,0.787253812400863
1,4.836281906951478,2,0,74,0.325,2,5.176091259055681,0.64,1,Hidradenitis Suppurativa,0.6024905108990438
2,5.752572638825633,1,10,41,1.6,8,6.0,0.36,1,Multiple Sclerosis,0.549211139996008
2,4.219507705176107,1,1,54,1.6,8,6.0,0.36,1,Multiple Sclerosis,0.47197612167014374
3,3.332204510175204,2,12,65,0.475,3,7.505149978319906,0.58,0,Food Allergy & Anaphylaxis,0.5368666673341453
2,4.795790545596741,2,4,58,0.475,3,7.505149978319906,0.36,0,Food Allergy & Anaphylaxis,0.36211607783969774
3,3.9512437185814275,0,16,64,0.325,2,5.176091259055681,0.58,1,Hidradenitis Suppurativa,0.625666105670145
3,3.091042453358316,1,1,67,0.425,2,5.079181246047625,0.58,0,Autoimmune Liver Diseases,0.46363427925343326
2,5.0106352940962555,1,3,55,0.7,3,5.301029995663981,0.36,0,Systemic Lupus Erythematosus,0.39293880599786835
2,5.3981627015177525,0,1,64,0.525,4,5.071882007306125,0.36,1,Sickle Cell Disease,0.5194228680182135
3,3.9889840465642745,0,15,65,0.9,5,7.3979400086720375,0.58,0,Diabetic Nephropathy,0.8199227530448682
1,4.844187086458591,0,10,28,1.6,8,6.0,0.64,1,Multiple Sclerosis,0.8895555860481693
3,4.7535901911063645,1,1,67,0.525,4,5.071882007306125,0.58,0,Sickle Cell Disease,0.6753214304520914
3,2.3978952727983707,2,8,47,0.325,2,5.176091259055681,0.58,0,Hidradenitis Suppurativa,0.484204078683631
3,6.856461984594587,1,1,69,0.7,3,5.301029995663981,0.58,1,Systemic Lupus Erythematosus,0.6981785972977584
2,4.127134385045092,1,4,49,0.525,4,5.071882007306125,0.36,0,Sickle Cell Disease,0.405285183909261
2,4.060443010546419,0,1,57,0.7,3,5.301029995663981,0.36,1,Systemic Lupus Erythematosus,0.39489405409232287
2,4.290459441148391,1,10,52,0.7,3,5.301029995663981,0.36,1,Systemic Lupus Erythematosus,0.35657479665139813
2,4.343805421853684,0,10,58,0.9,5,7.3979400086720375,0.36,1,Diabetic Nephropathy,0.511278157714912
1,4.532599493153256,1,10,29,0.525,4,5.071882007306125,0.64,1,Sickle Cell Disease,0.7291642528863809
1,4.394449154672439,0,9,35,0.525,4,5.071882007306125,0.64,1,Sickle Cell Disease,0.8421761557676231
1,6.481577129276431,1,1,54,0.7,3,5.301029995663981,0.64,1,Systemic Lupus Erythematosus,0.7374103854635948
3,5.214935757608986,1,8,69,0.7,3,5.301029995663981,0.58,0,Systemic Lupus Erythematosus,0.6858824650093333
2,5.288267030694535,0,10,59,0.325,2,5.176091259055681,0.36,0,Hidradenitis Suppurativa,0.46590167713749486
1,5.802118375377063,0,8,35,0.7,3,5.301029995663981,0.64,0,Systemic Lupus Erythematosus,0.8233627900902886
2,7.957527402230773,0,8,63,0.9,5,7.3979400086720375,0.36,1,Diabetic Nephropathy,0.7450000000000001
1,3.970291913552122,1,10,41,0.475,3,7.505149978319906,0.64,1,Food Allergy & Anaphylaxis,0.7176370099630002
1,5.730099782973574,2,12,23,0.475,3,7.505149978319906,0.64,0,Food Allergy & Anaphylaxis,0.7264172114132887
1,3.332204510175204,2,11,46,0.7,3,5.301029995663981,0.64,0,Systemic Lupus Erythematosus,0.4982000006674785
1,3.912023005428146,1,16,39,1.6,8,6.0,0.64,1,Multiple Sclerosis,0.7923325056061267
2,5.521460917862246,1,13,50,0.425,2,5.079181246047625,0.36,0,Autoimmune Liver Diseases,0.38561413552383084
3,7.2305631534092925,1,1,65,0.475,3,7.505149978319906,0.58,1,Food Allergy & Anaphylaxis,0.8135667629414914
3,3.9512437185814275,0,7,56,0.525,4,5.071882007306125,0.58,1,Sickle Cell Disease,0.6846661056701451
3,4.584967478670572,0,0,68,0.9,5,7.3979400086720375,0.58,1,Diabetic Nephropathy,0.7801437062924312
1,3.6109179126442243,2,14,47,0.325,2,5.176091259055681,0.64,0,Hidradenitis Suppurativa,0.6102507709567344
3,4.04305126783455,1,4,63,0.9,5,7.3979400086720375,0.58,1,Diabetic Nephropathy,0.7026757419040195
2,5.749392985908253,1,10,59,0.7,3,5.301029995663981,0.36,1,Systemic Lupus Erythematosus,0.43005165022760306
1,5.303304908059076,0,16,59,0.475,3,7.505149978319906,0.64,0,Food Allergy & Anaphylaxis,0.8349906923613307
1,3.4657359027997265,0,1,25,0.9,5,7.3979400086720375,0.64,1,Diabetic Nephropathy,0.7931075175915193
2,6.259581464064923,1,9,51,0.475,3,7.505149978319906,0.36,1,Food Allergy & Anaphylaxis,0.5856248700947274
1,5.8664680569332965,0,1,35,0.325,2,5.176091259055681,0.64,1,Hidradenitis Suppurativa,0.7842563828138337
3,5.594711379601839,1,12,56,0.325,2,5.176091259055681,0.58,1,Hidradenitis Suppurativa,0.6586241730594715
3,4.997212273764115,1,14,67,0.525,4,5.071882007306125,0.58,1,Sickle Cell Disease,0.7575964533728656
1,7.047517221357296,2,14,31,0.425,2,5.079181246047625,0.64,1,Autoimmune Liver Diseases,0.7087405212597001
3,7.0192966537150445,0,10,75,0.325,2,5.176091259055681,0.58,0,Hidradenitis Suppurativa,0.7799949139873887
2,6.2285110035911835,0,5,43,0.425,2,5.079181246047625,0.36,0,Autoimmune Liver Diseases,0.5410683241649688
1,2.3978952727983707,1,0,43,0.425,2,5.079181246047625,0.64,1,Autoimmune Liver Diseases,0.48153741201696454
2,4.605170185988092,1,9,60,0.525,4,5.071882007306125,0.36,0,Sickle Cell Disease,0.49949748320732495
1,4.465908118654584,2,14,28,0.325,2,5.176091259055681,0.64,1,Hidradenitis Suppurativa,0.6537921888466043
2,2.833213344056216,0,10,70,0.475,3,7.505149978319906,0.36,0,Food Allergy & Anaphylaxis,0.39137092681258445
2,5.455321115357702,1,0,47,0.9,5,7.3979400086720375,0.36,1,Diabetic Nephropathy,0.5172934133788805
2,6.095824562432225,0,11,37,0.475,3,7.505149978319906,0.36,0,Food Allergy & Anaphylaxis,0.5574199792028522
3,6.269096283706261,0,9,61,0.325,2,5.176091259055681,0.58,1,Hidradenitis Suppurativa,0.8124348514609969
1,4.859812404361672,1,13,15,0.325,2,5.176091259055681,0.64,1,Hidradenitis Suppurativa,0.6836763372299096
1,5.017279836814924,0,10,39,0.525,4,5.071882007306125,0.64,1,Sickle Cell Disease,0.8036065887387418
1,4.74493212836325,0,2,22,1.6,8,6.0,0.64,1,Multiple Sclerosis,0.8845514131203202
1,5.752572638825633,0,4,57,0.7,3,5.301029995663981,0.64,1,Systemic Lupus Erythematosus,0.7508778066626749
1,3.828641396489095,1,12,26,0.525,4,5.071882007306125,0.64,1,Sickle Cell Disease,0.6934079485224449
1,4.948759890378168,1,13,47,0.325,2,5.176091259055681,0.64,0,Hidradenitis Suppurativa,0.688156945164394
1,4.983606621708336,0,2,41,0.325,2,5.176091259055681,0.64,0,Hidradenitis Suppurativa,0.7399115111549576
2,3.1354942159291497,0,15,60,0.475,3,7.505149978319906,0.36,0,Food Allergy & Anaphylaxis,0.4772936133685112
2,5.1298987149230735,1,8,61,0.325,2,5.176091259055681,0.36,0,Hidradenitis Suppurativa,0.4779396896707584
3,4.8283137373023015,0,12,72,0.475,3,7.505149978319906,0.58,0,Food Allergy & Anaphylaxis,0.7430889023141808
2,7.150701457592526,0,16,56,0.9,5,7.3979400086720375,0.36,1,Diabetic Nephropathy,0.6522373325072008
3,5.247024072160486,0,9,70,0.9,5,7.3979400086720375,0.58,1,Diabetic Nephropathy,0.8834955081202442
2,5.220355825078324,0,11,72,0.325,2,5.176091259055681,0.36,0,Hidradenitis Suppurativa,0.4624882785810447
2,5.017279836814924,0,10,53,0.7,3,5.301029995663981,0.36,1,Systemic Lupus Erythematosus,0.44327325540540813
1,5.594711379601839,0,15,38,0.325,2,5.176091259055681,0.64,1,Hidradenitis Suppurativa,0.8406241730594717
1,5.568344503761097,1,15,30,0.525,4,5.071882007306125,0.64,1,Sickle Cell Disease,0.8513008444000636
3,5.6131281063880705,0,14,82,0.7,3,5.301029995663981,0.58,1,Systemic Lupus Erythematosus,0.7558817471265102
1,5.793013608384144,2,10,18,0.475,3,7.505149978319906,0.64,0,Food Allergy & Anaphylaxis,0.7295728325787916
3,6.375024819828097,1,0,67,1.6,8,6.0,0.58,0,Multiple Sclerosis,0.844407480179446
3,5.313205979041787,1,9,75,0.325,2,5.176091259055681,0.58,0,Hidradenitis Suppurativa,0.714488208903989
1,3.1780538303479458,1,3,70,0.525,4,5.071882007306125,0.64,0,Sickle Cell Disease,0.6598495348303863
3,5.811140992976701,2,9,79,0.525,4,5.071882007306125,0.58,1,Sickle Cell Disease,0.7184819485329512
1,6.270988431858299,0,15,24,0.475,3,7.505149978319906,0.64,1,Food Allergy & Anaphylaxis,0.95
3,6.317164686747284,1,1,76,0.325,2,5.176091259055681,0.58,1,Hidradenitis Suppurativa,0.6948427241100454
3,5.4510384535657,0,1,75,0.525,4,5.071882007306125,0.58,1,Sickle Cell Disease,0.7604116926172444
2,6.559615237493242,0,1,53,1.6,8,6.0,0.36,1,Multiple Sclerosis,0.6396513808412089
1,4.787491742782046,1,4,38,0.525,4,5.071882007306125,0.64,1,Sickle Cell Disease,0.7420309986895053
2,4.77912349311153,0,13,62,0.425,2,5.079181246047625,0.36,1,Autoimmune Liver Diseases,0.3982757219238786
2,5.0689042022202315,2,10,45,0.525,4,5.071882007306125,0.36,0,Sickle Cell Disease,0.37287124235194374
2,3.091042453358316,0,11,66,0.325,2,5.176091259055681,0.36,1,Hidradenitis Suppurativa,0.35396761258676657
2,5.111987788356544,2,7,54,0.7,3,5.301029995663981,0.36,1,Systemic Lupus Erythematosus,0.3180387643956244
2,4.465908118654584,1,6,63,0.525,4,5.071882007306125,0.36,1,Sickle Cell Disease,0.42245885551327084
1,5.247024072160486,0,16,51,0.475,3,7.505149978319906,0.64,0,Food Allergy & Anaphylaxis,0.832162174786911
1,5.501258210544727,0,1,57,0.525,4,5.071882007306125,0.64,1,Sickle Cell Disease,0.8279332352985891
3,6.880384082186005,1,10,83,0.475,3,7.505149978319906,0.58,1,Food Allergy & Anaphylaxis,0.7960426142569509
1,2.3978952727983707,0,4,53,0.325,2,5.176091259055681,0.64,1,Hidradenitis Suppurativa,0.6062040786836311
1,2.3978952727983707,1,5,23,0.525,4,5.071882007306125,0.64,0,Sickle Cell Disease,0.6882040786836312
1,5.58724865840025,0,3,44,0.9,5,7.3979400086720375,0.64,0,Diabetic Nephropathy,0.9005829728063469
1,3.044522437723423,1,3,39,0.7,3,5.301029995663981,0.64,1,Systemic Lupus Erythematosus,0.5631947710449617
1,5.187385805840755,1,15,43,0.325,2,5.176091259055681,0.64,1,Hidradenitis Suppurativa,0.770164001548533
1,5.823045895483019,2,2,24,0.425,2,5.079181246047625,0.64,1,Autoimmune Liver Diseases,0.5774123038848803
1,5.0369526024136295,1,15,29,0.7,3,5.301029995663981,0.64,0,Systemic Lupus Erythematosus,0.734930053436884
1,2.995732273553991,2,12,27,0.475,3,7.505149978319906,0.64,1,Food Allergy & Anaphylaxis,0.5872967729922509
1,3.2188758248682006,1,9,26,0.325,2,5.176091259055681,0.64,1,Hidradenitis Suppurativa,0.6699775155513261
2,5.497168225293202,1,10,53,0.425,2,5.079181246047625,0.36,1,Autoimmune Liver Diseases,0.38439456286762286
2,3.58351893845611,0,11,54,0.325,2,5.176091259055681,0.36,0,Hidradenitis Suppurativa,0.379508893775066
3,4.875197323201151,1,12,62,1.6,8,6.0,0.58,1,Multiple Sclerosis,0.7691182132233745
3,4.804021044733257,2,9,51,0.7,3,5.301029995663981,0.58,1,Systemic Lupus Erythematosus,0.5851976846470991
3,5.627621113690637,1,8,63,0.425,2,5.079181246047625,0.58,0,Autoimmune Liver Diseases,0.6626090326766292
1,5.834810737062605,1,9,40,0.7,3,5.301029995663981,0.64,1,Systemic Lupus Erythematosus,0.775002281231438
3,4.672828834461906,1,2,71,0.425,2,5.079181246047625,0.58,0,Autoimmune Liver Diseases,0.5445801120728655
2,5.5134287461649825,0,2,56,1.6,8,6.0,0.36,0,Multiple Sclerosis,0.5872109075319942
2,5.579729825986222,2,14,55,0.525,4,5.071882007306125,0.36,1,Sickle Cell Disease,0.4685389458579112
3,3.6888794541139363,1,16,68,0.9,5,7.3979400086720375,0.58,1,Diabetic Nephropathy,0.6845862396737443
3,3.044522437723423,0,5,45,1.6,8,6.0,0.58,1,Multiple Sclerosis,0.795528104378295
3,5.272999558563747,1,5,63,1.6,8,6.0,0.58,1,Multiple Sclerosis,0.8591343986537618
1,6.590301048196686,0,7,34,0.325,2,5.176091259055681,0.64,1,Hidradenitis Suppurativa,0.8205211479106048
1,5.099866427824199,2,2,61,0.325,2,5.176091259055681,0.64,1,Hidradenitis Suppurativa,0.615762334074267
1,4.406719247264253,1,14,44,0.475,3,7.505149978319906,0.64,1,Food Allergy & Anaphylaxis,0.8097972817675508
2,8.054840221101024,0,12,53,0.325,2,5.176091259055681,0.36,0,Hidradenitis Suppurativa,0.5820000000000001
1,4.584967478670572,2,5,44,0.425,2,5.079181246047625,0.64,1,Autoimmune Liver Diseases,0.5851437062924315
2,3.2188758248682006,2,7,48,0.325,2,5.176091259055681,0.36,0,Hidradenitis Suppurativa,0.2306441822179927
1,3.9889840465642745,1,5,50,0.9,5,7.3979400086720375,0.64,1,Diabetic Nephropathy,0.8399227530448681
2,5.017279836814924,1,2,38,0.525,4,5.071882007306125,0.36,0,Sickle Cell Disease,0.4502732554054082
3,5.272999558563747,0,15,65,1.6,8,6.0,0.58,1,Multiple Sclerosis,0.9091343986537619
1,5.638354669333745,1,15,28,1.6,8,6.0,0.64,1,Multiple Sclerosis,0.9494809708590579
2,2.70805020110221,1,4,65,0.9,5,7.3979400086720375,0.36,1,Diabetic Nephropathy,0.3766943571813584
1,5.886104031450156,0,0,14,0.325,2,5.176091259055681,0.64,1,Hidradenitis Suppurativa,0.7852409434583427
1,4.1588830833596715,1,16,42,0.525,4,5.071882007306125,0.64,0,Sickle Cell Disease,0.7102315603535054
2,4.919980925828125,1,1,59,0.325,2,5.176091259055681,0.36,0,Hidradenitis Suppurativa,0.397374234987398
2,6.396929655216146,1,7,52,0.7,3,5.301029995663981,0.36,1,Systemic Lupus Erythematosus,0.46250457060636785
2,4.875197323201151,1,4,53,0.475,3,7.505149978319906,0.36,0,Food Allergy & Anaphylaxis,0.4461182132233745
2,3.9512437185814275,0,11,63,0.7,3,5.301029995663981,0.36,0,Systemic Lupus Erythematosus,0.38933277233681163
2,5.808142489980444,1,13,58,0.325,2,5.176091259055681,0.36,0,Hidradenitis Suppurativa,0.4419982391464199
1,4.330733340286331,0,12,41,1.6,8,6.0,0.64,1,Multiple Sclerosis,0.863615896377411
1,5.209486152841421,0,5,31,0.325,2,5.176091259055681,0.64,1,Hidradenitis Suppurativa,0.8212751583877687
2,5.924255797414532,0,6,68,0.9,5,7.3979400086720375,0.36,1,Diabetic Nephropathy,0.5908204116827862
3,5.963579343618446,0,5,70,0.7,3,5.301029995663981,0.58,0,Systemic Lupus Erythematosus,0.7734584243484258
3,5.220355825078324,0,13,54,0.525,4,5.071882007306125,0.58,1,Sickle Cell Disease,0.7488216119143782
2,5.003946305945459,2,15,66,0.525,4,5.071882007306125,0.36,0,Sickle Cell Disease,0.43960210438880115
1,4.23410650459726,1,1,45,0.525,4,5.071882007306125,0.64,1,Sickle Cell Disease,0.7140502092927343
1,4.189654742026425,2,13,31,0.9,5,7.3979400086720375,0.64,1,Diabetic Nephropathy,0.7001275208620439
1,6.38856140554563,1,3,47,0.9,5,7.3979400086720375,0.64,0,Diabetic Nephropathy,0.8907521233353942
3,6.169610732491456,2,11,58,0.425,2,5.079181246047625,0.58,1,Autoimmune Liver Diseases,0.5397839819116793
3,3.713572066704308,0,15,76,0.325,2,5.176091259055681,0.58,0,Hidradenitis Suppurativa,0.6835187967396257
1,4.127134385045092,1,14,45,0.9,5,7.3979400086720375,0.64,1,Diabetic Nephropathy,0.8469518505759276
1,3.4965075614664802,1,16,48,0.475,3,7.505149978319906,0.64,0,Food Allergy & Anaphylaxis,0.6933616191739151
2,7.604396348796338,1,10,55,0.9,5,7.3979400086720375,0.36,1,Diabetic Nephropathy,0.6249363891266895
2,2.3978952727983707,1,8,69,0.9,5,7.3979400086720375,0.36,1,Diabetic Nephropathy,0.4298707453502978
3,4.770684624465665,1,8,67,0.525,4,5.071882007306125,0.58,1,Sickle Cell Disease,0.7461835207738168
1,4.9344739331306915,0,9,32,1.6,8,6.0,0.64,1,Multiple Sclerosis,0.95
2,4.465908118654584,1,15,54,0.7,3,5.301029995663981,0.36,1,Systemic Lupus Erythematosus,0.4354588555132708
2,4.394449154672439,0,15,43,0.425,2,5.079181246047625,0.36,0,Autoimmune Liver Diseases,0.4488428224342895
1,2.9444389791664403,0,16,28,0.9,5,7.3979400086720375,0.64,1,Diabetic Nephropathy,0.7659267452620703
2,3.828641396489095,0,9,46,0.525,4,5.071882007306125,0.36,0,Sickle Cell Disease,0.5100746151891113
2,4.477336814478207,1,12,58,0.475,3,7.505149978319906,0.36,0,Food Allergy & Anaphylaxis,0.4260368966333246
3,4.61512051684126,0,12,74,0.475,3,7.505149978319906,0.58,1,Food Allergy & Anaphylaxis,0.7323333333333335
3,5.762051382780177,1,3,79,1.6,8,6.0,0.58,1,Multiple Sclerosis,0.8136865793944593
1,3.7612001156935624,1,0,46,1.6,8,6.0,0.64,1,Multiple Sclerosis,0.7846249716147639
2,5.288267030694535,1,4,62,0.325,2,5.176091259055681,0.36,1,Hidradenitis Suppurativa,0.4159016771374948
3,4.356708826689592,1,13,92,0.475,3,7.505149978319906,0.58,1,Food Allergy & Anaphylaxis,0.669265095126613
2,6.133398042996649,1,3,61,0.475,3,7.505149978319906,0.36,0,Food Allergy & Anaphylaxis,0.5093028151747525
1,5.3230099791384085,2,7,50,0.425,2,5.079181246047625,0.64,0,Autoimmune Liver Diseases,0.5523141570594731
2,3.1354942159291497,0,2,44,0.475,3,7.505149978319906,0.36,0,Food Allergy & Anaphylaxis,0.4072936133685112
2,4.634728988229636,0,4,53,0.9,5,7.3979400086720375,0.36,1,Diabetic Nephropathy,0.525990131364809
2,2.70805020110221,0,16,49,0.425,2,5.079181246047625,0.36,1,Autoimmune Liver Diseases,0.2916943571813584
2,4.90527477843843,1,3,57,0.425,2,5.079181246047625,0.36,1,Autoimmune Liver Diseases,0.35463348069814105
2,3.713572066704308,0,13,53,0.425,2,5.079181246047625,0.36,1,Autoimmune Liver Diseases,0.3441854634062922
1,5.5093883366279774,2,8,47,0.7,3,5.301029995663981,0.64,1,Systemic Lupus Erythematosus,0.6786747341638804
2,4.04305126783455,1,5,64,0.525,4,5.071882007306125,0.36,1,Sickle Cell Disease,0.4710090752373529
1,4.143134726391533,0,14,58,0.425,2,5.079181246047625,0.64,0,Autoimmune Liver Diseases,0.6927648766195169
1,3.2188758248682006,1,13,45,0.325,2,5.176091259055681,0.64,1,Hidradenitis Suppurativa,0.5999775155513261
2,2.995732273553991,1,6,55,0.475,3,7.505149978319906,0.36,0,Food Allergy & Anaphylaxis,0.34996343965891746
3,4.955827057601261,0,4,70,1.6,8,6.0,0.58,1,Multiple Sclerosis,0.8231794852195038
2,5.303304908059076,1,4,54,1.6,8,6.0,0.36,1,Multiple Sclerosis,0.5266573590279973
2,4.127134385045092,2,8,66,0.9,5,7.3979400086720375,0.36,1,Diabetic Nephropathy,0.440285183909261
2,4.795790545596741,1,13,53,0.325,2,5.176091259055681,0.36,1,Hidradenitis Suppurativa,0.3911160778396977
2,4.927253685157205,1,16,60,0.7,3,5.301029995663981,0.36,0,Systemic Lupus Erythematosus,0.3887405369920016
3,6.1224928095143865,1,15,69,1.6,8,6.0,0.58,1,Multiple Sclerosis,0.9017563616481429
1,4.189654742026425,1,6,47,0.7,3,5.301029995663981,0.64,0,Systemic Lupus Erythematosus,0.622127520862044
1,4.718498871295094,1,9,46,0.325,2,5.176091259055681,0.64,0,Hidradenitis Suppurativa,0.7465513340995455
2,4.543294782270004,0,2,65,0.7,3,5.301029995663981,0.36,0,Systemic Lupus Erythematosus,0.41937146535825814
3,4.204692619390966,1,10,63,0.7,3,5.301029995663981,0.58,1,Systemic Lupus Erythematosus,0.5648908944685834
2,4.3694478524670215,1,15,66,0.325,2,5.176091259055681,0.36,0,Hidradenitis Suppurativa,0.439576932035075
1,4.672828834461906,1,11,47,0.525,4,5.071882007306125,0.64,1,Sickle Cell Disease,0.7362467787395321
3,5.204006687076795,2,11,62,0.7,3,5.301029995663981,0.58,1,Systemic Lupus Erythematosus,0.5353330089305535
3,5.739792912179234,1,2,52,1.6,8,6.0,0.58,1,Multiple Sclerosis,0.8125701055745549
2,4.430816798843313,0,9,39,0.7,3,5.301029995663981,0.36,1,Systemic Lupus Erythematosus,0.4836835210904253
3,4.727387818712341,0,13,55,0.7,3,5.301029995663981,0.58,0,Systemic Lupus Erythematosus,0.6413331009320169
2,5.749392985908253,0,5,53,0.9,5,7.3979400086720375,0.36,1,Diabetic Nephropathy,0.6520516502276031
3,6.20455776256869,2,2,79,1.6,8,6.0,0.58,1,Multiple Sclerosis,0.7558682665599915
2,5.926926025970411,1,7,51,0.425,2,5.079181246047625,0.36,0,Autoimmune Liver Diseases,0.405954280571322
1,4.23410650459726,1,4,41,0.525,4,5.071882007306125,0.64,1,Sickle Cell Disease,0.7140502092927343
2,6.762729506931879,2,7,52,0.7,3,5.301029995663981,0.36,0,Systemic Lupus Erythematosus,0.4008201291407981
3,6.9584483932976555,1,1,58,0.425,2,5.079181246047625,0.58,1,Autoimmune Liver Diseases,0.6592830259111098
2,4.31748811353631,2,3,31,1.6,8,6.0,0.36,0,Multiple Sclerosis,0.3969447453608039
3,6.142037405587356,0,14,47,0.325,2,5.176091259055681,0.58,0,Hidradenitis Suppurativa,0.8060690516452416
3,3.6888794541139363,0,16,66,1.6,8,6.0,0.58,1,Multiple Sclerosis,0.7589195730070777
2,5.4510384535657,1,9,40,0.9,5,7.3979400086720375,0.36,0,Diabetic Nephropathy,0.5870783592839109
2,5.313205979041787,1,8,63,0.475,3,7.505149978319906,0.36,0,Food Allergy & Anaphylaxis,0.5381548755706557
1,7.160845906664299,1,4,37,0.425,2,5.079181246047625,0.64,1,Autoimmune Liver Diseases,0.7244116177470685
2,5.19295685089021,0,16,63,1.6,8,6.0,0.36,0,Multiple Sclerosis,0.5711107809926331
1,5.602118820879701,1,9,46,1.6,8,6.0,0.64,0,Multiple Sclerosis,0.9476625886505142
1,3.295836866004329,1,10,39,0.9,5,7.3979400086720375,0.64,1,Diabetic Nephropathy,0.734312984268336
2,6.452048954437226,0,12,64,0.9,5,7.3979400086720375,0.36,1,Diabetic Nephropathy,0.6172650118078042
3,5.814130531825066,1,11,64,0.475,3,7.505149978319906,0.58,1,Food Allergy & Anaphylaxis,0.742631873682764
3,2.4849066497880004,1,16,71,0.9,5,7.3979400086720375,0.58,1,Diabetic Nephropathy,0.6213029210071805
1,3.8066624897703196,1,3,34,0.525,4,5.071882007306125,0.64,0,Sickle Cell Disease,0.692284305729842
2,6.161207321695077,1,16,64,0.9,5,7.3979400086720375,0.36,1,Diabetic Nephropathy,0.5526962601251921
3,4.127134385045092,1,8,56,0.425,2,5.079181246047625,0.58,1,Autoimmune Liver Diseases,0.5869518505759278
3,3.1354942159291497,2,14,58,0.7,3,5.301029995663981,0.58,1,Systemic Lupus Erythematosus,0.49996028003517784
1,5.799092654460526,1,13,41,0.525,4,5.071882007306125,0.64,0,Sickle Cell Disease,0.7928777115721974
2,4.7535901911063645,1,12,63,0.525,4,5.071882007306125,0.36,0,Sickle Cell Disease,0.4369880971187579
2,5.517452896464707,1,16,64,0.425,2,5.079181246047625,0.36,0,Autoimmune Liver Diseases,0.3854129280088445
1,5.780743515792329,0,8,41,0.9,5,7.3979400086720375,0.64,1,Diabetic Nephropathy,0.95
2,6.282266746896006,0,0,49,0.525,4,5.071882007306125,0.36,1,Sickle Cell Disease,0.5637612826486051
3,4.418840607796598,1,16,68,0.9,5,7.3979400086720375,0.58,0,Diabetic Nephropathy,0.7217441197304747
1,3.9512437185814275,2,8,43,0.9,5,7.3979400086720375,0.64,1,Diabetic Nephropathy,0.7579994390034783
2,5.480638923341991,0,6,42,0.325,2,5.176091259055681,0.36,0,Hidradenitis Suppurativa,0.4755646682971709
3,4.653960350157523,1,0,87,0.425,2,5.079181246047625,0.58,0,Autoimmune Liver Diseases,0.5436277023243308
1,4.31748811353631,0,7,48,1.6,8,6.0,0.64,1,Multiple Sclerosis,0.8629447453608039
2,6.406879986069314,1,10,48,1.6,8,6.0,0.36,0,Multiple Sclerosis,0.5820029136021374
2,3.295836866004329,1,3,54,0.425,2,5.079181246047625,0.36,0,Autoimmune Liver Diseases,0.2726463176016696
2,5.181783550292085,1,4,57,0.9,5,7.3979400086720375,0.36,1,Diabetic Nephropathy,0.5035489773292869
2,4.418840607796598,0,7,55,0.7,3,5.301029995663981,0.36,0,Systemic Lupus Erythematosus,0.413077453063808
2,6.907755278982137,1,12,55,0.325,2,5.176091259055681,0.36,1,Hidradenitis Suppurativa,0.4970792296330231
3,4.04305126783455,0,16,61,0.475,3,7.505149978319906,0.58,1,Food Allergy & Anaphylaxis,0.7033424085706864
3,4.890349128221754,2,15,63,0.525,4,5.071882007306125,0.58,1,Sickle Cell Disease,0.6722149201632475
1,3.871201010907891,2,3,32,1.6,8,6.0,0.64,1,Multiple Sclerosis,0.7102488707860983
1,5.318119993844216,1,10,38,0.525,4,5.071882007306125,0.64,1,Sickle Cell Disease,0.7687351229860182
3,5.220355825078324,1,3,60,0.9,5,7.3979400086720375,0.58,1,Diabetic Nephropathy,0.7621549452477113
1,2.4849066497880004,1,1,40,0.425,2,5.079181246047625,0.64,1,Autoimmune Liver Diseases,0.48630292100718076
1,6.173786103901937,1,16,38,0.475,3,7.505149978319906,0.64,1,Food Allergy & Anaphylaxis,0.8286598539044746
2,6.415096959171596,1,11,52,0.425,2,5.079181246047625,0.36,1,Autoimmune Liver Diseases,0.43041443855896333
2,4.406719247264253,0,5,67,0.525,4,5.071882007306125,0.36,0,Sickle Cell Disease,0.5394639484342174
2,4.653960350157523,1,2,36,0.475,3,7.505149978319906,0.36,0,Food Allergy & Anaphylaxis,0.4349610356576641
3,4.276666119016055,0,3,68,0.525,4,5.071882007306125,0.58,1,Sickle Cell Disease,0.7012088178859945
2,6.212606095751519,1,7,56,0.7,3,5.301029995663981,0.36,1,Systemic Lupus Erythematosus,0.453271494551828
2,6.082218910376446,1,10,58,0.7,3,5.301029995663981,0.36,0,Systemic Lupus Erythematosus,0.4467381504553749
1,6.484635235635252,0,5,47,1.6,8,6.0,0.64,1,Multiple Sclerosis,0.95
3,6.71295620067707,0,11,60,0.7,3,5.301029995663981,0.58,1,Systemic Lupus Erythematosus,0.7409951771200711
2,3.4011973816621555,1,16,63,0.425,2,5.079181246047625,0.36,0,Autoimmune Liver Diseases,0.2781062821999192
3,5.225746673713202,2,1,70,0.475,3,7.505149978319906,0.58,1,Food Allergy & Anaphylaxis,0.6330926152878452
3,5.030437921392435,0,8,55,0.525,4,5.071882007306125,0.58,1,Sickle Cell Disease,0.8092688500762428
2,5.288267030694535,2,14,45,1.6,8,6.0,0.36,0,Multiple Sclerosis,0.5159016771374948
1,5.365976015021851,0,0,42,0.9,5,7.3979400086720375,0.64,1,Diabetic Nephropathy,0.8894727656527333
1,4.605170185988092,0,4,50,0.475,3,7.505149978319906,0.64,0,Food Allergy & Anaphylaxis,0.7998308165406584
2,5.564520407322694,1,12,56,0.7,3,5.301029995663981,0.36,0,Systemic Lupus Erythematosus,0.42077557225137174
2,4.3694478524670215,0,7,46,1.6,8,6.0,0.36,0,Multiple Sclerosis,0.5295769320350749
2,4.2626798770413155,0,12,41,0.525,4,5.071882007306125,0.36,0,Sickle Cell Disease,0.46216625280306334
2,5.123963979403259,1,15,63,0.325,2,5.176091259055681,0.36,0,Hidradenitis Suppurativa,0.4776411813214332
1,4.59511985013459,1,6,42,0.475,3,7.505149978319906,0.64,0,Food Allergy & Anaphylaxis,0.7493231979674574
3,3.4339872044851463,1,11,53,0.525,4,5.071882007306125,0.58,0,Sickle Cell Disease,0.6081346931170366
3,5.802118375377063,0,16,65,0.425,2,5.079181246047625,0.58,0,Autoimmune Liver Diseases,0.6513627900902885
3,5.8377304471659395,2,6,59,0.425,2,5.079181246047625,0.58,0,Autoimmune Liver Diseases,0.5231486942203925
3,6.253828811575473,0,8,44,0.7,3,5.301029995663981,0.58,1,Systemic Lupus Erythematosus,0.7880033515255567
1,5.209486152841421,2,9,52,1.6,8,6.0,0.64,1,Multiple Sclerosis,0.8479418250544353
3,5.5909869805108565,1,9,56,0.525,4,5.071882007306125,0.58,1,Sickle Cell Disease,0.7874372569539414
1,5.472270673671475,1,7,33,0.425,2,5.079181246047625,0.64,1,Autoimmune Liver Diseases,0.6398111644240188
1,3.784189633918261,0,2,21,0.325,2,5.176091259055681,0.64,0,Hidradenitis Suppurativa,0.679134829818607
3,7.563200592358071,1,4,56,0.325,2,5.176091259055681,0.58,1,Hidradenitis Suppurativa,0.7572088863700229
3,3.713572066704308,1,14,64,0.325,2,5.176091259055681,0.58,0,Hidradenitis Suppurativa,0.6335187967396256
1,5.056245805348308,2,13,28,0.7,3,5.301029995663981,0.64,1,Systemic Lupus Erythematosus,0.585900957729739
2,2.995732273553991,2,13,41,0.9,5,7.3979400086720375,0.36,0,Diabetic Nephropathy,0.3119634396589175
1,6.208590026096629,1,11,42,1.6,8,6.0,0.64,1,Multiple Sclerosis,0.9080702870368418
2,3.5553480614894135,2,2,49,0.7,3,5.301029995663981,0.36,0,Systemic Lupus Erythematosus,0.23905951693140348
2,5.3981627015177525,1,4,60,0.9,5,7.3979400086720375,0.36,0,Diabetic Nephropathy,0.5144228680182135
1,6.037870919922137,1,6,28,0.7,3,5.301029995663981,0.64,0,Systemic Lupus Erythematosus,0.7151822289934999
2,5.564520407322694,1,8,37,0.325,2,5.176091259055681,0.36,1,Hidradenitis Suppurativa,0.4997755722513718
1,7.035268599281097,1,12,42,0.525,4,5.071882007306125,0.64,1,Sickle Cell Disease,0.8547942205297041
1,5.081404364984463,0,6,29,0.525,4,5.071882007306125,0.64,1,Sickle Cell Disease,0.8068335147956203
2,6.251903883165888,0,5,48,0.325,2,5.176091259055681,0.36,1,Hidradenitis Suppurativa,0.5842402528135697
2,3.6375861597263857,0,7,50,0.525,4,5.071882007306125,0.36,1,Sickle Cell Disease,0.4302873863328066
2,4.406719247264253,0,15,75,0.325,2,5.176091259055681,0.36,1,Hidradenitis Suppurativa,0.49146394843421737
1,3.8501476017100584,0,14,38,0.525,4,5.071882007306125,0.64,1,Sickle Cell Disease,0.8145068938583837
3,5.7899601708972535,1,3,60,0.525,4,5.071882007306125,0.58,1,Sickle Cell Disease,0.7274196931022643
3,4.3694478524670215,1,5,55,0.525,4,5.071882007306125,0.58,1,Sickle Cell Disease,0.7259102653684084
1,4.762173934797756,0,9,48,0.425,2,5.079181246047625,0.64,0,Autoimmune Liver Diseases,0.7240876669225805
2,4.51085950651685,1,0,68,0.325,2,5.176091259055681,0.36,1,Hidradenitis Suppurativa,0.3767319742171087
2,3.4011973816621555,0,11,56,0.475,3,7.505149978319906,0.36,0,Food Allergy & Anaphylaxis,0.4211062821999191
2,4.9344739331306915,1,7,40,1.6,8,6.0,0.36,1,Multiple Sclerosis,0.5081041749584556
2,5.2832037287379885,0,11,57,0.325,2,5.176091259055681,0.36,0,Hidradenitis Suppurativa,0.4656472236621213
2,6.318968113746434,0,15,42,0.425,2,5.079181246047625,0.36,1,Autoimmune Liver Diseases,0.5455997250379596
1,2.995732273553991,1,6,28,0.7,3,5.301029995663981,0.64,1,Systemic Lupus Erythematosus,0.5606301063255842
3,4.624972813284271,2,3,81,0.9,5,7.3979400086720375,0.58,0,Diabetic Nephropathy,0.652164183209325
1,6.7226297948554485,0,8,32,0.325,2,5.176091259055681,0.64,1,Hidradenitis Suppurativa,0.897146109073461
2,3.1354942159291497,0,2,67,1.6,8,6.0,0.36,0,Multiple Sclerosis,0.4662936133685112
1,7.450660796211539,1,2,52,0.425,2,5.079181246047625,0.64,1,Autoimmune Liver Diseases,0.7389121358576372
3,4.174387269895637,0,15,74,1.6,8,6.0,0.58,1,Multiple Sclerosis,0.853685644868579
3,4.110873864173311,1,4,66,0.325,2,5.176091259055681,0.58,0,Hidradenitis Suppurativa,0.5837920521450337
3,5.420534999272286,1,12,71,0.525,4,5.071882007306125,0.58,0,Sickle Cell Disease,0.7088798441441497
2,6.354370040797351,1,9,63,0.475,3,7.505149978319906,0.36,0,Food Allergy & Anaphylaxis,0.5903729605165738
1,3.9318256327243257,2,3,48,0.7,3,5.301029995663981,0.64,1,Systemic Lupus Erythematosus,0.5290093076386695
2,5.19295685089021,1,15,61,0.7,3,5.301029995663981,0.36,0,Systemic Lupus Erythematosus,0.47211078099263315
2,3.091042453358316,0,10,48,0.325,2,5.176091259055681,0.36,1,Hidradenitis Suppurativa,0.35396761258676657
2,7.5126175446745105,1,1,57,0.7,3,5.301029995663981,0.36,1,Systemic Lupus Erythematosus,0.5183450529923688
2,4.948759890378168,1,2,54,0.325,2,5.176091259055681,0.36,0,Hidradenitis Suppurativa,0.39882361183106063
1,6.257667587882639,0,13,57,1.6,8,6.0,0.64,1,Multiple Sclerosis,0.95
2,5.087596335232384,0,6,52,0.475,3,7.505149978319906,0.36,1,Food Allergy & Anaphylaxis,0.5068117089498186
1,5.948034989180646,0,8,31,1.6,8,6.0,0.64,1,Multiple Sclerosis,0.95
1,2.4849066497880004,0,12,57,0.9,5,7.3979400086720375,0.64,1,Diabetic Nephropathy,0.7413029210071805
2,5.0689042022202315,1,10,54,0.7,3,5.301029995663981,0.36,0,Systemic Lupus Erythematosus,0.3958712423519437
2,4.812184355372417,1,1,43,1.6,8,6.0,0.36,1,Multiple Sclerosis,0.5019425429372583
1,5.3230099791384085,1,8,48,1.6,8,6.0,0.64,1,Multiple Sclerosis,0.9336474903928063
2,5.605802066295998,0,3,70,1.6,8,6.0,0.36,1,Multiple Sclerosis,0.5918474317445804
2,5.10594547390058,1,4,56,0.525,4,5.071882007306125,0.36,1,Sickle Cell Disease,0.45473481209180533
2,4.51085950651685,0,2,45,0.325,2,5.176091259055681,0.36,1,Hidradenitis Suppurativa,0.4267319742171086
3,4.07753744390572,0,5,81,1.6,8,6.0,0.58,1,Multiple Sclerosis,0.8487636412279164
2,6.257667587882639,0,2,65,0.9,5,7.3979400086720375,0.36,1,Diabetic Nephropathy,0.6075289927882638
3,5.953243334287785,2,1,80,0.425,2,5.079181246047625,0.58,1,Autoimmune Liver Diseases,0.5289402849966486
3,4.007333185232471,0,3,73,0.525,4,5.071882007306125,0.58,1,Sickle Cell Disease,0.6875240263621425
2,5.030437921392435,1,14,52,0.9,5,7.3979400086720375,0.36,1,Diabetic Nephropathy,0.5659355167429093
3,6.066108090103747,1,16,60,0.9,5,7.3979400086720375,0.58,1,Diabetic Nephropathy,0.8045974178016424
1,6.2324480165505225,1,14,27,0.475,3,7.505149978319906,0.64,1,Food Allergy & Anaphylaxis,0.9015988964128531
1,6.439350371100098,0,2,43,0.9,5,7.3979400086720375,0.64,1,Diabetic Nephropathy,0.9432957398540821
2,3.828641396489095,1,4,84,1.6,8,6.0,0.36,1,Multiple Sclerosis,0.4520746151891114
2,4.442651256490317,1,5,75,0.7,3,5.301029995663981,0.36,0,Systemic Lupus Erythematosus,0.43428233064276106
2,4.672828834461906,0,16,57,0.475,3,7.505149978319906,0.36,1,Food Allergy & Anaphylaxis,0.4859134454061988
2,5.389071729816501,1,8,58,0.9,5,7.3979400086720375,0.36,1,Diabetic Nephropathy,0.5839662438400499
2,5.3230099791384085,1,3,47,0.7,3,5.301029995663981,0.36,0,Systemic Lupus Erythematosus,0.4086474903928062
1,4.564348191467836,0,16,41,0.325,2,5.176091259055681,0.64,1,Hidradenitis Suppurativa,0.7187686686139558
2,5.2574953720277815,0,2,72,1.6,8,6.0,0.36,0,Multiple Sclerosis,0.5743551621029269
3,4.330733340286331,1,7,71,0.475,3,7.505149978319906,0.58,1,Food Allergy & Anaphylaxis,0.6679492297107444
2,5.877735781779639,0,13,62,0.7,3,5.301029995663981,0.36,1,Systemic Lupus Erythematosus,0.4864880272431969
1,4.2626798770413155,2,16,47,0.7,3,5.301029995663981,0.64,0,Systemic Lupus Erythematosus,0.5458329194697301
2,4.02535169073515,1,4,50,0.525,4,5.071882007306125,0.36,1,Sickle Cell Disease,0.400108149962219
1,4.07753744390572,0,4,46,1.6,8,6.0,0.64,1,Multiple Sclerosis,0.8507636412279164
2,4.553876891600541,2,7,50,0.325,2,5.176091259055681,0.36,0,Hidradenitis Suppurativa,0.29890622981409554
1,7.356279876550748,1,12,38,0.7,3,5.301029995663981,0.64,1,Systemic Lupus Erythematosus,0.7811902125159749
2,4.430816798843313,1,2,40,0.325,2,5.176091259055681,0.36,0,Hidradenitis Suppurativa,0.37268352109042535
1,4.02535169073515,1,3,36,0.525,4,5.071882007306125,0.64,0,Sickle Cell Disease,0.7034414832955524
3,5.159055299214529,1,12,61,0.7,3,5.301029995663981,0.58,0,Systemic Lupus Erythematosus,0.613072737092151
2,8.517393171418904,0,1,65,0.475,3,7.505149978319906,0.36,0,Food Allergy & Anaphylaxis,0.6330000000000001
1,5.298317366548036,0,2,38,0.475,3,7.505149978319906,0.64,1,Food Allergy & Anaphylaxis,0.8347400652701535
2,5.91350300563827,0,14,46,0.7,3,5.301029995663981,0.36,0,Systemic Lupus Erythematosus,0.5582813229026218
1,4.77912349311153,0,14,33,0.475,3,7.505149978319906,0.64,1,Food Allergy & Anaphylaxis,0.8786090552572122
3,4.912654885736052,1,0,60,0.9,5,7.3979400086720375,0.58,0,Diabetic Nephropathy,0.7466718962891835
2,4.356708826689592,1,16,51,0.425,2,5.079181246047625,0.36,1,Autoimmune Liver Diseases,0.32693176179327965
3,4.962844630259907,1,0,61,0.425,2,5.079181246047625,0.58,0,Autoimmune Liver Diseases,0.5591995102473252
3,6.22455842927536,1,4,55,0.425,2,5.079181246047625,0.58,0,Autoimmune Liver Diseases,0.6225369707708306
2,3.4657359027997265,0,12,61,0.325,2,5.176091259055681,0.36,1,Hidradenitis Suppurativa,0.3734408509248527
1,7.414572881350589,1,0,31,0.325,2,5.176091259055681,0.64,1,Hidradenitis Suppurativa,0.811773338543451
1,4.007333185232471,0,10,38,0.9,5,7.3979400086720375,0.64,0,Diabetic Nephropathy,0.8208573596954757
1,7.395107546562485,0,14,46,0.475,3,7.505149978319906,0.64,1,Food Allergy & Anaphylaxis,0.95
2,4.0943445622221,0,2,31,0.475,3,7.505149978319906,0.36,0,Food Allergy & Anaphylaxis,0.45661836289588137
2,4.406719247264253,1,6,35,0.9,5,7.3979400086720375,0.36,0,Diabetic Nephropathy,0.4644639484342174
2,5.081404364984463,2,5,59,0.7,3,5.301029995663981,0.36,1,Systemic Lupus Erythematosus,0.3865001814622867
2,3.6635616461296463,0,16,45,0.325,2,5.176091259055681,0.36,0,Hidradenitis Suppurativa,0.3836207986869147
1,6.253828811575473,1,7,45,0.425,2,5.079181246047625,0.64,0,Autoimmune Liver Diseases,0.6790033515255567
3,6.3578422665081,0,0,68,0.425,2,5.079181246047625,0.58,0,Autoimmune Liver Diseases,0.6792135404020567
2,5.501258210544727,0,10,36,0.9,5,7.3979400086720375,0.36,1,Diabetic Nephropathy,0.5695999019652556
2,4.553876891600541,1,4,62,0.7,3,5.301029995663981,0.36,0,Systemic Lupus Erythematosus,0.36990622981409554
2,6.5998704992128365,0,0,61,0.425,2,5.079181246047625,0.36,0,Autoimmune Liver Diseases,0.4896669421313212
1,4.584967478670572,0,5,32,0.425,2,5.079181246047625,0.64,1,Autoimmune Liver Diseases,0.7151437062924315
2,5.60947179518496,0,1,37,0.475,3,7.505149978319906,0.36,0,Food Allergy & Anaphylaxis,0.5330315940153953
3,4.330733340286331,1,10,68,0.475,3,7.505149978319906,0.58,1,Food Allergy & Anaphylaxis,0.6679492297107444
2,6.257667587882639,1,7,67,0.425,2,5.079181246047625,0.36,0,Autoimmune Liver Diseases,0.42252899278826384
1,5.5254529391317835,1,16,36,0.7,3,5.301029995663981,0.64,1,Systemic Lupus Erythematosus,0.6894812032603744
2,5.564520407322694,1,3,55,0.475,3,7.505149978319906,0.36,1,Food Allergy & Anaphylaxis,0.4807755722513718
3,3.295836866004329,1,6,89,0.475,3,7.505149978319906,0.58,1,Food Allergy & Anaphylaxis,0.614979650935003
2,6.957497370876951,2,3,61,1.6,8,6.0,0.36,1,Multiple Sclerosis,0.5295687628581739
2,4.290459441148391,1,4,37,0.475,3,7.505149978319906,0.36,0,Food Allergy & Anaphylaxis,0.4165747966513982
1,3.2188758248682006,0,2,53,0.475,3,7.505149978319906,0.64,1,Food Allergy & Anaphylaxis,0.7289775155513262
1,4.983606621708336,0,6,42,0.525,4,5.071882007306125,0.64,1,Sickle Cell Disease,0.8019115111549577
3,4.634728988229636,0,13,63,1.6,8,6.0,0.58,1,Multiple Sclerosis,0.8069901313648089
3,6.20050917404269,1,4,72,0.425,2,5.079181246047625,0.58,0,Autoimmune Liver Diseases,0.6213320931918775
1,2.8903717578961645,0,5,47,0.7,3,5.301029995663981,0.64,0,Systemic Lupus Erythematosus,0.675068824570073
1,4.7535901911063645,1,8,41,0.525,4,5.071882007306125,0.64,1,Sickle Cell Disease,0.8103214304520914
3,3.9889840465642745,1,12,76,0.325,2,5.176091259055681,0.58,1,Hidradenitis Suppurativa,0.5775894197115348
2,6.018593214496234,1,10,68,0.7,3,5.301029995663981,0.36,1,Systemic Lupus Erythematosus,0.44354934868551305
2,5.5093883366279774,1,14,44,0.325,2,5.176091259055681,0.36,1,Hidradenitis Suppurativa,0.4970080674972136
1,4.543294782270004,0,10,28,0.7,3,5.301029995663981,0.64,0,Systemic Lupus Erythematosus,0.690038132024925
1,5.117993812416755,1,7,37,0.525,4,5.071882007306125,0.64,1,Sickle Cell Disease,0.7586742134517561
2,6.198478716492308,1,15,55,0.425,2,5.079181246047625,0.36,1,Autoimmune Liver Diseases,0.48956369709032144
1,3.2188758248682006,0,13,52,0.325,2,5.176091259055681,0.64,1,Hidradenitis Suppurativa,0.6499775155513261
2,4.406719247264253,2,6,42,1.6,8,6.0,0.36,0,Multiple Sclerosis,0.40146394843421734
1,5.147494476813453,1,14,47,0.325,2,5.176091259055681,0.64,1,Hidradenitis Suppurativa,0.7681580018590618
1,5.303304908059076,0,12,33,0.525,4,5.071882007306125,0.64,1,Sickle Cell Disease,0.8179906923613307
3,2.995732273553991,0,9,61,0.475,3,7.505149978319906,0.58,1,Food Allergy & Anaphylaxis,0.719296772992251
1,5.572154032177765,1,8,49,0.475,3,7.505149978319906,0.64,1,Food Allergy & Anaphylaxis,0.8684920492219838
2,3.9318256327243257,0,11,41,1.6,8,6.0,0.36,0,Multiple Sclerosis,0.5073426409720027
1,2.833213344056216,1,14,62,1.6,8,6.0,0.64,1,Multiple Sclerosis,0.8063709268125845
2,6.3473892096560105,0,9,47,0.525,4,5.071882007306125,0.36,1,Sickle Cell Disease,0.6370233087420254
2,3.6888794541139363,2,11,54,0.475,3,7.505149978319906,0.36,0,Food Allergy & Anaphylaxis,0.3059195730070777
3,5.365976015021851,1,2,53,0.9,5,7.3979400086720375,0.58,1,Diabetic Nephropathy,0.7694727656527333
2,4.51085950651685,2,12,51,0.7,3,5.301029995663981,0.36,0,Systemic Lupus Erythematosus,0.28773197421710867
1,5.4510384535657,0,15,43,0.7,3,5.301029995663981,0.64,0,Systemic Lupus Erythematosus,0.8057450259505777
2,5.420534999272286,1,1,58,0.525,4,5.071882007306125,0.36,0,Sickle Cell Disease,0.47054651081081644
1,6.1092475827643655,1,5,50,0.325,2,5.176091259055681,0.64,1,Hidradenitis Suppurativa,0.8164259684210415
3,5.905361848054571,1,2,65,0.475,3,7.505149978319906,0.58,1,Food Allergy & Anaphylaxis,0.7472064907039973
2,5.099866427824199,0,3,53,0.425,2,5.079181246047625,0.36,1,Autoimmune Liver Diseases,0.4144290007409336
1,7.037905963447182,0,0,36,0.9,5,7.3979400086720375,0.64,1,Diabetic Nephropathy,0.95
2,4.442651256490317,1,9,53,0.525,4,5.071882007306125,0.36,0,Sickle Cell Disease,0.4912823306427611
3,5.472270673671475,1,5,65,0.425,2,5.079181246047625,0.58,1,Autoimmune Liver Diseases,0.6548111644240188
2,6.20455776256869,1,2,66,1.6,8,6.0,0.36,1,Multiple Sclerosis,0.5718682665599916
3,5.429345628954441,1,4,79,0.9,5,7.3979400086720375,0.58,1,Diabetic Nephropathy,0.7726556582413322
2,5.117993812416755,0,11,45,0.325,2,5.176091259055681,0.36,0,Hidradenitis Suppurativa,0.45734088011842255
3,6.46302945692067,1,7,71,0.475,3,7.505149978319906,0.58,1,Food Allergy & Anaphylaxis,0.7751482328516147
1,4.204692619390966,1,4,56,0.7,3,5.301029995663981,0.64,0,Systemic Lupus Erythematosus,0.6228908944685835
2,4.30406509320417,1,11,65,0.325,2,5.176091259055681,0.36,1,Hidradenitis Suppurativa,0.36626446275801494
1,4.343805421853684,1,1,50,0.425,2,5.079181246047625,0.64,1,Autoimmune Liver Diseases,0.5829448243815788
2,5.638354669333745,1,14,55,0.425,2,5.079181246047625,0.36,0,Autoimmune Liver Diseases,0.4614809708590579
2,5.5093883366279774,1,14,79,0.7,3,5.301029995663981,0.36,0,Systemic Lupus Erythematosus,0.48800806749721354
1,4.564348191467836,0,8,41,0.325,2,5.176091259055681,0.64,1,Hidradenitis Suppurativa,0.7887686686139559
1,6.939253946041508,0,15,48,1.6,8,6.0,0.64,1,Multiple Sclerosis,0.95
3,8.517393171418904,0,9,76,1.6,8,6.0,0.58,1,Multiple Sclerosis,0.95
1,3.8066624897703196,0,13,29,1.6,8,6.0,0.64,1,Multiple Sclerosis,0.8369509723965085
2,4.997212273764115,1,0,47,0.325,2,5.176091259055681,0.36,1,Hidradenitis Suppurativa,0.40126312003953224
2,3.828641396489095,1,10,60,0.425,2,5.079181246047625,0.36,0,Autoimmune Liver Diseases,0.3000746151891114
3,3.9318256327243257,1,6,67,0.475,3,7.505149978319906,0.58,1,Food Allergy & Anaphylaxis,0.6476759743053362
2,5.459585514144159,0,2,54,0.525,4,5.071882007306125,0.36,1,Sickle Cell Disease,0.5225075464684805
3,6.3784261836515865,1,6,55,0.475,3,7.505149978319906,0.58,1,Food Allergy & Anaphylaxis,0.7709111714288602
2,2.995732273553991,1,4,50,0.475,3,7.505149978319906,0.36,0,Food Allergy & Anaphylaxis,0.34996343965891746
3,5.937536205082426,0,15,47,0.325,2,5.176091259055681,0.58,0,Hidradenitis Suppurativa,0.7958195338149082
2,7.140453043101158,1,13,25,0.9,5,7.3979400086720375,0.36,0,Diabetic Nephropathy,0.6017245074988414
3,3.6888794541139363,0,12,62,0.475,3,7.505149978319906,0.58,0,Food Allergy & Anaphylaxis,0.6852529063404112
3,4.330733340286331,1,12,68,0.9,5,7.3979400086720375,0.58,1,Diabetic Nephropathy,0.7172825630440776
2,4.9344739331306915,2,15,40,1.6,8,6.0,0.36,0,Multiple Sclerosis,0.49810417495845566
2,7.282761179605593,0,9,49,0.7,3,5.301029995663981,0.36,0,Systemic Lupus Erythematosus,0.6268451736052688
2,4.672828834461906,1,2,62,0.325,2,5.176091259055681,0.36,0,Hidradenitis Suppurativa,0.38491344540619876
3,4.736198448394496,1,1,65,0.325,2,5.176091259055681,0.58,1,Hidradenitis Suppurativa,0.6154442149695457
1,6.042632833682381,0,13,41,0.7,3,5.301029995663981,0.64,1,Systemic Lupus Erythematosus,0.7654208929311329
1,4.382026634673881,0,4,44,0.9,5,7.3979400086720375,0.64,1,Diabetic Nephropathy,0.8398805499906131
1,5.723585101952381,0,13,60,1.6,8,6.0,0.64,1,Multiple Sclerosis,0.933757079530966
2,5.0106352940962555,2,1,51,0.7,3,5.301029995663981,0.36,1,Systemic Lupus Erythematosus,0.31293880599786833
1,5.768320995793772,0,7,26,0.425,2,5.079181246047625,0.64,1,Autoimmune Liver Diseases,0.7046677125065045
2,4.61512051684126,0,15,39,0.425,2,5.079181246047625,0.36,1,Autoimmune Liver Diseases,0.45999999999999996
3,4.418840607796598,1,2,85,0.7,3,5.301029995663981,0.58,0,Systemic Lupus Erythematosus,0.5757441197304748
2,4.574710978503383,2,8,44,0.475,3,7.505149978319906,0.36,1,Food Allergy & Anaphylaxis,0.42095890027398725
3,4.912654885736052,1,4,81,0.9,5,7.3979400086720375,0.58,1,Diabetic Nephropathy,0.7466718962891835
1,4.927253685157205,0,15,66,1.6,8,6.0,0.64,1,Multiple Sclerosis,0.95
1,5.288267030694535,1,9,49,0.9,5,7.3979400086720375,0.64,1,Diabetic Nephropathy,0.9055683438041614
2,5.332718793265369,1,11,37,0.425,2,5.079181246047625,0.36,0,Autoimmune Liver Diseases,0.3761352991400745
2,5.1647859739235145,0,3,44,0.425,2,5.079181246047625,0.36,0,Autoimmune Liver Diseases,0.4176942556613219
2,3.713572066704308,1,8,64,0.9,5,7.3979400086720375,0.36,0,Diabetic Nephropathy,0.4991854634062923
1,3.9318256327243257,1,15,28,0.9,5,7.3979400086720375,0.64,1,Diabetic Nephropathy,0.8370093076386693
2,4.912654885736052,0,9,64,0.425,2,5.079181246047625,0.36,1,Autoimmune Liver Diseases,0.4750052296225169
2,3.7612001156935624,2,15,52,0.475,3,7.505149978319906,0.36,0,Food Allergy & Anaphylaxis,0.37962497161476383
2,3.2188758248682006,1,1,56,0.525,4,5.071882007306125,0.36,0,Sickle Cell Disease,0.3586441822179927
3,6.620073206530356,1,2,57,0.9,5,7.3979400086720375,0.58,1,Diabetic Nephropathy,0.832345106543123
1,4.48863636973214,2,6,49,0.9,5,7.3979400086720375,0.64,0,Diabetic Nephropathy,0.7152749980911723
2,5.493061443340548,2,2,43,0.7,3,5.301029995663981,0.36,0,Systemic Lupus Erythematosus,0.3371883770084297
3,5.0238805208462765,0,15,50,0.475,3,7.505149978319906,0.58,1,Food Allergy & Anaphylaxis,0.8229388158746752
1,4.584967478670572,0,8,70,0.525,4,5.071882007306125,0.64,1,Sickle Cell Disease,0.8518103729590982
1,6.692083742506628,1,6,46,0.425,2,5.079181246047625,0.64,1,Autoimmune Liver Diseases,0.7009502712381904
2,6.489204931325317,1,7,41,0.475,3,7.505149978319906,0.36,1,Food Allergy & Anaphylaxis,0.527125691624826
1,5.937536205082426,1,5,20,0.7,3,5.301029995663981,0.64,1,Systemic Lupus Erythematosus,0.7801528671482416
1,4.897839799950911,1,10,43,0.475,3,7.505149978319906,0.64,1,Food Allergy & Anaphylaxis,0.7645922804450165
2,5.8888779583328805,2,6,45,0.425,2,5.079181246047625,0.36,0,Autoimmune Liver Diseases,0.32404669227310323
2,3.8066624897703196,2,5,56,0.475,3,7.505149978319906,0.36,1,Food Allergy & Anaphylaxis,0.3819509723965085
3,4.02535169073515,1,5,59,0.9,5,7.3979400086720375,0.58,1,Diabetic Nephropathy,0.7717748166288856
3,5.147494476813453,1,14,49,0.525,4,5.071882007306125,0.58,1,Sickle Cell Disease,0.7651580018590618
1,5.680172609017068,1,6,52,0.475,3,7.505149978319906,0.64,1,Food Allergy & Anaphylaxis,0.8039125141473429
3,5.521460917862246,1,0,82,0.9,5,7.3979400086720375,0.58,1,Diabetic Nephropathy,0.7772808021904974
2,3.332204510175204,2,14,50,0.325,2,5.176091259055681,0.36,0,Hidradenitis Suppurativa,0.30653333400081184
2,6.278521424165844,0,2,66,0.475,3,7.505149978319906,0.36,0,Food Allergy & Anaphylaxis,0.5665736651676777
2,5.093750200806762,1,4,50,0.425,2,5.079181246047625,0.36,0,Autoimmune Liver Diseases,0.3641213074622146
1,4.0943445622221,2,16,36,0.7,3,5.301029995663981,0.64,1,Systemic Lupus Erythematosus,0.5372850295625482
3,6.210600077024653,1,5,89,0.7,3,5.301029995663981,0.58,1,Systemic Lupus Erythematosus,0.7358376586720936
1,4.6443908991413725,0,0,39,0.525,4,5.071882007306125,0.64,1,Sickle Cell Disease,0.7848112734454107
2,2.772588722239781,0,1,56,0.425,2,5.079181246047625,0.36,1,Autoimmune Liver Diseases,0.2951440007557059
3,4.1588830833596715,1,9,66,0.9,5,7.3979400086720375,0.58,0,Diabetic Nephropathy,0.7785648936868387
2,4.8283137373023015,0,8,52,0.7,3,5.301029995663981,0.36,0,Systemic Lupus Erythematosus,0.5037555689808473
2,5.765191102784844,1,0,48,0.9,5,7.3979400086720375,0.36,1,Diabetic Nephropathy,0.5328440598396043
3,4.51085950651685,1,5,67,0.9,5,7.3979400086720375,0.58,1,Diabetic Nephropathy,0.7963986408837753
1,7.081708586105575,0,12,42,0.525,4,5.071882007306125,0.64,1,Sickle Cell Disease,0.9071182188684681
2,4.30406509320417,0,10,45,0.425,2,5.079181246047625,0.36,0,Autoimmune Liver Diseases,0.37426446275801495
2,5.634789603169249,2,15,55,1.6,8,6.0,0.36,0,Multiple Sclerosis,0.5333020797916637
2,4.356708826689592,2,3,67,0.9,5,7.3979400086720375,0.36,0,Diabetic Nephropathy,0.38193176179327964
2,5.726847747587197,0,11,54,0.9,5,7.3979400086720375,0.36,0,Diabetic Nephropathy,0.5809207457982145
1,5.480638923341991,1,0,42,0.475,3,7.505149978319906,0.64,1,Food Allergy & Anaphylaxis,0.7938980016305044
2,3.091042453358316,1,12,63,0.425,2,5.079181246047625,0.36,0,Autoimmune Liver Diseases,0.2619676125867666
2,4.574710978503383,0,1,57,0.475,3,7.505149978319906,0.36,0,Food Allergy & Anaphylaxis,0.48095890027398724
1,4.852030263919617,1,2,49,0.9,5,7.3979400086720375,0.64,0,Diabetic Nephropathy,0.8136175116901915
2,4.875197323201151,0,11,44,0.425,2,5.079181246047625,0.36,0,Autoimmune Liver Diseases,0.4031182132233745
2,3.6635616461296463,1,4,55,0.9,5,7.3979400086720375,0.36,0,Diabetic Nephropathy,0.42662079868691477
2,4.31748811353631,0,5,54,0.425,2,5.079181246047625,0.36,0,Autoimmune Liver Diseases,0.44494474536080386
3,5.4116460518550396,0,12,64,0.325,2,5.176091259055681,0.58,1,Hidradenitis Suppurativa,0.6994334126069347
3,3.784189633918261,1,7,65,0.425,2,5.079181246047625,0.58,1,Autoimmune Liver Diseases,0.4994681631519403
2,5.958424693029782,2,14,82,0.525,4,5.071882007306125,0.36,1,Sickle Cell Disease,0.48753335917383694
2,5.840641657373398,1,11,60,0.9,5,7.3979400086720375,0.36,0,Diabetic Nephropathy,0.5366280130588924
2,6.3818160174060985,0,7,56,0.9,5,7.3979400086720375,0.36,1,Diabetic Nephropathy,0.6137476175455837
1,5.41610040220442,1,9,41,0.7,3,5.301029995663981,0.64,1,Systemic Lupus Erythematosus,0.7539904599600142
1,5.181783550292085,0,11,43,0.325,2,5.176091259055681,0.64,1,Hidradenitis Suppurativa,0.7498823106626202
2,5.318119993844216,0,10,54,0.525,4,5.071882007306125,0.36,0,Sickle Cell Disease,0.5154017896526848
1,4.718498871295094,2,7,30,0.9,5,7.3979400086720375,0.64,0,Diabetic Nephropathy,0.7268846674328787
2,6.248042874508429,0,8,48,1.6,8,6.0,0.36,0,Multiple Sclerosis,0.6940468289746736
3,2.70805020110221,0,4,70,0.525,4,5.071882007306125,0.58,1,Sickle Cell Disease,0.6200276905146918
3,5.220355825078324,2,10,82,1.6,8,6.0,0.58,1,Multiple Sclerosis,0.7064882785810447
3,3.6375861597263857,0,3,63,0.9,5,7.3979400086720375,0.58,1,Diabetic Nephropathy,0.7319540529994732
1,3.258096538021482,1,3,42,0.7,3,5.301029995663981,0.64,0,Systemic Lupus Erythematosus,0.5743519486106722
3,6.541029999189903,1,7,66,0.525,4,5.071882007306125,0.58,1,Sickle Cell Disease,0.7650541218148124
3,4.969813299576001,0,9,67,0.7,3,5.301029995663981,0.58,0,Systemic Lupus Erythematosus,0.7235503888802576
1,5.0238805208462765,0,0,62,0.7,3,5.301029995663981,0.64,1,Systemic Lupus Erythematosus,0.7142721492080084
3,4.48863636973214,0,11,58,0.425,2,5.079181246047625,0.58,0,Autoimmune Liver Diseases,0.5852749980911726
1,5.327876168789581,1,8,44,0.9,5,7.3979400086720375,0.64,1,Diabetic Nephropathy,0.9075586563241824
3,5.10594547390058,2,15,67,1.6,8,6.0,0.58,1,Multiple Sclerosis,0.7707348120918054
1,4.532599493153256,0,10,36,0.475,3,7.505149978319906,0.64,1,Food Allergy & Anaphylaxis,0.7961642528863809
1,5.655991810819852,2,4,21,0.475,3,7.505149978319906,0.64,1,Food Allergy & Anaphylaxis,0.7226992830473614
3,5.863631175598097,2,4,76,0.525,4,5.071882007306125,0.58,1,Sickle Cell Disease,0.6511141352072221
1,4.564348191467836,1,1,34,0.475,3,7.505149978319906,0.64,1,Food Allergy & Anaphylaxis,0.7477686686139559
1,6.410174881966167,0,7,34,0.9,5,7.3979400086720375,0.64,1,Diabetic Nephropathy,0.941834596920237
2,5.159055299214529,1,13,48,0.9,5,7.3979400086720375,0.36,0,Diabetic Nephropathy,0.5024060704254844
3,5.272999558563747,1,8,65,0.425,2,5.079181246047625,0.58,0,Autoimmune Liver Diseases,0.6448010653204287
1,3.970291913552122,1,5,44,1.6,8,6.0,0.64,1,Multiple Sclerosis,0.8653036766296668
1,6.023447592961033,1,1,27,0.7,3,5.301029995663981,0.64,1,Systemic Lupus Erythematosus,0.7144593248347385
2,5.69035945432406,1,0,43,1.6,8,6.0,0.36,0,Multiple Sclerosis,0.5460902585175864
3,5.476463551931511,0,8,74,0.325,2,5.176091259055681,0.58,1,Hidradenitis Suppurativa,0.7726883577175025
1,4.543294782270004,2,11,26,0.475,3,7.505149978319906,0.64,1,Food Allergy & Anaphylaxis,0.6667047986915917
2,3.044522437723423,1,4,66,0.475,3,7.505149978319906,0.36,0,Food Allergy & Anaphylaxis,0.35252810437829496
1,3.9889840465642745,1,6,35,0.325,2,5.176091259055681,0.64,1,Hidradenitis Suppurativa,0.6395894197115348
2,4.48863636973214,1,15,53,0.325,2,5.176091259055681,0.36,0,Hidradenitis Suppurativa,0.44560833142450573
1,6.186208623900494,0,11,35,0.7,3,5.301029995663981,0.64,1,Systemic Lupus Erythematosus,0.7726156019141364
2,4.574710978503383,0,12,46,0.9,5,7.3979400086720375,0.36,1,Diabetic Nephropathy,0.5229589002739873
3,4.007333185232471,1,9,61,0.475,3,7.505149978319906,0.58,1,Food Allergy & Anaphylaxis,0.7215240263621426
2,5.602118820879701,0,0,67,0.9,5,7.3979400086720375,0.36,1,Diabetic Nephropathy,0.5746625886505142
1,6.366470447731438,0,8,51,0.525,4,5.071882007306125,0.64,1,Sickle Cell Disease,0.9413123618765245
1,4.060443010546419,0,11,45,0.325,2,5.176091259055681,0.64,1,Hidradenitis Suppurativa,0.6932273874256563
3,5.3981627015177525,0,12,62,0.325,2,5.176091259055681,0.58,1,Hidradenitis Suppurativa,0.6987562013515468
2,4.836281906951478,2,6,57,0.525,4,5.071882007306125,0.36,1,Sickle Cell Disease,0.3611571775657105
2,5.123963979403259,0,5,67,0.325,2,5.176091259055681,0.36,0,Hidradenitis Suppurativa,0.5276411813214331
2,5.247024072160486,1,15,44,0.7,3,5.301029995663981,0.36,0,Systemic Lupus Erythematosus,0.4748288414535775
2,5.37989735354046,1,7,71,0.475,3,7.505149978319906,0.36,0,Food Allergy & Anaphylaxis,0.4715054110848037
2,2.4849066497880004,0,6,72,0.9,5,7.3979400086720375,0.36,1,Diabetic Nephropathy,0.414636254340514
2,4.997212273764115,1,3,36,0.7,3,5.301029995663981,0.36,1,Systemic Lupus Erythematosus,0.3922631200395322
2,5.41610040220442,1,7,75,0.325,2,5.176091259055681,0.36,0,Hidradenitis Suppurativa,0.42232379329334746
2,6.875232087276577,2,6,55,1.6,8,6.0,0.36,0,Multiple Sclerosis,0.5254514154732601
2,5.429345628954441,2,6,47,1.6,8,6.0,0.36,1,Multiple Sclerosis,0.45298899157466554
2,4.812184355372417,0,12,65,0.475,3,7.505149978319906,0.36,0,Food Allergy & Anaphylaxis,0.49294254293725825
1,5.726847747587197,0,3,33,0.475,3,7.505149978319906,0.64,1,Food Allergy & Anaphylaxis,0.8562540791315479
1,6.003887067106539,1,8,45,1.6,8,6.0,0.64,1,Multiple Sclerosis,0.95
3,3.5263605246161616,1,9,64,0.325,2,5.176091259055681,0.58,1,Hidradenitis Suppurativa,0.6239002021072528
1,3.4965075614664802,2,12,27,0.525,4,5.071882007306125,0.64,1,Sickle Cell Disease,0.5963616191739152
1,5.53338948872752,1,11,28,0.425,2,5.079181246047625,0.64,1,Autoimmune Liver Diseases,0.6428796117428334
1,5.351858133476067,1,8,43,0.425,2,5.079181246047625,0.64,1,Autoimmune Liver Diseases,0.7037635339031357
1,4.634728988229636,0,5,44,0.425,2,5.079181246047625,0.64,1,Autoimmune Liver Diseases,0.7176567980314759
1,5.631211781821365,0,11,38,0.325,2,5.176091259055681,0.64,0,Hidradenitis Suppurativa,0.7724558797184606
3,4.007333185232471,1,3,59,0.325,2,5.176091259055681,0.58,1,Hidradenitis Suppurativa,0.5785240263621424
1,5.805134968916488,1,7,39,0.425,2,5.079181246047625,0.64,1,Autoimmune Liver Diseases,0.6565140761361153
1,4.430816798843313,0,15,47,0.9,5,7.3979400086720375,0.64,1,Diabetic Nephropathy,0.912350187757092
1,4.248495242049359,2,11,49,0.525,4,5.071882007306125,0.64,1,Sickle Cell Disease,0.6347801492637919
1,4.02535169073515,1,2,37,0.475,3,7.505149978319906,0.64,1,Food Allergy & Anaphylaxis,0.7204414832955524
1,5.755742213586912,2,10,48,1.6,8,6.0,0.64,1,Multiple Sclerosis,0.8053701226418771
2,4.990432586778736,1,13,47,0.525,4,5.071882007306125,0.36,0,Sickle Cell Disease,0.44892182178601225
2,3.8918202981106265,0,12,42,0.9,5,7.3979400086720375,0.36,1,Diabetic Nephropathy,0.48830154124599
1,4.969813299576001,1,2,20,0.325,2,5.176091259055681,0.64,1,Hidradenitis Suppurativa,0.6892170555469241
1,5.209486152841421,1,8,31,0.325,2,5.176091259055681,0.64,1,Hidradenitis Suppurativa,0.7712751583877686
1,4.060443010546419,0,3,50,0.425,2,5.079181246047625,0.64,1,Autoimmune Liver Diseases,0.6185607207589898
3,5.648974238161206,1,2,68,0.475,3,7.505149978319906,0.58,0,Food Allergy & Anaphylaxis,0.7343471689160908
1,3.4657359027997265,1,1,59,0.425,2,5.079181246047625,0.64,1,Autoimmune Liver Diseases,0.5381075175915195
1,4.189654742026425,2,16,44,0.7,3,5.301029995663981,0.64,1,Systemic Lupus Erythematosus,0.5421275208620441
3,4.812184355372417,2,9,56,0.425,2,5.079181246047625,0.58,1,Autoimmune Liver Diseases,0.541609209603925
3,4.969813299576001,1,5,62,0.7,3,5.301029995663981,0.58,0,Systemic Lupus Erythematosus,0.6735503888802575
1,5.616771097666572,0,13,35,0.525,4,5.071882007306125,0.64,1,Sickle Cell Disease,0.8337312293533325
2,4.499809670330265,1,9,54,0.9,5,7.3979400086720375,0.36,1,Diabetic Nephropathy,0.5391733091872024
2,4.844187086458591,1,5,52,0.425,2,5.079181246047625,0.36,0,Autoimmune Liver Diseases,0.42155558604816934
2,3.828641396489095,0,0,57,0.7,3,5.301029995663981,0.36,0,Systemic Lupus Erythematosus,0.38307461518911134
1,3.6375861597263857,1,13,41,0.425,2,5.079181246047625,0.64,0,Autoimmune Liver Diseases,0.5469540529994734
2,5.298317366548036,1,5,55,0.425,2,5.079181246047625,0.36,0,Autoimmune Liver Diseases,0.44440673193682
2,4.990432586778736,0,2,54,1.6,8,6.0,0.36,0,Multiple Sclerosis,0.5609218217860122
2,4.948759890378168,2,0,49,0.525,4,5.071882007306125,0.36,1,Sickle Cell Disease,0.3668236118310606
2,6.897704943128636,2,2,45,0.425,2,5.079181246047625,0.36,0,Autoimmune Liver Diseases,0.374576207281731
2,4.770684624465665,0,4,52,1.6,8,6.0,0.36,1,Multiple Sclerosis,0.5498501874404832
3,3.8066624897703196,0,6,63,0.9,5,7.3979400086720375,0.58,1,Diabetic Nephropathy,0.7406176390631751
1,5.293304824724492,1,4,52,0.425,2,5.079181246047625,0.64,0,Autoimmune Liver Diseases,0.630821508901989
2,5.117993812416755,0,2,58,0.475,3,7.505149978319906,0.36,1,Food Allergy & Anaphylaxis,0.5083408801184226
1,4.976733742420574,2,2,50,0.325,2,5.176091259055681,0.64,1,Hidradenitis Suppurativa,0.6095654890127289
2,4.6913478822291435,2,16,42,0.7,3,5.301029995663981,0.36,1,Systemic Lupus Erythematosus,0.29684805205680637
2,4.2626798770413155,0,9,74,0.9,5,7.3979400086720375,0.36,0,Diabetic Nephropathy,0.5771662528030633
1,5.1298987149230735,0,16,35,0.7,3,5.301029995663981,0.64,0,Systemic Lupus Erythematosus,0.7196063563374251
2,5.087596335232384,0,9,51,0.7,3,5.301029995663981,0.36,0,Systemic Lupus Erythematosus,0.5168117089498185
1,4.718498871295094,0,15,46,0.425,2,5.079181246047625,0.64,0,Autoimmune Liver Diseases,0.721884667432879
1,5.4638318050256105,0,2,39,0.7,3,5.301029995663981,0.64,0,Systemic Lupus Erythematosus,0.7363874330744702
2,6.274762021241939,0,3,67,0.7,3,5.301029995663981,0.36,1,Systemic Lupus Erythematosus,0.5063853410279038
3,7.347299700743164,0,14,79,0.9,5,7.3979400086720375,0.58,1,Diabetic Nephropathy,0.95
2,3.828641396489095,0,7,32,0.9,5,7.3979400086720375,0.36,0,Diabetic Nephropathy,0.48507461518911144
1,4.127134385045092,1,10,71,1.6,8,6.0,0.64,1,Multiple Sclerosis,0.803285183909261
3,5.8916442118257715,0,12,67,0.525,4,5.071882007306125,0.58,1,Sickle Cell Disease,0.7825187219505729
1,5.204006687076795,1,11,34,0.425,2,5.079181246047625,0.64,1,Autoimmune Liver Diseases,0.6263330089305535
1,5.986452005284438,1,15,58,0.475,3,7.505149978319906,0.64,1,Food Allergy & Anaphylaxis,0.8892716380682885
2,5.659482215759621,0,10,73,0.9,5,7.3979400086720375,0.36,0,Diabetic Nephropathy,0.5775410812415881
2,5.62040086571715,0,1,62,0.9,5,7.3979400086720375,0.36,1,Diabetic Nephropathy,0.575580045583924
2,4.04305126783455,2,9,57,0.325,2,5.176091259055681,0.36,1,Hidradenitis Suppurativa,0.3430090752373529
3,2.8903717578961645,1,5,63,0.325,2,5.176091259055681,0.58,0,Hidradenitis Suppurativa,0.5907354912367395
2,4.31748811353631,0,14,57,0.525,4,5.071882007306125,0.36,1,Sickle Cell Disease,0.5349447453608038
2,4.955827057601261,0,14,51,0.9,5,7.3979400086720375,0.36,0,Diabetic Nephropathy,0.6121794852195038
1,5.755742213586912,2,5,32,1.6,8,6.0,0.64,1,Multiple Sclerosis,0.8753701226418772
3,4.709530201312334,1,10,63,0.475,3,7.505149978319906,0.58,1,Food Allergy & Anaphylaxis,0.6870988423235497
2,4.8283137373023015,0,0,45,0.325,2,5.176091259055681,0.36,0,Hidradenitis Suppurativa,0.4427555689808472
1,4.51085950651685,1,0,40,1.6,8,6.0,0.64,1,Multiple Sclerosis,0.8227319742171086
1,3.7612001156935624,0,3,55,0.9,5,7.3979400086720375,0.64,0,Diabetic Nephropathy,0.8082916382814305
2,6.437751649736401,1,0,61,1.6,8,6.0,0.36,1,Multiple Sclerosis,0.5835490091190668
3,5.043425116919247,2,3,55,0.7,3,5.301029995663981,0.58,0,Systemic Lupus Erythematosus,0.5272557874879436
2,4.189654742026425,1,9,35,0.425,2,5.079181246047625,0.36,0,Autoimmune Liver Diseases,0.38846085419537724
2,4.919980925828125,0,9,45,1.6,8,6.0,0.36,1,Multiple Sclerosis,0.627374234987398
1,7.860570785538664,0,16,29,0.475,3,7.505149978319906,0.64,1,Food Allergy & Anaphylaxis,0.95
1,4.709530201312334,1,6,33,0.425,2,5.079181246047625,0.64,1,Autoimmune Liver Diseases,0.601432175656883
1,2.995732273553991,1,1,59,0.9,5,7.3979400086720375,0.64,1,Diabetic Nephropathy,0.718630106325584
2,7.165493475060845,0,0,53,0.325,2,5.176091259055681,0.36,0,Hidradenitis Suppurativa,0.5599775096391884
2,3.4011973816621555,2,15,64,1.6,8,6.0,0.36,0,Multiple Sclerosis,0.42010628219991913
2,6.922643891475888,1,1,38,0.325,2,5.176091259055681,0.36,0,Hidradenitis Suppurativa,0.49782439990815186
1,4.653960350157523,1,16,40,0.425,2,5.079181246047625,0.64,1,Autoimmune Liver Diseases,0.5986277023243308
1,4.382026634673881,1,4,39,0.425,2,5.079181246047625,0.64,1,Autoimmune Liver Diseases,0.5848805499906133
3,6.561030665896573,2,5,73,0.7,3,5.301029995663981,0.58,1,Systemic Lupus Erythematosus,0.6733889192419243
3,4.624972813284271,1,13,60,0.525,4,5.071882007306125,0.58,1,Sickle Cell Disease,0.6688308498759918
1,5.318119993844216,2,9,53,1.6,8,6.0,0.64,1,Multiple Sclerosis,0.8534017896526849
3,4.465908118654584,1,12,60,0.475,3,7.505149978319906,0.58,1,Food Allergy & Anaphylaxis,0.6747921888466043
2,5.996452088619021,0,8,78,0.525,4,5.071882007306125,0.36,0,Sickle Cell Disease,0.6194395620659239
2,6.633318433280377,1,5,55,0.9,5,7.3979400086720375,0.36,1,Diabetic Nephropathy,0.646341579570377
1,5.529429087511423,0,0,46,0.525,4,5.071882007306125,0.64,1,Sickle Cell Disease,0.8293474709905182
2,3.332204510175204,1,6,68,0.475,3,7.505149978319906,0.36,1,Food Allergy & Anaphylaxis,0.3675333340008119
1,4.127134385045092,0,13,36,0.325,2,5.176091259055681,0.64,1,Hidradenitis Suppurativa,0.6966185172425944
3,4.672828834461906,2,1,60,0.9,5,7.3979400086720375,0.58,1,Diabetic Nephropathy,0.6545801120728654
2,5.293304824724492,2,3,48,1.6,8,6.0,0.36,1,Multiple Sclerosis,0.44615484223532215
2,5.910796644040527,0,10,56,1.6,8,6.0,0.36,0,Multiple Sclerosis,0.6071456376090419
2,6.822197390620491,2,5,35,0.525,4,5.071882007306125,0.36,1,Sickle Cell Disease,0.5307968643134187
3,4.2626798770413155,0,5,60,0.525,4,5.071882007306125,0.58,1,Sickle Cell Disease,0.7704995861363968
1,3.7376696182833684,0,6,43,1.6,8,6.0,0.64,1,Multiple Sclerosis,0.8334200940358109
3,5.19295685089021,1,12,69,0.7,3,5.301029995663981,0.58,0,Systemic Lupus Erythematosus,0.6147774476592999
2,5.147494476813453,0,7,58,0.9,5,7.3979400086720375,0.36,1,Diabetic Nephropathy,0.5518246685257284
1,4.31748811353631,1,14,34,0.325,2,5.176091259055681,0.64,1,Hidradenitis Suppurativa,0.7262780786941373
1,7.195187320178709,0,7,61,0.525,4,5.071882007306125,0.64,1,Sickle Cell Disease,0.9127966665889458
1,5.017279836814924,0,2,57,0.9,5,7.3979400086720375,0.64,0,Diabetic Nephropathy,0.8719399220720748
3,4.07753744390572,0,7,82,0.425,2,5.079181246047625,0.58,1,Autoimmune Liver Diseases,0.5644303078945831
1,3.9512437185814275,1,3,46,0.425,2,5.079181246047625,0.64,0,Autoimmune Liver Diseases,0.5629994390034785
2,6.569481420414296,1,3,55,1.6,8,6.0,0.36,1,Multiple Sclerosis,0.5901453862711942
1,4.406719247264253,0,14,46,0.475,3,7.505149978319906,0.64,1,Food Allergy & Anaphylaxis,0.8597972817675509
3,4.663439094112067,2,6,73,0.475,3,7.505149978319906,0.58,1,Food Allergy & Anaphylaxis,0.6047728415418051
2,5.683579767338681,0,8,46,1.6,8,6.0,0.36,1,Multiple Sclerosis,0.6657501211514488
2,5.780743515792329,1,10,60,0.325,2,5.176091259055681,0.36,1,Hidradenitis Suppurativa,0.44062410686172826
2,4.8283137373023015,1,9,47,1.6,8,6.0,0.36,0,Multiple Sclerosis,0.5727555689808472
2,4.382026634673881,1,7,30,1.6,8,6.0,0.36,1,Multiple Sclerosis,0.4802138833239465
2,3.58351893845611,0,1,53,0.425,2,5.079181246047625,0.36,1,Autoimmune Liver Diseases,0.3375088937750661
1,5.641907070938114,2,16,50,0.475,3,7.505149978319906,0.64,1,Food Allergy & Anaphylaxis,0.7219925575006162
1,4.919980925828125,0,14,35,0.9,5,7.3979400086720375,0.64,1,Diabetic Nephropathy,0.9370409016540646
1,3.4011973816621555,1,11,37,0.475,3,7.505149978319906,0.64,0,Food Allergy & Anaphylaxis,0.6884396155332525
1,4.143134726391533,0,6,53,0.7,3,5.301029995663981,0.64,1,Systemic Lupus Erythematosus,0.6697648766195168
2,4.276666119016055,1,10,57,0.475,3,7.505149978319906,0.36,0,Food Allergy & Anaphylaxis,0.4158754845526612
1,5.953243334287785,2,15,46,0.425,2,5.079181246047625,0.64,0,Autoimmune Liver Diseases,0.6539402849966487
2,3.7376696182833684,0,5,30,0.525,4,5.071882007306125,0.36,1,Sickle Cell Disease,0.5054200940358108
2,4.624972813284271,2,16,43,0.7,3,5.301029995663981,0.36,0,Systemic Lupus Erythematosus,0.2934975165426584
2,4.634728988229636,0,13,52,0.425,2,5.079181246047625,0.36,1,Autoimmune Liver Diseases,0.390990131364809
1,5.209486152841421,1,7,37,1.6,8,6.0,0.64,0,Multiple Sclerosis,0.8579418250544352
3,6.270988431858299,0,16,76,0.475,3,7.505149978319906,0.58,1,Food Allergy & Anaphylaxis,0.815529638219242
1,5.6131281063880705,1,2,43,0.425,2,5.079181246047625,0.64,0,Autoimmune Liver Diseases,0.6468817471265103
1,6.129050210060545,0,2,43,0.9,5,7.3979400086720375,0.64,1,Diabetic Nephropathy,0.9277516165729712
1,5.342334251964811,2,3,46,0.525,4,5.071882007306125,0.64,1,Sickle Cell Disease,0.6899517280189948
1,4.219507705176107,1,15,42,0.525,4,5.071882007306125,0.64,1,Sickle Cell Disease,0.7833094550034772
1,7.527793987721444,0,7,30,0.325,2,5.176091259055681,0.64,1,Hidradenitis Suppurativa,0.867437620002618
1,3.5263605246161616,0,1,37,0.475,3,7.505149978319906,0.64,0,Food Allergy & Anaphylaxis,0.7449002021072529
3,7.646353722445999,1,14,57,0.425,2,5.079181246047625,0.58,0,Autoimmune Liver Diseases,0.7616666666666668
2,6.429719478039138,1,12,47,1.6,8,6.0,0.36,1,Multiple Sclerosis,0.5831467543348252
1,4.74493212836325,0,7,49,0.9,5,7.3979400086720375,0.64,0,Diabetic Nephropathy,0.8582180797869867
1,4.6913478822291435,0,6,35,0.9,5,7.3979400086720375,0.64,1,Diabetic Nephropathy,0.855514718723473
2,5.420534999272286,1,0,60,0.425,2,5.079181246047625,0.36,0,Autoimmune Liver Diseases,0.3805465108108165
2,4.7535901911063645,2,3,53,1.6,8,6.0,0.36,0,Multiple Sclerosis,0.4189880971187579
1,5.3230099791384085,1,3,54,0.425,2,5.079181246047625,0.64,0,Autoimmune Liver Diseases,0.632314157059473
3,4.6913478822291435,2,8,67,0.475,3,7.505149978319906,0.58,1,Food Allergy & Anaphylaxis,0.6761813853901399
3,4.718498871295094,0,1,85,0.525,4,5.071882007306125,0.58,1,Sickle Cell Disease,0.7235513340995456
2,3.2188758248682006,1,3,62,0.525,4,5.071882007306125,0.36,0,Sickle Cell Disease,0.3586441822179927
2,7.226936018493289,0,2,57,0.425,2,5.079181246047625,0.36,1,Autoimmune Liver Diseases,0.521051941205629
1,3.7612001156935624,0,12,41,0.525,4,5.071882007306125,0.64,1,Sickle Cell Disease,0.7399583049480973
2,5.043425116919247,1,4,70,0.475,3,7.505149978319906,0.36,0,Food Allergy & Anaphylaxis,0.4545891208212769
1,5.768320995793772,1,7,50,0.325,2,5.176091259055681,0.64,0,Hidradenitis Suppurativa,0.729334379173171
2,6.432940092739179,1,16,33,0.9,5,7.3979400086720375,0.36,1,Diabetic Nephropathy,0.5663080447972694
1,5.4680601411351315,0,5,38,0.425,2,5.079181246047625,0.64,1,Autoimmune Liver Diseases,0.7595997476185429
3,5.442417710521793,0,6,55,0.7,3,5.301029995663981,0.58,1,Systemic Lupus Erythematosus,0.6773121228134219
1,5.777652323222656,1,15,52,0.7,3,5.301029995663981,0.64,1,Systemic Lupus Erythematosus,0.7721357346444826
2,5.153291594497779,1,3,41,0.325,2,5.176091259055681,0.36,0,Hidradenitis Suppurativa,0.4091162145412681
2,6.091309882077698,0,0,44,0.7,3,5.301029995663981,0.36,1,Systemic Lupus Erythematosus,0.4971937344729377
2,4.343805421853684,0,3,52,1.6,8,6.0,0.36,0,Multiple Sclerosis,0.5282781577149119
1,5.8971538676367405,1,0,53,0.425,2,5.079181246047625,0.64,1,Autoimmune Liver Diseases,0.6611282990805047
3,4.248495242049359,0,12,63,0.9,5,7.3979400086720375,0.58,1,Diabetic Nephropathy,0.763113482597125
3,4.727387818712341,0,6,64,0.475,3,7.505149978319906,0.58,0,Food Allergy & Anaphylaxis,0.7379997675986837
3,4.174387269895637,1,3,85,0.475,3,7.505149978319906,0.58,1,Food Allergy & Anaphylaxis,0.6600189782019125
2,4.672828834461906,1,4,46,0.325,2,5.176091259055681,0.36,1,Hidradenitis Suppurativa,0.38491344540619876
1,5.003946305945459,1,9,43,0.425,2,5.079181246047625,0.64,0,Autoimmune Liver Diseases,0.686268771055468
3,3.6375861597263857,0,4,65,0.325,2,5.176091259055681,0.58,1,Hidradenitis Suppurativa,0.60962071966614
3,3.1780538303479458,0,3,71,0.425,2,5.079181246047625,0.58,0,Autoimmune Liver Diseases,0.5181828681637197
3,4.59511985013459,0,10,64,0.425,2,5.079181246047625,0.58,1,Autoimmune Liver Diseases,0.5906565313007908
1,3.258096538021482,1,12,48,0.425,2,5.079181246047625,0.64,1,Autoimmune Liver Diseases,0.5273519486106722
3,6.748759547491679,1,3,76,0.325,2,5.176091259055681,0.58,0,Hidradenitis Suppurativa,0.7164541503753945
3,3.367295829986474,2,4,73,0.7,3,5.301029995663981,0.58,1,Systemic Lupus Erythematosus,0.44201838287602224
3,2.995732273553991,0,1,53,0.425,2,5.079181246047625,0.58,1,Autoimmune Liver Diseases,0.5086301063255841
3,5.945420608606575,2,2,71,0.475,3,7.505149978319906,0.58,1,Food Allergy & Anaphylaxis,0.669214792790264
3,6.729824070489475,1,9,62,0.325,2,5.176091259055681,0.58,1,Hidradenitis Suppurativa,0.7855062546881639
2,4.430816798843313,1,13,56,0.7,3,5.301029995663981,0.36,1,Systemic Lupus Erythematosus,0.3636835210904253
3,6.0112671744041615,0,6,59,0.7,3,5.301029995663981,0.58,1,Systemic Lupus Erythematosus,0.7058488166393919
3,5.834810737062605,2,9,79,0.325,2,5.176091259055681,0.58,1,Hidradenitis Suppurativa,0.6606689478981046
1,4.418840607796598,1,6,39,0.7,3,5.301029995663981,0.64,0,Systemic Lupus Erythematosus,0.6337441197304748
3,5.327876168789581,1,8,68,0.9,5,7.3979400086720375,0.58,1,Diabetic Nephropathy,0.8375586563241825
1,4.727387818712341,1,10,53,0.9,5,7.3979400086720375,0.64,0,Diabetic Nephropathy,0.8073331009320167
2,6.186208623900494,0,5,48,0.9,5,7.3979400086720375,0.36,1,Diabetic Nephropathy,0.6739489352474697
2,4.912654885736052,2,3,54,0.525,4,5.071882007306125,0.36,1,Sickle Cell Disease,0.3650052296225169
2,2.772588722239781,1,15,50,0.475,3,7.505149978319906,0.36,1,Food Allergy & Anaphylaxis,0.40814400075570595
1,4.343805421853684,1,16,50,0.325,2,5.176091259055681,0.64,0,Hidradenitis Suppurativa,0.6576114910482453
1,7.326465613840322,1,16,31,0.7,3,5.301029995663981,0.64,0,Systemic Lupus Erythematosus,0.7796985324970508
1,5.934894195619588,2,7,47,0.9,5,7.3979400086720375,0.64,1,Diabetic Nephropathy,0.7880204167396625
1,5.209486152841421,2,3,43,0.9,5,7.3979400086720375,0.64,1,Diabetic Nephropathy,0.7516084917211018
2,4.672828834461906,0,12,56,0.325,2,5.176091259055681,0.36,0,Hidradenitis Suppurativa,0.4349134454061988
1,5.752572638825633,1,12,38,1.6,8,6.0,0.64,1,Multiple Sclerosis,0.8852111399960081
1,6.037870919922137,2,6,59,0.525,4,5.071882007306125,0.64,1,Sickle Cell Disease,0.7248488956601666
2,5.707110264748875,2,2,49,0.325,2,5.176091259055681,0.36,0,Hidradenitis Suppurativa,0.35693061443340546
2,3.6375861597263857,1,5,65,0.9,5,7.3979400086720375,0.36,0,Diabetic Nephropathy,0.49528738633280667
1,6.059123195581797,1,15,30,0.325,2,5.176091259055681,0.64,1,Hidradenitis Suppurativa,0.81391402469536
2,4.7535901911063645,0,5,55,0.425,2,5.079181246047625,0.36,1,Autoimmune Liver Diseases,0.4669880971187579
1,5.19295685089021,1,12,31,0.325,2,5.176091259055681,0.64,1,Hidradenitis Suppurativa,0.7004441143259665
1,6.5337888379333435,0,5,33,0.525,4,5.071882007306125,0.64,1,Sickle Cell Disease,0.9496915386450464
1,6.368187186350492,0,5,49,0.525,4,5.071882007306125,0.64,1,Sickle Cell Disease,0.9413983464205009
1,5.231108616854587,0,5,45,0.7,3,5.301029995663981,0.64,1,Systemic Lupus Erythematosus,0.7946954910529224
3,4.356708826689592,0,7,75,0.9,5,7.3979400086720375,0.58,0,Diabetic Nephropathy,0.7685984284599462
2,4.61512051684126,1,6,54,0.9,5,7.3979400086720375,0.36,0,Diabetic Nephropathy,0.47500000000000003
2,2.833213344056216,1,1,36,0.7,3,5.301029995663981,0.36,0,Systemic Lupus Erythematosus,0.28137092681258447
1,4.727387818712341,1,11,35,1.6,8,6.0,0.64,1,Multiple Sclerosis,0.8336664342653501
3,6.073044534100405,1,12,47,0.425,2,5.079181246047625,0.58,0,Autoimmune Liver Diseases,0.6149450437673867
2,3.871201010907891,1,10,78,0.525,4,5.071882007306125,0.36,0,Sickle Cell Disease,0.3922488707860983
3,6.3784261836515865,0,14,74,1.6,8,6.0,0.58,1,Multiple Sclerosis,0.95
3,6.891625897052253,0,8,43,0.9,5,7.3979400086720375,0.58,1,Diabetic Nephropathy,0.95
1,5.4638318050256105,1,7,44,0.325,2,5.176091259055681,0.64,1,Hidradenitis Suppurativa,0.7140540997411368
2,6.656726524178391,1,5,54,0.325,2,5.176091259055681,0.36,1,Hidradenitis Suppurativa,0.5545135082189778
3,5.241747015059643,1,5,68,0.425,2,5.079181246047625,0.58,0,Autoimmune Liver Diseases,0.6432302555087597
2,6.282266746896006,0,6,39,1.6,8,6.0,0.36,1,Multiple Sclerosis,0.6257612826486052
2,5.111987788356544,1,16,68,0.7,3,5.301029995663981,0.36,0,Systemic Lupus Erythematosus,0.3980387643956244
1,4.976733742420574,1,4,36,0.425,2,5.079181246047625,0.64,1,Autoimmune Liver Diseases,0.6148988223460623
1,5.153291594497779,0,10,39,0.7,3,5.301029995663981,0.64,1,Systemic Lupus Erythematosus,0.7207828812079349
1,4.6443908991413725,0,10,33,0.325,2,5.176091259055681,0.64,1,Hidradenitis Suppurativa,0.7228112734454106
1,5.365976015021851,1,0,54,0.325,2,5.176091259055681,0.64,1,Hidradenitis Suppurativa,0.7091394323194
2,5.3706380281276624,1,11,57,0.425,2,5.079181246047625,0.36,0,Autoimmune Liver Diseases,0.37804029145168805
1,4.6443908991413725,2,14,47,0.9,5,7.3979400086720375,0.64,1,Diabetic Nephropathy,0.7931446067787439
1,4.634728988229636,0,14,44,0.525,4,5.071882007306125,0.64,1,Sickle Cell Disease,0.8543234646981426
1,4.23410650459726,1,0,29,0.525,4,5.071882007306125,0.64,0,Sickle Cell Disease,0.7140502092927343
3,4.442651256490317,1,13,53,0.325,2,5.176091259055681,0.58,1,Hidradenitis Suppurativa,0.6006156639760943
2,5.950642552587727,0,12,52,0.525,4,5.071882007306125,0.36,1,Sickle Cell Disease,0.5471432401596277
1,4.51085950651685,1,14,41,0.325,2,5.176091259055681,0.64,1,Hidradenitis Suppurativa,0.7360653075504421
2,5.375278407684165,0,3,53,0.9,5,7.3979400086720375,0.36,0,Diabetic Nephropathy,0.5632733921069786
3,5.849324779946859,1,7,61,0.525,4,5.071882007306125,0.58,1,Sickle Cell Disease,0.7303967627868151
3,5.170483995038151,2,10,49,0.325,2,5.176091259055681,0.58,1,Hidradenitis Suppurativa,0.5573141227301045
3,5.4116460518550396,0,15,60,0.9,5,7.3979400086720375,0.58,1,Diabetic Nephropathy,0.8917667459402681
1,6.013715156042802,0,13,62,0.7,3,5.301029995663981,0.64,1,Systemic Lupus Erythematosus,0.7639715160874703
2,2.8903717578961645,2,8,48,0.9,5,7.3979400086720375,0.36,1,Diabetic Nephropathy,0.37640215790340625
3,4.875197323201151,1,15,69,0.9,5,7.3979400086720375,0.58,1,Diabetic Nephropathy,0.8147848798900412
1,5.204006687076795,1,6,22,0.9,5,7.3979400086720375,0.64,1,Diabetic Nephropathy,0.8313330089305533
2,4.406719247264253,2,11,48,0.9,5,7.3979400086720375,0.36,0,Diabetic Nephropathy,0.3844639484342174
2,3.8066624897703196,0,7,34,0.475,3,7.505149978319906,0.36,1,Food Allergy & Anaphylaxis,0.4419509723965085
2,4.3694478524670215,1,16,46,0.475,3,7.505149978319906,0.36,0,Food Allergy & Anaphylaxis,0.420576932035075
2,4.1588830833596715,2,12,51,0.425,2,5.079181246047625,0.36,0,Autoimmune Liver Diseases,0.2368982270201721
1,6.369900982828227,1,6,34,0.475,3,7.505149978319906,0.64,1,Food Allergy & Anaphylaxis,0.8384841833514535
2,4.912654885736052,1,9,63,0.525,4,5.071882007306125,0.36,1,Sickle Cell Disease,0.5150052296225169
3,4.897839799950911,0,11,49,0.425,2,5.079181246047625,0.58,1,Autoimmune Liver Diseases,0.6059256137783499
3,3.58351893845611,0,0,61,0.525,4,5.071882007306125,0.58,1,Sickle Cell Disease,0.6658422271083995
3,5.231108616854587,1,15,74,0.7,3,5.301029995663981,0.58,1,Systemic Lupus Erythematosus,0.6866954910529223
2,4.990432586778736,0,3,46,1.6,8,6.0,0.36,1,Multiple Sclerosis,0.5609218217860122
2,4.51085950651685,2,14,60,0.425,2,5.079181246047625,0.36,0,Autoimmune Liver Diseases,0.32473197421710864
3,4.2626798770413155,0,3,64,0.525,4,5.071882007306125,0.58,1,Sickle Cell Disease,0.7004995861363967
3,4.820281565605037,2,2,50,0.475,3,7.505149978319906,0.58,0,Food Allergy & Anaphylaxis,0.6126840418025498
1,4.430816798843313,1,10,32,0.475,3,7.505149978319906,0.64,1,Food Allergy & Anaphylaxis,0.7410168544237588
3,4.844187086458591,1,0,65,0.9,5,7.3979400086720375,0.58,1,Diabetic Nephropathy,0.7432222527148359
2,6.133398042996649,0,6,50,1.6,8,6.0,0.36,1,Multiple Sclerosis,0.6183028151747524
2,6.532334292222349,1,7,44,0.325,2,5.176091259055681,0.36,1,Hidradenitis Suppurativa,0.4782853720868897
3,4.454347296253507,2,14,67,1.6,8,6.0,0.58,0,Multiple Sclerosis,0.7378740535251113
3,3.1780538303479458,1,7,64,0.325,2,5.176091259055681,0.58,1,Hidradenitis Suppurativa,0.5358495348303862
2,6.0867747269123065,1,4,53,0.425,2,5.079181246047625,0.36,0,Autoimmune Liver Diseases,0.413966461354354
2,7.040536390215956,1,6,53,0.475,3,7.505149978319906,0.36,1,Food Allergy & Anaphylaxis,0.5547245081936992
1,3.4657359027997265,1,11,55,0.325,2,5.176091259055681,0.64,0,Hidradenitis Suppurativa,0.6127741842581861
3,4.204692619390966,1,5,76,1.6,8,6.0,0.58,1,Multiple Sclerosis,0.8052242278019167
3,5.3471075307174685,2,14,58,0.9,5,7.3979400086720375,0.58,1,Diabetic Nephropathy,0.7585248699655026
1,5.762051382780177,2,0,36,0.7,3,5.301029995663981,0.64,1,Systemic Lupus Erythematosus,0.6213532460611262
2,4.990432586778736,0,0,72,0.7,3,5.301029995663981,0.36,1,Systemic Lupus Erythematosus,0.4419218217860122
3,5.10594547390058,1,3,44,0.475,3,7.505149978319906,0.58,0,Food Allergy & Anaphylaxis,0.7070681454251388
2,3.6375861597263857,1,12,64,0.9,5,7.3979400086720375,0.36,0,Diabetic Nephropathy,0.42528738633280666
2,5.220355825078324,0,9,72,0.525,4,5.071882007306125,0.36,1,Sickle Cell Disease,0.5804882785810448
2,4.007333185232471,0,9,53,0.325,2,5.176091259055681,0.36,0,Hidradenitis Suppurativa,0.4711906930288091
1,6.529418838262226,1,5,54,0.325,2,5.176091259055681,0.64,1,Hidradenitis Suppurativa,0.8374727199150563
3,5.497168225293202,0,9,65,0.325,2,5.176091259055681,0.58,0,Hidradenitis Suppurativa,0.7737278962009563
3,4.718498871295094,0,4,73,0.525,4,5.071882007306125,0.58,0,Sickle Cell Disease,0.7235513340995456
3,6.135564891081739,1,16,75,0.425,2,5.079181246047625,0.58,1,Autoimmune Liver Diseases,0.6180780595170946
3,4.330733340286331,1,11,44,0.7,3,5.301029995663981,0.58,1,Systemic Lupus Erythematosus,0.5712825630440777
3,5.293304824724492,1,1,63,0.525,4,5.071882007306125,0.58,1,Sickle Cell Disease,0.7024881755686556
2,4.189654742026425,1,4,57,0.525,4,5.071882007306125,0.36,1,Sickle Cell Disease,0.4084608541953773
3,5.598421958998375,2,9,71,0.525,4,5.071882007306125,0.58,0,Sickle Cell Disease,0.7078103930140209
2,8.421562960400987,1,9,32,0.9,5,7.3979400086720375,0.36,1,Diabetic Nephropathy,0.6950000000000001
2,5.786897381366708,1,13,47,1.6,8,6.0,0.36,0,Multiple Sclerosis,0.5509327498170823
2,4.477336814478207,1,14,59,1.6,8,6.0,0.36,1,Multiple Sclerosis,0.5550368966333246
3,3.7612001156935624,1,7,70,0.9,5,7.3979400086720375,0.58,0,Diabetic Nephropathy,0.6882916382814304
2,4.330733340286331,1,14,30,0.425,2,5.079181246047625,0.36,0,Autoimmune Liver Diseases,0.3956158963774109
2,3.970291913552122,1,1,45,0.475,3,7.505149978319906,0.36,0,Food Allergy & Anaphylaxis,0.4003036766296668
1,7.332369205929062,1,14,56,0.7,3,5.301029995663981,0.64,1,Systemic Lupus Erythematosus,0.8499939058535855
3,6.703188113240863,0,9,45,1.6,8,6.0,0.58,1,Multiple Sclerosis,0.95
1,5.8971538676367405,0,9,36,0.325,2,5.176091259055681,0.64,1,Hidradenitis Suppurativa,0.8557949657471714
3,3.784189633918261,1,12,69,1.6,8,6.0,0.58,0,Multiple Sclerosis,0.7138014964852735
3,5.560681631015528,0,15,72,0.9,5,7.3979400086720375,0.58,1,Diabetic Nephropathy,0.899249560452239
3,4.890349128221754,0,9,66,0.9,5,7.3979400086720375,0.58,0,Diabetic Nephropathy,0.8655482534965807
1,5.3230099791384085,1,0,37,0.525,4,5.071882007306125,0.64,1,Sickle Cell Disease,0.7689808237261397
1,5.075173815233827,1,5,55,0.425,2,5.079181246047625,0.64,1,Autoimmune Liver Diseases,0.6898533674782739
1,6.551080335043404,2,7,38,0.325,2,5.176091259055681,0.64,0,Hidradenitis Suppurativa,0.6885573611456194
1,5.402677381872279,0,0,50,1.6,8,6.0,0.64,1,Multiple Sclerosis,0.9176496257764831
1,5.703782474656201,1,13,54,0.325,2,5.176091259055681,0.64,1,Hidradenitis Suppurativa,0.7260970027034631
1,4.110873864173311,0,10,55,0.325,2,5.176091259055681,0.64,1,Hidradenitis Suppurativa,0.6957920521450338
2,3.5553480614894135,1,5,53,0.425,2,5.079181246047625,0.36,0,Autoimmune Liver Diseases,0.3560595169314035
1,7.106606137727303,0,12,47,0.525,4,5.071882007306125,0.64,0,Sickle Cell Disease,0.9083641305079926
2,3.9889840465642745,1,0,44,1.6,8,6.0,0.36,0,Multiple Sclerosis,0.46025608637820153
1,4.060443010546419,1,3,45,0.9,5,7.3979400086720375,0.64,0,Diabetic Nephropathy,0.7735607207589894
2,5.342334251964811,1,10,52,0.325,2,5.176091259055681,0.36,0,Hidradenitis Suppurativa,0.4186183946856613
2,6.100318952020064,0,6,52,0.7,3,5.301029995663981,0.36,1,Systemic Lupus Erythematosus,0.4976452048089074
1,6.608000625296087,1,7,45,0.475,3,7.505149978319906,0.64,1,Food Allergy & Anaphylaxis,0.8504073333438397
1,3.784189633918261,0,9,40,0.325,2,5.176091259055681,0.64,1,Hidradenitis Suppurativa,0.749134829818607
3,4.499809670330265,2,10,65,0.325,2,5.176091259055681,0.58,1,Hidradenitis Suppurativa,0.5235066425205357
2,4.248495242049359,1,1,54,1.6,8,6.0,0.36,1,Multiple Sclerosis,0.4734468159304584
2,4.820281565605037,2,15,59,0.325,2,5.176091259055681,0.36,1,Hidradenitis Suppurativa,0.38235070846921626
1,4.68213122712422,1,0,36,0.425,2,5.079181246047625,0.64,1,Autoimmune Liver Diseases,0.6000495990903575
2,6.773080375655535,1,10,50,0.325,2,5.176091259055681,0.36,0,Hidradenitis Suppurativa,0.49033826849257556
1,6.416732282512326,1,14,24,1.6,8,6.0,0.64,1,Multiple Sclerosis,0.95
1,3.4657359027997265,1,16,29,1.6,8,6.0,0.64,1,Multiple Sclerosis,0.7694408509248527
1,4.5217885770490405,1,1,54,1.6,8,6.0,0.64,1,Multiple Sclerosis,0.8232844660264379
1,5.572154032177765,0,10,44,0.525,4,5.071882007306125,0.64,1,Sickle Cell Disease,0.8314920492219837
3,6.18826412308259,2,0,67,0.425,2,5.079181246047625,0.58,0,Autoimmune Liver Diseases,0.5407185885622869
1,5.8522024797744745,1,9,37,0.425,2,5.079181246047625,0.64,0,Autoimmune Liver Diseases,0.7288743963646053
2,5.3981627015177525,0,2,63,0.525,4,5.071882007306125,0.36,0,Sickle Cell Disease,0.5194228680182135
3,5.017279836814924,2,4,70,0.9,5,7.3979400086720375,0.58,0,Diabetic Nephropathy,0.6719399220720749
1,4.276666119016055,0,10,49,0.475,3,7.505149978319906,0.64,1,Food Allergy & Anaphylaxis,0.7832088178859946
2,4.634728988229636,1,4,43,1.6,8,6.0,0.36,1,Multiple Sclerosis,0.49299013136480896
1,5.602118820879701,1,12,35,1.6,8,6.0,0.64,1,Multiple Sclerosis,0.8776625886505142
1,4.127134385045092,1,5,45,0.475,3,7.505149978319906,0.64,0,Food Allergy & Anaphylaxis,0.7956185172425945
1,5.41610040220442,0,12,36,0.425,2,5.079181246047625,0.64,0,Autoimmune Liver Diseases,0.6869904599600143
1,5.123963979403259,1,2,49,0.7,3,5.301029995663981,0.64,0,Systemic Lupus Erythematosus,0.6693078479881
2,5.062595033026967,1,5,45,1.6,8,6.0,0.36,1,Multiple Sclerosis,0.5845537809680108
3,4.605170185988092,1,1,43,0.525,4,5.071882007306125,0.58,0,Sickle Cell Disease,0.6678308165406583
1,5.3981627015177525,1,7,38,0.425,2,5.079181246047625,0.64,0,Autoimmune Liver Diseases,0.6360895346848803
2,3.258096538021482,0,3,51,0.475,3,7.505149978319906,0.36,0,Food Allergy & Anaphylaxis,0.41368528194400545
2,6.063785208687608,2,5,51,0.475,3,7.505149978319906,0.36,0,Food Allergy & Anaphylaxis,0.49581433664699626
2,7.074963197966044,1,2,32,1.6,8,6.0,0.36,0,Multiple Sclerosis,0.6154473315104635
1,3.1354942159291497,0,2,55,0.525,4,5.071882007306125,0.64,1,Sickle Cell Disease,0.7076269467018448
2,5.442417710521793,2,10,56,0.7,3,5.301029995663981,0.36,0,Systemic Lupus Erythematosus,0.3346454561467551
1,5.4510384535657,0,12,36,0.325,2,5.176091259055681,0.64,1,Hidradenitis Suppurativa,0.7634116926172443
2,4.3694478524670215,0,11,58,0.475,3,7.505149978319906,0.36,0,Food Allergy & Anaphylaxis,0.470576932035075
1,5.4510384535657,2,2,47,0.9,5,7.3979400086720375,0.64,1,Diabetic Nephropathy,0.7637450259505775
1,4.61512051684126,1,2,47,0.9,5,7.3979400086720375,0.64,0,Diabetic Nephropathy,0.8016666666666665
2,4.812184355372417,1,0,69,1.6,8,6.0,0.36,1,Multiple Sclerosis,0.5019425429372583
2,5.82600010738045,1,8,47,0.7,3,5.301029995663981,0.36,1,Systemic Lupus Erythematosus,0.5038937854747464
2,4.844187086458591,2,13,50,0.475,3,7.505149978319906,0.36,0,Food Allergy & Anaphylaxis,0.3645555860481693
1,3.9512437185814275,2,16,9,0.7,3,5.301029995663981,0.64,0,Systemic Lupus Erythematosus,0.5299994390034785
3,7.164720378771857,1,8,64,0.525,4,5.071882007306125,0.58,1,Sickle Cell Disease,0.8662721582510562
3,6.030685260261263,2,10,68,0.425,2,5.079181246047625,0.58,0,Autoimmune Liver Diseases,0.5328220833787971
2,4.6443908991413725,0,9,43,0.475,3,7.505149978319906,0.36,1,Food Allergy & Anaphylaxis,0.5544779401120773
1,5.572154032177765,2,5,42,0.325,2,5.176091259055681,0.64,0,Hidradenitis Suppurativa,0.7094920492219837
1,5.583496308781699,0,15,31,0.425,2,5.079181246047625,0.64,1,Autoimmune Liver Diseases,0.7653946486665735
3,6.761572768804055,0,4,59,0.7,3,5.301029995663981,0.58,0,Systemic Lupus Erythematosus,0.7434288919214336
3,6.393590753950631,1,13,66,1.6,8,6.0,0.58,1,Multiple Sclerosis,0.8453373463702254
2,5.455321115357702,0,9,58,0.475,3,7.505149978319906,0.36,1,Food Allergy & Anaphylaxis,0.5952934133788806
2,4.23410650459726,1,0,60,1.6,8,6.0,0.36,1,Multiple Sclerosis,0.47271687595940076
1,4.812184355372417,1,14,31,0.9,5,7.3979400086720375,0.64,0,Diabetic Nephropathy,0.8816092096039249
2,4.762173934797756,1,13,52,0.525,4,5.071882007306125,0.36,1,Sickle Cell Disease,0.43742100025591363
3,5.976350909297934,0,16,79,0.475,3,7.505149978319906,0.58,1,Food Allergy & Anaphylaxis,0.800765304627392
2,6.431331081933479,0,3,49,0.525,4,5.071882007306125,0.36,0,Sickle Cell Disease,0.5712274646025524
2,4.553876891600541,1,5,59,0.325,2,5.176091259055681,0.36,0,Hidradenitis Suppurativa,0.44890622981409556
2,4.30406509320417,2,4,69,0.525,4,5.071882007306125,0.36,0,Sickle Cell Disease,0.33426446275801497
1,5.5134287461649825,0,15,46,0.7,3,5.301029995663981,0.64,1,Systemic Lupus Erythematosus,0.8088775741986611
2,6.618738983517219,1,12,42,0.425,2,5.079181246047625,0.36,0,Autoimmune Liver Diseases,0.44061163959931926
1,4.499809670330265,1,14,33,1.6,8,6.0,0.64,1,Multiple Sclerosis,0.8921733091872024
1,5.313205979041787,1,5,36,0.325,2,5.176091259055681,0.64,1,Hidradenitis Suppurativa,0.7764882089039891
2,5.442417710521793,1,12,51,0.425,2,5.079181246047625,0.36,0,Autoimmune Liver Diseases,0.38164545614675516
3,5.5909869805108565,1,12,68,0.325,2,5.176091259055681,0.58,0,Hidradenitis Suppurativa,0.6584372569539412
1,5.736572297479192,1,7,29,0.425,2,5.079181246047625,0.64,1,Autoimmune Liver Diseases,0.6530752212121494
2,4.804021044733257,0,10,53,0.9,5,7.3979400086720375,0.36,0,Diabetic Nephropathy,0.5345310179804325
2,6.342121418721152,0,12,46,0.525,4,5.071882007306125,0.36,1,Sickle Cell Disease,0.5667594558869831
3,5.356586274672012,1,14,85,0.325,2,5.176091259055681,0.58,1,Hidradenitis Suppurativa,0.716667730707732
1,3.9318256327243257,2,10,50,1.6,8,6.0,0.64,1,Multiple Sclerosis,0.7133426409720027
2,3.6635616461296463,1,4,52,1.6,8,6.0,0.36,1,Multiple Sclerosis,0.44362079868691473
1,6.47543271670409,0,8,68,0.425,2,5.079181246047625,0.64,1,Autoimmune Liver Diseases,0.8101026921848761
2,4.465908118654584,2,3,62,0.425,2,5.079181246047625,0.36,0,Autoimmune Liver Diseases,0.25245885551327085
1,4.890349128221754,2,12,35,0.9,5,7.3979400086720375,0.64,0,Diabetic Nephropathy,0.7355482534965806
2,5.680172609017068,0,12,47,0.9,5,7.3979400086720375,0.36,0,Diabetic Nephropathy,0.5785791808140095
3,6.61472560020376,1,14,61,0.7,3,5.301029995663981,0.58,0,Systemic Lupus Erythematosus,0.7560773682862402
1,6.695798917058491,1,11,45,0.325,2,5.176091259055681,0.64,0,Hidradenitis Suppurativa,0.7758029269599835
2,4.927253685157205,0,11,49,0.525,4,5.071882007306125,0.36,1,Sickle Cell Disease,0.49574053699200166
2,6.12029741895095,0,5,75,0.9,5,7.3979400086720375,0.36,0,Diabetic Nephropathy,0.6706463506026629
2,4.406719247264253,1,3,39,0.425,2,5.079181246047625,0.36,1,Autoimmune Liver Diseases,0.32946394843421734
3,3.8066624897703196,1,5,87,1.6,8,6.0,0.58,1,Multiple Sclerosis,0.7849509723965085
2,7.418780882750794,2,12,26,1.6,8,6.0,0.36,0,Multiple Sclerosis,0.5526505318369348
1,3.784189633918261,1,3,44,1.6,8,6.0,0.64,1,Multiple Sclerosis,0.7858014964852735
1,4.0943445622221,1,8,40,1.6,8,6.0,0.64,1,Multiple Sclerosis,0.8716183628958815
3,5.583496308781699,0,9,55,0.325,2,5.176091259055681,0.58,0,Hidradenitis Suppurativa,0.77806131533324
1,5.209486152841421,0,15,41,0.475,3,7.505149978319906,0.64,0,Food Allergy & Anaphylaxis,0.9002751583877687
1,4.852030263919617,0,13,48,0.9,5,7.3979400086720375,0.64,1,Diabetic Nephropathy,0.8636175116901915
2,7.280697195384741,0,9,62,0.475,3,7.505149978319906,0.36,1,Food Allergy & Anaphylaxis,0.686741903344805
1,6.251903883165888,0,8,36,0.475,3,7.505149978319906,0.64,1,Food Allergy & Anaphylaxis,0.95
3,5.762051382780177,1,5,65,0.525,4,5.071882007306125,0.58,1,Sickle Cell Disease,0.7960199127277929
2,4.204692619390966,0,10,56,1.6,8,6.0,0.36,0,Multiple Sclerosis,0.5212242278019167
2,4.1588830833596715,1,15,53,0.525,4,5.071882007306125,0.36,0,Sickle Cell Disease,0.47689822702017204
2,3.2188758248682006,0,7,64,0.9,5,7.3979400086720375,0.36,0,Diabetic Nephropathy,0.45364418221799274
2,4.189654742026425,0,0,72,0.325,2,5.176091259055681,0.36,0,Hidradenitis Suppurativa,0.41046085419537726
1,4.30406509320417,0,8,35,1.6,8,6.0,0.64,1,Multiple Sclerosis,0.932264462758015
1,3.871201010907891,1,14,43,0.425,2,5.079181246047625,0.64,0,Autoimmune Liver Diseases,0.6289155374527652
2,5.771441123130016,1,8,54,0.7,3,5.301029995663981,0.36,0,Systemic Lupus Erythematosus,0.501157540490284
3,7.150701457592526,0,8,80,0.7,3,5.301029995663981,0.58,0,Systemic Lupus Erythematosus,0.8329039991738677
2,6.0063531596017325,0,7,50,0.475,3,7.505149978319906,0.36,1,Food Allergy & Anaphylaxis,0.5529358440559224
1,4.3694478524670215,0,10,32,0.525,4,5.071882007306125,0.64,1,Sickle Cell Disease,0.7709102653684086
2,5.6131281063880705,0,5,69,0.475,3,7.505149978319906,0.36,1,Food Allergy & Anaphylaxis,0.6032150804598435
1,2.772588722239781,1,4,51,0.475,3,7.505149978319906,0.64,1,Food Allergy & Anaphylaxis,0.6554773340890393
2,7.6676260915849905,0,14,41,0.9,5,7.3979400086720375,0.36,1,Diabetic Nephropathy,0.7450000000000001
2,6.1070228877422545,0,4,50,0.425,2,5.079181246047625,0.36,1,Autoimmune Liver Diseases,0.4649811523213446
1,4.174387269895637,0,7,35,0.425,2,5.079181246047625,0.64,0,Autoimmune Liver Diseases,0.6243523115352458
2,3.9889840465642745,1,14,52,0.325,2,5.176091259055681,0.36,0,Hidradenitis Suppurativa,0.42025608637820155
3,5.111987788356544,1,1,61,0.7,3,5.301029995663981,0.58,1,Systemic Lupus Erythematosus,0.6107054310622911
2,5.659482215759621,1,13,69,1.6,8,6.0,0.36,1,Multiple Sclerosis,0.5445410812415881
2,4.276666119016055,1,16,61,0.475,3,7.505149978319906,0.36,0,Food Allergy & Anaphylaxis,0.4158754845526612
1,5.627621113690637,1,1,47,0.7,3,5.301029995663981,0.64,1,Systemic Lupus Erythematosus,0.6946090326766291
2,5.883322388488279,1,1,55,0.7,3,5.301029995663981,0.36,1,Systemic Lupus Erythematosus,0.4367681400206304
2,5.123963979403259,1,7,76,0.525,4,5.071882007306125,0.36,1,Sickle Cell Disease,0.45564118132143316
1,4.672828834461906,0,0,34,0.425,2,5.079181246047625,0.64,1,Autoimmune Liver Diseases,0.6495801120728656
3,4.9344739331306915,0,8,72,1.6,8,6.0,0.58,1,Multiple Sclerosis,0.8921041749584556
3,6.541029999189903,1,7,70,0.325,2,5.176091259055681,0.58,1,Hidradenitis Suppurativa,0.7060541218148122
1,5.365976015021851,0,14,40,0.425,2,5.079181246047625,0.64,1,Autoimmune Liver Diseases,0.7544727656527336
1,5.318119993844216,2,13,45,1.6,8,6.0,0.64,1,Multiple Sclerosis,0.7834017896526848
2,4.812184355372417,1,13,73,0.7,3,5.301029995663981,0.36,0,Systemic Lupus Erythematosus,0.3829425429372582
2,5.2574953720277815,0,12,70,0.7,3,5.301029995663981,0.36,1,Systemic Lupus Erythematosus,0.45535516210292687
1,5.003946305945459,0,2,52,0.475,3,7.505149978319906,0.64,1,Food Allergy & Anaphylaxis,0.8199354377221346
3,5.2832037287379885,1,0,69,0.475,3,7.505149978319906,0.58,1,Food Allergy & Anaphylaxis,0.7159805569954547
3,3.828641396489095,1,13,72,1.6,8,6.0,0.58,0,Multiple Sclerosis,0.7160746151891113
2,3.871201010907891,1,1,52,1.6,8,6.0,0.36,0,Multiple Sclerosis,0.4542488707860984
2,5.799092654460526,1,0,63,0.325,2,5.176091259055681,0.36,0,Hidradenitis Suppurativa,0.44154437823886405
1,3.295836866004329,1,14,46,0.425,2,5.079181246047625,0.64,1,Autoimmune Liver Diseases,0.5993129842683363
1,5.342334251964811,2,3,48,0.9,5,7.3979400086720375,0.64,1,Diabetic Nephropathy,0.7582850613523279
3,6.582025138892826,0,5,69,0.475,3,7.505149978319906,0.58,1,Food Allergy & Anaphylaxis,0.9011067808981764
1,5.384495062789089,2,8,37,0.9,5,7.3979400086720375,0.64,1,Diabetic Nephropathy,0.830403025044285
1,4.127134385045092,1,2,34,1.6,8,6.0,0.64,0,Multiple Sclerosis,0.803285183909261
3,4.727387818712341,0,6,79,1.6,8,6.0,0.58,0,Multiple Sclerosis,0.8116664342653501
2,3.970291913552122,1,12,54,0.475,3,7.505149978319906,0.36,0,Food Allergy & Anaphylaxis,0.4003036766296668
2,5.187385805840755,1,11,44,0.7,3,5.301029995663981,0.36,1,Systemic Lupus Erythematosus,0.40183066821519964
1,3.1780538303479458,0,14,43,0.475,3,7.505149978319906,0.64,0,Food Allergy & Anaphylaxis,0.7968495348303865
3,6.206575926724928,1,6,70,1.6,8,6.0,0.58,0,Multiple Sclerosis,0.8359693788290299
1,4.787491742782046,2,1,56,0.9,5,7.3979400086720375,0.64,0,Diabetic Nephropathy,0.7303643320228385
2,7.081708586105575,2,8,46,0.475,3,7.505149978319906,0.36,0,Food Allergy & Anaphylaxis,0.5467848855351346
1,5.8805329864007,2,14,47,0.475,3,7.505149978319906,0.64,1,Food Allergy & Anaphylaxis,0.8039616131229109
2,3.295836866004329,1,8,56,0.425,2,5.079181246047625,0.36,0,Autoimmune Liver Diseases,0.3426463176016695
3,4.406719247264253,1,0,74,0.425,2,5.079181246047625,0.58,0,Autoimmune Liver Diseases,0.5311306151008841
2,5.030437921392435,0,9,29,0.525,4,5.071882007306125,0.36,1,Sickle Cell Disease,0.5709355167429093
3,5.961005339623274,1,5,67,0.475,3,7.505149978319906,0.58,1,Food Allergy & Anaphylaxis,0.819996058685418
2,6.548219102762372,1,3,68,0.525,4,5.071882007306125,0.36,0,Sickle Cell Disease,0.5270807612386217
3,6.828712071641684,1,9,58,0.9,5,7.3979400086720375,0.58,1,Diabetic Nephropathy,0.9127896190924047
2,2.6390573296152584,0,10,43,0.7,3,5.301029995663981,0.36,0,Systemic Lupus Erythematosus,0.3209889585736722
1,5.62040086571715,1,7,31,0.7,3,5.301029995663981,0.64,1,Systemic Lupus Erythematosus,0.6942467122505908
3,4.31748811353631,1,16,60,0.475,3,7.505149978319906,0.58,0,Food Allergy & Anaphylaxis,0.6672780786941374
2,5.14166355650266,1,7,56,0.425,2,5.079181246047625,0.36,0,Autoimmune Liver Diseases,0.3665314125531085
2,5.793013608384144,0,8,45,0.425,2,5.079181246047625,0.36,1,Autoimmune Liver Diseases,0.5192394992454581
