phase,enrollment_log,sponsor_type,mechanism_id,duration_months,disease_trial_rate,prior_approvals,disease_prevalence_log,phase_success_rate,success,disease,raw_probability
0.0,5.517452896464707,0.5,0,24,0.4471428571428572,1,5.0,0.64,1,sickle cell disease,0.4618332220183992
0.0,5.484796933490655,1.0,0,24,0.4471428571428572,5,5.0,0.64,1,sickle cell disease,0.6413433825737884
0.0,7.409136443920128,0.8,0,24,0.4471428571428572,3,5.0,0.64,1,sickle cell disease,0.5902084752302306
0.0,4.394449154672439,0.5,0,24,0.4471428571428572,1,5.0,0.64,1,sickle cell disease,0.4449881658915152
0.0,5.225746673713202,0.5,0,24,0.4471428571428572,1,5.0,0.64,1,sickle cell disease,0.45745762867712664
0.0,8.495765244002618,0.8,0,24,0.4471428571428572,3,5.0,0.64,1,sickle cell disease,0.6065079072314679
1.0,1.0986122886681098,0.5,0,36,0.4471428571428572,1,5.0,0.64,0,sickle cell disease,0.39555061290145027
1.0,2.302585092994046,0.5,0,36,0.4471428571428572,1,5.0,0.64,0,sickle cell disease,0.4136102049663393
1.0,2.302585092994046,0.5,0,36,0.4471428571428572,1,5.0,0.64,1,sickle cell disease,0.4136102049663393
0.0,3.713572066704308,0.6,0,24,0.4471428571428572,1,5.0,0.64,1,sickle cell disease,0.4547750095719932
2.0,3.4657359027997265,0.5,0,48,0.4471428571428572,1,5.0,0.36,1,sickle cell disease,0.3470574671134245
2.0,2.1972245773362196,0.5,0,48,0.4471428571428572,1,5.0,0.36,0,sickle cell disease,0.3280297972314719
3.0,3.6635616461296463,0.5,0,60,0.4471428571428572,1,5.0,0.58,0,sickle cell disease,0.4160248532633733
0.0,3.9889840465642745,0.5,0,24,0.4471428571428572,1,5.0,0.64,1,sickle cell disease,0.4389061892698927
0.0,3.5553480614894135,0.5,0,24,0.4471428571428572,1,5.0,0.64,0,sickle cell disease,0.4324016494937698
3.0,0.0,1.0,0,60,0.4471428571428572,5,5.0,0.58,0,sickle cell disease,0.5410714285714285
0.0,3.6635616461296463,0.5,0,24,0.4471428571428572,1,5.0,0.64,1,sickle cell disease,0.4340248532633733
0.0,1.791759469228055,0.5,0,24,0.4471428571428572,1,5.0,0.64,0,sickle cell disease,0.40594782060984946
2.0,5.342334251964811,0.5,0,48,0.4471428571428572,1,5.0,0.36,1,sickle cell disease,0.3752064423509007
0.0,6.212606095751519,1.0,0,24,0.4471428571428572,5,5.0,0.64,1,sickle cell disease,0.6522605200077013
2.0,4.406719247264253,1.0,0,48,0.4471428571428572,5,5.0,0.36,1,sickle cell disease,0.5411722172803923
0.0,6.049733455231958,0.5,0,24,0.4471428571428572,1,5.0,0.64,1,sickle cell disease,0.469817430399908
2.0,3.091042453358316,0.5,0,48,0.4471428571428572,1,5.0,0.36,1,sickle cell disease,0.34143706537180335
0.0,3.9318256327243257,0.5,0,24,0.4471428571428572,1,5.0,0.64,1,sickle cell disease,0.4380488130622935
1.0,3.295836866004329,1.0,0,36,0.4471428571428572,5,5.0,0.64,1,sickle cell disease,0.6085089815614935
0.0,1.3862943611198906,0.5,0,24,0.4471428571428572,1,5.0,0.64,0,sickle cell disease,0.399865843988227
3.0,3.713572066704308,0.5,0,60,0.4471428571428572,1,5.0,0.58,1,sickle cell disease,0.4167750095719932
2.0,3.9512437185814275,1.0,0,48,0.4471428571428572,5,5.0,0.36,1,sickle cell disease,0.53434008435015
2.0,4.143134726391533,1.0,0,48,0.4471428571428572,5,5.0,0.36,1,sickle cell disease,0.5372184494673016
0.0,4.07753744390572,0.5,0,24,0.4471428571428572,1,5.0,0.64,1,sickle cell disease,0.44023449023001443
0.0,5.075173815233827,0.5,0,24,0.4471428571428572,1,5.0,0.64,1,sickle cell disease,0.45519903579993604
1.0,3.6888794541139363,0.5,0,36,0.4471428571428572,1,5.0,0.64,1,sickle cell disease,0.43440462038313765
4.0,3.9318256327243257,0.5,0,36,0.4471428571428572,1,5.0,0.8,1,sickle cell disease,0.4860488130622934
0.0,0.0,0.5,0,24,0.4471428571428572,1,5.0,0.64,0,sickle cell disease,0.3790714285714286
0.0,4.1588830833596715,0.5,0,24,0.4471428571428572,1,5.0,0.64,1,sickle cell disease,0.44145467482182366
0.0,2.1972245773362196,0.5,0,24,0.4471428571428572,1,5.0,0.64,1,sickle cell disease,0.41202979723147193
3.0,5.442417710521793,1.0,0,60,0.4471428571428572,5,5.0,0.58,1,sickle cell disease,0.6227076942292554
0.0,1.9459101490553132,0.5,0,24,0.4471428571428572,1,5.0,0.64,1,sickle cell disease,0.4082600808072583
2.0,3.970291913552122,1.0,0,48,0.4471428571428572,5,5.0,0.36,1,sickle cell disease,0.5346258072747104
1.0,0.0,1.0,0,36,0.4471428571428572,5,5.0,0.64,0,sickle cell disease,0.5590714285714286
2.0,3.044522437723423,0.5,0,48,0.4471428571428572,1,5.0,0.36,1,sickle cell disease,0.3407392651372799
2.0,4.2626798770413155,0.5,0,48,0.4471428571428572,1,5.0,0.36,1,sickle cell disease,0.35901162672704834
3.0,3.4339872044851463,0.5,0,60,0.4471428571428572,1,5.0,0.58,1,sickle cell disease,0.4125812366387058
1.0,5.602118820879701,0.5,0,36,0.4471428571428572,1,5.0,0.64,1,sickle cell disease,0.46310321088462414
0.0,6.573680166960646,0.5,0,24,0.4471428571428572,1,5.0,0.64,1,sickle cell disease,0.4776766310758383
4.0,5.771441123130016,0.5,0,36,0.4471428571428572,1,5.0,0.8,0,sickle cell disease,0.5136430454183788
0.0,4.219507705176107,0.5,0,24,0.4471428571428572,1,5.0,0.64,1,sickle cell disease,0.4423640441490702
0.0,5.568344503761097,1.0,0,24,0.4471428571428572,5,5.0,0.64,1,sickle cell disease,0.642596596127845
0.0,4.3694478524670215,0.5,0,24,0.4471428571428572,1,5.0,0.64,1,sickle cell disease,0.44461314635843396
0.0,1.9459101490553132,0.5,0,24,0.4471428571428572,1,5.0,0.64,0,sickle cell disease,0.4082600808072583
1.0,3.367295829986474,0.8,0,36,0.4471428571428572,3,5.0,0.64,1,sickle cell disease,0.5295808660212257
3.0,5.075173815233827,0.5,0,60,0.4471428571428572,1,5.0,0.58,0,sickle cell disease,0.437199035799936
0.0,4.605170185988092,0.5,0,24,0.4471428571428572,1,5.0,0.64,1,sickle cell disease,0.44814898136125
3.0,5.707110264748875,1.0,0,60,0.4471428571428572,5,5.0,0.58,1,sickle cell disease,0.6266780825426617
2.0,2.3978952727983707,0.8,0,48,0.4471428571428572,3,5.0,0.36,1,sickle cell disease,0.43103985766340414
1.0,3.6888794541139363,0.5,0,36,0.4471428571428572,1,5.0,0.64,1,sickle cell disease,0.43440462038313765
0.0,4.605170185988092,0.5,0,24,0.4471428571428572,1,5.0,0.64,1,sickle cell disease,0.44814898136125
1.0,2.9444389791664403,1.0,0,36,0.4471428571428572,5,5.0,0.64,1,sickle cell disease,0.6032380132589251
2.0,3.6888794541139363,0.5,0,48,0.4471428571428572,1,5.0,0.36,1,sickle cell disease,0.35040462038313763
2.0,3.4339872044851463,1.0,0,48,0.4471428571428572,5,5.0,0.36,0,sickle cell disease,0.5265812366387058
4.0,4.8283137373023015,0.5,0,36,0.4471428571428572,1,5.0,0.8,1,sickle cell disease,0.4994961346309631
1.0,1.6094379124341003,0.5,0,36,0.4471428571428572,1,5.0,0.64,1,sickle cell disease,0.40321299725794013
2.0,3.5553480614894135,0.5,0,48,0.4471428571428572,1,5.0,0.36,1,sickle cell disease,0.3484016494937698
0.0,0.0,0.5,0,24,0.4471428571428572,1,5.0,0.64,0,sickle cell disease,0.3790714285714286
2.0,3.5263605246161616,1.0,0,48,0.4471428571428572,5,5.0,0.36,1,sickle cell disease,0.527966836440671
0.0,2.5649493574615367,0.8,0,24,0.4471428571428572,3,5.0,0.64,0,sickle cell disease,0.5175456689333516
2.0,3.6109179126442243,0.5,0,48,0.4471428571428572,1,5.0,0.36,1,sickle cell disease,0.349235197261092
0.0,4.653960350157523,0.5,0,24,0.4471428571428572,1,5.0,0.64,1,sickle cell disease,0.44888083382379146
0.0,3.091042453358316,0.5,0,24,0.4471428571428572,1,5.0,0.64,1,sickle cell disease,0.42543706537180337
0.0,4.553876891600541,0.8,0,24,0.4471428571428572,3,5.0,0.64,1,sickle cell disease,0.5473795819454367
0.0,3.295836866004329,0.5,0,24,0.4471428571428572,1,5.0,0.64,1,sickle cell disease,0.42850898156149353
0.0,3.091042453358316,0.5,0,24,0.4471428571428572,1,5.0,0.64,1,sickle cell disease,0.42543706537180337
2.0,4.356708826689592,1.0,0,48,0.4471428571428572,5,5.0,0.36,0,sickle cell disease,0.5404220609717725
0.0,4.564348191467836,0.8,0,24,0.4471428571428572,3,5.0,0.64,1,sickle cell disease,0.5475366514434461
0.0,1.3862943611198906,0.5,0,24,0.4471428571428572,1,5.0,0.64,0,sickle cell disease,0.399865843988227
0.0,4.48863636973214,0.5,0,24,0.4471428571428572,1,5.0,0.64,1,sickle cell disease,0.4464009741174107
0.0,4.060443010546419,0.5,0,24,0.4471428571428572,1,5.0,0.64,1,sickle cell disease,0.4399780737296249
1.0,3.4965075614664802,1.0,0,36,0.4471428571428572,5,5.0,0.64,1,sickle cell disease,0.6115190419934258
1.0,3.2188758248682006,0.5,0,36,0.4471428571428572,1,5.0,0.64,1,sickle cell disease,0.42735456594445165
0.0,3.713572066704308,0.5,0,24,0.4471428571428572,1,5.0,0.64,1,sickle cell disease,0.4347750095719932
1.0,3.258096538021482,0.5,0,36,0.4471428571428572,1,5.0,0.64,1,sickle cell disease,0.42794287664175085
0.0,2.9444389791664403,0.5,0,24,0.4471428571428572,1,5.0,0.64,1,sickle cell disease,0.42323801325892524
0.0,4.189654742026425,0.8,0,24,0.4471428571428572,3,5.0,0.64,1,sickle cell disease,0.541916249701825
0.0,4.962844630259907,0.5,0,24,0.4471428571428572,1,5.0,0.64,1,sickle cell disease,0.4535140980253272
0.0,4.5217885770490405,0.5,0,24,0.4471428571428572,1,5.0,0.64,1,sickle cell disease,0.44689825722716425
0.0,4.02535169073515,0.5,0,24,0.4471428571428572,1,5.0,0.64,1,sickle cell disease,0.43945170393245586
0.0,4.30406509320417,1.0,0,24,0.4471428571428572,5,5.0,0.64,1,sickle cell disease,0.6236324049694911
0.5,3.2188758248682006,0.5,0,24,0.4471428571428572,1,5.0,0.64,1,sickle cell disease,0.42735456594445165
0.0,5.869296913133774,0.5,0,24,0.4471428571428572,1,5.0,0.64,1,sickle cell disease,0.4671108822684352
1.0,0.0,0.8,0,36,0.4471428571428572,3,5.0,0.64,0,sickle cell disease,0.4790714285714286
0.0,4.356708826689592,0.5,0,24,0.4471428571428572,1,5.0,0.64,1,sickle cell disease,0.4444220609717725
2.0,3.1354942159291497,0.5,0,48,0.4471428571428572,1,5.0,0.36,1,sickle cell disease,0.34210384181036585
1.0,2.995732273553991,1.0,0,36,0.4471428571428572,5,5.0,0.64,1,sickle cell disease,0.6040074126747385
0.0,3.58351893845611,0.5,0,24,0.4471428571428572,1,5.0,0.64,1,sickle cell disease,0.43282421264827026
2.0,3.367295829986474,0.5,0,48,0.4471428571428572,1,5.0,0.36,1,sickle cell disease,0.34558086602122573
0.0,5.017279836814924,0.8,0,24,0.4471428571428572,3,5.0,0.64,1,sickle cell disease,0.5543306261236525
0.0,1.3862943611198906,0.5,0,24,0.4471428571428572,1,5.0,0.64,0,sickle cell disease,0.399865843988227
1.0,5.017279836814924,0.5,0,36,0.4471428571428572,1,5.0,0.64,1,sickle cell disease,0.4543306261236525
0.0,4.709530201312334,0.5,0,24,0.4471428571428572,1,5.0,0.64,1,sickle cell disease,0.44971438159111365
0.0,4.394449154672439,0.5,0,24,0.4471428571428572,1,5.0,0.64,1,sickle cell disease,0.4449881658915152
0.0,2.3978952727983707,0.5,0,24,0.4471428571428572,1,5.0,0.64,1,sickle cell disease,0.4150398576634042
4.0,3.4657359027997265,0.5,0,36,0.4471428571428572,1,5.0,0.8,1,sickle cell disease,0.47905746711342445
2.0,1.0986122886681098,1.0,0,48,0.4471428571428572,5,5.0,0.36,0,sickle cell disease,0.49155061290145025
0.0,4.672828834461906,0.8,0,24,0.4471428571428572,3,5.0,0.64,1,sickle cell disease,0.5491638610883571
0.0,5.53338948872752,0.8,0,24,0.4471428571428572,3,5.0,0.64,1,sickle cell disease,0.5620722709023414
0.0,6.967909201801884,0.8,0,24,0.4471428571428572,3,5.0,0.64,1,sickle cell disease,0.5835900665984568
1.0,2.833213344056216,1.0,0,36,0.4471428571428572,5,5.0,0.64,1,sickle cell disease,0.6015696287322718
0.0,4.219507705176107,0.8,0,24,0.4471428571428572,3,5.0,0.64,1,sickle cell disease,0.5423640441490702
3.0,3.6635616461296463,0.5,0,60,0.4471428571428572,1,5.0,0.58,0,sickle cell disease,0.4160248532633733
1.0,2.1972245773362196,1.0,0,36,0.4471428571428572,5,5.0,0.64,1,sickle cell disease,0.5920297972314719
2.0,0.0,1.0,0,48,0.4471428571428572,5,5.0,0.36,0,sickle cell disease,0.4750714285714286
2.0,4.61512051684126,0.5,0,48,0.4471428571428572,1,5.0,0.36,1,sickle cell disease,0.36429823632404745
0.0,4.143134726391533,0.5,0,24,0.4471428571428572,1,5.0,0.64,1,sickle cell disease,0.4412184494673016
0.0,5.017279836814924,0.5,0,24,0.4471428571428572,1,5.0,0.64,1,sickle cell disease,0.4543306261236525
1.0,2.0794415416798357,0.5,0,36,0.4471428571428572,1,5.0,0.64,0,sickle cell disease,0.41026305169662614
0.0,3.4339872044851463,0.5,0,24,0.4471428571428572,1,5.0,0.64,1,sickle cell disease,0.4305812366387058
2.0,4.762173934797756,0.5,0,48,0.4471428571428572,1,5.0,0.36,1,sickle cell disease,0.36650403759339495
1.0,2.5649493574615367,0.5,0,36,0.4471428571428572,1,5.0,0.64,1,sickle cell disease,0.41754566893335165
0.0,3.6635616461296463,0.5,0,24,0.4471428571428572,1,5.0,0.64,1,sickle cell disease,0.4340248532633733
1.0,3.091042453358316,1.0,0,36,0.4471428571428572,5,5.0,0.64,1,sickle cell disease,0.6054370653718033
0.0,4.574710978503383,0.5,0,24,0.4471428571428572,1,5.0,0.64,1,sickle cell disease,0.44769209324897935
2.0,2.6390573296152584,0.5,0,48,0.4471428571428572,1,5.0,0.36,1,sickle cell disease,0.33465728851565746
0.0,5.049856007249537,0.5,0,24,0.4471428571428572,1,5.0,0.64,1,sickle cell disease,0.45481926868017164
0.0,4.1588830833596715,0.5,0,24,0.4471428571428572,1,5.0,0.64,1,sickle cell disease,0.44145467482182366
2.0,0.0,0.5,0,48,0.4471428571428572,1,5.0,0.36,0,sickle cell disease,0.2950714285714286
2.0,3.58351893845611,1.0,0,48,0.4471428571428572,5,5.0,0.36,0,sickle cell disease,0.5288242126482703
0.5,0.0,0.8,0,24,0.4471428571428572,3,5.0,0.64,0,sickle cell disease,0.4790714285714286
0.0,2.3978952727983707,0.5,0,24,0.4471428571428572,1,5.0,0.64,1,sickle cell disease,0.4150398576634042
0.0,4.394449154672439,0.5,0,24,0.4471428571428572,1,5.0,0.64,1,sickle cell disease,0.4449881658915152
1.0,3.091042453358316,0.5,0,36,0.4471428571428572,1,5.0,0.64,1,sickle cell disease,0.42543706537180337
1.0,1.791759469228055,0.5,0,36,0.4471428571428572,1,5.0,0.64,1,sickle cell disease,0.40594782060984946
0.0,3.367295829986474,0.5,0,24,0.4471428571428572,1,5.0,0.64,1,sickle cell disease,0.42958086602122575
0.0,9.779510372716418,1.0,0,24,0.4471428571428572,5,5.0,0.64,1,sickle cell disease,0.7057640841621748
0.0,3.7612001156935624,0.8,0,24,0.4471428571428572,3,5.0,0.64,1,sickle cell disease,0.535489430306832
2.0,4.51085950651685,0.5,0,48,0.4471428571428572,1,5.0,0.36,1,sickle cell disease,0.36273432116918136
1.0,2.0794415416798357,1.0,0,36,0.4471428571428572,5,5.0,0.64,1,sickle cell disease,0.5902630516966261
2.0,5.293304824724492,1.0,0,48,0.4471428571428572,5,5.0,0.36,1,sickle cell disease,0.554471000942296
3.0,5.963579343618446,1.0,0,60,0.4471428571428572,5,5.0,0.58,1,sickle cell disease,0.6305251187257053
0.0,5.5254529391317835,0.5,0,24,0.4471428571428572,1,5.0,0.64,1,sickle cell disease,0.4619532226584053
0.5,4.2626798770413155,0.5,0,24,0.4471428571428572,1,5.0,0.64,1,sickle cell disease,0.44301162672704836
1.0,3.2188758248682006,1.0,0,36,0.4471428571428572,5,5.0,0.64,1,sickle cell disease,0.6073545659444516
3.0,5.834810737062605,1.0,0,60,0.4471428571428572,5,5.0,0.58,0,sickle cell disease,0.6285935896273676
0.0,4.110873864173311,0.5,0,24,0.4471428571428572,1,5.0,0.64,1,sickle cell disease,0.4407345365340283
0.0,3.4011973816621555,0.5,0,24,0.4471428571428572,1,5.0,0.64,1,sickle cell disease,0.4300893892963609
0.0,3.7612001156935624,0.5,0,24,0.4471428571428572,1,5.0,0.64,1,sickle cell disease,0.43548943030683207
2.0,1.791759469228055,0.5,0,48,0.4471428571428572,1,5.0,0.36,1,sickle cell disease,0.32194782060984944
0.0,0.0,0.5,0,24,0.4471428571428572,1,5.0,0.64,0,sickle cell disease,0.3790714285714286
3.0,4.574710978503383,0.5,0,60,0.4471428571428572,1,5.0,0.58,1,sickle cell disease,0.42969209324897933
0.0,5.081404364984463,0.5,0,24,0.4471428571428572,1,5.0,0.64,1,sickle cell disease,0.45529249404619554
2.0,3.8501476017100584,0.5,0,48,0.4471428571428572,1,5.0,0.36,1,sickle cell disease,0.3528236425970795
2.0,3.8066624897703196,0.5,0,48,0.4471428571428572,1,5.0,0.36,1,sickle cell disease,0.35217136591798337
2.0,0.0,0.5,0,48,0.4471428571428572,1,5.0,0.36,0,sickle cell disease,0.2950714285714286
0.0,5.407171771460119,0.5,0,24,0.4471428571428572,1,5.0,0.64,1,sickle cell disease,0.4601790051433304
1.0,5.236441962829949,1.0,0,36,0.4471428571428572,5,5.0,0.64,0,sickle cell disease,0.6376180580138778
0.0,5.10594547390058,0.5,0,24,0.4471428571428572,1,5.0,0.64,1,sickle cell disease,0.45566061067993735
2.0,0.0,0.5,0,48,0.4471428571428572,1,5.0,0.36,0,sickle cell disease,0.2950714285714286
1.0,3.6109179126442243,0.5,0,36,0.4471428571428572,1,5.0,0.64,1,sickle cell disease,0.433235197261092
0.0,4.442651256490317,0.5,0,24,0.4471428571428572,1,5.0,0.64,1,sickle cell disease,0.44571119741878334
1.0,3.871201010907891,0.5,0,36,0.4471428571428572,1,5.0,0.64,1,sickle cell disease,0.437139443735047
1.0,3.258096538021482,0.5,0,36,0.4471428571428572,1,5.0,0.64,1,sickle cell disease,0.42794287664175085
0.0,3.7612001156935624,0.5,0,24,0.4471428571428572,1,5.0,0.64,1,sickle cell disease,0.43548943030683207
2.0,3.784189633918261,0.5,0,48,0.4471428571428572,1,5.0,0.36,1,sickle cell disease,0.35183427308020254
0.0,3.6109179126442243,0.5,0,24,0.4471428571428572,1,5.0,0.64,1,sickle cell disease,0.433235197261092
0.5,0.0,0.5,0,24,0.4471428571428572,1,5.0,0.64,0,sickle cell disease,0.3790714285714286
0.0,3.2188758248682006,0.5,0,24,0.4471428571428572,1,5.0,0.64,1,sickle cell disease,0.42735456594445165
0.0,5.572154032177765,0.5,0,24,0.4471428571428572,1,5.0,0.64,1,sickle cell disease,0.46265373905409507
0.0,3.8501476017100584,0.5,0,24,0.4471428571428572,1,5.0,0.64,1,sickle cell disease,0.4368236425970795
0.0,4.143134726391533,0.5,0,24,0.4471428571428572,1,5.0,0.64,1,sickle cell disease,0.4412184494673016
2.0,4.007333185232471,0.5,0,48,0.4471428571428572,1,5.0,0.36,1,sickle cell disease,0.3551814263499157
1.0,2.3978952727983707,0.5,0,36,0.4471428571428572,1,5.0,0.64,1,sickle cell disease,0.4150398576634042
2.0,3.4965075614664802,0.5,0,48,0.4471428571428572,1,5.0,0.36,0,sickle cell disease,0.3475190419934258
1.0,1.6094379124341003,0.5,0,36,0.4471428571428572,1,5.0,0.64,1,sickle cell disease,0.40321299725794013
0.0,6.937314081223682,0.5,0,24,0.4471428571428572,1,5.0,0.64,1,sickle cell disease,0.48313113978978384
1.0,4.897839799950911,1.0,0,36,0.4471428571428572,5,5.0,0.64,1,sickle cell disease,0.6325390255706922
0.0,3.1354942159291497,0.8,0,24,0.4471428571428572,3,5.0,0.64,1,sickle cell disease,0.5261038418103658
2.0,2.70805020110221,0.5,0,48,0.4471428571428572,1,5.0,0.36,1,sickle cell disease,0.33569218158796177
1.0,2.3978952727983707,0.8,0,36,0.4471428571428572,3,5.0,0.64,1,sickle cell disease,0.5150398576634041
0.0,3.5263605246161616,0.5,0,24,0.4471428571428572,1,5.0,0.64,1,sickle cell disease,0.431966836440671
2.0,0.0,0.5,0,48,0.4471428571428572,1,5.0,0.36,0,sickle cell disease,0.2950714285714286
0.0,4.110873864173311,0.5,0,24,0.4471428571428572,1,5.0,0.64,1,sickle cell disease,0.4407345365340283
0.0,5.968707559985366,0.5,0,24,0.4471428571428572,1,5.0,0.64,1,sickle cell disease,0.4686020419712091
1.0,2.0794415416798357,0.5,0,36,0.4471428571428572,1,5.0,0.64,0,sickle cell disease,0.41026305169662614
0.0,3.295836866004329,0.5,0,24,0.4471428571428572,1,5.0,0.64,0,sickle cell disease,0.42850898156149353
4.0,5.442417710521793,1.0,0,36,0.4471428571428572,5,5.0,0.8,0,sickle cell disease,0.6887076942292555
0.0,4.74493212836325,0.5,0,24,0.4471428571428572,1,5.0,0.64,1,sickle cell disease,0.4502454104968774
0.0,3.9318256327243257,0.5,0,24,0.4471428571428572,1,5.0,0.64,1,sickle cell disease,0.4380488130622935
2.0,2.0794415416798357,0.5,0,48,0.4471428571428572,1,5.0,0.36,0,sickle cell disease,0.3262630516966261
1.0,3.258096538021482,1.0,0,36,0.4471428571428572,5,5.0,0.64,1,sickle cell disease,0.6079428766417507
0.0,4.276666119016055,0.5,0,24,0.4471428571428572,1,5.0,0.64,1,sickle cell disease,0.44322142035666945
4.0,3.9889840465642745,0.5,0,36,0.4471428571428572,1,5.0,0.8,1,sickle cell disease,0.48690618926989265
0.0,3.713572066704308,0.5,0,24,0.4471428571428572,1,5.0,0.64,1,sickle cell disease,0.4347750095719932
0.0,4.5217885770490405,0.5,0,24,0.4471428571428572,1,5.0,0.64,1,sickle cell disease,0.44689825722716425
0.0,3.6635616461296463,0.5,0,24,0.4471428571428572,1,5.0,0.64,0,sickle cell disease,0.4340248532633733
0.0,7.467942332285852,0.5,0,24,0.4471428571428572,1,5.0,0.64,1,sickle cell disease,0.4910905635557164
2.0,1.0986122886681098,0.5,0,48,0.4471428571428572,1,5.0,0.36,0,sickle cell disease,0.31155061290145025
3.0,5.342334251964811,0.5,0,60,0.4471428571428572,1,5.0,0.58,1,sickle cell disease,0.4412064423509008
2.0,3.8501476017100584,1.0,0,48,0.4471428571428572,5,5.0,0.36,1,sickle cell disease,0.5328236425970795
0.0,4.174387269895637,0.5,0,24,0.4471428571428572,1,5.0,0.64,1,sickle cell disease,0.44168723761986317
0.0,6.0063531596017325,0.8,0,24,0.4471428571428572,3,5.0,0.64,1,sickle cell disease,0.5691667259654546
1.0,3.4339872044851463,1.0,0,36,0.4471428571428572,5,5.0,0.64,1,sickle cell disease,0.6105812366387058
1.0,3.332204510175204,0.5,0,36,0.4471428571428572,1,5.0,0.64,1,sickle cell disease,0.42905449622405667
2.0,0.6931471805599453,0.5,0,48,0.4471428571428572,1,5.0,0.36,0,sickle cell disease,0.3054686362798278
0.0,4.430816798843313,1.0,0,24,0.4471428571428572,5,5.0,0.64,1,sickle cell disease,0.6255336805540782
2.0,1.6094379124341003,0.5,0,48,0.4471428571428572,1,5.0,0.36,0,sickle cell disease,0.3192129972579401
0.0,2.302585092994046,0.5,0,24,0.4471428571428572,1,5.0,0.64,1,sickle cell disease,0.4136102049663393
3.0,2.833213344056216,1.0,0,60,0.4471428571428572,5,5.0,0.58,1,sickle cell disease,0.5835696287322718
0.0,2.5649493574615367,0.5,0,24,0.4471428571428572,1,5.0,0.64,0,sickle cell disease,0.41754566893335165
0.0,3.4339872044851463,0.5,0,24,0.4471428571428572,1,5.0,0.64,1,sickle cell disease,0.4305812366387058
0.0,5.099866427824199,0.5,0,24,0.4471428571428572,1,5.0,0.64,1,sickle cell disease,0.4555694249887916
1.0,0.6931471805599453,1.0,0,36,0.4471428571428572,5,5.0,0.64,0,sickle cell disease,0.5694686362798277
0.0,0.0,1.0,0,24,0.4471428571428572,5,5.0,0.64,0,sickle cell disease,0.5590714285714286
3.0,2.833213344056216,0.5,0,60,0.4471428571428572,1,5.0,0.58,0,sickle cell disease,0.40356962873227187
3.0,5.043425116919247,1.0,0,60,0.4471428571428572,5,5.0,0.58,0,sickle cell disease,0.6167228053252173
1.0,3.295836866004329,0.5,0,36,0.4471428571428572,1,5.0,0.64,1,sickle cell disease,0.42850898156149353
4.0,4.672828834461906,0.5,0,36,0.4471428571428572,1,5.0,0.8,1,sickle cell disease,0.49716386108835714
0.0,4.90527477843843,0.5,0,24,0.4471428571428572,1,5.0,0.64,1,sickle cell disease,0.45265055024800505
1.0,1.6094379124341003,0.5,0,36,0.4471428571428572,1,5.0,0.64,1,sickle cell disease,0.40321299725794013
0.0,6.182084906716632,0.5,0,24,0.4471428571428572,1,5.0,0.64,1,sickle cell disease,0.47180270217217807
2.0,4.477336814478207,1.0,0,48,0.4471428571428572,5,5.0,0.36,1,sickle cell disease,0.5422314807886017
4.0,3.713572066704308,1.0,0,36,0.4471428571428572,5,5.0,0.8,1,sickle cell disease,0.6627750095719932
1.0,4.007333185232471,1.0,0,36,0.4471428571428572,5,5.0,0.64,1,sickle cell disease,0.6191814263499156
0.0,4.174387269895637,0.5,0,24,0.4471428571428572,1,5.0,0.64,1,sickle cell disease,0.44168723761986317
0.0,2.70805020110221,0.5,0,24,0.4471428571428572,1,5.0,0.64,0,sickle cell disease,0.4196921815879618
2.0,2.3978952727983707,1.0,0,48,0.4471428571428572,5,5.0,0.36,1,sickle cell disease,0.5110398576634041
0.0,3.828641396489095,0.5,0,24,0.4471428571428572,1,5.0,0.64,1,sickle cell disease,0.43650104951876506
1.0,3.295836866004329,1.0,0,36,0.4471428571428572,5,5.0,0.64,1,sickle cell disease,0.6085089815614935
0.0,2.8903717578961645,0.5,0,24,0.4471428571428572,1,5.0,0.64,1,sickle cell disease,0.42242700493987106
4.0,5.484796933490655,0.5,0,36,0.4471428571428572,1,5.0,0.8,1,sickle cell disease,0.5093433825737883
1.0,0.0,0.5,0,36,0.4471428571428572,1,5.0,0.64,0,sickle cell disease,0.3790714285714286
0.0,4.418840607796598,0.5,0,24,0.4471428571428572,1,5.0,0.64,0,sickle cell disease,0.44535403768837756
2.0,4.997212273764115,1.0,0,48,0.4471428571428572,5,5.0,0.36,1,sickle cell disease,0.5500296126778903
0.0,4.174387269895637,0.5,0,24,0.4471428571428572,1,5.0,0.64,1,sickle cell disease,0.44168723761986317
1.0,0.0,0.5,0,36,0.4471428571428572,1,5.0,0.64,0,sickle cell disease,0.3790714285714286
0.0,3.1354942159291497,0.5,0,24,0.4471428571428572,1,5.0,0.64,1,sickle cell disease,0.42610384181036587
1.0,2.0794415416798357,1.0,0,36,0.4471428571428572,5,5.0,0.64,1,sickle cell disease,0.5902630516966261
0.0,3.6375861597263857,0.5,0,24,0.4471428571428572,1,5.0,0.64,1,sickle cell disease,0.43363522096732443
0.0,3.6635616461296463,1.0,0,24,0.4471428571428572,5,5.0,0.64,1,sickle cell disease,0.6140248532633732
0.0,3.4965075614664802,0.5,0,24,0.4471428571428572,1,5.0,0.64,1,sickle cell disease,0.43151904199342583
4.0,4.90527477843843,1.0,0,36,0.4471428571428572,5,5.0,0.8,0,sickle cell disease,0.680650550248005
0.0,3.258096538021482,0.5,0,24,0.4471428571428572,1,5.0,0.64,1,sickle cell disease,0.42794287664175085
0.0,3.367295829986474,0.5,0,24,0.4471428571428572,1,5.0,0.64,1,sickle cell disease,0.42958086602122575
0.0,6.912742820493176,0.5,0,24,0.4471428571428572,1,5.0,0.64,1,sickle cell disease,0.48276257087882624
3.0,5.846438775057725,1.0,0,60,0.4471428571428572,5,5.0,0.58,1,sickle cell disease,0.6287680101972944
0.0,4.110873864173311,0.5,0,24,0.4471428571428572,1,5.0,0.64,1,sickle cell disease,0.4407345365340283
4.0,3.4011973816621555,0.5,0,36,0.4471428571428572,1,5.0,0.8,1,sickle cell disease,0.47808938929636086
2.0,0.6931471805599453,0.5,0,48,0.4471428571428572,1,5.0,0.36,0,sickle cell disease,0.3054686362798278
1.0,2.0794415416798357,0.5,0,36,0.4471428571428572,1,5.0,0.64,1,sickle cell disease,0.41026305169662614
1.0,3.2188758248682006,1.0,0,36,0.4471428571428572,5,5.0,0.64,1,sickle cell disease,0.6073545659444516
0.0,3.7612001156935624,0.5,0,24,0.4471428571428572,1,5.0,0.64,1,sickle cell disease,0.43548943030683207
0.0,3.4339872044851463,0.5,0,24,0.4471428571428572,1,5.0,0.64,1,sickle cell disease,0.4305812366387058
1.0,1.6094379124341003,0.5,0,36,0.4471428571428572,1,5.0,0.64,1,sickle cell disease,0.40321299725794013
0.0,6.444131256700441,0.5,0,24,0.4471428571428572,1,5.0,0.64,1,sickle cell disease,0.4757333974219352
2.0,2.302585092994046,0.5,0,48,0.4471428571428572,1,5.0,0.36,1,sickle cell disease,0.3296102049663393
2.0,3.2188758248682006,1.0,0,48,0.4471428571428572,5,5.0,0.36,1,sickle cell disease,0.5233545659444516
0.0,8.741935464094144,0.5,0,24,0.4471428571428572,1,5.0,0.64,1,sickle cell disease,0.5102004605328407
0.0,3.4339872044851463,0.5,0,24,0.4471428571428572,1,5.0,0.64,1,sickle cell disease,0.4305812366387058
0.0,1.0986122886681098,0.5,0,24,0.4471428571428572,1,5.0,0.64,1,sickle cell disease,0.39555061290145027
0.0,5.017279836814924,0.5,0,24,0.4471428571428572,1,5.0,0.64,1,sickle cell disease,0.4543306261236525
1.0,0.0,0.5,0,36,0.4471428571428572,1,5.0,0.64,0,sickle cell disease,0.3790714285714286
0.0,1.3862943611198906,0.5,0,24,0.4471428571428572,1,5.0,0.64,0,sickle cell disease,0.399865843988227
0.0,6.263398262591624,0.5,0,24,0.4471428571428572,1,5.0,0.64,1,sickle cell disease,0.473022402510303
0.0,7.244941546337007,0.5,0,24,0.4471428571428572,1,5.0,0.64,1,sickle cell disease,0.4877455517664837
4.0,1.6094379124341003,0.5,0,36,0.4471428571428572,1,5.0,0.8,1,sickle cell disease,0.45121299725794006
0.0,3.8501476017100584,0.5,0,24,0.4471428571428572,1,5.0,0.64,1,sickle cell disease,0.4368236425970795
2.0,3.5553480614894135,1.0,0,48,0.4471428571428572,5,5.0,0.36,1,sickle cell disease,0.5284016494937698
0.0,5.1647859739235145,0.5,0,24,0.4471428571428572,1,5.0,0.64,1,sickle cell disease,0.4565432181802813
1.0,4.204692619390966,1.0,0,36,0.4471428571428572,5,5.0,0.64,1,sickle cell disease,0.6221418178622931
0.0,4.204692619390966,0.5,0,24,0.4471428571428572,1,5.0,0.64,1,sickle cell disease,0.4421418178622931
3.0,8.085486772102845,1.0,0,60,0.4471428571428572,5,5.0,0.58,1,sickle cell disease,0.6623537301529712
1.0,1.3862943611198906,0.5,0,36,0.4471428571428572,1,5.0,0.64,1,sickle cell disease,0.399865843988227
0.0,5.303304908059076,0.5,0,24,0.4471428571428572,1,5.0,0.64,1,sickle cell disease,0.4586210021923147
0.0,7.77779262633883,0.5,0,24,0.4471428571428572,1,5.0,0.64,1,sickle cell disease,0.4957383179665111
3.0,6.089044875446846,0.5,0,60,0.4471428571428572,1,5.0,0.58,1,sickle cell disease,0.4524071017031313
1.0,1.6094379124341003,0.5,0,36,0.4471428571428572,1,5.0,0.64,1,sickle cell disease,0.40321299725794013
2.0,4.997212273764115,1.0,0,48,0.4471428571428572,5,5.0,0.36,0,sickle cell disease,0.5500296126778903
4.0,3.9318256327243257,0.5,0,36,0.4471428571428572,1,5.0,0.8,1,sickle cell disease,0.4860488130622934
0.0,5.017279836814924,0.5,0,24,0.4471428571428572,1,5.0,0.64,1,sickle cell disease,0.4543306261236525
3.0,5.293304824724492,0.5,0,60,0.4471428571428572,1,5.0,0.58,1,sickle cell disease,0.44047100094229596
0.0,6.311734809152915,0.5,0,24,0.4471428571428572,1,5.0,0.64,1,sickle cell disease,0.4737474507087223
0.0,4.61512051684126,0.5,0,24,0.4471428571428572,1,5.0,0.64,1,sickle cell disease,0.4482982363240475
2.0,1.791759469228055,1.0,0,48,0.4471428571428572,5,5.0,0.36,1,sickle cell disease,0.5019478206098494
0.0,5.648974238161206,0.5,0,24,0.4471428571428572,1,5.0,0.64,1,sickle cell disease,0.4638060421438467
0.0,4.584967478670572,0.5,0,24,0.4471428571428572,1,5.0,0.64,1,sickle cell disease,0.4478459407514872
2.0,4.6913478822291435,0.5,0,48,0.4471428571428572,1,5.0,0.36,1,sickle cell disease,0.36544164680486574
0.0,5.424950017481403,0.5,0,24,0.4471428571428572,1,5.0,0.64,1,sickle cell disease,0.4604456788336496
0.0,3.713572066704308,0.5,0,24,0.4471428571428572,1,5.0,0.64,1,sickle cell disease,0.4347750095719932
1.0,0.6931471805599453,1.0,0,36,0.4471428571428572,5,5.0,0.64,0,sickle cell disease,0.5694686362798277
3.0,5.187385805840755,0.5,0,60,0.4471428571428572,1,5.0,0.58,1,sickle cell disease,0.43888221565903995
1.0,3.2188758248682006,0.5,0,36,0.4471428571428572,1,5.0,0.64,1,sickle cell disease,0.42735456594445165
1.0,0.6931471805599453,0.5,0,36,0.4471428571428572,1,5.0,0.64,0,sickle cell disease,0.3894686362798278
0.0,3.258096538021482,0.5,0,24,0.4471428571428572,1,5.0,0.64,1,sickle cell disease,0.42794287664175085
0.0,3.8066624897703196,1.0,0,24,0.4471428571428572,5,5.0,0.64,1,sickle cell disease,0.6161713659179834
0.0,4.634728988229636,0.5,0,24,0.4471428571428572,1,5.0,0.64,1,sickle cell disease,0.4485923633948732
2.0,2.3978952727983707,1.0,0,48,0.4471428571428572,5,5.0,0.36,1,sickle cell disease,0.5110398576634041
0.0,3.9318256327243257,0.5,0,24,0.4471428571428572,1,5.0,0.64,1,sickle cell disease,0.4380488130622935
0.0,3.8066624897703196,0.5,0,24,0.4471428571428572,1,5.0,0.64,1,sickle cell disease,0.4361713659179834
3.0,6.1092475827643655,1.0,0,60,0.4471428571428572,5,5.0,0.58,1,sickle cell disease,0.632710142312894
0.0,3.4339872044851463,0.5,0,24,0.4471428571428572,1,5.0,0.64,1,sickle cell disease,0.4305812366387058
0.0,3.912023005428146,0.5,0,24,0.4471428571428572,1,5.0,0.64,1,sickle cell disease,0.4377517736528508
2.0,4.143134726391533,0.5,0,48,0.4471428571428572,1,5.0,0.36,1,sickle cell disease,0.3572184494673016
0.0,4.605170185988092,0.8,0,24,0.4471428571428572,3,5.0,0.64,1,sickle cell disease,0.54814898136125
0.0,4.356708826689592,0.5,0,24,0.4471428571428572,1,5.0,0.64,1,sickle cell disease,0.4444220609717725
2.0,3.4657359027997265,0.5,0,48,0.4471428571428572,1,5.0,0.36,0,sickle cell disease,0.3470574671134245
1.0,0.0,0.5,0,36,0.4471428571428572,1,5.0,0.64,0,sickle cell disease,0.3790714285714286
0.0,4.110873864173311,0.5,0,24,0.4471428571428572,1,5.0,0.64,1,sickle cell disease,0.4407345365340283
2.0,3.258096538021482,0.5,0,48,0.4471428571428572,1,5.0,0.36,1,sickle cell disease,0.3439428766417508
0.0,3.258096538021482,0.5,0,24,0.4471428571428572,1,5.0,0.64,1,sickle cell disease,0.42794287664175085
4.0,4.5217885770490405,0.5,0,36,0.4471428571428572,1,5.0,0.8,1,sickle cell disease,0.4948982572271642
0.0,6.066108090103747,0.5,0,24,0.4471428571428572,1,5.0,0.64,1,sickle cell disease,0.4700630499229848
2.0,4.9344739331306915,0.5,0,48,0.4471428571428572,1,5.0,0.36,1,sickle cell disease,0.369088537568389
0.0,4.060443010546419,0.5,0,24,0.4471428571428572,1,5.0,0.64,1,sickle cell disease,0.4399780737296249
0.0,2.833213344056216,0.5,0,24,0.4471428571428572,1,5.0,0.64,1,sickle cell disease,0.4215696287322719
0.0,3.091042453358316,0.5,0,24,0.4471428571428572,1,5.0,0.64,1,sickle cell disease,0.42543706537180337
2.0,4.060443010546419,1.0,0,48,0.4471428571428572,5,5.0,0.36,1,sickle cell disease,0.5359780737296249
0.0,3.713572066704308,0.5,0,24,0.4471428571428572,1,5.0,0.64,1,sickle cell disease,0.4347750095719932
0.0,4.61512051684126,0.5,0,24,0.4471428571428572,1,5.0,0.64,1,sickle cell disease,0.4482982363240475
0.0,5.117993812416755,0.5,0,24,0.4471428571428572,1,5.0,0.64,1,sickle cell disease,0.45584133575767993
3.0,5.236441962829949,0.5,0,60,0.4471428571428572,1,5.0,0.58,1,sickle cell disease,0.4396180580138778
0.0,6.6052979209482015,0.5,0,24,0.4471428571428572,1,5.0,0.64,1,sickle cell disease,0.47815089738565164
2.0,4.59511985013459,0.5,0,48,0.4471428571428572,1,5.0,0.36,1,sickle cell disease,0.36399822632344747
1.0,5.236441962829949,1.0,0,36,0.4471428571428572,5,5.0,0.64,0,sickle cell disease,0.6376180580138778
3.0,0.0,1.0,0,60,0.4471428571428572,5,5.0,0.58,0,sickle cell disease,0.5410714285714285
2.0,3.912023005428146,1.0,0,48,0.4471428571428572,5,5.0,0.36,1,sickle cell disease,0.5337517736528508
2.0,4.564348191467836,0.5,0,48,0.4471428571428572,1,5.0,0.36,1,sickle cell disease,0.36353665144344616
0.0,4.6913478822291435,0.5,0,24,0.4471428571428572,1,5.0,0.64,1,sickle cell disease,0.44944164680486576
0.0,4.700480365792417,0.8,0,24,0.4471428571428572,3,5.0,0.64,1,sickle cell disease,0.5495786340583149
2.0,4.143134726391533,0.5,0,48,0.4471428571428572,1,5.0,0.36,1,sickle cell disease,0.3572184494673016
0.0,3.9318256327243257,0.5,0,24,0.4471428571428572,1,5.0,0.64,1,sickle cell disease,0.4380488130622935
0.5,3.6375861597263857,0.5,0,24,0.4471428571428572,1,5.0,0.64,1,sickle cell disease,0.43363522096732443
0.0,5.365976015021851,0.5,0,24,0.4471428571428572,1,5.0,0.64,1,sickle cell disease,0.4595610687967564
0.0,4.204692619390966,0.5,0,24,0.4471428571428572,1,5.0,0.64,1,sickle cell disease,0.4421418178622931
2.0,4.07753744390572,0.5,0,48,0.4471428571428572,1,5.0,0.36,1,sickle cell disease,0.3562344902300144
3.0,4.795790545596741,0.5,0,60,0.4471428571428572,1,5.0,0.58,1,sickle cell disease,0.4330082867553797
0.0,4.204692619390966,1.0,0,24,0.4471428571428572,5,5.0,0.64,1,sickle cell disease,0.6221418178622931
0.0,0.0,1.0,0,24,0.4471428571428572,5,5.0,0.64,0,sickle cell disease,0.5590714285714286
2.0,4.875197323201151,0.5,0,48,0.4471428571428572,1,5.0,0.36,1,sickle cell disease,0.3681993884194459
0.0,2.6390573296152584,1.0,0,24,0.4471428571428572,5,5.0,0.64,1,sickle cell disease,0.5986572885156575
0.0,4.605170185988092,0.5,0,24,0.4471428571428572,1,5.0,0.64,1,sickle cell disease,0.44814898136125
2.0,3.295836866004329,0.5,0,48,0.4471428571428572,1,5.0,0.36,1,sickle cell disease,0.3445089815614935
1.0,2.5649493574615367,1.0,0,36,0.4471428571428572,5,5.0,0.64,0,sickle cell disease,0.5975456689333516
1.0,2.772588722239781,0.8,0,36,0.4471428571428572,3,5.0,0.64,1,sickle cell disease,0.5206602594050254
4.0,3.912023005428146,0.5,0,36,0.4471428571428572,1,5.0,0.8,1,sickle cell disease,0.4857517736528507
2.0,4.48863636973214,1.0,0,48,0.4471428571428572,5,5.0,0.36,1,sickle cell disease,0.5424009741174107
1.0,1.9459101490553132,0.5,0,36,0.4471428571428572,1,5.0,0.64,1,sickle cell disease,0.4082600808072583
1.0,3.8066624897703196,1.0,0,36,0.4471428571428572,5,5.0,0.64,1,sickle cell disease,0.6161713659179834
1.0,4.875197323201151,1.0,0,36,0.4471428571428572,5,5.0,0.64,1,sickle cell disease,0.6321993884194458
1.0,0.0,0.5,0,36,0.4471428571428572,1,5.0,0.64,0,sickle cell disease,0.3790714285714286
2.0,4.1588830833596715,1.0,0,48,0.4471428571428572,5,5.0,0.36,1,sickle cell disease,0.5374546748218236
0.0,3.5263605246161616,0.5,0,24,0.4471428571428572,1,5.0,0.64,1,sickle cell disease,0.431966836440671
0.0,4.634728988229636,0.5,0,24,0.4471428571428572,1,5.0,0.64,1,sickle cell disease,0.4485923633948732
0.0,5.631211781821365,0.5,0,24,0.4471428571428572,1,5.0,0.64,1,sickle cell disease,0.4635396052987491
0.0,0.0,0.5,0,24,0.4471428571428572,1,5.0,0.64,0,sickle cell disease,0.3790714285714286
0.0,5.159055299214529,0.5,0,24,0.4471428571428572,1,5.0,0.64,1,sickle cell disease,0.45645725805964654
0.0,3.4339872044851463,0.5,0,24,0.4471428571428572,1,5.0,0.64,0,sickle cell disease,0.4305812366387058
0.0,4.394449154672439,1.0,0,24,0.4471428571428572,5,5.0,0.64,1,sickle cell disease,0.6249881658915152
0.0,3.4011973816621555,0.5,0,24,0.4471428571428572,1,5.0,0.64,1,sickle cell disease,0.4300893892963609
0.0,4.189654742026425,0.8,0,24,0.4471428571428572,3,5.0,0.64,1,sickle cell disease,0.541916249701825
0.0,2.772588722239781,0.5,0,24,0.4471428571428572,1,5.0,0.64,1,sickle cell disease,0.4206602594050253
0.0,4.219507705176107,0.5,0,24,0.4471428571428572,1,5.0,0.64,1,sickle cell disease,0.4423640441490702
4.0,5.5093883366279774,0.5,0,36,0.4471428571428572,1,5.0,0.8,1,sickle cell disease,0.5097122536208482
3.0,5.19295685089021,1.0,0,60,0.4471428571428572,5,5.0,0.58,0,sickle cell disease,0.6189657813347816
0.0,4.844187086458591,0.5,0,24,0.4471428571428572,1,5.0,0.64,1,sickle cell disease,0.4517342348683075
2.0,3.044522437723423,0.5,0,48,0.4471428571428572,1,5.0,0.36,1,sickle cell disease,0.3407392651372799
0.0,3.58351893845611,0.5,0,24,0.4471428571428572,1,5.0,0.64,0,sickle cell disease,0.43282421264827026
2.0,3.871201010907891,0.5,0,48,0.4471428571428572,1,5.0,0.36,1,sickle cell disease,0.35313944373504697
2.0,4.770684624465665,1.0,0,48,0.4471428571428572,5,5.0,0.36,1,sickle cell disease,0.5466316979384136
0.0,5.111987788356544,0.5,0,24,0.4471428571428572,1,5.0,0.64,1,sickle cell disease,0.45575124539677675
2.0,1.791759469228055,0.5,0,48,0.4471428571428572,1,5.0,0.36,0,sickle cell disease,0.32194782060984944
0.0,3.332204510175204,0.8,0,24,0.4471428571428572,3,5.0,0.64,1,sickle cell disease,0.5290544962240566
3.0,5.267858159063328,1.0,0,60,0.4471428571428572,5,5.0,0.58,0,sickle cell disease,0.6200893009573785
0.0,4.553876891600541,0.5,0,24,0.4471428571428572,1,5.0,0.64,1,sickle cell disease,0.4473795819454367
0.0,4.90527477843843,0.5,0,24,0.4471428571428572,1,5.0,0.64,1,sickle cell disease,0.45265055024800505
0.0,3.6635616461296463,0.8,0,24,0.4471428571428572,3,5.0,0.64,1,sickle cell disease,0.5340248532633732
1.0,1.9459101490553132,0.5,0,36,0.4471428571428572,1,5.0,0.64,1,sickle cell disease,0.4082600808072583
0.0,3.8918202981106265,0.5,0,24,0.4471428571428572,1,5.0,0.64,1,sickle cell disease,0.437448733043088
0.0,3.258096538021482,0.5,0,24,0.4471428571428572,1,5.0,0.64,1,sickle cell disease,0.42794287664175085
0.0,8.565602330623925,0.5,0,24,0.4471428571428572,1,5.0,0.64,1,sickle cell disease,0.5075554635307875
2.0,4.61512051684126,1.0,0,48,0.4471428571428572,5,5.0,0.36,1,sickle cell disease,0.5442982363240475
0.0,3.2188758248682006,1.0,0,24,0.4471428571428572,5,5.0,0.64,1,sickle cell disease,0.6073545659444516
3.0,0.0,0.5,0,60,0.4471428571428572,1,5.0,0.58,0,sickle cell disease,0.3610714285714286
0.0,3.9318256327243257,0.5,0,24,0.4471428571428572,1,5.0,0.64,1,sickle cell disease,0.4380488130622935
4.0,4.276666119016055,0.5,0,36,0.4471428571428572,1,5.0,0.8,1,sickle cell disease,0.4912214203566694
2.0,2.9444389791664403,0.5,0,48,0.4471428571428572,1,5.0,0.36,0,sickle cell disease,0.3392380132589252
1.0,1.6094379124341003,0.5,0,36,0.4471428571428572,1,5.0,0.64,0,sickle cell disease,0.40321299725794013
0.0,3.044522437723423,0.5,0,24,0.4471428571428572,1,5.0,0.64,1,sickle cell disease,0.42473926513727994
0.0,1.0986122886681098,0.5,0,24,0.4471428571428572,1,5.0,0.64,0,sickle cell disease,0.39555061290145027
2.0,4.394449154672439,0.5,0,48,0.4471428571428572,1,5.0,0.36,1,sickle cell disease,0.36098816589151517
0.0,4.51085950651685,0.5,0,24,0.4471428571428572,1,5.0,0.64,1,sickle cell disease,0.4467343211691814
0.0,1.9459101490553132,0.5,0,24,0.4471428571428572,1,5.0,0.64,1,sickle cell disease,0.4082600808072583
0.0,4.927253685157205,0.5,0,24,0.4471428571428572,1,5.0,0.64,1,sickle cell disease,0.4529802338487867
0.0,8.38776764397578,0.5,0,24,0.4471428571428572,1,5.0,0.64,1,sickle cell disease,0.5048879432310653
0.0,5.176149732573829,0.5,0,24,0.4471428571428572,1,5.0,0.64,1,sickle cell disease,0.45671367456003603
0.0,3.4339872044851463,0.5,0,24,0.4471428571428572,1,5.0,0.64,1,sickle cell disease,0.4305812366387058
0.0,3.091042453358316,0.5,0,24,0.4471428571428572,1,5.0,0.64,1,sickle cell disease,0.42543706537180337
0.0,3.258096538021482,0.5,0,24,0.4471428571428572,1,5.0,0.64,1,sickle cell disease,0.42794287664175085
0.0,3.9318256327243257,0.5,0,24,0.4471428571428572,1,5.0,0.64,1,sickle cell disease,0.4380488130622935
0.0,3.2188758248682006,0.5,0,24,0.4471428571428572,1,5.0,0.64,1,sickle cell disease,0.42735456594445165
0.0,4.219507705176107,0.5,0,24,0.4471428571428572,1,5.0,0.64,1,sickle cell disease,0.4423640441490702
0.0,2.0794415416798357,0.5,0,24,0.4471428571428572,1,5.0,0.64,1,sickle cell disease,0.41026305169662614
0.0,5.159055299214529,0.5,0,24,0.4471428571428572,1,5.0,0.64,1,sickle cell disease,0.45645725805964654
2.0,2.70805020110221,0.5,0,48,0.4471428571428572,1,5.0,0.36,1,sickle cell disease,0.33569218158796177
0.0,3.044522437723423,0.5,0,24,0.4471428571428572,1,5.0,0.64,0,sickle cell disease,0.42473926513727994
0.5,0.6931471805599453,0.5,0,24,0.4471428571428572,1,5.0,0.64,0,sickle cell disease,0.3894686362798278
0.0,0.6931471805599453,0.5,0,24,0.4471428571428572,1,5.0,0.64,1,sickle cell disease,0.3894686362798278
0.0,4.709530201312334,0.5,0,24,0.4471428571428572,1,5.0,0.64,1,sickle cell disease,0.44971438159111365
1.0,0.0,0.5,0,36,0.4471428571428572,1,5.0,0.64,0,sickle cell disease,0.3790714285714286
0.0,4.31748811353631,0.5,0,24,0.4471428571428572,1,5.0,0.64,1,sickle cell disease,0.44383375027447325
1.0,3.091042453358316,1.0,0,36,0.4471428571428572,5,5.0,0.64,1,sickle cell disease,0.6054370653718033
0.0,0.0,0.5,0,24,0.4471428571428572,1,5.0,0.64,0,sickle cell disease,0.3790714285714286
3.0,3.7612001156935624,0.5,0,60,0.4471428571428572,1,5.0,0.58,1,sickle cell disease,0.41748943030683205
1.0,2.995732273553991,1.0,0,36,0.4471428571428572,5,5.0,0.64,1,sickle cell disease,0.6040074126747385
2.0,3.6109179126442243,1.0,0,48,0.4471428571428572,5,5.0,0.36,1,sickle cell disease,0.5292351972610919
0.0,2.302585092994046,1.0,0,24,0.4471428571428572,5,5.0,0.64,1,sickle cell disease,0.5936102049663392
0.0,4.31748811353631,0.5,0,24,0.4471428571428572,1,5.0,0.64,1,sickle cell disease,0.44383375027447325
0.0,2.3978952727983707,0.5,0,24,0.4471428571428572,1,5.0,0.64,0,sickle cell disease,0.4150398576634042
2.0,0.6931471805599453,0.5,0,48,0.4471428571428572,1,5.0,0.36,0,sickle cell disease,0.3054686362798278
1.0,1.9459101490553132,0.5,0,36,0.4471428571428572,1,5.0,0.64,1,sickle cell disease,0.4082600808072583
0.0,5.676753802268282,0.5,0,24,0.4471428571428572,1,5.0,0.64,1,sickle cell disease,0.46422273560545285
0.0,3.8501476017100584,0.5,0,24,0.4471428571428572,1,5.0,0.64,1,sickle cell disease,0.4368236425970795
0.0,4.2626798770413155,0.8,0,24,0.4471428571428572,3,5.0,0.64,1,sickle cell disease,0.5430116267270483
0.0,5.337538079701318,1.0,0,24,0.4471428571428572,5,5.0,0.64,1,sickle cell disease,0.6391344997669484
0.0,3.8066624897703196,0.6,0,24,0.4471428571428572,1,5.0,0.64,1,sickle cell disease,0.45617136591798335
1.0,1.9459101490553132,0.5,0,36,0.4471428571428572,1,5.0,0.64,0,sickle cell disease,0.4082600808072583
1.0,0.6931471805599453,1.0,0,36,0.4471428571428572,5,5.0,0.64,0,sickle cell disease,0.5694686362798277
0.0,5.998936561946683,0.5,0,24,0.4471428571428572,1,5.0,0.64,1,sickle cell disease,0.4690554770006289
0.0,5.717027701406222,0.5,0,24,0.4471428571428572,1,5.0,0.64,1,sickle cell disease,0.46482684409252195
0.0,5.707110264748875,0.5,0,24,0.4471428571428572,1,5.0,0.64,1,sickle cell disease,0.46467808254266174
0.0,6.0063531596017325,0.5,0,24,0.4471428571428572,1,5.0,0.64,1,sickle cell disease,0.4691667259654546
1.0,2.3978952727983707,0.5,0,36,0.4471428571428572,1,5.0,0.64,1,sickle cell disease,0.4150398576634042
0.0,5.726847747587197,0.5,0,24,0.4471428571428572,1,5.0,0.64,1,sickle cell disease,0.4649741447852366
3.0,5.796057750765372,0.5,0,60,0.4471428571428572,1,5.0,0.58,0,sickle cell disease,0.44801229483290916
0.5,3.044522437723423,0.5,0,24,0.4471428571428572,1,5.0,0.64,1,sickle cell disease,0.42473926513727994
0.0,5.407171771460119,0.5,0,24,0.4471428571428572,1,5.0,0.64,1,sickle cell disease,0.4601790051433304
3.0,1.791759469228055,0.5,0,60,0.4471428571428572,1,5.0,0.58,0,sickle cell disease,0.38794782060984945
1.0,2.0794415416798357,1.0,0,36,0.4471428571428572,5,5.0,0.64,1,sickle cell disease,0.5902630516966261
3.0,5.093750200806762,1.0,0,60,0.4471428571428572,5,5.0,0.58,0,sickle cell disease,0.61747768158353
3.0,4.653960350157523,0.5,0,60,0.4471428571428572,1,5.0,0.58,1,sickle cell disease,0.43088083382379144
0.0,4.3694478524670215,0.5,0,24,0.4471428571428572,1,5.0,0.64,1,sickle cell disease,0.44461314635843396
2.0,5.860786223465865,0.5,0,48,0.4471428571428572,1,5.0,0.36,1,sickle cell disease,0.3829832219234166
0.0,5.552959584921617,0.5,0,24,0.4471428571428572,1,5.0,0.64,1,sickle cell disease,0.46236582234525286
0.0,7.487733761436444,0.5,0,24,0.4471428571428572,1,5.0,0.64,1,sickle cell disease,0.49138743499297527
2.0,2.3978952727983707,0.5,0,48,0.4471428571428572,1,5.0,0.36,1,sickle cell disease,0.33103985766340416
3.0,4.653960350157523,1.0,0,60,0.4471428571428572,5,5.0,0.58,1,sickle cell disease,0.6108808338237914
0.0,5.948034989180646,0.5,0,24,0.4471428571428572,1,5.0,0.64,1,sickle cell disease,0.4682919534091383
0.5,2.8903717578961645,0.8,0,24,0.4471428571428572,3,5.0,0.64,1,sickle cell disease,0.522427004939871
0.0,5.5254529391317835,0.5,0,24,0.4471428571428572,1,5.0,0.64,1,sickle cell disease,0.4619532226584053
2.0,4.07753744390572,1.0,0,48,0.4471428571428572,5,5.0,0.36,1,sickle cell disease,0.5362344902300143
0.0,1.791759469228055,0.5,0,24,0.4471428571428572,1,5.0,0.64,1,sickle cell disease,0.40594782060984946
0.0,7.469654172932128,0.5,0,24,0.4471428571428572,1,5.0,0.64,1,sickle cell disease,0.4911162411654105
2.0,4.465908118654584,1.0,0,48,0.4471428571428572,5,5.0,0.36,1,sickle cell disease,0.5420600503512474
0.0,2.8903717578961645,0.5,0,24,0.4471428571428572,1,5.0,0.64,1,sickle cell disease,0.42242700493987106
0.0,0.0,0.5,0,24,0.4471428571428572,1,5.0,0.64,0,sickle cell disease,0.3790714285714286
1.0,3.5263605246161616,1.0,0,36,0.4471428571428572,5,5.0,0.64,1,sickle cell disease,0.611966836440671
0.0,4.290459441148391,0.5,0,24,0.4471428571428572,1,5.0,0.64,1,sickle cell disease,0.44342832018865447
1.0,3.970291913552122,1.0,0,36,0.4471428571428572,5,5.0,0.64,1,sickle cell disease,0.6186258072747104
0.5,1.791759469228055,0.5,0,24,0.4471428571428572,1,5.0,0.64,1,sickle cell disease,0.40594782060984946
0.0,6.529418838262226,0.5,0,24,0.4471428571428572,1,5.0,0.64,1,sickle cell disease,0.477012711145362
3.0,5.4680601411351315,1.0,0,60,0.4471428571428572,5,5.0,0.58,0,sickle cell disease,0.6230923306884555
0.0,2.1972245773362196,0.5,0,24,0.4471428571428572,1,5.0,0.64,1,sickle cell disease,0.41202979723147193
0.0,5.886104031450156,0.5,0,24,0.4471428571428572,1,5.0,0.64,1,sickle cell disease,0.46736298904318097
0.0,4.1588830833596715,0.5,0,24,0.4471428571428572,1,5.0,0.64,1,sickle cell disease,0.44145467482182366
0.0,4.532599493153256,0.5,0,24,0.4471428571428572,1,5.0,0.64,1,sickle cell disease,0.44706042096872745
0.0,8.424200324567073,0.5,0,24,0.4471428571428572,1,5.0,0.64,1,sickle cell disease,0.5054344334399347
1.0,2.0794415416798357,0.5,0,36,0.4471428571428572,1,5.0,0.64,0,sickle cell disease,0.41026305169662614
0.0,2.833213344056216,0.5,0,24,0.4471428571428572,1,5.0,0.64,1,sickle cell disease,0.4215696287322719
2.0,3.8501476017100584,0.8,0,48,0.4471428571428572,3,5.0,0.36,1,sickle cell disease,0.45282364259707947
0.0,1.3862943611198906,0.5,0,24,0.4471428571428572,1,5.0,0.64,0,sickle cell disease,0.399865843988227
0.0,3.4657359027997265,0.5,0,24,0.4471428571428572,1,5.0,0.64,1,sickle cell disease,0.4310574671134245
0.0,3.1354942159291497,0.5,0,24,0.4471428571428572,1,5.0,0.64,1,sickle cell disease,0.42610384181036587
3.0,4.23410650459726,0.5,0,60,0.4471428571428572,1,5.0,0.58,0,sickle cell disease,0.4245830261403875
0.0,5.860786223465865,0.5,0,24,0.4471428571428572,1,5.0,0.64,1,sickle cell disease,0.46698322192341657
0.0,9.118334726180159,0.5,0,24,0.4471428571428572,1,5.0,0.64,0,sickle cell disease,0.515846449464131
0.0,4.356708826689592,0.5,0,24,0.4471428571428572,1,5.0,0.64,1,sickle cell disease,0.4444220609717725
1.0,4.812184355372417,1.0,0,36,0.4471428571428572,5,5.0,0.64,1,sickle cell disease,0.6312541939020148
0.0,1.9459101490553132,0.5,0,24,0.4471428571428572,1,5.0,0.64,0,sickle cell disease,0.4082600808072583
4.0,2.70805020110221,0.5,0,36,0.4471428571428572,1,5.0,0.8,1,sickle cell disease,0.4676921815879617
0.0,5.262690188904886,0.5,0,24,0.4471428571428572,1,5.0,0.64,1,sickle cell disease,0.45801178140500187
2.0,4.7535901911063645,1.0,0,48,0.4471428571428572,5,5.0,0.36,0,sickle cell disease,0.546375281438024
1.0,1.6094379124341003,1.0,0,36,0.4471428571428572,5,5.0,0.64,0,sickle cell disease,0.5832129972579401
0.0,2.995732273553991,0.5,0,24,0.4471428571428572,1,5.0,0.64,1,sickle cell disease,0.42400741267473846
3.0,0.0,1.0,0,60,0.4471428571428572,5,5.0,0.58,0,sickle cell disease,0.5410714285714285
0.0,3.4339872044851463,0.5,0,24,0.4471428571428572,1,5.0,0.64,1,sickle cell disease,0.4305812366387058
0.5,0.0,0.5,0,24,0.4471428571428572,1,5.0,0.64,0,sickle cell disease,0.3790714285714286
0.0,3.044522437723423,0.5,0,24,0.4471428571428572,1,5.0,0.64,1,sickle cell disease,0.42473926513727994
1.0,4.867534450455582,1.0,0,36,0.4471428571428572,5,5.0,0.64,1,sickle cell disease,0.6320844453282622
4.0,2.1972245773362196,0.5,0,36,0.4471428571428572,1,5.0,0.8,0,sickle cell disease,0.46002979723147186
4.0,3.044522437723423,0.5,0,36,0.4471428571428572,1,5.0,0.8,1,sickle cell disease,0.4727392651372799
4.0,3.258096538021482,1.0,0,36,0.4471428571428572,5,5.0,0.8,1,sickle cell disease,0.6559428766417508
2.0,1.9459101490553132,1.0,0,48,0.4471428571428572,5,5.0,0.36,0,sickle cell disease,0.5042600808072583
0.0,5.231108616854587,0.8,0,24,0.4471428571428572,3,5.0,0.64,1,sickle cell disease,0.5575380578242474
1.0,0.0,1.0,0,36,0.4471428571428572,5,5.0,0.64,0,sickle cell disease,0.5590714285714286
0.0,4.7535901911063645,0.5,0,24,0.4471428571428572,1,5.0,0.64,1,sickle cell disease,0.4503752814380241
0.0,4.962844630259907,0.5,0,24,0.4471428571428572,1,5.0,0.64,1,sickle cell disease,0.4535140980253272
0.0,4.343805421853684,0.5,0,24,0.4471428571428572,1,5.0,0.64,1,sickle cell disease,0.4442285098992339
0.0,3.091042453358316,0.5,0,24,0.4471428571428572,1,5.0,0.64,0,sickle cell disease,0.42543706537180337
3.0,6.1675164908883415,0.5,0,60,0.4471428571428572,1,5.0,0.58,1,sickle cell disease,0.45358417593475375
0.0,5.634789603169249,0.5,0,24,0.4471428571428572,1,5.0,0.64,1,sickle cell disease,0.4635932726189673
2.0,3.713572066704308,0.5,0,48,0.4471428571428572,1,5.0,0.36,0,sickle cell disease,0.3507750095719932
2.0,4.07753744390572,0.5,0,48,0.4471428571428572,1,5.0,0.36,1,sickle cell disease,0.3562344902300144
0.0,2.6390573296152584,1.0,0,24,0.4471428571428572,5,5.0,0.64,1,sickle cell disease,0.5986572885156575
2.0,0.0,0.5,0,48,0.4471428571428572,1,5.0,0.36,0,sickle cell disease,0.2950714285714286
0.0,4.787491742782046,0.8,0,24,0.4471428571428572,3,5.0,0.64,1,sickle cell disease,0.5508838047131592
0.0,6.9930151229329605,0.5,0,24,0.4471428571428572,1,5.0,0.64,1,sickle cell disease,0.48396665541542305
1.0,4.700480365792417,1.0,0,36,0.4471428571428572,5,5.0,0.64,1,sickle cell disease,0.6295786340583148
0.0,5.697093486505405,1.0,0,24,0.4471428571428572,5,5.0,0.64,1,sickle cell disease,0.6445278308690097
0.5,3.1354942159291497,0.8,0,24,0.4471428571428572,3,5.0,0.64,1,sickle cell disease,0.5261038418103658
0.0,4.584967478670572,0.5,0,24,0.4471428571428572,1,5.0,0.64,1,sickle cell disease,0.4478459407514872
1.0,2.5649493574615367,0.5,0,36,0.4471428571428572,1,5.0,0.64,0,sickle cell disease,0.41754566893335165
0.0,3.713572066704308,0.5,0,24,0.4471428571428572,1,5.0,0.64,1,sickle cell disease,0.4347750095719932
0.0,7.266827347520591,0.5,0,24,0.4471428571428572,1,5.0,0.64,1,sickle cell disease,0.4880738387842375
1.0,3.1354942159291497,0.5,0,36,0.4471428571428572,1,5.0,0.64,1,sickle cell disease,0.42610384181036587
0.0,2.833213344056216,0.5,0,24,0.4471428571428572,1,5.0,0.64,1,sickle cell disease,0.4215696287322719
0.0,3.713572066704308,0.5,0,24,0.4471428571428572,1,5.0,0.64,1,sickle cell disease,0.4347750095719932
0.0,5.176149732573829,0.5,0,24,0.4471428571428572,1,5.0,0.64,1,sickle cell disease,0.45671367456003603
0.0,2.5649493574615367,0.5,0,24,0.4471428571428572,1,5.0,0.64,1,sickle cell disease,0.41754566893335165
0.0,2.5649493574615367,0.5,0,24,0.4471428571428572,1,5.0,0.64,1,sickle cell disease,0.41754566893335165
3.0,6.584791392385716,0.5,0,60,0.4471428571428572,1,5.0,0.58,1,sickle cell disease,0.45984329945721436
0.0,4.727387818712341,0.5,0,24,0.4471428571428572,1,5.0,0.64,1,sickle cell disease,0.4499822458521137
1.0,3.367295829986474,1.0,0,36,0.4471428571428572,5,5.0,0.64,1,sickle cell disease,0.6095808660212256
0.0,2.772588722239781,0.5,0,24,0.4471428571428572,1,5.0,0.64,1,sickle cell disease,0.4206602594050253
0.0,7.418180822726788,1.0,0,24,0.4471428571428572,5,5.0,0.64,1,sickle cell disease,0.6703441409123304
0.0,4.290459441148391,0.5,0,24,0.4471428571428572,1,5.0,0.64,1,sickle cell disease,0.44342832018865447
0.0,2.9444389791664403,0.5,0,24,0.4471428571428572,1,5.0,0.64,1,sickle cell disease,0.42323801325892524
0.0,4.61512051684126,0.5,0,24,0.4471428571428572,1,5.0,0.64,1,sickle cell disease,0.4482982363240475
0.0,4.290459441148391,0.5,0,24,0.4471428571428572,1,5.0,0.64,1,sickle cell disease,0.44342832018865447
0.0,5.916202062607435,1.0,0,24,0.4471428571428572,5,5.0,0.64,1,sickle cell disease,0.6478144595105401
1.0,3.828641396489095,1.0,0,36,0.4471428571428572,5,5.0,0.64,1,sickle cell disease,0.6165010495187649
0.0,3.8066624897703196,1.0,0,24,0.4471428571428572,5,5.0,0.64,0,sickle cell disease,0.6161713659179834
0.0,0.0,0.5,0,24,0.4471428571428572,1,5.0,0.64,0,sickle cell disease,0.3790714285714286
4.0,4.948759890378168,1.0,0,36,0.4471428571428572,5,5.0,0.8,1,sickle cell disease,0.6813028269271011
1.0,1.791759469228055,0.5,0,36,0.4471428571428572,1,5.0,0.64,1,sickle cell disease,0.40594782060984946
3.0,5.602118820879701,0.5,0,60,0.4471428571428572,1,5.0,0.58,1,sickle cell disease,0.4451032108846241
2.0,2.5649493574615367,0.5,0,48,0.4471428571428572,1,5.0,0.36,1,sickle cell disease,0.33354566893335164
3.0,5.488937726156687,1.0,0,60,0.4471428571428572,5,5.0,0.58,1,sickle cell disease,0.6234054944637788
0.0,2.3978952727983707,0.5,0,24,0.4471428571428572,1,5.0,0.64,1,sickle cell disease,0.4150398576634042
0.0,3.4339872044851463,0.5,0,24,0.4471428571428572,1,5.0,0.64,1,sickle cell disease,0.4305812366387058
0.0,3.4965075614664802,0.5,0,24,0.4471428571428572,1,5.0,0.64,1,sickle cell disease,0.43151904199342583
0.0,9.036106025364846,0.5,0,24,0.4471428571428572,1,5.0,0.64,1,sickle cell disease,0.5146130189519014
0.0,6.951772164398911,0.5,0,24,0.4471428571428572,1,5.0,0.64,1,sickle cell disease,0.4833480110374123
1.0,1.9459101490553132,1.0,0,36,0.4471428571428572,5,5.0,0.64,1,sickle cell disease,0.5882600808072582
0.0,4.875197323201151,0.5,0,24,0.4471428571428572,1,5.0,0.64,1,sickle cell disease,0.4521993884194459
0.0,3.8066624897703196,0.5,0,24,0.4471428571428572,1,5.0,0.64,1,sickle cell disease,0.4361713659179834
2.0,3.258096538021482,1.0,0,48,0.4471428571428572,5,5.0,0.36,1,sickle cell disease,0.5239428766417509
2.0,4.890349128221754,0.5,0,48,0.4471428571428572,1,5.0,0.36,1,sickle cell disease,0.3684266654947549
0.0,3.970291913552122,0.5,0,24,0.4471428571428572,1,5.0,0.64,1,sickle cell disease,0.43862580727471046
0.0,8.19863945529737,0.5,0,24,0.4471428571428572,1,5.0,0.64,1,sickle cell disease,0.5020510204008891
0.0,5.87493073085203,0.5,0,24,0.4471428571428572,1,5.0,0.64,1,sickle cell disease,0.4671953895342091
4.0,3.9889840465642745,1.0,0,36,0.4471428571428572,5,5.0,0.8,1,sickle cell disease,0.6669061892698928
0.0,5.303304908059076,0.5,0,24,0.4471428571428572,1,5.0,0.64,1,sickle cell disease,0.4586210021923147
1.0,0.0,1.0,0,36,0.4471428571428572,5,5.0,0.64,0,sickle cell disease,0.5590714285714286
1.0,3.4339872044851463,1.0,0,36,0.4471428571428572,5,5.0,0.64,0,sickle cell disease,0.6105812366387058
3.0,5.605802066295998,0.5,0,60,0.4471428571428572,1,5.0,0.58,1,sickle cell disease,0.4451584595658685
0.0,1.0986122886681098,0.5,0,24,0.4471428571428572,1,5.0,0.64,1,sickle cell disease,0.39555061290145027
4.0,2.6390573296152584,1.0,0,36,0.4471428571428572,5,5.0,0.8,1,sickle cell disease,0.6466572885156575
3.0,4.290459441148391,1.0,0,60,0.4471428571428572,5,5.0,0.58,0,sickle cell disease,0.6054283201886544
0.0,5.37989735354046,1.0,0,24,0.4471428571428572,5,5.0,0.64,1,sickle cell disease,0.6397698888745355
2.0,5.940171252720432,0.5,0,48,0.4471428571428572,1,5.0,0.36,1,sickle cell disease,0.38417399736223506
0.0,4.61512051684126,0.5,0,24,0.4471428571428572,1,5.0,0.64,1,sickle cell disease,0.4482982363240475
0.0,4.795790545596741,0.5,0,24,0.4471428571428572,1,5.0,0.64,1,sickle cell disease,0.45100828675537974
0.0,6.733401891837359,0.5,0,24,0.4471428571428572,1,5.0,0.64,1,sickle cell disease,0.48007245694898903
0.0,4.0943445622221,0.5,0,24,0.4471428571428572,1,5.0,0.64,1,sickle cell disease,0.4404865970047601
0.0,6.293419278846481,1.0,0,24,0.4471428571428572,5,5.0,0.64,1,sickle cell disease,0.6534727177541257
0.0,3.8918202981106265,0.5,0,24,0.4471428571428572,1,5.0,0.64,1,sickle cell disease,0.437448733043088
0.0,5.062595033026967,0.5,0,24,0.4471428571428572,1,5.0,0.64,1,sickle cell disease,0.4550103540668331
0.0,7.465082736399547,0.5,0,24,0.4471428571428572,1,5.0,0.64,1,sickle cell disease,0.49104766961742186
0.0,4.23410650459726,0.5,0,24,0.4471428571428572,1,5.0,0.64,1,sickle cell disease,0.4425830261403875
3.0,0.6931471805599453,1.0,0,60,0.4471428571428572,5,5.0,0.58,0,sickle cell disease,0.5514686362798277
0.0,5.583496308781699,1.0,0,24,0.4471428571428572,5,5.0,0.64,0,sickle cell disease,0.642823873203154
1.0,3.044522437723423,1.0,0,36,0.4471428571428572,5,5.0,0.64,1,sickle cell disease,0.6047392651372799
0.0,10.32505564222569,0.5,0,24,0.4471428571428572,1,5.0,0.64,1,sickle cell disease,0.533947263204814
0.0,5.14166355650266,0.5,0,24,0.4471428571428572,1,5.0,0.64,1,sickle cell disease,0.4561963819189685
2.0,2.1972245773362196,0.5,0,48,0.4471428571428572,1,5.0,0.36,0,sickle cell disease,0.3280297972314719
2.0,3.8066624897703196,1.0,0,48,0.4471428571428572,5,5.0,0.36,1,sickle cell disease,0.5321713659179834
2.0,4.564348191467836,1.0,0,48,0.4471428571428572,5,5.0,0.36,1,sickle cell disease,0.5435366514434461
3.0,1.6094379124341003,0.5,0,60,0.4471428571428572,1,5.0,0.58,0,sickle cell disease,0.3852129972579401
0.0,4.189654742026425,0.5,0,24,0.4471428571428572,1,5.0,0.64,1,sickle cell disease,0.44191624970182497
2.0,3.9889840465642745,1.0,0,48,0.4471428571428572,5,5.0,0.36,1,sickle cell disease,0.5349061892698928
0.0,4.2626798770413155,0.5,0,24,0.4471428571428572,1,5.0,0.64,1,sickle cell disease,0.44301162672704836
2.0,3.1354942159291497,0.5,0,48,0.4471428571428572,1,5.0,0.36,0,sickle cell disease,0.34210384181036585
3.0,4.48863636973214,1.0,0,60,0.4471428571428572,5,5.0,0.58,0,sickle cell disease,0.6084009741174107
0.0,4.983606621708336,0.5,0,24,0.4471428571428572,1,5.0,0.64,1,sickle cell disease,0.45382552789705366
2.0,4.174387269895637,0.5,0,48,0.4471428571428572,1,5.0,0.36,1,sickle cell disease,0.35768723761986315
0.0,3.970291913552122,1.0,0,24,0.4471428571428572,5,5.0,0.64,0,sickle cell disease,0.6186258072747104
2.0,4.574710978503383,1.0,0,48,0.4471428571428572,5,5.0,0.36,1,sickle cell disease,0.5436920932489793
0.0,5.932245187448011,1.0,0,24,0.4471428571428572,5,5.0,0.64,1,sickle cell disease,0.6480551063831487
0.0,3.912023005428146,0.8,0,24,0.4471428571428572,3,5.0,0.64,1,sickle cell disease,0.5377517736528508
3.0,3.9318256327243257,0.5,0,60,0.4471428571428572,1,5.0,0.58,1,sickle cell disease,0.42004881306229347
4.0,0.0,0.5,0,36,0.4471428571428572,1,5.0,0.8,0,sickle cell disease,0.42707142857142855
1.0,2.302585092994046,1.0,0,36,0.4471428571428572,5,5.0,0.64,1,sickle cell disease,0.5936102049663392
0.0,8.82834762005316,0.5,0,24,0.4471428571428572,1,5.0,0.64,1,sickle cell disease,0.5114966428722261
3.0,5.493061443340548,1.0,0,60,0.4471428571428572,5,5.0,0.58,0,sickle cell disease,0.6234673502215368
0.0,3.9318256327243257,0.5,0,24,0.4471428571428572,1,5.0,0.64,1,sickle cell disease,0.4380488130622935
0.0,2.9444389791664403,0.5,0,24,0.4471428571428572,1,5.0,0.64,1,sickle cell disease,0.42323801325892524
1.0,2.833213344056216,0.5,0,36,0.4471428571428572,1,5.0,0.64,0,sickle cell disease,0.4215696287322719
2.0,3.5263605246161616,1.0,0,48,0.4471428571428572,5,5.0,0.36,1,sickle cell disease,0.527966836440671
1.0,3.4339872044851463,1.0,0,36,0.4471428571428572,5,5.0,0.64,1,sickle cell disease,0.6105812366387058
0.0,4.59511985013459,1.0,0,24,0.4471428571428572,5,5.0,0.64,1,sickle cell disease,0.6279982263234474
4.0,4.110873864173311,0.5,0,36,0.4471428571428572,1,5.0,0.8,1,sickle cell disease,0.4887345365340282
0.0,0.0,0.5,0,24,0.4471428571428572,1,5.0,0.64,0,sickle cell disease,0.3790714285714286
0.0,2.1972245773362196,0.5,0,24,0.4471428571428572,1,5.0,0.64,1,sickle cell disease,0.41202979723147193
0.0,3.6888794541139363,0.5,0,24,0.4471428571428572,1,5.0,0.64,1,sickle cell disease,0.43440462038313765
0.0,4.189654742026425,0.5,0,24,0.4471428571428572,1,5.0,0.64,1,sickle cell disease,0.44191624970182497
2.0,0.6931471805599453,1.0,0,48,0.4471428571428572,5,5.0,0.36,0,sickle cell disease,0.4854686362798278
1.0,3.6109179126442243,1.0,0,36,0.4471428571428572,5,5.0,0.64,0,sickle cell disease,0.6132351972610919
2.0,3.4339872044851463,0.5,0,48,0.4471428571428572,1,5.0,0.36,1,sickle cell disease,0.34658123663870577
0.0,3.5263605246161616,0.5,0,24,0.4471428571428572,1,5.0,0.64,1,sickle cell disease,0.431966836440671
0.0,2.5649493574615367,0.5,0,24,0.4471428571428572,1,5.0,0.64,1,sickle cell disease,0.41754566893335165
0.0,4.23410650459726,0.5,0,24,0.4471428571428572,1,5.0,0.64,1,sickle cell disease,0.4425830261403875
0.0,5.5254529391317835,0.5,0,24,0.4471428571428572,1,5.0,0.64,1,sickle cell disease,0.4619532226584053
4.0,0.0,1.0,0,36,0.4471428571428572,5,5.0,0.8,0,sickle cell disease,0.6070714285714286
1.0,2.1972245773362196,1.0,0,36,0.4471428571428572,5,5.0,0.64,0,sickle cell disease,0.5920297972314719
0.0,3.828641396489095,0.5,0,24,0.4471428571428572,1,5.0,0.64,1,sickle cell disease,0.43650104951876506
2.0,1.0986122886681098,1.0,0,48,0.4471428571428572,5,5.0,0.36,0,sickle cell disease,0.49155061290145025
1.0,2.4849066497880004,1.0,0,36,0.4471428571428572,5,5.0,0.64,0,sickle cell disease,0.5963450283182485
0.0,3.713572066704308,0.6,0,24,0.4471428571428572,1,5.0,0.64,1,sickle cell disease,0.4547750095719932
1.0,0.6931471805599453,0.5,0,36,0.4471428571428572,1,5.0,0.64,0,sickle cell disease,0.3894686362798278
1.0,2.3978952727983707,0.5,0,36,0.4471428571428572,1,5.0,0.64,1,sickle cell disease,0.4150398576634042
1.0,3.8066624897703196,1.0,0,36,0.4471428571428572,5,5.0,0.64,1,sickle cell disease,0.6161713659179834
2.0,0.0,0.5,0,48,0.4471428571428572,1,5.0,0.36,0,sickle cell disease,0.2950714285714286
2.0,3.871201010907891,1.0,0,48,0.4471428571428572,5,5.0,0.36,0,sickle cell disease,0.533139443735047
1.0,2.8903717578961645,0.5,0,36,0.4471428571428572,1,5.0,0.64,1,sickle cell disease,0.42242700493987106
0.0,5.5254529391317835,0.5,0,24,0.4471428571428572,1,5.0,0.64,1,sickle cell disease,0.4619532226584053
4.0,3.713572066704308,0.5,0,36,0.4471428571428572,1,5.0,0.8,1,sickle cell disease,0.48277500957199315
0.0,4.330733340286331,0.6,0,24,0.4471428571428572,1,5.0,0.64,1,sickle cell disease,0.46403242867572353
0.0,3.4339872044851463,0.5,0,24,0.4471428571428572,1,5.0,0.64,1,sickle cell disease,0.4305812366387058
0.0,4.624972813284271,0.5,0,24,0.4471428571428572,1,5.0,0.64,1,sickle cell disease,0.4484460207706927
2.0,4.77912349311153,1.0,0,48,0.4064285714285715,5,5.477121254719663,0.36,1,systemic lupus erythematosus,0.5406511381109587
3.0,7.060476365999801,1.0,0,60,0.4064285714285715,5,5.477121254719663,0.58,1,systemic lupus erythematosus,0.6408714312042827
0.0,6.90875477931522,0.5,0,24,0.4064285714285715,1,5.477121254719663,0.64,1,systemic lupus erythematosus,0.4765956074040141
0.0,3.4965075614664802,0.5,0,24,0.4064285714285715,1,5.477121254719663,0.64,1,systemic lupus erythematosus,0.42541189913628297
4.0,1.0986122886681098,0.5,0,36,0.4064285714285715,1,5.477121254719663,0.8,1,systemic lupus erythematosus,0.43744347004430734
0.0,4.060443010546419,0.5,0,24,0.4064285714285715,1,5.477121254719663,0.64,1,systemic lupus erythematosus,0.433870930872482
1.0,2.5649493574615367,1.0,0,36,0.4064285714285715,5,5.477121254719663,0.64,1,systemic lupus erythematosus,0.5914385260762087
3.0,4.919980925828125,1.0,0,60,0.4064285714285715,5,5.477121254719663,0.58,0,systemic lupus erythematosus,0.6087639996017076
1.0,3.8066624897703196,1.0,0,36,0.4064285714285715,5,5.477121254719663,0.64,1,systemic lupus erythematosus,0.6100642230608405
4.0,0.0,0.5,0,36,0.4064285714285715,1,5.477121254719663,0.8,0,systemic lupus erythematosus,0.4209642857142857
4.0,3.044522437723423,0.6,0,36,0.4064285714285715,1,5.477121254719663,0.8,1,systemic lupus erythematosus,0.486632122280137
2.0,3.8501476017100584,1.0,0,48,0.4064285714285715,5,5.477121254719663,0.36,1,systemic lupus erythematosus,0.5267164997399366
2.0,2.1972245773362196,0.5,0,48,0.4064285714285715,1,5.477121254719663,0.36,0,systemic lupus erythematosus,0.3219226543743291
0.0,3.4339872044851463,0.5,0,24,0.4064285714285715,1,5.477121254719663,0.64,0,systemic lupus erythematosus,0.4244740937815629
0.0,3.5263605246161616,0.5,0,24,0.4064285714285715,1,5.477121254719663,0.64,1,systemic lupus erythematosus,0.42585969358352815
0.0,5.407171771460119,0.5,0,24,0.4064285714285715,1,5.477121254719663,0.64,1,systemic lupus erythematosus,0.4540718622861875
3.0,4.0943445622221,0.5,0,60,0.4064285714285715,1,5.477121254719663,0.58,0,systemic lupus erythematosus,0.41637945414761723
0.0,4.61512051684126,0.5,0,24,0.4064285714285715,1,5.477121254719663,0.64,1,systemic lupus erythematosus,0.44219109346690466
2.0,4.418840607796598,1.0,0,48,0.4064285714285715,5,5.477121254719663,0.36,1,systemic lupus erythematosus,0.5352468948312347
0.0,3.713572066704308,0.5,0,24,0.4064285714285715,1,5.477121254719663,0.64,1,systemic lupus erythematosus,0.42866786671485035
0.0,5.517452896464707,0.5,0,24,0.4064285714285715,1,5.477121254719663,0.64,1,systemic lupus erythematosus,0.45572607916125635
1.0,3.367295829986474,1.0,0,36,0.4064285714285715,5,5.477121254719663,0.64,1,systemic lupus erythematosus,0.6034737231640828
3.0,6.674561391814426,1.0,0,60,0.4064285714285715,5,5.477121254719663,0.58,1,systemic lupus erythematosus,0.6350827065915021
2.0,3.044522437723423,0.5,0,48,0.4064285714285715,1,5.477121254719663,0.36,1,systemic lupus erythematosus,0.3346321222801371
0.0,3.295836866004329,0.5,0,24,0.4064285714285715,1,5.477121254719663,0.64,1,systemic lupus erythematosus,0.42240183870435066
0.0,5.332718793265369,0.5,0,24,0.4064285714285715,1,5.477121254719663,0.64,1,systemic lupus erythematosus,0.45295506761326626
2.0,6.306275286948016,1.0,0,48,0.4064285714285715,5,5.477121254719663,0.36,1,systemic lupus erythematosus,0.563558415018506
0.0,6.4457198193855785,0.5,0,24,0.4064285714285715,1,5.477121254719663,0.64,1,systemic lupus erythematosus,0.4696500830050694
3.0,6.677083461247136,1.0,0,60,0.4064285714285715,5,5.477121254719663,0.58,1,systemic lupus erythematosus,0.6351205376329927
1.0,2.833213344056216,1.0,0,36,0.4064285714285715,5,5.477121254719663,0.64,0,systemic lupus erythematosus,0.595462485875129
0.0,3.044522437723423,0.5,0,24,0.4064285714285715,1,5.477121254719663,0.64,1,systemic lupus erythematosus,0.4186321222801371
0.0,4.787491742782046,0.5,0,24,0.4064285714285715,1,5.477121254719663,0.64,1,systemic lupus erythematosus,0.44477666185601644
1.0,3.4339872044851463,0.5,0,36,0.4064285714285715,1,5.477121254719663,0.64,1,systemic lupus erythematosus,0.4244740937815629
2.0,3.5263605246161616,0.5,0,48,0.4064285714285715,1,5.477121254719663,0.36,1,systemic lupus erythematosus,0.3418596935835282
2.0,5.214935757608986,1.0,0,48,0.4064285714285715,5,5.477121254719663,0.36,1,systemic lupus erythematosus,0.5471883220784205
1.0,3.8066624897703196,1.0,0,36,0.4064285714285715,5,5.477121254719663,0.64,0,systemic lupus erythematosus,0.6100642230608405
2.0,3.258096538021482,1.0,0,48,0.4064285714285715,5,5.477121254719663,0.36,1,systemic lupus erythematosus,0.517835733784608
1.0,4.77912349311153,1.0,0,36,0.4064285714285715,5,5.477121254719663,0.64,1,systemic lupus erythematosus,0.6246511381109586
2.0,5.948034989180646,1.0,0,48,0.4064285714285715,5,5.477121254719663,0.36,1,systemic lupus erythematosus,0.5581848105519954
3.0,7.1316985104669115,1.0,0,60,0.4064285714285715,5,5.477121254719663,0.58,1,systemic lupus erythematosus,0.6419397633712893
3.0,3.044522437723423,0.5,0,60,0.4064285714285715,1,5.477121254719663,0.58,1,systemic lupus erythematosus,0.40063212228013706
0.0,3.713572066704308,0.5,0,24,0.4064285714285715,1,5.477121254719663,0.64,1,systemic lupus erythematosus,0.42866786671485035
2.0,3.6375861597263857,0.5,0,48,0.4064285714285715,1,5.477121254719663,0.36,1,systemic lupus erythematosus,0.3435280781101816
3.0,4.442651256490317,1.0,0,60,0.4064285714285715,5,5.477121254719663,0.58,0,systemic lupus erythematosus,0.6016040545616405
1.0,3.367295829986474,1.0,0,36,0.4064285714285715,5,5.477121254719663,0.64,0,systemic lupus erythematosus,0.6034737231640828
2.0,5.3471075307174685,1.0,0,48,0.4064285714285715,5,5.477121254719663,0.36,1,systemic lupus erythematosus,0.5491708986750478
2.0,2.302585092994046,0.5,0,48,0.4064285714285715,1,5.477121254719663,0.36,1,systemic lupus erythematosus,0.3235030621091965
2.0,6.727431724850855,1.0,0,48,0.4064285714285715,5,5.477121254719663,0.36,1,systemic lupus erythematosus,0.5698757615870486
2.0,3.4965075614664802,0.5,0,48,0.4064285714285715,1,5.477121254719663,0.36,1,systemic lupus erythematosus,0.341411899136283
0.0,2.1972245773362196,1.0,0,24,0.4064285714285715,5,5.477121254719663,0.64,1,systemic lupus erythematosus,0.585922654374329
3.0,7.025538314638521,1.0,0,60,0.4064285714285715,5,5.477121254719663,0.58,1,systemic lupus erythematosus,0.6403473604338634
0.0,4.31748811353631,0.5,0,24,0.4064285714285715,1,5.477121254719663,0.64,1,systemic lupus erythematosus,0.4377266074173304
2.0,1.791759469228055,0.5,0,48,0.4064285714285715,1,5.477121254719663,0.36,0,systemic lupus erythematosus,0.31584067775270663
1.0,3.044522437723423,1.0,0,36,0.4064285714285715,5,5.477121254719663,0.64,1,systemic lupus erythematosus,0.5986321222801371
2.0,5.214935757608986,1.0,0,48,0.4064285714285715,5,5.477121254719663,0.36,1,systemic lupus erythematosus,0.5471883220784205
2.0,2.3978952727983707,1.0,0,48,0.4064285714285715,5,5.477121254719663,0.36,1,systemic lupus erythematosus,0.5049327148062612
4.0,0.0,0.5,0,36,0.4064285714285715,1,5.477121254719663,0.8,0,systemic lupus erythematosus,0.4209642857142857
0.0,3.1354942159291497,0.5,0,24,0.4064285714285715,1,5.477121254719663,0.64,1,systemic lupus erythematosus,0.419996698953223
4.0,3.6375861597263857,1.0,0,36,0.4064285714285715,5,5.477121254719663,0.8,0,systemic lupus erythematosus,0.6555280781101815
4.0,0.0,0.5,0,36,0.4064285714285715,1,5.477121254719663,0.8,0,systemic lupus erythematosus,0.4209642857142857
3.0,2.70805020110221,0.5,0,60,0.4064285714285715,1,5.477121254719663,0.58,0,systemic lupus erythematosus,0.3955850387308189
3.0,6.565264970035361,1.0,0,60,0.4064285714285715,5,5.477121254719663,0.58,1,systemic lupus erythematosus,0.6334432602648161
1.0,2.833213344056216,1.0,0,36,0.4064285714285715,5,5.477121254719663,0.64,1,systemic lupus erythematosus,0.595462485875129
3.0,0.0,0.5,0,60,0.4064285714285715,1,5.477121254719663,0.58,0,systemic lupus erythematosus,0.35496428571428573
2.0,2.302585092994046,0.5,0,48,0.4064285714285715,1,5.477121254719663,0.36,1,systemic lupus erythematosus,0.3235030621091965
0.0,3.8501476017100584,0.5,0,24,0.4064285714285715,1,5.477121254719663,0.64,1,systemic lupus erythematosus,0.43071649973993664
3.0,0.0,0.5,0,60,0.4064285714285715,1,5.477121254719663,0.58,0,systemic lupus erythematosus,0.35496428571428573
2.0,4.31748811353631,0.5,0,48,0.4064285714285715,1,5.477121254719663,0.36,1,systemic lupus erythematosus,0.3537266074173304
1.0,1.6094379124341003,1.0,0,36,0.4064285714285715,5,5.477121254719663,0.64,0,systemic lupus erythematosus,0.5771058544007972
0.0,2.995732273553991,0.5,0,24,0.4064285714285715,1,5.477121254719663,0.64,1,systemic lupus erythematosus,0.4179002698175956
1.0,3.044522437723423,0.5,0,36,0.4064285714285715,1,5.477121254719663,0.64,1,systemic lupus erythematosus,0.4186321222801371
0.0,5.877735781779639,0.5,0,24,0.4064285714285715,1,5.477121254719663,0.64,1,systemic lupus erythematosus,0.4611303224409803
1.0,0.6931471805599453,1.0,0,36,0.4064285714285715,5,5.477121254719663,0.64,0,systemic lupus erythematosus,0.5633614934226848
0.0,0.6931471805599453,1.0,0,24,0.4064285714285715,5,5.477121254719663,0.64,1,systemic lupus erythematosus,0.5633614934226848
3.0,6.733401891837359,1.0,0,60,0.4064285714285715,5,5.477121254719663,0.58,1,systemic lupus erythematosus,0.6359653140918461
0.0,4.51085950651685,0.5,0,24,0.4064285714285715,1,5.477121254719663,0.64,1,systemic lupus erythematosus,0.4406271783120385
2.0,0.0,1.0,0,48,0.4064285714285715,5,5.477121254719663,0.36,0,systemic lupus erythematosus,0.4689642857142857
4.0,2.3978952727983707,0.5,0,36,0.4064285714285715,1,5.477121254719663,0.8,1,systemic lupus erythematosus,0.45693271480626124
0.0,5.365976015021851,0.5,0,24,0.4064285714285715,1,5.477121254719663,0.64,1,systemic lupus erythematosus,0.45345392593961353
4.0,4.382026634673881,1.0,0,36,0.4064285714285715,5,5.477121254719663,0.8,1,systemic lupus erythematosus,0.6666946852343939
2.0,5.6240175061873385,1.0,0,48,0.4064285714285715,5,5.477121254719663,0.36,0,systemic lupus erythematosus,0.5533245483070958
2.0,5.872117789475416,1.0,0,48,0.4064285714285715,5,5.477121254719663,0.36,1,systemic lupus erythematosus,0.5570460525564169
0.0,4.51085950651685,0.5,0,24,0.4064285714285715,1,5.477121254719663,0.64,1,systemic lupus erythematosus,0.4406271783120385
0.0,4.356708826689592,1.0,0,24,0.4064285714285715,5,5.477121254719663,0.64,1,systemic lupus erythematosus,0.6183149181146296
1.0,2.3978952727983707,1.0,0,36,0.4064285714285715,5,5.477121254719663,0.64,0,systemic lupus erythematosus,0.5889327148062613
3.0,2.1972245773362196,0.5,0,60,0.4064285714285715,1,5.477121254719663,0.58,0,systemic lupus erythematosus,0.38792265437432905
1.0,4.584967478670572,1.0,0,36,0.4064285714285715,5,5.477121254719663,0.64,1,systemic lupus erythematosus,0.6217387978943443
3.0,4.6443908991413725,1.0,0,60,0.4064285714285715,5,5.477121254719663,0.58,1,systemic lupus erythematosus,0.6046301492014062
0.0,5.365976015021851,0.5,0,24,0.4064285714285715,1,5.477121254719663,0.64,1,systemic lupus erythematosus,0.45345392593961353
1.0,3.044522437723423,1.0,0,36,0.4064285714285715,5,5.477121254719663,0.64,1,systemic lupus erythematosus,0.5986321222801371
0.0,4.110873864173311,0.5,0,24,0.4064285714285715,1,5.477121254719663,0.64,1,systemic lupus erythematosus,0.4346273936768854
1.0,2.995732273553991,1.0,0,36,0.4064285714285715,5,5.477121254719663,0.64,1,systemic lupus erythematosus,0.5979002698175956
0.0,5.117993812416755,1.0,0,24,0.4064285714285715,5,5.477121254719663,0.64,1,systemic lupus erythematosus,0.629734192900537
2.0,3.9318256327243257,0.5,0,48,0.4064285714285715,1,5.477121254719663,0.36,1,systemic lupus erythematosus,0.34794167020515065
2.0,4.007333185232471,1.0,0,48,0.4064285714285715,5,5.477121254719663,0.36,1,systemic lupus erythematosus,0.5290742834927727
2.0,4.543294782270004,1.0,0,48,0.4064285714285715,5,5.477121254719663,0.36,1,systemic lupus erythematosus,0.5371137074483358
0.0,5.303304908059076,0.5,0,24,0.4064285714285715,1,5.477121254719663,0.64,1,systemic lupus erythematosus,0.45251385933517185
2.0,2.8903717578961645,1.0,0,48,0.4064285714285715,5,5.477121254719663,0.36,1,systemic lupus erythematosus,0.5123198620827282
2.0,3.6375861597263857,0.5,0,48,0.4064285714285715,1,5.477121254719663,0.36,1,systemic lupus erythematosus,0.3435280781101816
2.0,6.440946540632921,1.0,0,48,0.4064285714285715,5,5.477121254719663,0.36,1,systemic lupus erythematosus,0.5655784838237795
0.0,4.532599493153256,0.5,0,24,0.4064285714285715,1,5.477121254719663,0.64,1,systemic lupus erythematosus,0.4409532781115846
0.0,4.442651256490317,0.5,0,24,0.4064285714285715,1,5.477121254719663,0.64,1,systemic lupus erythematosus,0.4396040545616405
2.0,3.044522437723423,0.5,0,48,0.4064285714285715,1,5.477121254719663,0.36,1,systemic lupus erythematosus,0.3346321222801371
0.0,4.48863636973214,0.5,0,24,0.4064285714285715,1,5.477121254719663,0.64,1,systemic lupus erythematosus,0.44029383126026783
3.0,2.302585092994046,0.5,0,60,0.4064285714285715,1,5.477121254719663,0.58,0,systemic lupus erythematosus,0.38950306210919644
2.0,2.0794415416798357,0.5,0,48,0.4064285714285715,1,5.477121254719663,0.36,1,systemic lupus erythematosus,0.3201559088394833
0.0,0.6931471805599453,1.0,0,24,0.4064285714285715,5,5.477121254719663,0.64,1,systemic lupus erythematosus,0.5633614934226848
1.0,0.6931471805599453,0.5,0,36,0.4064285714285715,1,5.477121254719663,0.64,1,systemic lupus erythematosus,0.38336149342268494
0.0,4.477336814478207,0.5,0,24,0.4064285714285715,1,5.477121254719663,0.64,1,systemic lupus erythematosus,0.44012433793145883
3.0,6.1070228877422545,1.0,0,60,0.4064285714285715,5,5.477121254719663,0.58,1,systemic lupus erythematosus,0.6265696290304195
3.0,7.325807502595773,1.0,0,60,0.4064285714285715,5,5.477121254719663,0.58,0,systemic lupus erythematosus,0.6448513982532222
0.0,3.6375861597263857,0.5,0,24,0.4064285714285715,1,5.477121254719663,0.64,0,systemic lupus erythematosus,0.42752807811018156
3.0,4.962844630259907,1.0,0,60,0.4064285714285715,5,5.477121254719663,0.58,1,systemic lupus erythematosus,0.6094069551681842
4.0,8.299037181613066,1.0,0,36,0.4064285714285715,5,5.477121254719663,0.8,1,systemic lupus erythematosus,0.7254498434384817
0.0,1.9459101490553132,0.5,0,24,0.4064285714285715,1,5.477121254719663,0.64,1,systemic lupus erythematosus,0.4021529379501154
2.0,2.8903717578961645,1.0,0,48,0.4064285714285715,5,5.477121254719663,0.36,1,systemic lupus erythematosus,0.5123198620827282
0.0,5.030437921392435,0.5,0,24,0.4064285714285715,1,5.477121254719663,0.64,1,systemic lupus erythematosus,0.4484208545351723
0.0,4.356708826689592,1.0,0,24,0.4064285714285715,5,5.477121254719663,0.64,1,systemic lupus erythematosus,0.6183149181146296
1.0,3.4339872044851463,1.0,0,36,0.4064285714285715,5,5.477121254719663,0.64,1,systemic lupus erythematosus,0.6044740937815629
4.0,0.0,0.5,0,36,0.4064285714285715,1,5.477121254719663,0.8,0,systemic lupus erythematosus,0.4209642857142857
0.0,5.0369526024136295,0.5,0,24,0.4064285714285715,1,5.477121254719663,0.64,1,systemic lupus erythematosus,0.4485185747504902
0.0,5.605802066295998,0.5,0,24,0.4064285714285715,1,5.477121254719663,0.64,1,systemic lupus erythematosus,0.4570513167087257
0.0,3.4011973816621555,1.0,0,24,0.4064285714285715,5,5.477121254719663,0.64,1,systemic lupus erythematosus,0.603982246439218
4.0,3.6635616461296463,1.0,0,36,0.4064285714285715,5,5.477121254719663,0.8,1,systemic lupus erythematosus,0.6559177104062304
1.0,3.2188758248682006,1.0,0,36,0.4064285714285715,5,5.477121254719663,0.64,1,systemic lupus erythematosus,0.6012474230873087
0.0,4.61512051684126,0.5,0,24,0.4064285714285715,1,5.477121254719663,0.64,1,systemic lupus erythematosus,0.44219109346690466
2.0,0.0,0.5,0,48,0.4064285714285715,1,5.477121254719663,0.36,0,systemic lupus erythematosus,0.2889642857142858
0.0,0.0,0.5,0,24,0.4064285714285715,1,5.477121254719663,0.64,0,systemic lupus erythematosus,0.37296428571428575
0.0,3.9318256327243257,1.0,0,24,0.4064285714285715,5,5.477121254719663,0.64,1,systemic lupus erythematosus,0.6119416702051506
0.5,2.833213344056216,0.5,0,24,0.4064285714285715,1,5.477121254719663,0.64,1,systemic lupus erythematosus,0.415462485875129
4.0,6.222576268071369,1.0,0,36,0.4064285714285715,5,5.477121254719663,0.8,1,systemic lupus erythematosus,0.6943029297353562
2.0,4.634728988229636,0.8,0,48,0.4064285714285715,3,5.477121254719663,0.36,0,systemic lupus erythematosus,0.45848522053773033
4.0,3.784189633918261,0.5,0,36,0.4064285714285715,1,5.477121254719663,0.8,0,systemic lupus erythematosus,0.47772713022305957
0.0,5.730099782973574,0.5,0,24,0.4064285714285715,1,5.477121254719663,0.64,1,systemic lupus erythematosus,0.45891578245888937
3.0,6.54534966033442,1.0,0,60,0.4064285714285715,5,5.477121254719663,0.58,0,systemic lupus erythematosus,0.633144530619302
1.0,3.6375861597263857,0.5,0,36,0.4064285714285715,1,5.477121254719663,0.64,1,systemic lupus erythematosus,0.42752807811018156
0.0,2.9444389791664403,0.5,0,24,0.4064285714285715,1,5.477121254719663,0.64,0,systemic lupus erythematosus,0.41713087040178237
0.0,9.779510372716418,1.0,0,24,0.4064285714285715,5,5.477121254719663,0.64,1,systemic lupus erythematosus,0.699656941305032
2.0,2.0794415416798357,0.8,0,48,0.4064285714285715,3,5.477121254719663,0.36,0,systemic lupus erythematosus,0.4201559088394833
1.0,4.406719247264253,1.0,0,36,0.4064285714285715,5,5.477121254719663,0.64,1,systemic lupus erythematosus,0.6190650744232495
2.0,4.477336814478207,1.0,0,48,0.4064285714285715,5,5.477121254719663,0.36,0,systemic lupus erythematosus,0.5361243379314589
2.0,3.9512437185814275,1.0,0,48,0.4064285714285715,5,5.477121254719663,0.36,0,systemic lupus erythematosus,0.5282329414930071
3.0,6.093569770045136,1.0,0,60,0.4064285714285715,5,5.477121254719663,0.58,1,systemic lupus erythematosus,0.6263678322649627
0.0,5.517452896464707,1.0,0,24,0.4064285714285715,5,5.477121254719663,0.64,0,systemic lupus erythematosus,0.6357260791612563
0.0,8.051659556841953,1.0,0,24,0.4064285714285715,5,5.477121254719663,0.64,1,systemic lupus erythematosus,0.6737391790669149
2.0,5.726847747587197,1.0,0,48,0.4064285714285715,5,5.477121254719663,0.36,1,systemic lupus erythematosus,0.5548670019280937
0.0,2.8903717578961645,0.5,0,24,0.4064285714285715,1,5.477121254719663,0.64,1,systemic lupus erythematosus,0.4163198620827282
2.0,5.389071729816501,1.0,0,48,0.4064285714285715,5,5.477121254719663,0.36,1,systemic lupus erythematosus,0.5498003616615332
0.0,3.713572066704308,0.5,0,24,0.4064285714285715,1,5.477121254719663,0.64,1,systemic lupus erythematosus,0.42866786671485035
0.0,3.970291913552122,0.5,0,24,0.4064285714285715,1,5.477121254719663,0.64,1,systemic lupus erythematosus,0.4325186644175676
0.0,5.707110264748875,0.5,0,24,0.4064285714285715,1,5.477121254719663,0.64,1,systemic lupus erythematosus,0.4585709396855189
1.0,3.6375861597263857,1.0,0,36,0.4064285714285715,5,5.477121254719663,0.64,1,systemic lupus erythematosus,0.6075280781101815
2.0,6.594413459749778,1.0,0,48,0.4064285714285715,5,5.477121254719663,0.36,1,systemic lupus erythematosus,0.5678804876105323
2.0,2.772588722239781,0.5,0,48,0.4064285714285715,1,5.477121254719663,0.36,0,systemic lupus erythematosus,0.3305531165478825
2.0,4.406719247264253,0.5,0,48,0.4064285714285715,1,5.477121254719663,0.36,1,systemic lupus erythematosus,0.3550650744232496
1.0,2.8903717578961645,0.8,0,36,0.4064285714285715,3,5.477121254719663,0.64,1,systemic lupus erythematosus,0.5163198620827282
0.0,3.1780538303479458,0.5,0,24,0.4064285714285715,1,5.477121254719663,0.64,0,systemic lupus erythematosus,0.4206350931695049
0.0,5.0238805208462765,0.5,0,24,0.4064285714285715,1,5.477121254719663,0.64,1,systemic lupus erythematosus,0.4483224935269799
0.0,6.55250788703459,0.5,0,24,0.4064285714285715,1,5.477121254719663,0.64,1,systemic lupus erythematosus,0.4712519040198046
1.0,4.700480365792417,1.0,0,36,0.4064285714285715,5,5.477121254719663,0.64,1,systemic lupus erythematosus,0.623471491201172
4.0,4.499809670330265,0.5,0,36,0.4064285714285715,1,5.477121254719663,0.8,1,systemic lupus erythematosus,0.48846143076923965
0.0,2.70805020110221,0.5,0,24,0.4064285714285715,1,5.477121254719663,0.64,1,systemic lupus erythematosus,0.4135850387308189
3.0,4.394449154672439,0.5,0,60,0.4064285714285715,1,5.477121254719663,0.58,1,systemic lupus erythematosus,0.4208810230343723
2.0,3.7612001156935624,1.0,0,48,0.4064285714285715,5,5.477121254719663,0.36,1,systemic lupus erythematosus,0.5253822874496892
0.0,4.584967478670572,0.5,0,24,0.4064285714285715,1,5.477121254719663,0.64,1,systemic lupus erythematosus,0.44173879789434434
0.0,1.6094379124341003,0.5,0,24,0.4064285714285715,1,5.477121254719663,0.64,0,systemic lupus erythematosus,0.39710585440079726
0.0,5.0689042022202315,0.5,0,24,0.4064285714285715,1,5.477121254719663,0.64,1,systemic lupus erythematosus,0.4489978487475892
3.0,4.394449154672439,1.0,0,60,0.4064285714285715,5,5.477121254719663,0.58,1,systemic lupus erythematosus,0.6008810230343723
2.0,4.204692619390966,0.5,0,48,0.4064285714285715,1,5.477121254719663,0.36,1,systemic lupus erythematosus,0.3520346750051503
3.0,5.424950017481403,1.0,0,60,0.4064285714285715,5,5.477121254719663,0.58,0,systemic lupus erythematosus,0.6163385359765067
2.0,2.4849066497880004,0.5,0,48,0.4064285714285715,1,5.477121254719663,0.36,0,systemic lupus erythematosus,0.32623788546110577
0.0,3.4339872044851463,0.5,0,24,0.4064285714285715,1,5.477121254719663,0.64,1,systemic lupus erythematosus,0.4244740937815629
1.0,2.833213344056216,0.5,0,36,0.4064285714285715,1,5.477121254719663,0.64,1,systemic lupus erythematosus,0.415462485875129
2.0,3.912023005428146,0.5,0,48,0.4064285714285715,1,5.477121254719663,0.36,1,systemic lupus erythematosus,0.34764463079570795
0.0,5.71042701737487,0.5,0,24,0.4064285714285715,1,5.477121254719663,0.64,1,systemic lupus erythematosus,0.45862069097490876
0.0,2.5649493574615367,0.5,0,24,0.4064285714285715,1,5.477121254719663,0.64,1,systemic lupus erythematosus,0.4114385260762088
2.0,5.537334267018537,1.0,0,48,0.4064285714285715,5,5.477121254719663,0.36,0,systemic lupus erythematosus,0.5520242997195638
2.0,2.833213344056216,0.5,0,48,0.4064285714285715,1,5.477121254719663,0.36,1,systemic lupus erythematosus,0.33146248587512905
0.0,4.882801922586371,0.5,0,24,0.4064285714285715,1,5.477121254719663,0.64,1,systemic lupus erythematosus,0.4462063145530813
4.0,2.1972245773362196,0.5,0,36,0.4064285714285715,1,5.477121254719663,0.8,0,systemic lupus erythematosus,0.453922654374329
0.0,3.8918202981106265,0.5,0,24,0.4064285714285715,1,5.477121254719663,0.64,1,systemic lupus erythematosus,0.43134159018594515
0.0,4.330733340286331,0.5,0,24,0.4064285714285715,1,5.477121254719663,0.64,1,systemic lupus erythematosus,0.4379252858185807
1.0,4.61512051684126,0.5,0,36,0.4064285714285715,1,5.477121254719663,0.64,1,systemic lupus erythematosus,0.44219109346690466
1.0,3.091042453358316,1.0,0,36,0.4064285714285715,5,5.477121254719663,0.64,1,systemic lupus erythematosus,0.5993299225146604
1.0,2.5649493574615367,1.0,0,36,0.4064285714285715,5,5.477121254719663,0.64,0,systemic lupus erythematosus,0.5914385260762087
0.0,4.394449154672439,0.6,0,24,0.4064285714285715,1,5.477121254719663,0.64,1,systemic lupus erythematosus,0.45888102303437234
2.0,4.564348191467836,1.0,0,48,0.4064285714285715,5,5.477121254719663,0.36,1,systemic lupus erythematosus,0.5374295085863032
0.0,3.6375861597263857,0.5,0,24,0.4064285714285715,1,5.477121254719663,0.64,1,systemic lupus erythematosus,0.42752807811018156
3.0,5.5254529391317835,1.0,0,60,0.4064285714285715,5,5.477121254719663,0.58,1,systemic lupus erythematosus,0.6178460798012624
0.0,2.4849066497880004,0.5,0,24,0.4064285714285715,1,5.477121254719663,0.64,1,systemic lupus erythematosus,0.41023788546110573
0.0,6.154858094016418,1.0,0,24,0.4064285714285715,5,5.477121254719663,0.64,0,systemic lupus erythematosus,0.645287157124532
1.0,1.9459101490553132,1.0,0,36,0.4064285714285715,5,5.477121254719663,0.64,1,systemic lupus erythematosus,0.5821529379501154
1.0,3.7612001156935624,1.0,0,36,0.4064285714285715,5,5.477121254719663,0.64,1,systemic lupus erythematosus,0.6093822874496891
2.0,5.583496308781699,1.0,0,48,0.4064285714285715,5,5.477121254719663,0.36,1,systemic lupus erythematosus,0.5527167303460112
1.0,3.4965075614664802,1.0,0,36,0.4064285714285715,5,5.477121254719663,0.64,1,systemic lupus erythematosus,0.6054118991362829
2.0,3.6109179126442243,1.0,0,48,0.4064285714285715,5,5.477121254719663,0.36,1,systemic lupus erythematosus,0.523128054403949
2.0,2.0794415416798357,0.5,0,48,0.4064285714285715,1,5.477121254719663,0.36,0,systemic lupus erythematosus,0.3201559088394833
0.0,4.969813299576001,0.5,0,24,0.4064285714285715,1,5.477121254719663,0.64,1,systemic lupus erythematosus,0.4475114852079258
3.0,5.752572638825633,1.0,0,60,0.4064285714285715,5,5.477121254719663,0.58,1,systemic lupus erythematosus,0.6212528752966702
0.0,8.517393171418904,1.0,0,24,0.4064285714285715,5,5.477121254719663,0.64,1,systemic lupus erythematosus,0.6807251832855692
3.0,5.924255797414532,1.0,0,60,0.4064285714285715,5,5.477121254719663,0.58,1,systemic lupus erythematosus,0.6238281226755037
1.0,1.0986122886681098,0.5,0,36,0.4064285714285715,1,5.477121254719663,0.64,0,systemic lupus erythematosus,0.3894434700443074
0.0,5.488937726156687,0.5,0,24,0.4064285714285715,1,5.477121254719663,0.64,1,systemic lupus erythematosus,0.455298351606636
0.0,0.0,0.5,0,24,0.4064285714285715,1,5.477121254719663,0.64,0,systemic lupus erythematosus,0.37296428571428575
0.0,3.713572066704308,1.0,0,24,0.4064285714285715,5,5.477121254719663,0.64,1,systemic lupus erythematosus,0.6086678667148503
4.0,0.0,0.5,0,36,0.4064285714285715,1,5.477121254719663,0.8,0,systemic lupus erythematosus,0.4209642857142857
1.0,2.8903717578961645,1.0,0,36,0.4064285714285715,5,5.477121254719663,0.64,1,systemic lupus erythematosus,0.5963198620827281
1.0,4.48863636973214,0.8,0,36,0.4064285714285715,3,5.477121254719663,0.64,1,systemic lupus erythematosus,0.5402938312602679
3.0,0.0,1.0,0,60,0.4064285714285715,5,5.477121254719663,0.58,0,systemic lupus erythematosus,0.5349642857142857
0.0,6.2878585601617845,0.5,0,24,0.4064285714285715,1,5.477121254719663,0.64,1,systemic lupus erythematosus,0.46728216411671253
2.0,4.997212273764115,1.0,0,48,0.4064285714285715,5,5.477121254719663,0.36,1,systemic lupus erythematosus,0.5439224698207474
0.0,2.4849066497880004,0.5,0,24,0.4064285714285715,1,5.477121254719663,0.64,1,systemic lupus erythematosus,0.41023788546110573
4.0,4.330733340286331,0.6,0,36,0.4064285714285715,1,5.477121254719663,0.8,1,systemic lupus erythematosus,0.5059252858185807
2.0,3.4965075614664802,1.0,0,48,0.4064285714285715,5,5.477121254719663,0.36,1,systemic lupus erythematosus,0.5214118991362829
2.0,5.225746673713202,1.0,0,48,0.4064285714285715,5,5.477121254719663,0.36,0,systemic lupus erythematosus,0.5473504858199838
0.0,4.442651256490317,0.6,0,24,0.4064285714285715,1,5.477121254719663,0.64,1,systemic lupus erythematosus,0.4596040545616405
0.0,6.059123195581797,0.5,0,24,0.4064285714285715,1,5.477121254719663,0.64,1,systemic lupus erythematosus,0.46385113364801267
3.0,6.133398042996649,1.0,0,60,0.4064285714285715,5,5.477121254719663,0.58,1,systemic lupus erythematosus,0.6269652563592354
2.0,2.3978952727983707,1.0,0,48,0.4064285714285715,5,5.477121254719663,0.36,1,systemic lupus erythematosus,0.5049327148062612
0.0,4.04305126783455,1.0,0,24,0.4064285714285715,5,5.477121254719663,0.64,1,systemic lupus erythematosus,0.613610054731804
1.0,4.663439094112067,1.0,0,36,0.4064285714285715,5,5.477121254719663,0.64,1,systemic lupus erythematosus,0.6229158721259667
1.0,4.290459441148391,1.0,0,36,0.4064285714285715,5,5.477121254719663,0.64,1,systemic lupus erythematosus,0.6173211773315116
0.0,5.799092654460526,1.0,0,24,0.4064285714285715,5,5.477121254719663,0.64,0,systemic lupus erythematosus,0.6399506755311936
2.0,4.634728988229636,1.0,0,48,0.4064285714285715,5,5.477121254719663,0.36,1,systemic lupus erythematosus,0.5384852205377303
2.0,4.23410650459726,0.5,0,48,0.4064285714285715,1,5.477121254719663,0.36,1,systemic lupus erythematosus,0.3524758832832447
1.0,3.2188758248682006,1.0,0,36,0.4064285714285715,5,5.477121254719663,0.64,1,systemic lupus erythematosus,0.6012474230873087
3.0,3.2188758248682006,0.5,0,60,0.4064285714285715,1,5.477121254719663,0.58,0,systemic lupus erythematosus,0.40324742308730877
2.0,4.844187086458591,1.0,0,48,0.4064285714285715,5,5.477121254719663,0.36,1,systemic lupus erythematosus,0.5416270920111645
4.0,4.51085950651685,0.6,0,36,0.4064285714285715,1,5.477121254719663,0.8,1,systemic lupus erythematosus,0.5086271783120384
2.0,3.784189633918261,0.8,0,48,0.4064285714285715,3,5.477121254719663,0.36,1,systemic lupus erythematosus,0.44572713022305965
2.0,5.521460917862246,1.0,0,48,0.4064285714285715,5,5.477121254719663,0.36,1,systemic lupus erythematosus,0.5517861994822194
3.0,5.313205979041787,1.0,0,60,0.4064285714285715,5,5.477121254719663,0.58,1,systemic lupus erythematosus,0.6146623753999125
2.0,3.044522437723423,1.0,0,48,0.4064285714285715,5,5.477121254719663,0.36,0,systemic lupus erythematosus,0.5146321222801371
2.0,5.746203190540153,1.0,0,48,0.4064285714285715,5,5.477121254719663,0.36,1,systemic lupus erythematosus,0.5551573335723881
1.0,0.6931471805599453,0.8,0,36,0.4064285714285715,3,5.477121254719663,0.64,0,systemic lupus erythematosus,0.4833614934226849
1.0,3.367295829986474,0.5,0,36,0.4064285714285715,1,5.477121254719663,0.64,0,systemic lupus erythematosus,0.4234737231640829
3.0,4.875197323201151,0.5,0,60,0.4064285714285715,1,5.477121254719663,0.58,1,systemic lupus erythematosus,0.428092245562303
3.0,4.912654885736052,1.0,0,60,0.4064285714285715,5,5.477121254719663,0.58,1,systemic lupus erythematosus,0.6086541090003265
1.0,2.9444389791664403,0.5,0,36,0.4064285714285715,1,5.477121254719663,0.64,1,systemic lupus erythematosus,0.41713087040178237
1.0,3.5553480614894135,0.8,0,36,0.4064285714285715,3,5.477121254719663,0.64,1,systemic lupus erythematosus,0.5262945066366269
3.0,5.736572297479192,1.0,0,60,0.4064285714285715,5,5.477121254719663,0.58,1,systemic lupus erythematosus,0.6210128701764736
3.0,3.9318256327243257,0.5,0,60,0.4064285714285715,1,5.477121254719663,0.58,0,systemic lupus erythematosus,0.4139416702051506
1.0,0.6931471805599453,0.5,0,36,0.4064285714285715,1,5.477121254719663,0.64,0,systemic lupus erythematosus,0.38336149342268494
2.0,4.110873864173311,1.0,0,48,0.4064285714285715,5,5.477121254719663,0.36,0,systemic lupus erythematosus,0.5306273936768854
0.0,5.855071922202427,0.5,0,24,0.4064285714285715,1,5.477121254719663,0.64,1,systemic lupus erythematosus,0.46079036454732214
0.0,5.811140992976701,0.5,0,24,0.4064285714285715,1,5.477121254719663,0.64,1,systemic lupus erythematosus,0.46013140060893626
2.0,4.804021044733257,1.0,0,48,0.4064285714285715,5,5.477121254719663,0.36,1,systemic lupus erythematosus,0.5410246013852845
0.0,3.6888794541139363,0.5,0,24,0.4064285714285715,1,5.477121254719663,0.64,1,systemic lupus erythematosus,0.4282974775259948
2.0,3.258096538021482,0.5,0,48,0.4064285714285715,1,5.477121254719663,0.36,1,systemic lupus erythematosus,0.337835733784608
2.0,5.579729825986222,1.0,0,48,0.4064285714285715,5,5.477121254719663,0.36,1,systemic lupus erythematosus,0.5526602331040791
2.0,5.752572638825633,1.0,0,48,0.4064285714285715,5,5.477121254719663,0.36,1,systemic lupus erythematosus,0.5552528752966702
0.5,2.1972245773362196,0.5,0,24,0.4064285714285715,1,5.477121254719663,0.64,1,systemic lupus erythematosus,0.40592265437432906
3.0,5.7745515455444085,1.0,0,60,0.4064285714285715,5,5.477121254719663,0.58,1,systemic lupus erythematosus,0.6215825588974518
0.0,7.429520842786462,0.5,0,24,0.4064285714285715,1,5.477121254719663,0.64,1,systemic lupus erythematosus,0.4844070983560827
2.0,4.663439094112067,1.0,0,48,0.4064285714285715,5,5.477121254719663,0.36,1,systemic lupus erythematosus,0.5389158721259667
0.0,3.912023005428146,0.5,0,24,0.4064285714285715,1,5.477121254719663,0.64,1,systemic lupus erythematosus,0.4316446307957079
0.5,2.3978952727983707,0.5,0,24,0.4064285714285715,1,5.477121254719663,0.64,1,systemic lupus erythematosus,0.4089327148062613
0.0,5.056245805348308,0.5,0,24,0.4064285714285715,1,5.477121254719663,0.64,1,systemic lupus erythematosus,0.44880797279451035
2.0,4.174387269895637,1.0,0,48,0.4064285714285715,5,5.477121254719663,0.36,1,systemic lupus erythematosus,0.5315800947627203
0.0,3.4339872044851463,0.5,0,24,0.4064285714285715,1,5.477121254719663,0.64,1,systemic lupus erythematosus,0.4244740937815629
0.0,2.4849066497880004,0.6,0,24,0.4064285714285715,1,5.477121254719663,0.64,1,systemic lupus erythematosus,0.43023788546110575
0.0,4.143134726391533,0.5,0,24,0.4064285714285715,1,5.477121254719663,0.64,1,systemic lupus erythematosus,0.43511130661015873
3.0,6.327936783729195,1.0,0,60,0.4064285714285715,5,5.477121254719663,0.58,1,systemic lupus erythematosus,0.6298833374702236
1.0,4.04305126783455,1.0,0,36,0.4064285714285715,5,5.477121254719663,0.64,1,systemic lupus erythematosus,0.613610054731804
4.0,0.0,0.5,0,36,0.4064285714285715,1,5.477121254719663,0.8,0,systemic lupus erythematosus,0.4209642857142857
2.0,5.209486152841421,1.0,0,48,0.4064285714285715,5,5.477121254719663,0.36,1,systemic lupus erythematosus,0.5471065780069071
1.0,3.6109179126442243,1.0,0,36,0.4064285714285715,5,5.477121254719663,0.64,1,systemic lupus erythematosus,0.607128054403949
1.0,1.9459101490553132,0.5,0,36,0.4064285714285715,1,5.477121254719663,0.64,0,systemic lupus erythematosus,0.4021529379501154
4.0,5.198497031265826,0.5,0,36,0.4064285714285715,1,5.477121254719663,0.8,1,systemic lupus erythematosus,0.49894174118327306
4.0,5.153291594497779,1.0,0,36,0.4064285714285715,5,5.477121254719663,0.8,1,systemic lupus erythematosus,0.6782636596317524
0.0,4.343805421853684,0.5,0,24,0.4064285714285715,1,5.477121254719663,0.64,1,systemic lupus erythematosus,0.43812136704209104
0.0,3.5263605246161616,0.5,0,24,0.4064285714285715,1,5.477121254719663,0.64,1,systemic lupus erythematosus,0.42585969358352815
1.0,2.302585092994046,0.5,0,36,0.4064285714285715,1,5.477121254719663,0.64,0,systemic lupus erythematosus,0.40750306210919646
0.0,5.8998973535824915,0.5,0,24,0.4064285714285715,1,5.477121254719663,0.64,1,systemic lupus erythematosus,0.4614627460180231
0.0,5.351858133476067,0.5,0,24,0.4064285714285715,1,5.477121254719663,0.64,0,systemic lupus erythematosus,0.45324215771642673
1.0,0.0,1.0,0,36,0.4064285714285715,5,5.477121254719663,0.64,0,systemic lupus erythematosus,0.5529642857142857
2.0,0.0,0.5,0,48,0.4064285714285715,1,5.477121254719663,0.36,0,systemic lupus erythematosus,0.2889642857142858
1.0,3.6109179126442243,1.0,0,36,0.4064285714285715,5,5.477121254719663,0.64,1,systemic lupus erythematosus,0.607128054403949
2.0,3.4657359027997265,1.0,0,48,0.4064285714285715,5,5.477121254719663,0.36,0,systemic lupus erythematosus,0.5209503242562816
3.0,1.3862943611198906,1.0,0,60,0.4064285714285715,5,5.477121254719663,0.58,0,systemic lupus erythematosus,0.555758701131084
0.0,5.303304908059076,0.5,0,24,0.4064285714285715,1,5.477121254719663,0.64,1,systemic lupus erythematosus,0.45251385933517185
0.0,6.7226297948554485,1.0,0,24,0.4064285714285715,5,5.477121254719663,0.64,1,systemic lupus erythematosus,0.6538037326371174
1.0,3.044522437723423,1.0,0,36,0.4064285714285715,5,5.477121254719663,0.64,1,systemic lupus erythematosus,0.5986321222801371
2.0,5.66988092298052,1.0,0,48,0.4064285714285715,5,5.477121254719663,0.36,1,systemic lupus erythematosus,0.5540124995589935
2.0,2.302585092994046,0.5,0,48,0.4064285714285715,1,5.477121254719663,0.36,0,systemic lupus erythematosus,0.3235030621091965
4.0,4.143134726391533,1.0,0,36,0.4064285714285715,5,5.477121254719663,0.8,1,systemic lupus erythematosus,0.6631113066101587
2.0,5.8971538676367405,1.0,0,48,0.4064285714285715,5,5.477121254719663,0.36,1,systemic lupus erythematosus,0.5574215937288368
2.0,4.61512051684126,1.0,0,48,0.4064285714285715,5,5.477121254719663,0.36,1,systemic lupus erythematosus,0.5381910934669046
1.0,2.6390573296152584,0.5,0,36,0.4064285714285715,1,5.477121254719663,0.64,1,systemic lupus erythematosus,0.4125501456585146
0.5,1.791759469228055,0.5,0,24,0.4064285714285715,1,5.477121254719663,0.64,0,systemic lupus erythematosus,0.3998406777527066
1.0,3.912023005428146,1.0,0,36,0.4064285714285715,5,5.477121254719663,0.64,1,systemic lupus erythematosus,0.6116446307957079
4.0,4.543294782270004,0.5,0,36,0.4064285714285715,1,5.477121254719663,0.8,1,systemic lupus erythematosus,0.4891137074483357
0.0,3.4339872044851463,1.0,0,24,0.4064285714285715,5,5.477121254719663,0.64,1,systemic lupus erythematosus,0.6044740937815629
0.0,6.295266001439646,0.5,0,24,0.4064285714285715,1,5.477121254719663,0.64,1,systemic lupus erythematosus,0.46739327573588046
2.0,3.6109179126442243,1.0,0,48,0.4064285714285715,5,5.477121254719663,0.36,1,systemic lupus erythematosus,0.523128054403949
0.0,5.910796644040527,0.5,0,24,0.4064285714285715,1,5.477121254719663,0.64,1,systemic lupus erythematosus,0.46162623537489367
0.0,0.0,1.0,0,24,0.4064285714285715,5,5.477121254719663,0.64,0,systemic lupus erythematosus,0.5529642857142857
1.0,1.9459101490553132,0.5,0,36,0.4064285714285715,1,5.477121254719663,0.64,1,systemic lupus erythematosus,0.4021529379501154
0.0,2.772588722239781,0.5,0,24,0.4064285714285715,1,5.477121254719663,0.64,1,systemic lupus erythematosus,0.41455311654788246
0.0,4.189654742026425,0.5,0,24,0.4064285714285715,1,5.477121254719663,0.64,0,systemic lupus erythematosus,0.4358091068446821
0.0,5.5134287461649825,0.5,0,24,0.4064285714285715,1,5.477121254719663,0.64,1,systemic lupus erythematosus,0.4556657169067605
0.0,3.970291913552122,0.5,0,24,0.4064285714285715,1,5.477121254719663,0.64,0,systemic lupus erythematosus,0.4325186644175676
1.0,2.6390573296152584,0.5,0,36,0.4064285714285715,1,5.477121254719663,0.64,1,systemic lupus erythematosus,0.4125501456585146
2.0,4.700480365792417,0.8,0,48,0.4064285714285715,3,5.477121254719663,0.36,1,systemic lupus erythematosus,0.45947149120117203
1.0,4.31748811353631,1.0,0,36,0.4064285714285715,5,5.477121254719663,0.64,1,systemic lupus erythematosus,0.6177266074173303
0.0,6.551080335043404,0.5,0,24,0.4064285714285715,1,5.477121254719663,0.64,1,systemic lupus erythematosus,0.47123049073993684
0.0,4.394449154672439,0.5,0,24,0.4064285714285715,1,5.477121254719663,0.64,1,systemic lupus erythematosus,0.4388810230343723
1.0,0.0,1.0,0,36,0.4064285714285715,5,5.477121254719663,0.64,0,systemic lupus erythematosus,0.5529642857142857
2.0,6.152732694704104,1.0,0,48,0.4064285714285715,5,5.477121254719663,0.36,0,systemic lupus erythematosus,0.5612552761348473
0.0,0.0,0.5,0,24,0.4064285714285715,1,5.477121254719663,0.64,0,systemic lupus erythematosus,0.37296428571428575
1.0,2.0794415416798357,1.0,0,36,0.4064285714285715,5,5.477121254719663,0.64,1,systemic lupus erythematosus,0.5841559088394832
0.0,1.9459101490553132,1.0,0,24,0.4064285714285715,5,5.477121254719663,0.64,1,systemic lupus erythematosus,0.5821529379501154
0.0,3.9318256327243257,0.5,0,24,0.4064285714285715,1,5.477121254719663,0.64,1,systemic lupus erythematosus,0.4319416702051506
0.0,4.77912349311153,0.5,0,24,0.4064285714285715,1,5.477121254719663,0.64,1,systemic lupus erythematosus,0.4446511381109587
0.0,3.4339872044851463,0.5,0,24,0.4064285714285715,1,5.477121254719663,0.64,1,systemic lupus erythematosus,0.4244740937815629
0.0,4.07753744390572,0.5,0,24,0.4064285714285715,1,5.477121254719663,0.64,1,systemic lupus erythematosus,0.43412734737287156
1.0,3.912023005428146,1.0,0,36,0.4064285714285715,5,5.477121254719663,0.64,1,systemic lupus erythematosus,0.6116446307957079
0.0,6.767343125265392,0.5,0,24,0.4064285714285715,1,5.477121254719663,0.64,1,systemic lupus erythematosus,0.4744744325932666
0.0,3.295836866004329,0.5,0,24,0.4064285714285715,1,5.477121254719663,0.64,1,systemic lupus erythematosus,0.42240183870435066
2.0,5.564520407322694,1.0,0,48,0.4064285714285715,5,5.477121254719663,0.36,1,systemic lupus erythematosus,0.5524320918241261
3.0,5.883322388488279,1.0,0,60,0.4064285714285715,5,5.477121254719663,0.58,1,systemic lupus erythematosus,0.6232141215416098
1.0,4.174387269895637,1.0,0,36,0.4064285714285715,5,5.477121254719663,0.64,1,systemic lupus erythematosus,0.6155800947627202
1.0,2.5649493574615367,1.0,0,36,0.4064285714285715,5,5.477121254719663,0.64,1,systemic lupus erythematosus,0.5914385260762087
2.0,5.236441962829949,0.5,0,48,0.4064285714285715,1,5.477121254719663,0.36,1,systemic lupus erythematosus,0.367510915156735
0.0,4.795790545596741,0.5,0,24,0.4064285714285715,1,5.477121254719663,0.64,1,systemic lupus erythematosus,0.4449011438982369
1.0,0.6931471805599453,0.8,0,36,0.4064285714285715,3,5.477121254719663,0.64,1,systemic lupus erythematosus,0.4833614934226849
0.0,5.993961427306569,1.0,0,24,0.4064285714285715,5,5.477121254719663,0.64,1,systemic lupus erythematosus,0.6428737071238843
2.0,4.248495242049359,1.0,0,48,0.4064285714285715,5,5.477121254719663,0.36,1,systemic lupus erythematosus,0.5326917143450262
0.0,4.8283137373023015,0.5,0,24,0.4064285714285715,1,5.477121254719663,0.64,1,systemic lupus erythematosus,0.4453889917738203
0.0,5.472270673671475,0.5,0,24,0.4064285714285715,1,5.477121254719663,0.64,1,systemic lupus erythematosus,0.4550483458193579
1.0,0.0,0.5,0,36,0.4064285714285715,1,5.477121254719663,0.64,0,systemic lupus erythematosus,0.37296428571428575
1.0,3.4657359027997265,1.0,0,36,0.4064285714285715,5,5.477121254719663,0.64,1,systemic lupus erythematosus,0.6049503242562816
1.0,4.442651256490317,1.0,0,36,0.4064285714285715,5,5.477121254719663,0.64,1,systemic lupus erythematosus,0.6196040545616405
2.0,6.059123195581797,1.0,0,48,0.4064285714285715,5,5.477121254719663,0.36,1,systemic lupus erythematosus,0.5598511336480126
0.0,7.547501682814967,0.5,0,24,0.4064285714285715,1,5.477121254719663,0.64,1,systemic lupus erythematosus,0.4861768109565102
0.0,3.912023005428146,0.5,0,24,0.4064285714285715,1,5.477121254719663,0.64,0,systemic lupus erythematosus,0.4316446307957079
2.0,5.081404364984463,1.0,0,48,0.4064285714285715,5,5.477121254719663,0.36,0,systemic lupus erythematosus,0.5451853511890526
4.0,3.4965075614664802,0.5,0,36,0.4064285714285715,1,5.477121254719663,0.8,1,systemic lupus erythematosus,0.4734118991362829
0.0,3.4339872044851463,0.5,0,24,0.4064285714285715,1,5.477121254719663,0.64,1,systemic lupus erythematosus,0.4244740937815629
0.0,3.044522437723423,0.5,0,24,0.4064285714285715,1,5.477121254719663,0.64,0,systemic lupus erythematosus,0.4186321222801371
0.0,8.160803920954665,0.5,0,24,0.4064285714285715,1,5.477121254719663,0.64,1,systemic lupus erythematosus,0.4953763445286057
2.0,4.406719247264253,0.5,0,48,0.4064285714285715,1,5.477121254719663,0.36,1,systemic lupus erythematosus,0.3550650744232496
0.0,3.6109179126442243,0.5,0,24,0.4064285714285715,1,5.477121254719663,0.64,1,systemic lupus erythematosus,0.42712805440394913
1.0,4.248495242049359,1.0,0,36,0.4064285714285715,5,5.477121254719663,0.64,1,systemic lupus erythematosus,0.6166917143450261
0.0,4.290459441148391,0.5,0,24,0.4064285714285715,1,5.477121254719663,0.64,1,systemic lupus erythematosus,0.4373211773315116
3.0,6.7226297948554485,1.0,0,60,0.4064285714285715,5,5.477121254719663,0.58,0,systemic lupus erythematosus,0.6358037326371174
1.0,3.1780538303479458,1.0,0,36,0.4064285714285715,5,5.477121254719663,0.64,1,systemic lupus erythematosus,0.6006350931695049
0.0,0.0,0.5,0,24,0.4064285714285715,1,5.477121254719663,0.64,0,systemic lupus erythematosus,0.37296428571428575
4.0,2.995732273553991,0.5,0,36,0.4064285714285715,1,5.477121254719663,0.8,1,systemic lupus erythematosus,0.4659002698175955
3.0,6.658011045870748,1.0,0,60,0.4064285714285715,5,5.477121254719663,0.58,1,systemic lupus erythematosus,0.634834451402347
0.0,4.1588830833596715,0.5,0,24,0.4064285714285715,1,5.477121254719663,0.64,1,systemic lupus erythematosus,0.4353475319646808
3.0,5.680172609017068,1.0,0,60,0.4064285714285715,5,5.477121254719663,0.58,1,systemic lupus erythematosus,0.6201668748495417
0.0,7.323170717943469,1.0,0,24,0.4064285714285715,5,5.477121254719663,0.64,1,systemic lupus erythematosus,0.6628118464834377
0.0,6.398594934535208,0.5,0,24,0.4064285714285715,1,5.477121254719663,0.64,1,systemic lupus erythematosus,0.46894320973231385
1.0,3.8918202981106265,1.0,0,36,0.4064285714285715,5,5.477121254719663,0.64,1,systemic lupus erythematosus,0.6113415901859451
1.0,4.969813299576001,1.0,0,36,0.4064285714285715,5,5.477121254719663,0.64,1,systemic lupus erythematosus,0.6275114852079257
0.0,5.342334251964811,0.5,0,24,0.4064285714285715,1,5.477121254719663,0.64,1,systemic lupus erythematosus,0.45309929949375793
0.0,4.02535169073515,0.5,0,24,0.4064285714285715,1,5.477121254719663,0.64,1,systemic lupus erythematosus,0.433344561075313
0.0,4.406719247264253,0.5,0,24,0.4064285714285715,1,5.477121254719663,0.64,1,systemic lupus erythematosus,0.43906507442324955
0.0,3.9318256327243257,0.5,0,24,0.4064285714285715,1,5.477121254719663,0.64,1,systemic lupus erythematosus,0.4319416702051506
2.0,2.833213344056216,0.5,0,48,0.4064285714285715,1,5.477121254719663,0.36,1,systemic lupus erythematosus,0.33146248587512905
3.0,4.143134726391533,1.0,0,60,0.4064285714285715,5,5.477121254719663,0.58,1,systemic lupus erythematosus,0.5971113066101587
4.0,5.707110264748875,0.5,0,36,0.4064285714285715,1,5.477121254719663,0.8,1,systemic lupus erythematosus,0.5065709396855188
0.0,4.61512051684126,0.5,0,24,0.4064285714285715,1,5.477121254719663,0.64,1,systemic lupus erythematosus,0.44219109346690466
2.0,4.68213122712422,1.0,0,48,0.4064285714285715,5,5.477121254719663,0.36,1,systemic lupus erythematosus,0.539196254121149
3.0,6.248042874508429,1.0,0,60,0.4064285714285715,5,5.477121254719663,0.58,0,systemic lupus erythematosus,0.6286849288319121
2.0,3.091042453358316,1.0,0,48,0.4064285714285715,5,5.477121254719663,0.36,1,systemic lupus erythematosus,0.5153299225146605
0.0,6.4967749901858625,0.5,0,24,0.4064285714285715,1,5.477121254719663,0.64,1,systemic lupus erythematosus,0.47041591056707366
0.0,3.7612001156935624,0.5,0,24,0.4064285714285715,1,5.477121254719663,0.64,1,systemic lupus erythematosus,0.4293822874496892
2.0,4.718498871295094,0.5,0,48,0.4064285714285715,1,5.477121254719663,0.36,1,systemic lupus erythematosus,0.3597417687837122
0.0,4.812184355372417,0.5,0,24,0.4064285714285715,1,5.477121254719663,0.64,1,systemic lupus erythematosus,0.445147051044872
0.0,3.4339872044851463,0.5,0,24,0.4064285714285715,1,5.477121254719663,0.64,1,systemic lupus erythematosus,0.4244740937815629
2.0,4.882801922586371,1.0,0,48,0.4064285714285715,5,5.477121254719663,0.36,1,systemic lupus erythematosus,0.5422063145530813
0.0,3.2188758248682006,0.8,0,24,0.4064285714285715,3,5.477121254719663,0.64,0,systemic lupus erythematosus,0.5212474230873088
2.0,4.189654742026425,1.0,0,48,0.4064285714285715,5,5.477121254719663,0.36,1,systemic lupus erythematosus,0.5318091068446821
0.0,3.091042453358316,0.5,0,24,0.4064285714285715,1,5.477121254719663,0.64,1,systemic lupus erythematosus,0.4193299225146605
1.0,3.58351893845611,1.0,0,36,0.4064285714285715,5,5.477121254719663,0.64,1,systemic lupus erythematosus,0.6067170697911274
0.0,4.343805421853684,1.0,0,24,0.4064285714285715,5,5.477121254719663,0.64,1,systemic lupus erythematosus,0.618121367042091
0.0,3.9318256327243257,1.0,0,24,0.4064285714285715,5,5.477121254719663,0.64,1,systemic lupus erythematosus,0.6119416702051506
2.0,4.060443010546419,1.0,0,48,0.4064285714285715,5,5.477121254719663,0.36,1,systemic lupus erythematosus,0.529870930872482
1.0,2.0794415416798357,0.6,0,36,0.4064285714285715,1,5.477121254719663,0.64,1,systemic lupus erythematosus,0.4241559088394833
0.0,0.0,0.6,0,24,0.4064285714285715,1,5.477121254719663,0.64,0,systemic lupus erythematosus,0.39296428571428577
0.0,3.8918202981106265,0.5,0,24,0.4064285714285715,1,5.477121254719663,0.64,1,systemic lupus erythematosus,0.43134159018594515
0.0,4.51085950651685,0.5,0,24,0.4064285714285715,1,5.477121254719663,0.64,1,systemic lupus erythematosus,0.4406271783120385
1.0,3.970291913552122,1.0,0,36,0.4064285714285715,5,5.477121254719663,0.64,1,systemic lupus erythematosus,0.6125186644175675
1.0,2.0794415416798357,0.5,0,36,0.4064285714285715,1,5.477121254719663,0.64,0,systemic lupus erythematosus,0.40415590883948327
2.0,5.834810737062605,1.0,0,48,0.4064285714285715,5,5.477121254719663,0.36,1,systemic lupus erythematosus,0.5564864467702247
2.0,5.860786223465865,1.0,0,48,0.4064285714285715,5,5.477121254719663,0.36,1,systemic lupus erythematosus,0.5568760790662737
2.0,5.568344503761097,1.0,0,48,0.4064285714285715,5,5.477121254719663,0.36,1,systemic lupus erythematosus,0.5524894532707022
2.0,2.833213344056216,1.0,0,48,0.4064285714285715,5,5.477121254719663,0.36,0,systemic lupus erythematosus,0.511462485875129
0.0,6.716594773520978,0.5,0,24,0.4064285714285715,1,5.477121254719663,0.64,1,systemic lupus erythematosus,0.4737132073171004
4.0,1.0986122886681098,0.5,0,36,0.4064285714285715,1,5.477121254719663,0.8,0,systemic lupus erythematosus,0.43744347004430734
1.0,0.0,0.5,0,36,0.4064285714285715,1,5.477121254719663,0.64,0,systemic lupus erythematosus,0.37296428571428575
0.0,4.110873864173311,0.5,0,24,0.4064285714285715,1,5.477121254719663,0.64,1,systemic lupus erythematosus,0.4346273936768854
0.0,4.477336814478207,0.5,0,24,0.4064285714285715,1,5.477121254719663,0.64,1,systemic lupus erythematosus,0.44012433793145883
0.0,3.713572066704308,0.5,0,24,0.4064285714285715,1,5.477121254719663,0.64,1,systemic lupus erythematosus,0.42866786671485035
0.0,2.70805020110221,1.0,0,24,0.4064285714285715,5,5.477121254719663,0.64,1,systemic lupus erythematosus,0.5935850387308188
0.0,5.081404364984463,0.5,0,24,0.4064285714285715,1,5.477121254719663,0.64,1,systemic lupus erythematosus,0.4491853511890527
0.0,3.912023005428146,0.5,0,24,0.4064285714285715,1,5.477121254719663,0.64,0,systemic lupus erythematosus,0.4316446307957079
1.0,3.713572066704308,1.0,0,36,0.4064285714285715,5,5.477121254719663,0.64,1,systemic lupus erythematosus,0.6086678667148503
0.0,3.58351893845611,0.5,0,24,0.4064285714285715,1,5.477121254719663,0.64,1,systemic lupus erythematosus,0.4267170697911274
1.0,3.367295829986474,1.0,0,36,0.4064285714285715,5,5.477121254719663,0.64,1,systemic lupus erythematosus,0.6034737231640828
0.0,5.407171771460119,0.5,0,24,0.4064285714285715,1,5.477121254719663,0.64,1,systemic lupus erythematosus,0.4540718622861875
0.0,1.6094379124341003,0.5,0,24,0.4064285714285715,1,5.477121254719663,0.64,1,systemic lupus erythematosus,0.39710585440079726
1.0,3.6109179126442243,1.0,0,36,0.4064285714285715,5,5.477121254719663,0.64,1,systemic lupus erythematosus,0.607128054403949
0.0,4.110873864173311,0.5,0,24,0.4064285714285715,1,5.477121254719663,0.64,1,systemic lupus erythematosus,0.4346273936768854
2.0,3.1780538303479458,0.5,0,48,0.4064285714285715,1,5.477121254719663,0.36,0,systemic lupus erythematosus,0.33663509316950496
0.0,4.5217885770490405,0.5,0,24,0.4064285714285715,1,5.477121254719663,0.64,1,systemic lupus erythematosus,0.4407911143700214
1.0,0.0,1.0,0,36,0.4064285714285715,5,5.477121254719663,0.64,0,systemic lupus erythematosus,0.5529642857142857
2.0,5.030437921392435,0.5,0,48,0.4064285714285715,1,5.477121254719663,0.36,1,systemic lupus erythematosus,0.3644208545351723
0.0,6.90875477931522,0.5,0,24,0.4064285714285715,1,5.477121254719663,0.64,1,systemic lupus erythematosus,0.4765956074040141
3.0,5.37989735354046,1.0,0,60,0.4064285714285715,5,5.477121254719663,0.58,1,systemic lupus erythematosus,0.6156627460173926
0.0,4.912654885736052,0.5,0,24,0.4064285714285715,1,5.477121254719663,0.64,1,systemic lupus erythematosus,0.44665410900032654
2.0,3.4965075614664802,0.5,0,48,0.4064285714285715,1,5.477121254719663,0.36,1,systemic lupus erythematosus,0.341411899136283
3.0,7.045776576879511,1.0,0,60,0.4064285714285715,5,5.477121254719663,0.58,0,systemic lupus erythematosus,0.6406509343674783
3.0,5.817111159963204,1.0,0,60,0.4064285714285715,5,5.477121254719663,0.58,1,systemic lupus erythematosus,0.6222209531137337
0.0,1.6094379124341003,0.5,0,24,0.4064285714285715,1,5.477121254719663,0.64,0,systemic lupus erythematosus,0.39710585440079726
1.0,2.4849066497880004,0.5,0,36,0.4064285714285715,1,5.477121254719663,0.64,1,systemic lupus erythematosus,0.41023788546110573
0.0,3.8501476017100584,0.5,0,24,0.4064285714285715,1,5.477121254719663,0.64,1,systemic lupus erythematosus,0.43071649973993664
3.0,0.0,1.0,0,60,0.4064285714285715,5,5.477121254719663,0.58,0,systemic lupus erythematosus,0.5349642857142857
2.0,3.4965075614664802,0.5,0,48,0.4064285714285715,1,5.477121254719663,0.36,1,systemic lupus erythematosus,0.341411899136283
0.0,10.858152485527174,1.0,0,24,0.4064285714285715,5,5.477121254719663,0.64,1,systemic lupus erythematosus,0.7158365729971933
0.0,12.711509777415268,1.0,0,24,0.4064285714285715,5,5.477121254719663,0.64,1,systemic lupus erythematosus,0.7436369323755148
1.0,2.4849066497880004,1.0,0,36,0.4064285714285715,5,5.477121254719663,0.64,0,systemic lupus erythematosus,0.5902378854611057
0.0,4.875197323201151,0.5,0,24,0.4064285714285715,1,5.477121254719663,0.64,1,systemic lupus erythematosus,0.44609224556230304
2.0,3.5263605246161616,1.0,0,48,0.4064285714285715,5,5.477121254719663,0.36,0,systemic lupus erythematosus,0.5218596935835281
0.0,3.713572066704308,0.5,0,24,0.4064285714285715,1,5.477121254719663,0.64,1,systemic lupus erythematosus,0.42866786671485035
1.0,4.110873864173311,1.0,0,36,0.4064285714285715,5,5.477121254719663,0.64,1,systemic lupus erythematosus,0.6146273936768853
0.0,4.23410650459726,0.6,0,24,0.4064285714285715,1,5.477121254719663,0.64,1,systemic lupus erythematosus,0.4564758832832447
2.0,0.0,0.5,0,48,0.4064285714285715,1,5.477121254719663,0.36,0,systemic lupus erythematosus,0.2889642857142858
0.0,4.976733742420574,0.5,0,24,0.4064285714285715,1,5.477121254719663,0.64,1,systemic lupus erythematosus,0.44761529185059434
0.0,12.820179324373711,1.0,0,24,0.4064285714285715,5,5.477121254719663,0.64,1,systemic lupus erythematosus,0.7452669755798913
2.0,3.828641396489095,0.5,0,48,0.4064285714285715,1,5.477121254719663,0.36,1,systemic lupus erythematosus,0.34639390666162223
0.0,5.056245805348308,0.5,0,24,0.4064285714285715,1,5.477121254719663,0.64,1,systemic lupus erythematosus,0.44880797279451035
0.0,5.707110264748875,0.5,0,24,0.4064285714285715,1,5.477121254719663,0.64,1,systemic lupus erythematosus,0.4585709396855189
4.0,0.0,0.5,0,36,0.4064285714285715,1,5.477121254719663,0.8,0,systemic lupus erythematosus,0.4209642857142857
3.0,5.560681631015528,0.6,0,60,0.4064285714285715,1,5.477121254719663,0.58,0,systemic lupus erythematosus,0.45837451017951863
0.0,6.35088571671474,0.5,0,24,0.4064285714285715,1,5.477121254719663,0.64,1,systemic lupus erythematosus,0.4682275714650068
2.0,5.501258210544727,1.0,0,48,0.4064285714285715,5,5.477121254719663,0.36,1,systemic lupus erythematosus,0.5514831588724566
0.0,0.0,0.5,0,24,0.4064285714285715,1,5.477121254719663,0.64,0,systemic lupus erythematosus,0.37296428571428575
0.0,4.454347296253507,0.5,0,24,0.4064285714285715,1,5.477121254719663,0.64,1,systemic lupus erythematosus,0.43977949515808834
3.0,5.7745515455444085,1.0,0,60,0.4064285714285715,5,5.477121254719663,0.58,1,systemic lupus erythematosus,0.6215825588974518
2.0,5.017279836814924,0.5,0,48,0.4064285714285715,1,5.477121254719663,0.36,1,systemic lupus erythematosus,0.36422348326650966
0.0,3.295836866004329,0.5,0,24,0.4064285714285715,1,5.477121254719663,0.64,1,systemic lupus erythematosus,0.42240183870435066
2.0,5.225746673713202,1.0,0,48,0.4064285714285715,5,5.477121254719663,0.36,1,systemic lupus erythematosus,0.5473504858199838
0.0,3.9318256327243257,0.5,0,24,0.4064285714285715,1,5.477121254719663,0.64,1,systemic lupus erythematosus,0.4319416702051506
1.0,3.258096538021482,1.0,0,36,0.4064285714285715,5,5.477121254719663,0.64,1,systemic lupus erythematosus,0.6018357337846079
0.0,6.315358001522335,0.5,0,24,0.4064285714285715,1,5.477121254719663,0.64,1,systemic lupus erythematosus,0.46769465573712077
2.0,4.787491742782046,1.0,0,48,0.4064285714285715,5,5.477121254719663,0.36,1,systemic lupus erythematosus,0.5407766618560164
0.0,3.5553480614894135,0.5,0,24,0.4064285714285715,1,5.477121254719663,0.64,1,systemic lupus erythematosus,0.42629450663662694
2.0,5.676753802268282,1.0,0,48,0.4064285714285715,5,5.477121254719663,0.36,1,systemic lupus erythematosus,0.5541155927483099
0.0,4.343805421853684,0.5,0,24,0.4064285714285715,1,5.477121254719663,0.64,1,systemic lupus erythematosus,0.43812136704209104
0.0,4.189654742026425,0.5,0,24,0.4064285714285715,1,5.477121254719663,0.64,1,systemic lupus erythematosus,0.4358091068446821
2.0,5.181783550292085,1.0,0,48,0.4064285714285715,5,5.477121254719663,0.36,1,systemic lupus erythematosus,0.546691038968667
4.0,0.0,0.5,0,36,0.4064285714285715,1,5.477121254719663,0.8,0,systemic lupus erythematosus,0.4209642857142857
0.0,4.31748811353631,0.5,0,24,0.4064285714285715,1,5.477121254719663,0.64,1,systemic lupus erythematosus,0.4377266074173304
0.0,4.61512051684126,0.5,0,24,0.4064285714285715,1,5.477121254719663,0.64,1,systemic lupus erythematosus,0.44219109346690466
3.0,5.62040086571715,1.0,0,60,0.4064285714285715,5,5.477121254719663,0.58,0,systemic lupus erythematosus,0.6192702987000429
0.5,3.871201010907891,0.8,0,24,0.4064285714285715,3,5.477121254719663,0.64,1,systemic lupus erythematosus,0.5310323008779041
0.0,4.110873864173311,0.5,0,24,0.4064285714285715,1,5.477121254719663,0.64,1,systemic lupus erythematosus,0.4346273936768854
0.0,4.394449154672439,0.5,0,24,0.4064285714285715,1,5.477121254719663,0.64,1,systemic lupus erythematosus,0.4388810230343723
0.0,5.402677381872279,0.5,0,24,0.4064285714285715,1,5.477121254719663,0.64,0,systemic lupus erythematosus,0.4540044464423699
0.0,3.9889840465642745,0.5,0,24,0.4064285714285715,1,5.477121254719663,0.64,0,systemic lupus erythematosus,0.43279904641274985
2.0,0.0,1.0,0,48,0.4064285714285715,5,5.477121254719663,0.36,0,systemic lupus erythematosus,0.4689642857142857
0.0,6.29156913955832,0.5,0,24,0.4064285714285715,1,5.477121254719663,0.64,0,systemic lupus erythematosus,0.46733782280766056
0.0,4.330733340286331,0.5,0,24,0.4064285714285715,1,5.477121254719663,0.64,1,systemic lupus erythematosus,0.4379252858185807
0.0,3.5263605246161616,0.5,0,24,0.4064285714285715,1,5.477121254719663,0.64,1,systemic lupus erythematosus,0.42585969358352815
0.0,0.0,0.5,0,24,0.4064285714285715,1,5.477121254719663,0.64,0,systemic lupus erythematosus,0.37296428571428575
2.0,5.1298987149230735,1.0,0,48,0.4064285714285715,5,5.477121254719663,0.36,0,systemic lupus erythematosus,0.5459127664381318
2.0,1.6094379124341003,0.5,0,48,0.4064285714285715,1,5.477121254719663,0.36,0,systemic lupus erythematosus,0.3131058544007973
0.0,3.044522437723423,0.5,0,24,0.4064285714285715,1,5.477121254719663,0.64,1,systemic lupus erythematosus,0.4186321222801371
2.0,7.714677473800927,0.5,0,48,0.4064285714285715,1,5.477121254719663,0.36,1,systemic lupus erythematosus,0.4046844478212997
2.0,4.343805421853684,1.0,0,48,0.4064285714285715,5,5.477121254719663,0.36,1,systemic lupus erythematosus,0.534121367042091
2.0,5.556828061699537,0.8,0,48,0.4064285714285715,3,5.477121254719663,0.36,0,systemic lupus erythematosus,0.4723167066397788
0.0,0.0,1.0,0,24,0.4064285714285715,5,5.477121254719663,0.64,0,systemic lupus erythematosus,0.5529642857142857
0.0,4.110873864173311,0.5,0,24,0.4064285714285715,1,5.477121254719663,0.64,1,systemic lupus erythematosus,0.4346273936768854
0.0,4.143134726391533,0.5,0,24,0.4064285714285715,1,5.477121254719663,0.64,1,systemic lupus erythematosus,0.43511130661015873
4.0,2.833213344056216,0.5,0,36,0.4064285714285715,1,5.477121254719663,0.8,1,systemic lupus erythematosus,0.46346248587512895
1.0,2.772588722239781,1.0,0,36,0.4064285714285715,5,5.477121254719663,0.64,1,systemic lupus erythematosus,0.5945531165478823
0.0,0.0,0.5,0,24,0.4064285714285715,1,5.477121254719663,0.64,0,systemic lupus erythematosus,0.37296428571428575
3.0,3.5263605246161616,1.0,0,60,0.4064285714285715,5,5.477121254719663,0.58,1,systemic lupus erythematosus,0.5878596935835281
1.0,3.4965075614664802,1.0,0,36,0.4064285714285715,5,5.477121254719663,0.64,1,systemic lupus erythematosus,0.6054118991362829
0.5,4.07753744390572,0.5,0,24,0.4064285714285715,1,5.477121254719663,0.64,0,systemic lupus erythematosus,0.43412734737287156
4.0,5.44673737166631,0.5,0,36,0.4064285714285715,1,5.477121254719663,0.8,1,systemic lupus erythematosus,0.5026653462892803
0.0,4.820281565605037,0.6,0,24,0.4064285714285715,1,5.477121254719663,0.64,1,systemic lupus erythematosus,0.4652685091983613
0.0,4.290459441148391,1.0,0,24,0.4064285714285715,5,5.477121254719663,0.64,1,systemic lupus erythematosus,0.6173211773315116
2.0,5.3706380281276624,1.0,0,48,0.4064285714285715,5,5.477121254719663,0.36,1,systemic lupus erythematosus,0.5495238561362007
1.0,1.3862943611198906,1.0,0,36,0.4064285714285715,5,5.477121254719663,0.64,0,systemic lupus erythematosus,0.5737587011310841
3.0,4.110873864173311,0.5,0,60,0.4064285714285715,1,5.477121254719663,0.58,1,systemic lupus erythematosus,0.4166273936768854
4.0,3.713572066704308,0.5,0,36,0.4064285714285715,1,5.477121254719663,0.8,1,systemic lupus erythematosus,0.4766678667148503
4.0,7.69484807238461,0.5,0,36,0.4064285714285715,1,5.477121254719663,0.8,1,systemic lupus erythematosus,0.5363870068000548
3.0,5.627621113690637,1.0,0,60,0.4064285714285715,5,5.477121254719663,0.58,1,systemic lupus erythematosus,0.6193786024196453
2.0,5.43372200355424,1.0,0,48,0.4064285714285715,5,5.477121254719663,0.36,1,systemic lupus erythematosus,0.5504701157675993
1.0,0.6931471805599453,1.0,0,36,0.4064285714285715,5,5.477121254719663,0.64,0,systemic lupus erythematosus,0.5633614934226848
0.0,4.61512051684126,0.6,0,24,0.4064285714285715,1,5.477121254719663,0.64,1,systemic lupus erythematosus,0.4621910934669047
0.0,3.9318256327243257,0.5,0,24,0.4064285714285715,1,5.477121254719663,0.64,1,systemic lupus erythematosus,0.4319416702051506
2.0,4.820281565605037,1.0,0,48,0.4064285714285715,5,5.477121254719663,0.36,0,systemic lupus erythematosus,0.5412685091983612
4.0,4.219507705176107,1.0,0,36,0.4064285714285715,5,5.477121254719663,0.8,1,systemic lupus erythematosus,0.6642569012919273
1.0,3.4965075614664802,1.0,0,36,0.4064285714285715,5,5.477121254719663,0.64,1,systemic lupus erythematosus,0.6054118991362829
0.0,5.267858159063328,1.0,0,24,0.4064285714285715,5,5.477121254719663,0.64,1,systemic lupus erythematosus,0.6319821581002356
1.0,4.174387269895637,1.0,0,36,0.4064285714285715,5,5.477121254719663,0.64,1,systemic lupus erythematosus,0.6155800947627202
1.0,3.295836866004329,1.0,0,36,0.4064285714285715,5,5.477121254719663,0.64,1,systemic lupus erythematosus,0.6024018387043506
2.0,2.5649493574615367,1.0,0,48,0.4064285714285715,5,5.477121254719663,0.36,1,systemic lupus erythematosus,0.5074385260762088
0.0,4.330733340286331,0.5,0,24,0.4064285714285715,1,5.477121254719663,0.64,1,systemic lupus erythematosus,0.4379252858185807
0.0,6.049733455231958,1.0,0,24,0.4064285714285715,5,5.477121254719663,0.64,1,systemic lupus erythematosus,0.643710287542765
0.5,1.3862943611198906,0.5,0,24,0.4064285714285715,1,5.477121254719663,0.64,1,systemic lupus erythematosus,0.39375870113108413
0.0,4.02535169073515,0.5,0,24,0.4064285714285715,1,5.477121254719663,0.64,1,systemic lupus erythematosus,0.433344561075313
0.0,3.4965075614664802,0.5,0,24,0.4064285714285715,1,5.477121254719663,0.64,1,systemic lupus erythematosus,0.42541189913628297
0.0,1.791759469228055,0.5,0,24,0.4064285714285715,1,5.477121254719663,0.64,0,systemic lupus erythematosus,0.3998406777527066
0.0,5.308267697401205,0.5,0,24,0.4064285714285715,1,5.477121254719663,0.64,1,systemic lupus erythematosus,0.4525883011753038
1.0,4.532599493153256,1.0,0,36,0.4064285714285715,5,5.477121254719663,0.64,1,systemic lupus erythematosus,0.6209532781115845
0.0,4.394449154672439,0.5,0,24,0.4064285714285715,1,5.477121254719663,0.64,1,systemic lupus erythematosus,0.4388810230343723
2.0,5.049856007249537,1.0,0,48,0.4064285714285715,5,5.477121254719663,0.36,0,systemic lupus erythematosus,0.5447121258230287
0.0,4.624972813284271,0.5,0,24,0.4064285714285715,1,5.477121254719663,0.64,1,systemic lupus erythematosus,0.4423388779135498
1.0,2.0794415416798357,1.0,0,36,0.4064285714285715,5,5.477121254719663,0.64,1,systemic lupus erythematosus,0.5841559088394832
0.0,4.330733340286331,0.5,0,24,0.4064285714285715,1,5.477121254719663,0.64,1,systemic lupus erythematosus,0.4379252858185807
0.0,4.709530201312334,0.5,0,24,0.4064285714285715,1,5.477121254719663,0.64,1,systemic lupus erythematosus,0.4436072387339708
0.0,13.371421038879342,0.5,0,24,0.4064285714285715,1,5.477121254719663,0.64,1,systemic lupus erythematosus,0.5735356012974759
3.0,3.4657359027997265,1.0,0,60,0.4064285714285715,5,5.477121254719663,0.58,0,systemic lupus erythematosus,0.5869503242562816
0.0,4.060443010546419,0.5,0,24,0.4064285714285715,1,5.477121254719663,0.64,1,systemic lupus erythematosus,0.433870930872482
0.0,5.438079308923196,1.0,0,24,0.4064285714285715,5,5.477121254719663,0.64,1,systemic lupus erythematosus,0.6345354753481336
1.0,4.394449154672439,1.0,0,36,0.4064285714285715,5,5.477121254719663,0.64,1,systemic lupus erythematosus,0.6188810230343723
2.0,4.61512051684126,1.0,0,48,0.4064285714285715,5,5.477121254719663,0.36,0,systemic lupus erythematosus,0.5381910934669046
2.0,4.454347296253507,1.0,0,48,0.4064285714285715,5,5.477121254719663,0.36,0,systemic lupus erythematosus,0.5357794951580883
0.0,5.5134287461649825,0.5,0,24,0.4064285714285715,1,5.477121254719663,0.64,1,systemic lupus erythematosus,0.4556657169067605
2.0,3.713572066704308,0.5,0,48,0.4064285714285715,1,5.477121254719663,0.36,1,systemic lupus erythematosus,0.3446678667148504
3.0,0.0,1.0,0,60,0.4064285714285715,5,5.477121254719663,0.58,0,systemic lupus erythematosus,0.5349642857142857
4.0,4.442651256490317,0.5,0,36,0.4064285714285715,1,5.477121254719663,0.8,1,systemic lupus erythematosus,0.4876040545616404
1.0,2.6390573296152584,1.0,0,36,0.4064285714285715,5,5.477121254719663,0.64,1,systemic lupus erythematosus,0.5925501456585146
0.0,6.499787040655854,0.5,0,24,0.4064285714285715,1,5.477121254719663,0.64,1,systemic lupus erythematosus,0.47046109132412356
3.0,4.5217885770490405,1.0,0,60,0.4064285714285715,5,5.477121254719663,0.58,0,systemic lupus erythematosus,0.6027911143700213
0.0,2.833213344056216,0.5,0,24,0.4064285714285715,1,5.477121254719663,0.64,1,systemic lupus erythematosus,0.415462485875129
1.0,2.1972245773362196,1.0,0,36,0.4064285714285715,5,5.477121254719663,0.64,0,systemic lupus erythematosus,0.585922654374329
0.0,3.58351893845611,0.5,0,24,0.4064285714285715,1,5.477121254719663,0.64,1,systemic lupus erythematosus,0.4267170697911274
4.0,4.61512051684126,0.5,0,36,0.4064285714285715,1,5.477121254719663,0.8,1,systemic lupus erythematosus,0.4901910934669046
2.0,6.124683390894205,1.0,0,48,0.4064285714285715,5,5.477121254719663,0.36,1,systemic lupus erythematosus,0.5608345365776988
0.0,5.5909869805108565,0.5,0,24,0.4064285714285715,1,5.477121254719663,0.64,1,systemic lupus erythematosus,0.4568290904219486
1.0,2.772588722239781,1.0,0,36,0.4064285714285715,5,5.477121254719663,0.64,1,systemic lupus erythematosus,0.5945531165478823
0.0,6.408528791059498,0.5,0,24,0.4064285714285715,1,5.477121254719663,0.64,1,systemic lupus erythematosus,0.4690922175801782
1.0,2.0794415416798357,0.8,0,36,0.4064285714285715,3,5.477121254719663,0.64,1,systemic lupus erythematosus,0.5041559088394832
0.0,3.4965075614664802,0.5,0,24,0.4064285714285715,1,5.477121254719663,0.64,1,systemic lupus erythematosus,0.42541189913628297
2.0,2.5649493574615367,0.8,0,48,0.4064285714285715,3,5.477121254719663,0.36,0,systemic lupus erythematosus,0.4274385260762088
2.0,3.367295829986474,1.0,0,48,0.4064285714285715,5,5.477121254719663,0.36,0,systemic lupus erythematosus,0.5194737231640828
2.0,0.0,0.5,0,48,0.4064285714285715,1,5.477121254719663,0.36,0,systemic lupus erythematosus,0.2889642857142858
0.0,5.616771097666572,0.5,0,24,0.4064285714285715,1,5.477121254719663,0.64,0,systemic lupus erythematosus,0.45721585217928434
2.0,4.442651256490317,1.0,0,48,0.4064285714285715,5,5.477121254719663,0.36,0,systemic lupus erythematosus,0.5356040545616405
0.0,6.111467339502679,0.5,0,24,0.4064285714285715,1,5.477121254719663,0.64,1,systemic lupus erythematosus,0.4646362958068259
1.0,1.3862943611198906,0.5,0,36,0.4064285714285715,1,5.477121254719663,0.64,1,systemic lupus erythematosus,0.39375870113108413
0.0,3.8501476017100584,1.0,0,24,0.4064285714285715,5,5.477121254719663,0.64,1,systemic lupus erythematosus,0.6107164997399366
0.0,4.634728988229636,0.5,0,24,0.4064285714285715,1,5.477121254719663,0.64,1,systemic lupus erythematosus,0.4424852205377303
2.0,2.1972245773362196,1.0,0,48,0.4064285714285715,5,5.477121254719663,0.36,0,systemic lupus erythematosus,0.501922654374329
0.0,5.081404364984463,0.5,0,24,0.4064285714285715,1,5.477121254719663,0.64,1,systemic lupus erythematosus,0.4491853511890527
2.0,5.231108616854587,1.0,0,48,0.4064285714285715,5,5.477121254719663,0.36,1,systemic lupus erythematosus,0.5474309149671045
0.0,0.0,1.0,0,24,0.4064285714285715,5,5.477121254719663,0.64,0,systemic lupus erythematosus,0.5529642857142857
3.0,2.302585092994046,1.0,0,60,0.4064285714285715,5,5.477121254719663,0.58,0,systemic lupus erythematosus,0.5695030621091963
2.0,4.30406509320417,1.0,0,48,0.4064285714285715,5,5.477121254719663,0.36,1,systemic lupus erythematosus,0.5335252621123483
0.0,4.219507705176107,0.5,0,24,0.4064285714285715,1,5.477121254719663,0.64,1,systemic lupus erythematosus,0.43625690129192735
0.0,3.044522437723423,0.5,0,24,0.4064285714285715,1,5.477121254719663,0.64,1,systemic lupus erythematosus,0.4186321222801371
0.0,4.990432586778736,0.5,0,24,0.4064285714285715,1,5.477121254719663,0.64,1,systemic lupus erythematosus,0.4478207745159668
1.0,2.8903717578961645,1.0,0,36,0.4064285714285715,5,5.477121254719663,0.64,0,systemic lupus erythematosus,0.5963198620827281
0.0,5.765191102784844,0.5,0,24,0.4064285714285715,1,5.477121254719663,0.64,1,systemic lupus erythematosus,0.45944215225605844
0.0,6.444131256700441,1.0,0,24,0.4064285714285715,5,5.477121254719663,0.64,1,systemic lupus erythematosus,0.6496262545647923
0.0,3.6109179126442243,0.5,0,24,0.4064285714285715,1,5.477121254719663,0.64,1,systemic lupus erythematosus,0.42712805440394913
1.0,2.833213344056216,1.0,0,36,0.4064285714285715,5,5.477121254719663,0.64,1,systemic lupus erythematosus,0.595462485875129
1.0,2.833213344056216,1.0,0,36,0.4064285714285715,5,5.477121254719663,0.64,1,systemic lupus erythematosus,0.595462485875129
2.0,4.290459441148391,0.5,0,48,0.4064285714285715,1,5.477121254719663,0.36,1,systemic lupus erythematosus,0.35332117733151164
2.0,2.995732273553991,1.0,0,48,0.4064285714285715,5,5.477121254719663,0.36,0,systemic lupus erythematosus,0.5139002698175956
1.0,3.295836866004329,1.0,0,36,0.4064285714285715,5,5.477121254719663,0.64,1,systemic lupus erythematosus,0.6024018387043506
2.0,5.0106352940962555,1.0,0,48,0.4064285714285715,5,5.477121254719663,0.36,0,systemic lupus erythematosus,0.5441238151257295
4.0,1.0986122886681098,1.0,0,36,1.439285714285714,5,6.176091259055681,0.8,0,rheumatoid arthritis,0.7723720414728787
0.0,5.017279836814924,1.0,0,24,1.439285714285714,5,6.176091259055681,0.64,1,rheumatoid arthritis,0.783152054695081
0.0,6.519147287940395,1.0,0,24,1.439285714285714,5,6.176091259055681,0.64,1,rheumatoid arthritis,0.805680066461963
2.0,4.852030263919617,1.0,0,48,1.439285714285714,5,6.176091259055681,0.36,1,rheumatoid arthritis,0.6966733111016514
0.0,3.9318256327243257,1.0,0,24,1.439285714285714,5,6.176091259055681,0.64,1,rheumatoid arthritis,0.766870241633722
0.0,3.713572066704308,0.5,0,24,1.439285714285714,1,6.176091259055681,0.64,1,rheumatoid arthritis,0.5835964381434218
0.0,4.672828834461906,1.0,0,24,1.439285714285714,5,6.176091259055681,0.64,1,rheumatoid arthritis,0.7779852896597856
3.0,0.6931471805599453,1.0,0,60,1.439285714285714,5,6.176091259055681,0.58,0,rheumatoid arthritis,0.7002900648512562
1.0,3.4965075614664802,1.0,0,36,1.439285714285714,5,6.176091259055681,0.64,1,rheumatoid arthritis,0.7603404705648543
2.0,4.465908118654584,1.0,0,48,1.439285714285714,5,6.176091259055681,0.36,0,rheumatoid arthritis,0.6908814789226759
3.0,6.948897222313312,1.0,0,60,1.439285714285714,5,6.176091259055681,0.58,0,rheumatoid arthritis,0.7941263154775567
0.0,7.3864708488298945,1.0,0,24,1.439285714285714,5,6.176091259055681,0.64,1,rheumatoid arthritis,0.8186899198753055
2.0,4.382026634673881,1.0,0,48,1.439285714285714,5,6.176091259055681,0.36,1,rheumatoid arthritis,0.6896232566629653
3.0,4.68213122712422,1.0,0,60,1.439285714285714,5,6.176091259055681,0.58,1,rheumatoid arthritis,0.7601248255497204
0.0,5.288267030694535,1.0,0,24,1.439285714285714,5,6.176091259055681,0.64,1,rheumatoid arthritis,0.7872168626032752
3.0,5.579729825986222,1.0,0,60,1.439285714285714,5,6.176091259055681,0.58,1,rheumatoid arthritis,0.7735888045326504
2.0,2.833213344056216,1.0,0,48,1.439285714285714,5,6.176091259055681,0.36,0,rheumatoid arthritis,0.6663910573037004
0.0,8.75904072752422,1.0,0,24,1.439285714285714,5,6.176091259055681,0.64,1,rheumatoid arthritis,0.8392784680557204
3.0,4.804021044733257,1.0,0,60,1.439285714285714,5,6.176091259055681,0.58,1,rheumatoid arthritis,0.7619531728138559
0.0,5.877735781779639,1.0,0,24,1.439285714285714,5,6.176091259055681,0.64,1,rheumatoid arthritis,0.7960588938695516
3.0,3.4339872044851463,1.0,0,60,1.439285714285714,5,6.176091259055681,0.58,1,rheumatoid arthritis,0.7414026652101343
0.0,6.90875477931522,0.5,0,24,1.439285714285714,1,6.176091259055681,0.64,1,rheumatoid arthritis,0.6315241788325855
0.0,5.3981627015177525,1.0,0,24,1.439285714285714,5,6.176091259055681,0.64,1,rheumatoid arthritis,0.7888652976656234
0.0,5.25227342804663,0.5,0,24,1.439285714285714,1,6.176091259055681,0.64,1,rheumatoid arthritis,0.6066769585635566
4.0,3.091042453358316,1.0,0,36,1.439285714285714,5,6.176091259055681,0.8,1,rheumatoid arthritis,0.8022584939432319
1.0,2.772588722239781,1.0,0,36,1.439285714285714,5,6.176091259055681,0.64,1,rheumatoid arthritis,0.7494816879764539
2.0,4.718498871295094,1.0,0,48,1.439285714285714,5,6.176091259055681,0.36,1,rheumatoid arthritis,0.6946703402122836
0.0,5.187385805840755,0.5,0,24,1.439285714285714,1,6.176091259055681,0.64,1,rheumatoid arthritis,0.6057036442304685
0.0,6.133398042996649,1.0,0,24,1.439285714285714,5,6.176091259055681,0.64,1,rheumatoid arthritis,0.7998938277878068
0.0,3.1354942159291497,0.5,0,24,1.439285714285714,1,6.176091259055681,0.64,1,rheumatoid arthritis,0.5749252703817944
1.0,3.295836866004329,1.0,0,36,1.439285714285714,5,6.176091259055681,0.64,1,rheumatoid arthritis,0.757330410132922
2.0,4.727387818712341,1.0,0,48,1.439285714285714,5,6.176091259055681,0.36,1,rheumatoid arthritis,0.6948036744235423
1.0,4.174387269895637,1.0,0,36,1.439285714285714,5,6.176091259055681,0.64,1,rheumatoid arthritis,0.7705086661912917
0.0,3.4011973816621555,0.5,0,24,1.439285714285714,1,6.176091259055681,0.64,1,rheumatoid arthritis,0.5789108178677895
0.0,3.9318256327243257,0.5,0,24,1.439285714285714,1,6.176091259055681,0.64,1,rheumatoid arthritis,0.586870241633722
3.0,4.795790545596741,1.0,0,60,1.439285714285714,5,6.176091259055681,0.58,1,rheumatoid arthritis,0.7618297153268082
4.0,4.007333185232471,1.0,0,36,1.439285714285714,5,6.176091259055681,0.8,1,rheumatoid arthritis,0.8160028549213442
1.0,3.2188758248682006,1.0,0,36,1.439285714285714,5,6.176091259055681,0.64,1,rheumatoid arthritis,0.7561759945158801
0.0,3.4011973816621555,0.5,0,24,1.439285714285714,1,6.176091259055681,0.64,1,rheumatoid arthritis,0.5789108178677895
4.0,3.6375861597263857,0.5,0,36,1.439285714285714,1,6.176091259055681,0.8,1,rheumatoid arthritis,0.6304566495387529
0.0,5.017279836814924,0.5,0,24,1.439285714285714,1,6.176091259055681,0.64,1,rheumatoid arthritis,0.603152054695081
1.0,3.2188758248682006,1.0,0,36,1.439285714285714,5,6.176091259055681,0.64,1,rheumatoid arthritis,0.7561759945158801
0.0,5.351858133476067,1.0,0,24,1.439285714285714,5,6.176091259055681,0.64,1,rheumatoid arthritis,0.7881707291449981
1.0,4.04305126783455,1.0,0,36,1.439285714285714,5,6.176091259055681,0.64,1,rheumatoid arthritis,0.7685386261603754
1.0,1.791759469228055,1.0,0,36,1.439285714285714,5,6.176091259055681,0.64,1,rheumatoid arthritis,0.734769249181278
3.0,7.247792581767846,1.0,0,60,1.439285714285714,5,6.176091259055681,0.58,1,rheumatoid arthritis,0.7986097458693747
2.0,5.402677381872279,1.0,0,48,1.439285714285714,5,6.176091259055681,0.36,1,rheumatoid arthritis,0.7049330178709413
0.0,4.709530201312334,1.0,0,24,1.439285714285714,5,6.176091259055681,0.64,1,rheumatoid arthritis,0.7785358101625421
4.0,6.602587892189336,1.0,0,36,1.439285714285714,5,6.176091259055681,0.8,1,rheumatoid arthritis,0.8549316755256972
0.0,3.4339872044851463,0.5,0,24,1.439285714285714,1,6.176091259055681,0.64,1,rheumatoid arthritis,0.5794026652101344
0.0,7.047517221357296,1.0,0,24,1.439285714285714,5,6.176091259055681,0.64,1,rheumatoid arthritis,0.8136056154632165
0.0,4.356708826689592,1.0,0,24,1.439285714285714,5,6.176091259055681,0.64,1,rheumatoid arthritis,0.773243489543201
0.0,1.791759469228055,1.0,0,24,1.439285714285714,5,6.176091259055681,0.64,0,rheumatoid arthritis,0.734769249181278
0.0,3.58351893845611,1.0,0,24,1.439285714285714,5,6.176091259055681,0.64,1,rheumatoid arthritis,0.7616456412196988
3.0,0.0,1.0,0,60,1.439285714285714,5,6.176091259055681,0.58,0,rheumatoid arthritis,0.6898928571428571
4.0,3.2188758248682006,0.5,0,36,1.439285714285714,1,6.176091259055681,0.8,1,rheumatoid arthritis,0.6241759945158801
4.0,5.476463551931511,0.5,0,36,1.439285714285714,1,6.176091259055681,0.8,1,rheumatoid arthritis,0.6580398104218298
0.0,3.9318256327243257,1.0,0,24,1.439285714285714,5,6.176091259055681,0.64,1,rheumatoid arthritis,0.766870241633722
3.0,7.141245122350491,1.0,0,60,1.439285714285714,5,6.176091259055681,0.58,1,rheumatoid arthritis,0.7970115339781144
2.0,0.0,1.0,0,48,1.439285714285714,5,6.176091259055681,0.36,0,rheumatoid arthritis,0.6238928571428571
4.0,5.123963979403259,0.5,0,36,1.439285714285714,1,6.176091259055681,0.8,1,rheumatoid arthritis,0.652752316833906
1.0,0.0,1.0,0,36,1.439285714285714,5,6.176091259055681,0.64,0,rheumatoid arthritis,0.7078928571428571
3.0,5.780743515792329,1.0,0,60,1.439285714285714,5,6.176091259055681,0.58,1,rheumatoid arthritis,0.776604009879742
0.0,6.553933404025811,1.0,0,24,1.439285714285714,5,6.176091259055681,0.64,1,rheumatoid arthritis,0.8062018582032443
4.0,3.8066624897703196,0.5,0,36,1.439285714285714,1,6.176091259055681,0.8,1,rheumatoid arthritis,0.6329927944894119
0.0,7.4109518755836366,1.0,0,24,1.439285714285714,5,6.176091259055681,0.64,1,rheumatoid arthritis,0.8190571352766116
2.0,5.58724865840025,1.0,0,48,1.439285714285714,5,6.176091259055681,0.36,1,rheumatoid arthritis,0.7077015870188609
3.0,4.709530201312334,1.0,0,60,1.439285714285714,5,6.176091259055681,0.58,1,rheumatoid arthritis,0.7605358101625421
0.0,6.42648845745769,0.5,0,24,1.439285714285714,1,6.176091259055681,0.64,1,rheumatoid arthritis,0.6242901840047226
1.0,4.48863636973214,1.0,0,36,1.439285714285714,5,6.176091259055681,0.64,1,rheumatoid arthritis,0.7752224026888392
4.0,4.5217885770490405,1.0,0,36,1.439285714285714,5,6.176091259055681,0.8,1,rheumatoid arthritis,0.8237196857985928
0.0,4.61512051684126,0.5,0,24,1.439285714285714,1,6.176091259055681,0.64,1,rheumatoid arthritis,0.5971196648954761
2.0,5.332718793265369,1.0,0,48,1.439285714285714,5,6.176091259055681,0.36,1,rheumatoid arthritis,0.7038836390418377
0.0,5.993961427306569,1.0,0,24,1.439285714285714,5,6.176091259055681,0.64,1,rheumatoid arthritis,0.7978022785524557
0.0,2.302585092994046,1.0,0,24,1.439285714285714,5,6.176091259055681,0.64,1,rheumatoid arthritis,0.7424316335377678
2.0,4.1588830833596715,1.0,0,48,1.439285714285714,5,6.176091259055681,0.36,1,rheumatoid arthritis,0.6862761033932522
2.0,3.5553480614894135,0.5,0,48,1.439285714285714,1,6.176091259055681,0.36,1,rheumatoid arthritis,0.49722307806519833
2.0,3.295836866004329,1.0,0,48,1.439285714285714,5,6.176091259055681,0.36,0,rheumatoid arthritis,0.673330410132922
2.0,4.189654742026425,0.8,0,48,1.439285714285714,3,6.176091259055681,0.36,1,rheumatoid arthritis,0.6067376782732535
2.0,5.5254529391317835,1.0,0,48,1.439285714285714,5,6.176091259055681,0.36,1,rheumatoid arthritis,0.7067746512298339
1.0,4.948759890378168,1.0,0,36,1.439285714285714,5,6.176091259055681,0.64,1,rheumatoid arthritis,0.7821242554985296
2.0,7.424165281042028,1.0,0,48,1.439285714285714,5,6.176091259055681,0.36,1,rheumatoid arthritis,0.7352553363584875
1.0,0.6931471805599453,0.8,0,36,1.439285714285714,3,6.176091259055681,0.64,0,rheumatoid arthritis,0.6382900648512563
0.0,6.226536669287466,0.5,0,24,1.439285714285714,1,6.176091259055681,0.64,1,rheumatoid arthritis,0.6212909071821692
0.0,7.123672785204607,1.0,0,24,1.439285714285714,5,6.176091259055681,0.64,0,rheumatoid arthritis,0.8147479489209262
2.0,5.356586274672012,1.0,0,48,1.439285714285714,5,6.176091259055681,0.36,1,rheumatoid arthritis,0.7042416512629374
0.0,4.700480365792417,0.5,0,24,1.439285714285714,1,6.176091259055681,0.64,1,rheumatoid arthritis,0.5984000626297434
0.0,0.0,0.5,0,24,1.439285714285714,1,6.176091259055681,0.64,1,rheumatoid arthritis,0.5278928571428572
3.0,6.81783057145415,1.0,0,60,1.439285714285714,5,6.176091259055681,0.58,1,rheumatoid arthritis,0.7921603157146693
4.0,2.9444389791664403,0.5,0,36,1.439285714285714,1,6.176091259055681,0.8,1,rheumatoid arthritis,0.6200594418303537
2.0,5.472270673671475,1.0,0,48,1.439285714285714,5,6.176091259055681,0.36,0,rheumatoid arthritis,0.7059769172479293
1.0,4.07753744390572,1.0,0,36,1.439285714285714,5,6.176091259055681,0.64,1,rheumatoid arthritis,0.7690559188014429
3.0,4.465908118654584,1.0,0,60,1.439285714285714,5,6.176091259055681,0.58,1,rheumatoid arthritis,0.7568814789226759
4.0,1.0986122886681098,1.0,0,36,1.439285714285714,5,6.176091259055681,0.8,0,rheumatoid arthritis,0.7723720414728787
0.0,4.61512051684126,0.5,0,24,1.439285714285714,1,6.176091259055681,0.64,1,rheumatoid arthritis,0.5971196648954761
0.0,1.791759469228055,0.5,0,24,1.439285714285714,1,6.176091259055681,0.64,1,rheumatoid arthritis,0.554769249181278
1.0,2.5649493574615367,1.0,0,36,1.439285714285714,5,6.176091259055681,0.64,0,rheumatoid arthritis,0.7463670975047801
4.0,4.356708826689592,1.0,0,36,1.439285714285714,5,6.176091259055681,0.8,1,rheumatoid arthritis,0.821243489543201
3.0,4.499809670330265,1.0,0,60,1.439285714285714,5,6.176091259055681,0.58,1,rheumatoid arthritis,0.757390002197811
0.0,3.713572066704308,0.5,0,24,1.439285714285714,1,6.176091259055681,0.64,1,rheumatoid arthritis,0.5835964381434218
4.0,3.1780538303479458,1.0,0,36,1.439285714285714,5,6.176091259055681,0.8,1,rheumatoid arthritis,0.8035636645980764
1.0,3.9889840465642745,1.0,0,36,1.439285714285714,5,6.176091259055681,0.64,1,rheumatoid arthritis,0.7677276178413213
3.0,5.68697535633982,1.0,0,60,1.439285714285714,5,6.176091259055681,0.58,1,rheumatoid arthritis,0.7751974874879544
0.0,4.2626798770413155,1.0,0,24,1.439285714285714,5,6.176091259055681,0.64,0,rheumatoid arthritis,0.7718330552984768
0.0,4.382026634673881,1.0,0,24,1.439285714285714,5,6.176091259055681,0.64,1,rheumatoid arthritis,0.7736232566629653
3.0,6.42648845745769,1.0,0,60,1.439285714285714,5,6.176091259055681,0.58,1,rheumatoid arthritis,0.7862901840047225
0.0,3.8918202981106265,0.5,0,24,1.439285714285714,1,6.176091259055681,0.64,1,rheumatoid arthritis,0.5862701616145165
0.0,7.935945103353701,0.5,0,24,1.439285714285714,1,6.176091259055681,0.64,1,rheumatoid arthritis,0.6469320336931627
4.0,8.446770727119691,0.5,0,36,1.439285714285714,1,6.176091259055681,0.8,1,rheumatoid arthritis,0.7025944180496524
1.0,4.007333185232471,1.0,0,36,1.439285714285714,5,6.176091259055681,0.64,1,rheumatoid arthritis,0.7680028549213441
4.0,5.7899601708972535,1.0,0,36,1.439285714285714,5,6.176091259055681,0.8,1,rheumatoid arthritis,0.8427422597063159
0.0,4.454347296253507,1.0,0,24,1.439285714285714,5,6.176091259055681,0.64,1,rheumatoid arthritis,0.7747080665866597
1.0,2.833213344056216,1.0,0,36,1.439285714285714,5,6.176091259055681,0.64,1,rheumatoid arthritis,0.7503910573037004
0.0,4.564348191467836,1.0,0,24,1.439285714285714,5,6.176091259055681,0.64,0,rheumatoid arthritis,0.7763580800148746
1.0,2.5649493574615367,1.0,0,36,1.439285714285714,5,6.176091259055681,0.64,1,rheumatoid arthritis,0.7463670975047801
0.0,5.993961427306569,0.5,0,24,1.439285714285714,1,6.176091259055681,0.64,0,rheumatoid arthritis,0.6178022785524557
0.0,8.294299608857235,1.0,0,24,1.439285714285714,5,6.176091259055681,0.64,1,rheumatoid arthritis,0.8323073512757156
2.0,0.0,0.5,0,48,1.439285714285714,1,6.176091259055681,0.36,0,rheumatoid arthritis,0.44389285714285714
2.0,4.454347296253507,1.0,0,48,1.439285714285714,5,6.176091259055681,0.36,1,rheumatoid arthritis,0.6907080665866597
4.0,0.0,0.5,0,36,1.439285714285714,1,6.176091259055681,0.8,0,rheumatoid arthritis,0.5758928571428571
0.0,3.4339872044851463,0.5,0,24,1.439285714285714,1,6.176091259055681,0.64,1,rheumatoid arthritis,0.5794026652101344
4.0,4.31748811353631,0.6,0,36,1.439285714285714,1,6.176091259055681,0.8,1,rheumatoid arthritis,0.6606551788459017
0.0,3.9318256327243257,0.5,0,24,1.439285714285714,1,6.176091259055681,0.64,1,rheumatoid arthritis,0.586870241633722
1.0,1.791759469228055,0.8,0,36,1.439285714285714,3,6.176091259055681,0.64,1,rheumatoid arthritis,0.654769249181278
1.0,0.0,1.0,0,36,1.439285714285714,5,6.176091259055681,0.64,0,rheumatoid arthritis,0.7078928571428571
3.0,5.802118375377063,1.0,0,60,1.439285714285714,5,6.176091259055681,0.58,1,rheumatoid arthritis,0.7769246327735131
0.0,5.71042701737487,1.0,0,24,1.439285714285714,5,6.176091259055681,0.64,1,rheumatoid arthritis,0.7935492624034801
3.0,3.044522437723423,0.5,0,60,1.439285714285714,1,6.176091259055681,0.58,1,rheumatoid arthritis,0.5555606937087085
0.0,8.603737792816423,1.0,0,24,1.439285714285714,5,6.176091259055681,0.64,1,rheumatoid arthritis,0.8369489240351035
2.0,6.248042874508429,1.0,0,48,1.439285714285714,5,6.176091259055681,0.36,1,rheumatoid arthritis,0.7176135002604835
0.0,3.8918202981106265,0.5,0,24,1.439285714285714,1,6.176091259055681,0.64,1,rheumatoid arthritis,0.5862701616145165
1.0,3.8066624897703196,0.8,0,36,1.439285714285714,3,6.176091259055681,0.64,0,rheumatoid arthritis,0.684992794489412
0.0,5.746203190540153,0.5,0,24,1.439285714285714,1,6.176091259055681,0.64,1,rheumatoid arthritis,0.6140859050009595
0.0,5.303304908059076,0.5,0,24,1.439285714285714,1,6.176091259055681,0.64,1,rheumatoid arthritis,0.6074424307637433
2.0,3.044522437723423,0.5,0,48,1.439285714285714,1,6.176091259055681,0.36,1,rheumatoid arthritis,0.48956069370870847
3.0,6.863803391452954,1.0,0,60,1.439285714285714,5,6.176091259055681,0.58,1,rheumatoid arthritis,0.7928499080146514
1.0,3.367295829986474,1.0,0,36,1.439285714285714,5,6.176091259055681,0.64,1,rheumatoid arthritis,0.7584022945926542
2.0,5.752572638825633,1.0,0,48,1.439285714285714,5,6.176091259055681,0.36,1,rheumatoid arthritis,0.7101814467252416
3.0,5.981414211254481,1.0,0,60,1.439285714285714,5,6.176091259055681,0.58,1,rheumatoid arthritis,0.7796140703116743
1.0,3.2188758248682006,1.0,0,36,1.439285714285714,5,6.176091259055681,0.64,1,rheumatoid arthritis,0.7561759945158801
0.0,3.2188758248682006,1.0,0,24,1.439285714285714,5,6.176091259055681,0.64,0,rheumatoid arthritis,0.7561759945158801
2.0,3.4339872044851463,1.0,0,48,1.439285714285714,5,6.176091259055681,0.36,1,rheumatoid arthritis,0.6754026652101344
0.0,4.941642422609304,0.5,0,24,1.439285714285714,1,6.176091259055681,0.64,1,rheumatoid arthritis,0.6020174934819967
2.0,1.9459101490553132,0.5,0,48,1.439285714285714,1,6.176091259055681,0.36,0,rheumatoid arthritis,0.47308150937868687
3.0,6.828712071641684,1.0,0,60,1.439285714285714,5,6.176091259055681,0.58,1,rheumatoid arthritis,0.7923235382174824
1.0,2.3978952727983707,1.0,0,36,1.439285714285714,5,6.176091259055681,0.64,1,rheumatoid arthritis,0.7438612862348326
0.0,10.160916581816888,0.5,0,24,1.439285714285714,1,6.176091259055681,0.64,1,rheumatoid arthritis,0.6803066058701105
4.0,4.983606621708336,1.0,0,36,1.439285714285714,5,6.176091259055681,0.8,1,rheumatoid arthritis,0.8306469564684822
0.0,6.579251212010101,1.0,0,24,1.439285714285714,5,6.176091259055681,0.64,1,rheumatoid arthritis,0.8065816253230086
0.0,6.4457198193855785,0.5,0,24,1.439285714285714,1,6.176091259055681,0.64,1,rheumatoid arthritis,0.6245786544336408
0.0,5.375278407684165,1.0,0,24,1.439285714285714,5,6.176091259055681,0.64,1,rheumatoid arthritis,0.7885220332581195
0.0,4.2626798770413155,0.5,0,24,1.439285714285714,1,6.176091259055681,0.64,1,rheumatoid arthritis,0.5918330552984769
3.0,3.4339872044851463,0.5,0,60,1.439285714285714,1,6.176091259055681,0.58,1,rheumatoid arthritis,0.5614026652101344
2.0,4.23410650459726,0.5,0,48,1.439285714285714,1,6.176091259055681,0.36,1,rheumatoid arthritis,0.507404454711816
0.0,2.833213344056216,1.0,0,24,1.439285714285714,5,6.176091259055681,0.64,1,rheumatoid arthritis,0.7503910573037004
4.0,5.713732805509369,0.5,0,36,1.439285714285714,1,6.176091259055681,0.8,1,rheumatoid arthritis,0.6615988492254976
4.0,3.7612001156935624,1.0,0,36,1.439285714285714,5,6.176091259055681,0.8,0,rheumatoid arthritis,0.8123108588782606
0.0,4.143134726391533,1.0,0,24,1.439285714285714,5,6.176091259055681,0.64,1,rheumatoid arthritis,0.7700398780387301
0.5,3.713572066704308,0.5,0,24,1.439285714285714,1,6.176091259055681,0.64,1,rheumatoid arthritis,0.5835964381434218
1.0,2.833213344056216,1.0,0,36,1.439285714285714,5,6.176091259055681,0.64,1,rheumatoid arthritis,0.7503910573037004
1.0,4.189654742026425,1.0,0,36,1.439285714285714,5,6.176091259055681,0.64,1,rheumatoid arthritis,0.7707376782732535
0.0,5.303304908059076,0.5,0,24,1.439285714285714,1,6.176091259055681,0.64,1,rheumatoid arthritis,0.6074424307637433
2.0,5.71042701737487,1.0,0,48,1.439285714285714,5,6.176091259055681,0.36,1,rheumatoid arthritis,0.7095492624034802
1.0,2.5649493574615367,1.0,0,36,1.439285714285714,5,6.176091259055681,0.64,1,rheumatoid arthritis,0.7463670975047801
0.0,5.062595033026967,0.5,0,24,1.439285714285714,1,6.176091259055681,0.64,1,rheumatoid arthritis,0.6038317826382616
2.0,4.700480365792417,1.0,0,48,1.439285714285714,5,6.176091259055681,0.36,1,rheumatoid arthritis,0.6944000626297434
0.0,4.948759890378168,1.0,0,24,1.439285714285714,5,6.176091259055681,0.64,1,rheumatoid arthritis,0.7821242554985296
3.0,5.056245805348308,0.5,0,60,1.439285714285714,1,6.176091259055681,0.58,1,rheumatoid arthritis,0.5857365442230817
2.0,2.302585092994046,1.0,0,48,1.439285714285714,5,6.176091259055681,0.36,0,rheumatoid arthritis,0.6584316335377678
3.0,7.6128310304073565,1.0,0,60,1.439285714285714,5,6.176091259055681,0.58,1,rheumatoid arthritis,0.8040853225989675
4.0,4.564348191467836,1.0,0,36,1.439285714285714,5,6.176091259055681,0.8,1,rheumatoid arthritis,0.8243580800148747
2.0,3.713572066704308,1.0,0,48,1.439285714285714,5,6.176091259055681,0.36,1,rheumatoid arthritis,0.6795964381434217
3.0,3.7376696182833684,1.0,0,60,1.439285714285714,5,6.176091259055681,0.58,1,rheumatoid arthritis,0.7459579014171076
0.0,3.332204510175204,0.5,0,24,1.439285714285714,1,6.176091259055681,0.64,1,rheumatoid arthritis,0.5778759247954852
3.0,3.8501476017100584,1.0,0,60,1.439285714285714,5,6.176091259055681,0.58,1,rheumatoid arthritis,0.747645071168508
2.0,0.6931471805599453,0.5,0,48,1.439285714285714,1,6.176091259055681,0.36,0,rheumatoid arthritis,0.45429006485125634
3.0,6.238324625039508,1.0,0,60,1.439285714285714,5,6.176091259055681,0.58,1,rheumatoid arthritis,0.7834677265184496
4.0,5.736572297479192,1.0,0,36,1.439285714285714,5,6.176091259055681,0.8,1,rheumatoid arthritis,0.841941441605045
2.0,2.833213344056216,1.0,0,48,1.439285714285714,5,6.176091259055681,0.36,0,rheumatoid arthritis,0.6663910573037004
2.0,5.075173815233827,1.0,0,48,1.439285714285714,5,6.176091259055681,0.36,1,rheumatoid arthritis,0.7000204643713646
1.0,3.367295829986474,1.0,0,36,1.439285714285714,5,6.176091259055681,0.64,1,rheumatoid arthritis,0.7584022945926542
3.0,5.762051382780177,1.0,0,60,1.439285714285714,5,6.176091259055681,0.58,1,rheumatoid arthritis,0.7763236278845598
2.0,5.356586274672012,1.0,0,48,1.439285714285714,5,6.176091259055681,0.36,0,rheumatoid arthritis,0.7042416512629374
1.0,3.295836866004329,1.0,0,36,1.439285714285714,5,6.176091259055681,0.64,1,rheumatoid arthritis,0.757330410132922
0.0,3.1780538303479458,1.0,0,24,1.439285714285714,5,6.176091259055681,0.64,1,rheumatoid arthritis,0.7555636645980763
0.0,4.61512051684126,0.5,0,24,1.439285714285714,1,6.176091259055681,0.64,1,rheumatoid arthritis,0.5971196648954761
2.0,5.68697535633982,1.0,0,48,1.439285714285714,5,6.176091259055681,0.36,1,rheumatoid arthritis,0.7091974874879544
0.0,5.117993812416755,1.0,0,24,1.439285714285714,5,6.176091259055681,0.64,0,rheumatoid arthritis,0.7846627643291084
2.0,5.783825182329737,1.0,0,48,1.439285714285714,5,6.176091259055681,0.36,0,rheumatoid arthritis,0.7106502348778032
0.0,5.0106352940962555,1.0,0,24,1.439285714285714,5,6.176091259055681,0.64,1,rheumatoid arthritis,0.7830523865543009
0.0,5.049856007249537,1.0,0,24,1.439285714285714,5,6.176091259055681,0.64,1,rheumatoid arthritis,0.7836406972516001
2.0,3.871201010907891,1.0,0,48,1.439285714285714,5,6.176091259055681,0.36,1,rheumatoid arthritis,0.6819608723064755
0.0,4.143134726391533,0.5,0,24,1.439285714285714,1,6.176091259055681,0.64,0,rheumatoid arthritis,0.5900398780387301
0.0,6.349138991379798,1.0,0,24,1.439285714285714,5,6.176091259055681,0.64,1,rheumatoid arthritis,0.803129942013554
2.0,3.1354942159291497,1.0,0,48,1.439285714285714,5,6.176091259055681,0.36,1,rheumatoid arthritis,0.6709252703817944
0.0,5.153291594497779,1.0,0,24,1.439285714285714,5,6.176091259055681,0.64,1,rheumatoid arthritis,0.7851922310603238
3.0,1.3862943611198906,1.0,0,60,1.439285714285714,5,6.176091259055681,0.58,0,rheumatoid arthritis,0.7106872725596555
2.0,4.61512051684126,1.0,0,48,1.439285714285714,5,6.176091259055681,0.36,1,rheumatoid arthritis,0.693119664895476
0.0,5.777652323222656,1.0,0,24,1.439285714285714,5,6.176091259055681,0.64,1,rheumatoid arthritis,0.7945576419911969
0.0,4.276666119016055,1.0,0,24,1.439285714285714,5,6.176091259055681,0.64,1,rheumatoid arthritis,0.7720428489280979
0.0,5.529429087511423,1.0,0,24,1.439285714285714,5,6.176091259055681,0.64,1,rheumatoid arthritis,0.7908342934555285
0.0,4.394449154672439,0.5,0,24,1.439285714285714,1,6.176091259055681,0.64,1,rheumatoid arthritis,0.5938095944629438
2.0,6.4692503167957724,1.0,0,48,1.439285714285714,5,6.176091259055681,0.36,0,rheumatoid arthritis,0.7209316118947937
0.0,7.470224135899966,1.0,0,24,1.439285714285714,5,6.176091259055681,0.64,1,rheumatoid arthritis,0.8199462191813566
4.0,3.295836866004329,0.5,0,36,1.439285714285714,1,6.176091259055681,0.8,1,rheumatoid arthritis,0.625330410132922
0.0,5.407171771460119,0.5,0,24,1.439285714285714,1,6.176091259055681,0.64,1,rheumatoid arthritis,0.609000433714759
0.0,2.9444389791664403,0.5,0,24,1.439285714285714,1,6.176091259055681,0.64,1,rheumatoid arthritis,0.5720594418303537
0.0,11.436433113981712,1.0,0,24,1.439285714285714,5,6.176091259055681,0.64,1,rheumatoid arthritis,0.8794393538525828
2.0,5.707110264748875,1.0,0,48,1.439285714285714,5,6.176091259055681,0.36,0,rheumatoid arthritis,0.7094995111140903
1.0,2.772588722239781,1.0,0,36,1.439285714285714,5,6.176091259055681,0.64,1,rheumatoid arthritis,0.7494816879764539
1.0,4.248495242049359,1.0,0,36,1.439285714285714,5,6.176091259055681,0.64,1,rheumatoid arthritis,0.7716202857735975
1.0,3.6109179126442243,0.5,0,36,1.439285714285714,1,6.176091259055681,0.64,1,rheumatoid arthritis,0.5820566258325205
0.0,6.2166061010848646,1.0,0,24,1.439285714285714,5,6.176091259055681,0.64,1,rheumatoid arthritis,0.80114194865913
0.0,5.777652323222656,1.0,0,24,1.439285714285714,5,6.176091259055681,0.64,1,rheumatoid arthritis,0.7945576419911969
2.0,3.9512437185814275,1.0,0,48,1.439285714285714,5,6.176091259055681,0.36,1,rheumatoid arthritis,0.6831615129215786
1.0,5.4116460518550396,1.0,0,36,1.439285714285714,5,6.176091259055681,0.64,1,rheumatoid arthritis,0.7890675479206827
3.0,6.313548046277095,1.0,0,60,1.439285714285714,5,6.176091259055681,0.58,1,rheumatoid arthritis,0.7845960778370136
0.0,5.655991810819852,1.0,0,24,1.439285714285714,5,6.176091259055681,0.64,1,rheumatoid arthritis,0.7927327343051549
1.0,3.2188758248682006,1.0,0,36,1.439285714285714,5,6.176091259055681,0.64,1,rheumatoid arthritis,0.7561759945158801
0.0,3.713572066704308,0.5,0,24,1.439285714285714,1,6.176091259055681,0.64,1,rheumatoid arthritis,0.5835964381434218
4.0,4.23410650459726,1.0,0,36,1.439285714285714,5,6.176091259055681,0.8,1,rheumatoid arthritis,0.819404454711816
2.0,3.5553480614894135,1.0,0,48,1.439285714285714,5,6.176091259055681,0.36,1,rheumatoid arthritis,0.6772230780651983
4.0,1.0986122886681098,1.0,0,36,1.439285714285714,5,6.176091259055681,0.8,0,rheumatoid arthritis,0.7723720414728787
2.0,4.219507705176107,1.0,0,48,1.439285714285714,5,6.176091259055681,0.36,1,rheumatoid arthritis,0.6871854727204987
0.0,5.017279836814924,0.5,0,24,1.439285714285714,1,6.176091259055681,0.64,1,rheumatoid arthritis,0.603152054695081
1.0,3.6109179126442243,1.0,0,36,1.439285714285714,5,6.176091259055681,0.64,1,rheumatoid arthritis,0.7620566258325204
1.0,3.091042453358316,1.0,0,36,1.439285714285714,5,6.176091259055681,0.64,1,rheumatoid arthritis,0.7542584939432319
3.0,4.189654742026425,1.0,0,60,1.439285714285714,5,6.176091259055681,0.58,1,rheumatoid arthritis,0.7527376782732534
0.0,4.624972813284271,0.5,0,24,1.439285714285714,1,6.176091259055681,0.64,1,rheumatoid arthritis,0.5972674493421212
4.0,5.568344503761097,1.0,0,36,1.439285714285714,5,6.176091259055681,0.8,1,rheumatoid arthritis,0.8394180246992736
2.0,5.43372200355424,1.0,0,48,1.439285714285714,5,6.176091259055681,0.36,1,rheumatoid arthritis,0.7053986871961707
2.0,2.302585092994046,0.5,0,48,1.439285714285714,1,6.176091259055681,0.36,1,rheumatoid arthritis,0.47843163353776785
0.0,3.1780538303479458,0.5,0,24,1.439285714285714,1,6.176091259055681,0.64,1,rheumatoid arthritis,0.5755636645980764
3.0,3.5553480614894135,0.5,0,60,1.439285714285714,1,6.176091259055681,0.58,1,rheumatoid arthritis,0.5632230780651983
1.0,3.2188758248682006,1.0,0,36,1.439285714285714,5,6.176091259055681,0.64,1,rheumatoid arthritis,0.7561759945158801
4.0,3.4339872044851463,0.5,0,36,1.439285714285714,1,6.176091259055681,0.8,1,rheumatoid arthritis,0.6274026652101343
1.0,3.4965075614664802,1.0,0,36,1.439285714285714,5,6.176091259055681,0.64,1,rheumatoid arthritis,0.7603404705648543
1.0,1.9459101490553132,1.0,0,36,1.439285714285714,5,6.176091259055681,0.64,1,rheumatoid arthritis,0.7370815093786868
0.0,3.295836866004329,1.0,0,24,1.439285714285714,5,6.176091259055681,0.64,1,rheumatoid arthritis,0.757330410132922
2.0,5.4116460518550396,1.0,0,48,1.439285714285714,5,6.176091259055681,0.36,1,rheumatoid arthritis,0.7050675479206827
1.0,3.2188758248682006,1.0,0,36,1.439285714285714,5,6.176091259055681,0.64,1,rheumatoid arthritis,0.7561759945158801
4.0,4.795790545596741,0.5,0,36,1.439285714285714,1,6.176091259055681,0.8,1,rheumatoid arthritis,0.6478297153268082
2.0,0.0,1.0,0,48,1.439285714285714,5,6.176091259055681,0.36,0,rheumatoid arthritis,0.6238928571428571
4.0,4.634728988229636,0.5,0,36,1.439285714285714,1,6.176091259055681,0.8,1,rheumatoid arthritis,0.6454137919663017
0.0,0.0,1.0,0,24,1.439285714285714,5,6.176091259055681,0.64,0,rheumatoid arthritis,0.7078928571428571
2.0,5.293304824724492,1.0,0,48,1.439285714285714,5,6.176091259055681,0.36,0,rheumatoid arthritis,0.7032924295137245
2.0,2.70805020110221,0.8,0,48,1.439285714285714,3,6.176091259055681,0.36,0,rheumatoid arthritis,0.5845136101593903
0.0,5.62040086571715,0.8,0,24,1.439285714285714,3,6.176091259055681,0.64,1,rheumatoid arthritis,0.7121988701286144
2.0,3.4965075614664802,0.5,0,48,1.439285714285714,1,6.176091259055681,0.36,1,rheumatoid arthritis,0.49634047056485436
2.0,2.3978952727983707,0.5,0,48,1.439285714285714,1,6.176091259055681,0.36,1,rheumatoid arthritis,0.4798612862348327
1.0,2.772588722239781,1.0,0,36,1.439285714285714,5,6.176091259055681,0.64,1,rheumatoid arthritis,0.7494816879764539
3.0,6.99117688712121,1.0,0,60,1.439285714285714,5,6.176091259055681,0.58,0,rheumatoid arthritis,0.7947605104496752
4.0,4.890349128221754,1.0,0,36,1.439285714285714,5,6.176091259055681,0.8,1,rheumatoid arthritis,0.8292480940661835
0.0,4.51085950651685,1.0,0,24,1.439285714285714,5,6.176091259055681,0.64,1,rheumatoid arthritis,0.7755557497406098
0.0,4.219507705176107,1.0,0,24,1.439285714285714,5,6.176091259055681,0.64,0,rheumatoid arthritis,0.7711854727204988
4.0,8.033009498596668,1.0,0,36,1.439285714285714,5,6.176091259055681,0.8,1,rheumatoid arthritis,0.8763879996218071
0.0,1.3862943611198906,1.0,0,24,1.439285714285714,5,6.176091259055681,0.64,1,rheumatoid arthritis,0.7286872725596555
2.0,4.634728988229636,0.8,0,48,1.439285714285714,3,6.176091259055681,0.36,1,rheumatoid arthritis,0.6134137919663017
3.0,4.276666119016055,1.0,0,60,1.439285714285714,5,6.176091259055681,0.58,1,rheumatoid arthritis,0.7540428489280979
1.0,2.3978952727983707,1.0,0,36,1.439285714285714,5,6.176091259055681,0.64,1,rheumatoid arthritis,0.7438612862348326
3.0,3.258096538021482,0.5,0,60,1.439285714285714,1,6.176091259055681,0.58,1,rheumatoid arthritis,0.5587643052131794
1.0,2.772588722239781,1.0,0,36,1.439285714285714,5,6.176091259055681,0.64,1,rheumatoid arthritis,0.7494816879764539
3.0,4.290459441148391,1.0,0,60,1.439285714285714,5,6.176091259055681,0.58,1,rheumatoid arthritis,0.754249748760083
1.0,4.61512051684126,1.0,0,36,1.439285714285714,5,6.176091259055681,0.64,0,rheumatoid arthritis,0.777119664895476
0.0,11.403746557412857,0.8,0,24,1.439285714285714,3,6.176091259055681,0.64,1,rheumatoid arthritis,0.7989490555040499
0.0,4.0943445622221,1.0,0,24,1.439285714285714,5,6.176091259055681,0.64,1,rheumatoid arthritis,0.7693080255761886
0.0,6.660575149839686,1.0,0,24,1.439285714285714,5,6.176091259055681,0.64,1,rheumatoid arthritis,0.8078014843904524
0.0,4.795790545596741,0.5,0,24,1.439285714285714,1,6.176091259055681,0.64,1,rheumatoid arthritis,0.5998297153268083
2.0,3.1354942159291497,0.5,0,48,1.439285714285714,1,6.176091259055681,0.36,1,rheumatoid arthritis,0.4909252703817944
1.0,2.8903717578961645,0.5,0,36,1.439285714285714,1,6.176091259055681,0.64,1,rheumatoid arthritis,0.5712484335112996
0.0,6.9440872082295275,1.0,0,24,1.439285714285714,5,6.176091259055681,0.64,1,rheumatoid arthritis,0.8120541652663
0.0,4.394449154672439,0.5,0,24,1.439285714285714,1,6.176091259055681,0.64,1,rheumatoid arthritis,0.5938095944629438
0.0,5.288267030694535,1.0,0,24,1.439285714285714,5,6.176091259055681,0.64,1,rheumatoid arthritis,0.7872168626032752
4.0,4.248495242049359,0.5,0,36,1.439285714285714,1,6.176091259055681,0.8,1,rheumatoid arthritis,0.6396202857735975
3.0,6.45833828334479,1.0,0,60,1.439285714285714,5,6.176091259055681,0.58,1,rheumatoid arthritis,0.7867679313930289
4.0,4.499809670330265,1.0,0,36,1.439285714285714,5,6.176091259055681,0.8,1,rheumatoid arthritis,0.8233900021978111
1.0,3.4339872044851463,1.0,0,36,1.439285714285714,5,6.176091259055681,0.64,1,rheumatoid arthritis,0.7594026652101343
1.0,2.772588722239781,1.0,0,36,1.439285714285714,5,6.176091259055681,0.64,1,rheumatoid arthritis,0.7494816879764539
0.0,4.812184355372417,1.0,0,24,1.439285714285714,5,6.176091259055681,0.64,1,rheumatoid arthritis,0.7800756224734433
1.0,0.0,0.5,0,36,1.439285714285714,1,6.176091259055681,0.64,0,rheumatoid arthritis,0.5278928571428572
0.0,5.703782474656201,1.0,0,24,1.439285714285714,5,6.176091259055681,0.64,1,rheumatoid arthritis,0.7934495942627001
0.0,4.48863636973214,0.5,0,24,1.439285714285714,1,6.176091259055681,0.64,1,rheumatoid arthritis,0.5952224026888393
0.0,6.226536669287466,1.0,0,24,1.439285714285714,5,6.176091259055681,0.64,1,rheumatoid arthritis,0.8012909071821691
1.0,4.110873864173311,0.5,0,36,1.439285714285714,1,6.176091259055681,0.64,1,rheumatoid arthritis,0.5895559651054568
2.0,2.5649493574615367,0.5,0,48,1.439285714285714,1,6.176091259055681,0.36,1,rheumatoid arthritis,0.4823670975047802
2.0,1.791759469228055,0.5,0,48,1.439285714285714,1,6.176091259055681,0.36,0,rheumatoid arthritis,0.470769249181278
0.0,7.95892649305011,1.0,0,24,1.439285714285714,5,6.176091259055681,0.64,1,rheumatoid arthritis,0.8272767545386087
2.0,4.787491742782046,1.0,0,48,1.439285714285714,5,6.176091259055681,0.36,1,rheumatoid arthritis,0.6957052332845878
0.0,5.365976015021851,0.5,0,24,1.439285714285714,1,6.176091259055681,0.64,1,rheumatoid arthritis,0.608382497368185
0.0,2.9444389791664403,1.0,0,24,1.439285714285714,5,6.176091259055681,0.64,1,rheumatoid arthritis,0.7520594418303537
1.0,4.189654742026425,1.0,0,36,1.439285714285714,5,6.176091259055681,0.64,1,rheumatoid arthritis,0.7707376782732535
4.0,5.0106352940962555,0.5,0,36,1.439285714285714,1,6.176091259055681,0.8,1,rheumatoid arthritis,0.651052386554301
0.0,5.4116460518550396,1.0,0,24,1.439285714285714,5,6.176091259055681,0.64,0,rheumatoid arthritis,0.7890675479206827
0.0,7.644440761556566,1.0,0,24,1.439285714285714,5,6.176091259055681,0.64,1,rheumatoid arthritis,0.8225594685662055
4.0,4.61512051684126,0.5,0,36,1.439285714285714,1,6.176091259055681,0.8,1,rheumatoid arthritis,0.645119664895476
3.0,3.9512437185814275,1.0,0,60,1.439285714285714,5,6.176091259055681,0.58,1,rheumatoid arthritis,0.7491615129215785
1.0,3.091042453358316,1.0,0,36,1.439285714285714,5,6.176091259055681,0.64,1,rheumatoid arthritis,0.7542584939432319
2.0,3.044522437723423,0.5,0,48,1.439285714285714,1,6.176091259055681,0.36,1,rheumatoid arthritis,0.48956069370870847
0.0,5.017279836814924,1.0,0,24,1.439285714285714,5,6.176091259055681,0.64,1,rheumatoid arthritis,0.783152054695081
0.0,4.820281565605037,1.0,0,24,1.439285714285714,5,6.176091259055681,0.64,0,rheumatoid arthritis,0.7801970806269326
2.0,5.402677381872279,1.0,0,48,1.439285714285714,5,6.176091259055681,0.36,1,rheumatoid arthritis,0.7049330178709413
0.0,5.641907070938114,1.0,0,24,1.439285714285714,5,6.176091259055681,0.64,1,rheumatoid arthritis,0.7925214632069288
0.0,4.219507705176107,0.5,0,24,1.439285714285714,1,6.176091259055681,0.64,1,rheumatoid arthritis,0.5911854727204988
0.0,6.278521424165844,1.0,0,24,1.439285714285714,5,6.176091259055681,0.64,1,rheumatoid arthritis,0.8020706785053447
3.0,4.700480365792417,1.0,0,60,1.439285714285714,5,6.176091259055681,0.58,1,rheumatoid arthritis,0.7604000626297434
3.0,7.559038255443384,1.0,0,60,1.439285714285714,5,6.176091259055681,0.58,0,rheumatoid arthritis,0.8032784309745078
3.0,4.110873864173311,0.5,0,60,1.439285714285714,1,6.176091259055681,0.58,1,rheumatoid arthritis,0.5715559651054568
0.0,6.340359303727752,1.0,0,24,1.439285714285714,5,6.176091259055681,0.64,1,rheumatoid arthritis,0.8029982466987734
0.0,3.713572066704308,0.6,0,24,1.439285714285714,1,6.176091259055681,0.64,1,rheumatoid arthritis,0.6035964381434218
1.0,3.9889840465642745,1.0,0,36,1.439285714285714,5,6.176091259055681,0.64,1,rheumatoid arthritis,0.7677276178413213
4.0,4.574710978503383,1.0,0,36,1.439285714285714,5,6.176091259055681,0.8,0,rheumatoid arthritis,0.8245135218204078
3.0,3.784189633918261,0.5,0,60,1.439285714285714,1,6.176091259055681,0.58,1,rheumatoid arthritis,0.566655701651631
4.0,3.6635616461296463,0.5,0,36,1.439285714285714,1,6.176091259055681,0.8,1,rheumatoid arthritis,0.6308462818348017
4.0,3.912023005428146,0.5,0,36,1.439285714285714,1,6.176091259055681,0.8,1,rheumatoid arthritis,0.6345732022242793
3.0,6.912742820493176,1.0,0,60,1.439285714285714,5,6.176091259055681,0.58,1,rheumatoid arthritis,0.7935839994502547
0.0,2.3978952727983707,0.5,0,24,1.439285714285714,1,6.176091259055681,0.64,1,rheumatoid arthritis,0.5638612862348327
3.0,6.253828811575473,1.0,0,60,1.439285714285714,5,6.176091259055681,0.58,1,rheumatoid arthritis,0.7837002893164892
3.0,6.48768401848461,1.0,0,60,1.439285714285714,5,6.176091259055681,0.58,1,rheumatoid arthritis,0.7872081174201262
0.0,2.3978952727983707,0.5,0,24,1.439285714285714,1,6.176091259055681,0.64,1,rheumatoid arthritis,0.5638612862348327
0.0,3.4965075614664802,0.5,0,24,1.439285714285714,1,6.176091259055681,0.64,1,rheumatoid arthritis,0.5803404705648544
0.0,3.044522437723423,0.5,0,24,1.439285714285714,1,6.176091259055681,0.64,1,rheumatoid arthritis,0.5735606937087085
0.0,3.4339872044851463,0.5,0,24,1.439285714285714,1,6.176091259055681,0.64,1,rheumatoid arthritis,0.5794026652101344
4.0,4.859812404361672,1.0,0,36,1.439285714285714,5,6.176091259055681,0.8,1,rheumatoid arthritis,0.8287900432082822
3.0,6.124683390894205,1.0,0,60,1.439285714285714,5,6.176091259055681,0.58,0,rheumatoid arthritis,0.7817631080062701
0.0,3.6109179126442243,0.5,0,24,1.439285714285714,1,6.176091259055681,0.64,1,rheumatoid arthritis,0.5820566258325205
2.0,4.983606621708336,1.0,0,48,1.439285714285714,5,6.176091259055681,0.36,1,rheumatoid arthritis,0.6986469564684822
3.0,4.465908118654584,1.0,0,60,1.439285714285714,5,6.176091259055681,0.58,1,rheumatoid arthritis,0.7568814789226759
0.0,3.970291913552122,1.0,0,24,1.439285714285714,5,6.176091259055681,0.64,1,rheumatoid arthritis,0.7674472358461389
2.0,4.127134385045092,1.0,0,48,1.439285714285714,5,6.176091259055681,0.36,1,rheumatoid arthritis,0.6857998729185335
3.0,6.68586094706836,1.0,0,60,1.439285714285714,5,6.176091259055681,0.58,1,rheumatoid arthritis,0.7901807713488824
0.0,7.438971592395862,1.0,0,24,1.439285714285714,5,6.176091259055681,0.64,1,rheumatoid arthritis,0.819477431028795
0.0,5.556828061699537,0.5,0,24,1.439285714285714,1,6.176091259055681,0.64,1,rheumatoid arthritis,0.6112452780683502
1.0,2.995732273553991,1.0,0,36,1.439285714285714,5,6.176091259055681,0.64,0,rheumatoid arthritis,0.752828841246167
0.0,2.772588722239781,0.5,0,24,1.439285714285714,1,6.176091259055681,0.64,1,rheumatoid arthritis,0.5694816879764539
1.0,3.4339872044851463,1.0,0,36,1.439285714285714,5,6.176091259055681,0.64,1,rheumatoid arthritis,0.7594026652101343
4.0,5.351858133476067,1.0,0,36,1.439285714285714,5,6.176091259055681,0.8,1,rheumatoid arthritis,0.8361707291449981
0.0,5.929589143389895,1.0,0,24,1.439285714285714,5,6.176091259055681,0.64,1,rheumatoid arthritis,0.7968366942937055
3.0,4.110873864173311,0.5,0,60,1.439285714285714,1,6.176091259055681,0.58,1,rheumatoid arthritis,0.5715559651054568
2.0,5.484796933490655,1.0,0,48,1.439285714285714,5,6.176091259055681,0.36,1,rheumatoid arthritis,0.706164811145217
0.0,4.867534450455582,0.5,0,24,1.439285714285714,1,6.176091259055681,0.64,1,rheumatoid arthritis,0.6009058738996909
2.0,4.31748811353631,0.5,0,48,1.439285714285714,1,6.176091259055681,0.36,1,rheumatoid arthritis,0.5086551788459018
4.0,5.863631175598097,1.0,0,36,1.439285714285714,5,6.176091259055681,0.8,1,rheumatoid arthritis,0.8438473247768286
0.0,5.081404364984463,1.0,0,24,1.439285714285714,5,6.176091259055681,0.64,0,rheumatoid arthritis,0.784113922617624
3.0,5.768320995793772,1.0,0,60,1.439285714285714,5,6.176091259055681,0.58,1,rheumatoid arthritis,0.7764176720797636
2.0,6.037870919922137,1.0,0,48,1.439285714285714,5,6.176091259055681,0.36,1,rheumatoid arthritis,0.7144609209416892
0.0,6.878326468291325,0.5,0,24,1.439285714285714,1,6.176091259055681,0.64,1,rheumatoid arthritis,0.631067754167227
0.0,5.298317366548036,1.0,0,24,1.439285714285714,5,6.176091259055681,0.64,0,rheumatoid arthritis,0.7873676176410777
2.0,5.780743515792329,1.0,0,48,1.439285714285714,5,6.176091259055681,0.36,1,rheumatoid arthritis,0.710604009879742
0.0,4.2626798770413155,0.5,0,24,1.439285714285714,1,6.176091259055681,0.64,1,rheumatoid arthritis,0.5918330552984769
1.0,3.6635616461296463,1.0,0,36,1.439285714285714,5,6.176091259055681,0.64,1,rheumatoid arthritis,0.7628462818348017
0.0,4.04305126783455,0.5,0,24,1.439285714285714,1,6.176091259055681,0.64,1,rheumatoid arthritis,0.5885386261603754
1.0,3.4965075614664802,1.0,0,36,1.439285714285714,5,6.176091259055681,0.64,1,rheumatoid arthritis,0.7603404705648543
0.0,6.289715570908998,0.5,0,24,1.439285714285714,1,6.176091259055681,0.64,1,rheumatoid arthritis,0.6222385907064921
2.0,4.820281565605037,1.0,0,48,1.439285714285714,5,6.176091259055681,0.36,1,rheumatoid arthritis,0.6961970806269326
4.0,6.82001636467413,1.0,0,36,1.439285714285714,5,6.176091259055681,0.8,1,rheumatoid arthritis,0.8581931026129691
1.0,3.044522437723423,1.0,0,36,1.439285714285714,5,6.176091259055681,0.64,1,rheumatoid arthritis,0.7535606937087085
0.0,4.430816798843313,0.5,0,24,1.439285714285714,1,6.176091259055681,0.64,1,rheumatoid arthritis,0.5943551091255068
3.0,2.5649493574615367,0.5,0,60,1.439285714285714,1,6.176091259055681,0.58,1,rheumatoid arthritis,0.5483670975047802
0.0,3.091042453358316,0.5,0,24,1.439285714285714,1,6.176091259055681,0.64,1,rheumatoid arthritis,0.5742584939432319
0.0,3.295836866004329,1.0,0,24,1.439285714285714,5,6.176091259055681,0.64,0,rheumatoid arthritis,0.757330410132922
4.0,4.110873864173311,0.5,0,36,1.439285714285714,1,6.176091259055681,0.8,1,rheumatoid arthritis,0.6375559651054568
4.0,4.812184355372417,0.5,0,36,1.439285714285714,1,6.176091259055681,0.8,1,rheumatoid arthritis,0.6480756224734433
1.0,3.332204510175204,1.0,0,36,1.439285714285714,5,6.176091259055681,0.64,1,rheumatoid arthritis,0.7578759247954852
3.0,6.559615237493242,1.0,0,60,1.439285714285714,5,6.176091259055681,0.58,1,rheumatoid arthritis,0.7882870857052557
1.0,3.1354942159291497,1.0,0,36,1.439285714285714,5,6.176091259055681,0.64,1,rheumatoid arthritis,0.7549252703817944
3.0,3.6888794541139363,1.0,0,60,1.439285714285714,5,6.176091259055681,0.58,1,rheumatoid arthritis,0.7452260489545661
1.0,5.746203190540153,1.0,0,36,1.439285714285714,5,6.176091259055681,0.64,1,rheumatoid arthritis,0.7940859050009594
0.0,3.713572066704308,0.5,0,24,1.439285714285714,1,6.176091259055681,0.64,1,rheumatoid arthritis,0.5835964381434218
2.0,5.25227342804663,1.0,0,48,1.439285714285714,5,6.176091259055681,0.36,0,rheumatoid arthritis,0.7026769585635566
0.0,4.174387269895637,1.0,0,24,1.439285714285714,5,6.176091259055681,0.64,1,rheumatoid arthritis,0.7705086661912917
2.0,6.008813185442595,1.0,0,48,1.439285714285714,5,6.176091259055681,0.36,1,rheumatoid arthritis,0.7140250549244961
1.0,4.532599493153256,1.0,0,36,1.439285714285714,5,6.176091259055681,0.64,1,rheumatoid arthritis,0.7758818495401559
3.0,3.367295829986474,1.0,0,60,1.439285714285714,5,6.176091259055681,0.58,1,rheumatoid arthritis,0.7404022945926542
2.0,3.6109179126442243,1.0,0,48,1.439285714285714,5,6.176091259055681,0.36,1,rheumatoid arthritis,0.6780566258325205
0.0,5.942799375126701,0.6,0,24,1.439285714285714,1,6.176091259055681,0.64,1,rheumatoid arthritis,0.6370348477697577
3.0,3.6888794541139363,0.5,0,60,1.439285714285714,1,6.176091259055681,0.58,1,rheumatoid arthritis,0.5652260489545662
1.0,3.2188758248682006,1.0,0,36,1.439285714285714,5,6.176091259055681,0.64,1,rheumatoid arthritis,0.7561759945158801
1.0,2.70805020110221,1.0,0,36,1.439285714285714,5,6.176091259055681,0.64,1,rheumatoid arthritis,0.7485136101593902
0.0,5.0238805208462765,1.0,0,24,1.439285714285714,5,6.176091259055681,0.64,1,rheumatoid arthritis,0.7832510649555513
2.0,4.174387269895637,1.0,0,48,1.439285714285714,5,6.176091259055681,0.36,1,rheumatoid arthritis,0.6865086661912917
4.0,0.0,0.5,0,36,1.439285714285714,1,6.176091259055681,0.8,0,rheumatoid arthritis,0.5758928571428571
2.0,0.0,1.0,0,48,1.439285714285714,5,6.176091259055681,0.36,0,rheumatoid arthritis,0.6238928571428571
2.0,4.624972813284271,1.0,0,48,1.439285714285714,5,6.176091259055681,0.36,1,rheumatoid arthritis,0.6932674493421211
1.0,1.3862943611198906,0.5,0,36,1.439285714285714,1,6.176091259055681,0.64,0,rheumatoid arthritis,0.5486872725596555
0.0,4.624972813284271,0.5,0,24,1.439285714285714,1,6.176091259055681,0.64,1,rheumatoid arthritis,0.5972674493421212
0.0,5.424950017481403,1.0,0,24,1.439285714285714,5,6.176091259055681,0.64,1,rheumatoid arthritis,0.7892671074050781
0.0,7.452402451223638,1.0,0,24,1.439285714285714,5,6.176091259055681,0.64,1,rheumatoid arthritis,0.8196788939112116
3.0,4.795790545596741,1.0,0,60,1.439285714285714,5,6.176091259055681,0.58,1,rheumatoid arthritis,0.7618297153268082
0.0,4.859812404361672,0.5,0,24,1.439285714285714,1,6.176091259055681,0.64,1,rheumatoid arthritis,0.6007900432082822
1.0,3.6888794541139363,1.0,0,36,1.439285714285714,5,6.176091259055681,0.64,0,rheumatoid arthritis,0.7632260489545661
0.0,2.9444389791664403,0.8,0,24,1.439285714285714,3,6.176091259055681,0.64,1,rheumatoid arthritis,0.6720594418303537
2.0,4.143134726391533,1.0,0,48,1.439285714285714,5,6.176091259055681,0.36,1,rheumatoid arthritis,0.6860398780387301
4.0,4.7535901911063645,0.5,0,36,1.439285714285714,1,6.176091259055681,0.8,1,rheumatoid arthritis,0.6471967100094526
3.0,6.78105762593618,1.0,0,60,1.439285714285714,5,6.176091259055681,0.58,1,rheumatoid arthritis,0.7916087215318998
0.0,5.303304908059076,1.0,0,24,1.439285714285714,5,6.176091259055681,0.64,1,rheumatoid arthritis,0.7874424307637432
2.0,1.0986122886681098,1.0,0,48,1.439285714285714,5,6.176091259055681,0.36,0,rheumatoid arthritis,0.6403720414728787
0.0,6.499787040655854,1.0,0,24,1.439285714285714,5,6.176091259055681,0.64,1,rheumatoid arthritis,0.8053896627526949
2.0,6.042632833682381,1.0,0,48,1.439285714285714,5,6.176091259055681,0.36,1,rheumatoid arthritis,0.7145323496480929
0.0,4.59511985013459,1.0,0,24,1.439285714285714,5,6.176091259055681,0.64,1,rheumatoid arthritis,0.7768196548948759
0.0,6.18826412308259,0.5,0,24,1.439285714285714,1,6.176091259055681,0.64,1,rheumatoid arthritis,0.620716818989096
0.0,5.3981627015177525,0.5,0,24,1.439285714285714,1,6.176091259055681,0.64,1,rheumatoid arthritis,0.6088652976656235
1.0,5.043425116919247,1.0,0,36,1.439285714285714,5,6.176091259055681,0.64,1,rheumatoid arthritis,0.7835442338966458
2.0,4.0943445622221,0.5,0,48,1.439285714285714,1,6.176091259055681,0.36,1,rheumatoid arthritis,0.5053080255761886
3.0,5.493061443340548,1.0,0,60,1.439285714285714,5,6.176091259055681,0.58,0,rheumatoid arthritis,0.7722887787929653
3.0,5.25227342804663,0.5,0,60,1.439285714285714,1,6.176091259055681,0.58,1,rheumatoid arthritis,0.5886769585635566
2.0,2.833213344056216,0.5,0,48,1.439285714285714,1,6.176091259055681,0.36,1,rheumatoid arthritis,0.48639105730370036
0.0,3.1780538303479458,1.0,0,24,1.439285714285714,5,6.176091259055681,0.64,1,rheumatoid arthritis,0.7555636645980763
2.0,5.872117789475416,1.0,0,48,1.439285714285714,5,6.176091259055681,0.36,1,rheumatoid arthritis,0.7119746239849883
1.0,4.68213122712422,1.0,0,36,1.439285714285714,5,6.176091259055681,0.64,1,rheumatoid arthritis,0.7781248255497204
0.0,7.416979621381154,0.5,0,24,1.439285714285714,1,6.176091259055681,0.64,1,rheumatoid arthritis,0.6391475514635745
2.0,5.438079308923196,1.0,0,48,1.439285714285714,5,6.176091259055681,0.36,1,rheumatoid arthritis,0.705464046776705
1.0,3.044522437723423,0.5,0,36,1.439285714285714,1,6.176091259055681,0.64,1,rheumatoid arthritis,0.5735606937087085
2.0,4.672828834461906,1.0,0,48,1.439285714285714,5,6.176091259055681,0.36,1,rheumatoid arthritis,0.6939852896597857
2.0,5.58724865840025,1.0,0,48,1.439285714285714,5,6.176091259055681,0.36,1,rheumatoid arthritis,0.7077015870188609
2.0,3.912023005428146,1.0,0,48,1.439285714285714,5,6.176091259055681,0.36,1,rheumatoid arthritis,0.6825732022242793
4.0,5.351858133476067,1.0,0,36,1.439285714285714,5,6.176091259055681,0.8,1,rheumatoid arthritis,0.8361707291449981
4.0,0.6931471805599453,0.5,0,36,1.439285714285714,1,6.176091259055681,0.8,0,rheumatoid arthritis,0.5862900648512562
1.0,5.003946305945459,1.0,0,36,1.439285714285714,5,6.176091259055681,0.64,1,rheumatoid arthritis,0.782952051732039
1.0,3.6109179126442243,1.0,0,36,1.439285714285714,5,6.176091259055681,0.64,1,rheumatoid arthritis,0.7620566258325204
3.0,3.6635616461296463,1.0,0,60,1.439285714285714,5,6.176091259055681,0.58,0,rheumatoid arthritis,0.7448462818348017
0.0,8.763115329619787,1.0,0,24,1.439285714285714,5,6.176091259055681,0.64,1,rheumatoid arthritis,0.8393395870871538
0.0,3.784189633918261,1.0,0,24,1.439285714285714,5,6.176091259055681,0.64,1,rheumatoid arthritis,0.764655701651631
2.0,3.091042453358316,0.5,0,48,1.439285714285714,1,6.176091259055681,0.36,0,rheumatoid arthritis,0.4902584939432319
1.0,3.4965075614664802,1.0,0,36,1.439285714285714,5,6.176091259055681,0.64,1,rheumatoid arthritis,0.7603404705648543
4.0,2.833213344056216,0.5,0,36,1.439285714285714,1,6.176091259055681,0.8,0,rheumatoid arthritis,0.6183910573037004
0.0,6.411818267709897,1.0,0,24,1.439285714285714,5,6.176091259055681,0.64,1,rheumatoid arthritis,0.8040701311585056
2.0,5.480638923341991,1.0,0,48,1.439285714285714,5,6.176091259055681,0.36,0,rheumatoid arthritis,0.706102440992987
0.0,5.220355825078324,1.0,0,24,1.439285714285714,5,6.176091259055681,0.64,1,rheumatoid arthritis,0.786198194519032
0.0,3.6375861597263857,1.0,0,24,1.439285714285714,5,6.176091259055681,0.64,1,rheumatoid arthritis,0.7624566495387529
4.0,5.4510384535657,0.5,0,36,1.439285714285714,1,6.176091259055681,0.8,1,rheumatoid arthritis,0.6576584339463426
1.0,3.2188758248682006,0.5,0,36,1.439285714285714,1,6.176091259055681,0.64,1,rheumatoid arthritis,0.5761759945158802
2.0,5.60947179518496,1.0,0,48,1.439285714285714,5,6.176091259055681,0.36,0,rheumatoid arthritis,0.7080349340706316
0.0,5.303304908059076,0.5,0,24,1.439285714285714,1,6.176091259055681,0.64,1,rheumatoid arthritis,0.6074424307637433
0.0,0.0,1.0,0,24,1.439285714285714,5,6.176091259055681,0.64,0,rheumatoid arthritis,0.7078928571428571
0.0,3.9318256327243257,1.0,0,24,1.439285714285714,5,6.176091259055681,0.64,1,rheumatoid arthritis,0.766870241633722
0.0,11.41156803736444,0.5,0,24,1.439285714285714,1,6.176091259055681,0.64,1,rheumatoid arthritis,0.6990663777033237
0.0,4.2626798770413155,0.5,0,24,1.439285714285714,1,6.176091259055681,0.64,1,rheumatoid arthritis,0.5918330552984769
0.0,4.394449154672439,1.0,0,24,1.439285714285714,5,6.176091259055681,0.64,1,rheumatoid arthritis,0.7738095944629437
0.0,6.306275286948016,1.0,0,24,1.439285714285714,5,6.176091259055681,0.64,1,rheumatoid arthritis,0.8024869864470774
0.0,1.9459101490553132,0.5,0,24,1.439285714285714,1,6.176091259055681,0.64,1,rheumatoid arthritis,0.5570815093786868
0.0,3.4339872044851463,1.0,0,24,1.439285714285714,5,6.176091259055681,0.64,1,rheumatoid arthritis,0.7594026652101343
3.0,3.7376696182833684,0.5,0,60,1.439285714285714,1,6.176091259055681,0.58,1,rheumatoid arthritis,0.5659579014171077
0.0,4.110873864173311,1.0,0,24,1.439285714285714,5,6.176091259055681,0.64,1,rheumatoid arthritis,0.7695559651054568
1.0,4.663439094112067,1.0,0,36,1.439285714285714,5,6.176091259055681,0.64,1,rheumatoid arthritis,0.7778444435545381
2.0,4.5217885770490405,1.0,0,48,1.439285714285714,5,6.176091259055681,0.36,1,rheumatoid arthritis,0.6917196857985928
3.0,3.784189633918261,0.5,0,60,1.439285714285714,1,6.176091259055681,0.58,0,rheumatoid arthritis,0.566655701651631
0.0,7.507690077819904,1.0,0,24,1.439285714285714,5,6.176091259055681,0.64,1,rheumatoid arthritis,0.8205082083101557
4.0,6.198478716492308,1.0,0,36,1.439285714285714,5,6.176091259055681,0.8,1,rheumatoid arthritis,0.8488700378902417
3.0,5.389071729816501,1.0,0,60,1.439285714285714,5,6.176091259055681,0.58,1,rheumatoid arthritis,0.7707289330901046
0.0,4.23410650459726,1.0,0,24,1.439285714285714,5,6.176091259055681,0.64,1,rheumatoid arthritis,0.771404454711816
0.0,6.137727054086234,1.0,0,24,1.439285714285714,5,6.176091259055681,0.64,1,rheumatoid arthritis,0.7999587629541506
2.0,5.66988092298052,1.0,0,48,1.439285714285714,5,6.176091259055681,0.36,1,rheumatoid arthritis,0.708941070987565
3.0,4.110873864173311,0.5,0,60,1.439285714285714,1,6.176091259055681,0.58,1,rheumatoid arthritis,0.5715559651054568
2.0,4.48863636973214,1.0,0,48,1.439285714285714,5,6.176091259055681,0.36,1,rheumatoid arthritis,0.6912224026888393
4.0,3.713572066704308,0.5,0,36,1.439285714285714,1,6.176091259055681,0.8,1,rheumatoid arthritis,0.6315964381434217
0.0,2.302585092994046,0.5,0,24,1.439285714285714,1,6.176091259055681,0.64,1,rheumatoid arthritis,0.5624316335377678
3.0,5.204006687076795,1.0,0,60,1.439285714285714,5,6.176091259055681,0.58,1,rheumatoid arthritis,0.767952957449009
2.0,4.875197323201151,0.5,0,48,1.439285714285714,1,6.176091259055681,0.36,1,rheumatoid arthritis,0.5170208169908744
2.0,5.700443573390687,1.0,0,48,1.439285714285714,5,6.176091259055681,0.36,0,rheumatoid arthritis,0.7093995107437174
3.0,4.812184355372417,1.0,0,60,1.439285714285714,5,6.176091259055681,0.58,1,rheumatoid arthritis,0.7620756224734433
3.0,2.1972245773362196,1.0,0,60,1.439285714285714,5,6.176091259055681,0.58,0,rheumatoid arthritis,0.7228512258029004
3.0,2.6390573296152584,1.0,0,60,1.439285714285714,5,6.176091259055681,0.58,1,rheumatoid arthritis,0.729478717087086
1.0,1.791759469228055,0.8,0,36,1.439285714285714,3,6.176091259055681,0.64,1,rheumatoid arthritis,0.654769249181278
0.0,3.9318256327243257,1.0,0,24,1.439285714285714,5,6.176091259055681,0.64,1,rheumatoid arthritis,0.766870241633722
3.0,7.421177528595393,1.0,0,60,1.439285714285714,5,6.176091259055681,0.58,1,rheumatoid arthritis,0.801210520071788
0.0,5.303304908059076,1.0,0,24,1.439285714285714,5,6.176091259055681,0.64,1,rheumatoid arthritis,0.7874424307637432
2.0,5.641907070938114,1.0,0,48,1.439285714285714,5,6.176091259055681,0.36,1,rheumatoid arthritis,0.7085214632069289
0.0,5.337538079701318,0.5,0,24,1.439285714285714,1,6.176091259055681,0.64,1,rheumatoid arthritis,0.607955928338377
2.0,4.6443908991413725,1.0,0,48,1.439285714285714,5,6.176091259055681,0.36,0,rheumatoid arthritis,0.6935587206299777
2.0,5.308267697401205,0.5,0,48,1.439285714285714,1,6.176091259055681,0.36,1,rheumatoid arthritis,0.5235168726038752
0.0,5.707110264748875,0.5,0,24,1.439285714285714,1,6.176091259055681,0.64,1,rheumatoid arthritis,0.6134995111140903
0.0,3.1780538303479458,1.0,0,24,1.439285714285714,5,6.176091259055681,0.64,1,rheumatoid arthritis,0.7555636645980763
4.0,4.718498871295094,1.0,0,36,1.439285714285714,5,6.176091259055681,0.8,1,rheumatoid arthritis,0.8266703402122836
2.0,4.969813299576001,1.0,0,48,1.439285714285714,5,6.176091259055681,0.36,1,rheumatoid arthritis,0.6984400566364971
3.0,6.778784897685177,1.0,0,60,1.439285714285714,5,6.176091259055681,0.58,1,rheumatoid arthritis,0.7915746306081347
1.0,4.127134385045092,1.0,0,36,1.439285714285714,5,6.176091259055681,0.64,1,rheumatoid arthritis,0.7697998729185335
0.0,0.0,1.0,0,24,1.439285714285714,5,6.176091259055681,0.64,0,rheumatoid arthritis,0.7078928571428571
4.0,4.110873864173311,0.5,0,36,1.439285714285714,1,6.176091259055681,0.8,1,rheumatoid arthritis,0.6375559651054568
0.0,4.532599493153256,0.5,0,24,1.439285714285714,1,6.176091259055681,0.64,1,rheumatoid arthritis,0.595881849540156
1.0,2.70805020110221,0.5,0,36,1.439285714285714,1,6.176091259055681,0.64,1,rheumatoid arthritis,0.5685136101593903
3.0,3.871201010907891,1.0,0,60,1.439285714285714,5,6.176091259055681,0.58,1,rheumatoid arthritis,0.7479608723064755
4.0,4.61512051684126,0.5,0,36,1.439285714285714,1,6.176091259055681,0.8,1,rheumatoid arthritis,0.645119664895476
3.0,5.713732805509369,1.0,0,60,1.439285714285714,5,6.176091259055681,0.58,1,rheumatoid arthritis,0.7755988492254976
2.0,5.099866427824199,1.0,0,48,1.439285714285714,5,6.176091259055681,0.36,0,rheumatoid arthritis,0.7003908535602201
0.0,2.3978952727983707,0.6,0,24,1.439285714285714,1,6.176091259055681,0.64,1,rheumatoid arthritis,0.5838612862348327
0.0,4.718498871295094,1.0,0,24,1.439285714285714,5,6.176091259055681,0.64,1,rheumatoid arthritis,0.7786703402122835
1.0,3.7612001156935624,1.0,0,36,1.439285714285714,5,6.176091259055681,0.64,1,rheumatoid arthritis,0.7643108588782606
0.0,8.591186871324563,1.0,0,24,1.439285714285714,5,6.176091259055681,0.64,1,rheumatoid arthritis,0.8367606602127255
0.0,4.406719247264253,1.0,0,24,1.439285714285714,5,6.176091259055681,0.64,1,rheumatoid arthritis,0.7739936458518208
3.0,2.4849066497880004,1.0,0,60,1.439285714285714,5,6.176091259055681,0.58,1,rheumatoid arthritis,0.7271664568896771
2.0,4.127134385045092,1.0,0,48,1.439285714285714,5,6.176091259055681,0.36,1,rheumatoid arthritis,0.6857998729185335
0.0,6.133398042996649,0.5,0,24,1.439285714285714,1,6.176091259055681,0.64,1,rheumatoid arthritis,0.6198938277878069
0.0,4.634728988229636,1.0,0,24,1.439285714285714,5,6.176091259055681,0.64,1,rheumatoid arthritis,0.7774137919663017
1.0,2.5649493574615367,1.0,0,36,1.439285714285714,5,6.176091259055681,0.64,1,rheumatoid arthritis,0.7463670975047801
1.0,2.1972245773362196,1.0,0,36,1.439285714285714,5,6.176091259055681,0.64,1,rheumatoid arthritis,0.7408512258029004
0.0,5.983936280687191,1.0,0,24,1.439285714285714,5,6.176091259055681,0.64,1,rheumatoid arthritis,0.797651901353165
0.0,4.276666119016055,1.0,0,24,1.439285714285714,5,6.176091259055681,0.64,1,rheumatoid arthritis,0.7720428489280979
2.0,5.886104031450156,1.0,0,48,1.439285714285714,5,6.176091259055681,0.36,1,rheumatoid arthritis,0.7121844176146095
0.0,2.833213344056216,1.0,0,24,1.439285714285714,5,6.176091259055681,0.64,0,rheumatoid arthritis,0.7503910573037004
2.0,4.418840607796598,1.0,0,48,1.439285714285714,5,6.176091259055681,0.36,0,rheumatoid arthritis,0.6901754662598061
3.0,5.68697535633982,1.0,0,60,1.439285714285714,5,6.176091259055681,0.58,0,rheumatoid arthritis,0.7751974874879544
2.0,6.416732282512326,1.0,0,48,1.439285714285714,5,6.176091259055681,0.36,1,rheumatoid arthritis,0.720143841380542
0.0,5.170483995038151,0.5,0,24,1.439285714285714,1,6.176091259055681,0.64,1,rheumatoid arthritis,0.6054501170684294
0.0,2.833213344056216,1.0,0,24,1.439285714285714,5,6.176091259055681,0.64,1,rheumatoid arthritis,0.7503910573037004
2.0,4.7535901911063645,1.0,0,48,1.439285714285714,5,6.176091259055681,0.36,0,rheumatoid arthritis,0.6951967100094526
0.0,5.860786223465865,0.5,0,24,1.439285714285714,1,6.176091259055681,0.64,1,rheumatoid arthritis,0.6158046504948451
1.0,4.07753744390572,1.0,0,36,1.439285714285714,5,6.176091259055681,0.64,1,rheumatoid arthritis,0.7690559188014429
0.0,5.099866427824199,0.5,0,24,1.439285714285714,1,6.176091259055681,0.64,1,rheumatoid arthritis,0.6043908535602202
0.0,2.772588722239781,0.5,0,24,1.439285714285714,1,6.176091259055681,0.64,0,rheumatoid arthritis,0.5694816879764539
3.0,2.5649493574615367,1.0,0,60,1.439285714285714,5,6.176091259055681,0.58,1,rheumatoid arthritis,0.7283670975047801
0.0,5.849324779946859,1.0,0,24,1.439285714285714,5,6.176091259055681,0.64,1,rheumatoid arthritis,0.7956327288420599
0.0,0.6931471805599453,1.0,0,24,1.439285714285714,5,6.176091259055681,0.64,0,rheumatoid arthritis,0.7182900648512562
0.0,5.214935757608986,1.0,0,24,1.439285714285714,5,6.176091259055681,0.64,1,rheumatoid arthritis,0.7861168935069919
0.0,5.676753802268282,1.0,0,24,1.439285714285714,5,6.176091259055681,0.64,1,rheumatoid arthritis,0.7930441641768813
0.0,4.356708826689592,1.0,0,24,1.439285714285714,5,6.176091259055681,0.64,1,rheumatoid arthritis,0.773243489543201
0.0,5.123963979403259,1.0,0,24,1.439285714285714,5,6.176091259055681,0.64,1,rheumatoid arthritis,0.784752316833906
0.0,4.912654885736052,1.0,0,24,1.439285714285714,5,6.176091259055681,0.64,1,rheumatoid arthritis,0.7815826804288979
0.0,5.771441123130016,1.0,0,24,1.439285714285714,5,6.176091259055681,0.64,1,rheumatoid arthritis,0.7944644739898074
2.0,2.9444389791664403,1.0,0,48,1.439285714285714,5,6.176091259055681,0.36,0,rheumatoid arthritis,0.6680594418303537
3.0,6.738152494595957,1.0,0,60,1.439285714285714,5,6.176091259055681,0.58,1,rheumatoid arthritis,0.7909651445617965
0.0,4.61512051684126,1.0,0,24,1.439285714285714,5,6.176091259055681,0.64,1,rheumatoid arthritis,0.777119664895476
3.0,5.886104031450156,1.0,0,60,1.439285714285714,5,6.176091259055681,0.58,1,rheumatoid arthritis,0.7781844176146094
0.0,7.601402334583733,1.0,0,24,1.439285714285714,5,6.176091259055681,0.64,1,rheumatoid arthritis,0.8219138921616131
4.0,4.110873864173311,0.5,0,36,1.439285714285714,1,6.176091259055681,0.8,1,rheumatoid arthritis,0.6375559651054568
4.0,5.5254529391317835,1.0,0,36,1.439285714285714,5,6.176091259055681,0.8,0,rheumatoid arthritis,0.8387746512298339
3.0,2.772588722239781,1.0,0,60,1.439285714285714,5,6.176091259055681,0.58,1,rheumatoid arthritis,0.7314816879764539
0.0,7.91862865334224,1.0,0,24,1.439285714285714,5,6.176091259055681,0.64,1,rheumatoid arthritis,0.8266722869429907
0.0,3.9512437185814275,1.0,0,24,1.439285714285714,5,6.176091259055681,0.64,1,rheumatoid arthritis,0.7671615129215785
0.0,6.421622267806518,0.5,0,24,1.439285714285714,1,6.176091259055681,0.64,1,rheumatoid arthritis,0.6242171911599549
1.0,0.6931471805599453,0.5,0,36,1.439285714285714,1,6.176091259055681,0.64,1,rheumatoid arthritis,0.5382900648512563
0.0,3.6109179126442243,0.5,0,24,1.439285714285714,1,6.176091259055681,0.64,1,rheumatoid arthritis,0.5820566258325205
0.0,0.0,1.0,0,24,1.439285714285714,5,6.176091259055681,0.64,0,rheumatoid arthritis,0.7078928571428571
4.0,4.795790545596741,0.6,0,36,1.439285714285714,1,6.176091259055681,0.8,1,rheumatoid arthritis,0.6678297153268082
1.0,4.219507705176107,1.0,0,36,1.439285714285714,5,6.176091259055681,0.64,1,rheumatoid arthritis,0.7711854727204988
3.0,6.529418838262226,1.0,0,60,1.439285714285714,5,6.176091259055681,0.58,1,rheumatoid arthritis,0.7878341397167905
0.0,4.543294782270004,0.5,0,24,1.439285714285714,1,6.176091259055681,0.64,1,rheumatoid arthritis,0.5960422788769072
0.0,4.836281906951478,0.5,0,24,1.439285714285714,1,6.176091259055681,0.64,1,rheumatoid arthritis,0.6004370857471293
0.0,5.225746673713202,1.0,0,24,1.439285714285714,5,6.176091259055681,0.64,1,rheumatoid arthritis,0.7862790572485552
2.0,4.04305126783455,1.0,0,48,1.439285714285714,5,6.176091259055681,0.36,0,rheumatoid arthritis,0.6845386261603754
2.0,4.574710978503383,1.0,0,48,1.439285714285714,5,6.176091259055681,0.36,1,rheumatoid arthritis,0.6925135218204079
0.0,3.044522437723423,0.5,0,24,1.439285714285714,1,6.176091259055681,0.64,1,rheumatoid arthritis,0.5735606937087085
3.0,3.912023005428146,1.0,0,60,1.439285714285714,5,6.176091259055681,0.58,1,rheumatoid arthritis,0.7485732022242793
0.0,3.784189633918261,0.5,0,24,1.439285714285714,1,6.176091259055681,0.64,1,rheumatoid arthritis,0.584655701651631
1.0,3.2188758248682006,1.0,0,36,1.439285714285714,5,6.176091259055681,0.64,1,rheumatoid arthritis,0.7561759945158801
2.0,5.616771097666572,1.0,0,48,1.439285714285714,5,6.176091259055681,0.36,1,rheumatoid arthritis,0.7081444236078557
2.0,5.940171252720432,1.0,0,48,1.439285714285714,5,6.176091259055681,0.36,1,rheumatoid arthritis,0.7129954259336636
2.0,4.61512051684126,1.0,0,48,1.439285714285714,5,6.176091259055681,0.36,1,rheumatoid arthritis,0.693119664895476
3.0,6.304448802421981,1.0,0,60,1.439285714285714,5,6.176091259055681,0.58,1,rheumatoid arthritis,0.7844595891791868
3.0,6.3784261836515865,1.0,0,60,1.439285714285714,5,6.176091259055681,0.58,1,rheumatoid arthritis,0.7855692498976309
0.0,4.68213122712422,1.0,0,24,1.439285714285714,5,6.176091259055681,0.64,1,rheumatoid arthritis,0.7781248255497204
2.0,5.3981627015177525,1.0,0,48,1.439285714285714,5,6.176091259055681,0.36,1,rheumatoid arthritis,0.7048652976656234
3.0,7.176254532017144,1.0,0,60,1.439285714285714,5,6.176091259055681,0.58,1,rheumatoid arthritis,0.7975366751231142
3.0,4.356708826689592,1.0,0,60,1.439285714285714,5,6.176091259055681,0.58,1,rheumatoid arthritis,0.755243489543201
0.0,7.164720378771857,1.0,0,24,1.439285714285714,5,6.176091259055681,0.64,1,rheumatoid arthritis,0.815363662824435
0.0,3.970291913552122,0.5,0,24,1.439285714285714,1,6.176091259055681,0.64,1,rheumatoid arthritis,0.587447235846139
0.0,7.111512116496157,1.0,0,24,1.439285714285714,5,6.176091259055681,0.64,1,rheumatoid arthritis,0.8145655388902995
2.0,2.0794415416798357,0.8,0,48,1.439285714285714,3,6.176091259055681,0.36,1,rheumatoid arthritis,0.5750844802680547
0.0,4.795790545596741,0.5,0,24,1.439285714285714,1,6.176091259055681,0.64,1,rheumatoid arthritis,0.5998297153268083
1.0,2.1972245773362196,0.5,0,36,1.439285714285714,1,6.176091259055681,0.64,1,rheumatoid arthritis,0.5608512258029005
4.0,7.473069088032197,1.0,0,36,1.439285714285714,5,6.176091259055681,0.8,1,rheumatoid arthritis,0.8679888934633401
2.0,4.276666119016055,0.5,0,48,1.439285714285714,1,6.176091259055681,0.36,1,rheumatoid arthritis,0.5080428489280979
4.0,6.059123195581797,1.0,0,36,1.439285714285714,5,6.176091259055681,0.8,0,rheumatoid arthritis,0.8467797050765841
0.0,5.351858133476067,1.0,0,24,1.439285714285714,5,6.176091259055681,0.64,1,rheumatoid arthritis,0.7881707291449981
4.0,3.713572066704308,0.5,0,36,1.439285714285714,1,6.176091259055681,0.8,0,rheumatoid arthritis,0.6315964381434217
0.0,5.659482215759621,0.5,0,24,1.439285714285714,1,6.176091259055681,0.64,1,rheumatoid arthritis,0.6127850903792514
0.0,5.093750200806762,0.5,0,24,1.439285714285714,1,6.176091259055681,0.64,1,rheumatoid arthritis,0.6042991101549586
1.0,4.174387269895637,1.0,0,36,1.439285714285714,5,6.176091259055681,0.64,0,rheumatoid arthritis,0.7705086661912917
4.0,5.214935757608986,0.5,0,36,1.439285714285714,1,6.176091259055681,0.8,1,rheumatoid arthritis,0.6541168935069919
3.0,6.371611847231857,1.0,0,60,1.439285714285714,5,6.176091259055681,0.58,1,rheumatoid arthritis,0.785467034851335
0.0,5.111987788356544,0.5,0,24,1.439285714285714,1,6.176091259055681,0.64,1,rheumatoid arthritis,0.6045726739682054
0.0,5.093750200806762,1.0,0,24,1.439285714285714,5,6.176091259055681,0.64,1,rheumatoid arthritis,0.7842991101549586
0.0,5.198497031265826,1.0,0,24,1.439285714285714,5,6.176091259055681,0.64,1,rheumatoid arthritis,0.7858703126118445
2.0,5.662960480135946,1.0,0,48,1.439285714285714,5,6.176091259055681,0.36,1,rheumatoid arthritis,0.7088372643448964
4.0,6.0063531596017325,1.0,0,36,1.439285714285714,5,6.176091259055681,0.8,1,rheumatoid arthritis,0.8459881545368831
4.0,3.295836866004329,1.0,0,36,1.439285714285714,5,6.176091259055681,0.8,1,rheumatoid arthritis,0.8053304101329221
0.0,4.406719247264253,1.0,0,24,1.439285714285714,5,6.176091259055681,0.64,1,rheumatoid arthritis,0.7739936458518208
0.0,6.517671272912275,0.5,0,24,1.439285714285714,1,6.176091259055681,0.64,1,rheumatoid arthritis,0.6256579262365413
3.0,4.356708826689592,1.0,0,60,1.439285714285714,5,6.176091259055681,0.58,1,rheumatoid arthritis,0.755243489543201
4.0,5.66988092298052,0.5,0,36,1.439285714285714,1,6.176091259055681,0.8,1,rheumatoid arthritis,0.6609410709875649
0.0,5.099866427824199,1.0,0,24,1.439285714285714,5,6.176091259055681,0.64,1,rheumatoid arthritis,0.7843908535602201
3.0,5.493061443340548,1.0,0,60,1.439285714285714,5,6.176091259055681,0.58,1,rheumatoid arthritis,0.7722887787929653
4.0,4.394449154672439,0.5,0,36,1.439285714285714,1,6.176091259055681,0.8,1,rheumatoid arthritis,0.6418095944629437
0.0,3.7612001156935624,0.5,0,24,1.439285714285714,1,6.176091259055681,0.64,1,rheumatoid arthritis,0.5843108588782606
4.0,3.044522437723423,0.5,0,36,1.439285714285714,1,6.176091259055681,0.8,1,rheumatoid arthritis,0.6215606937087085
1.0,4.330733340286331,1.0,0,36,1.439285714285714,5,6.176091259055681,0.64,1,rheumatoid arthritis,0.772853857247152
0.0,7.546446273746024,1.0,0,24,1.439285714285714,5,6.176091259055681,0.64,1,rheumatoid arthritis,0.8210895512490475
3.0,4.5217885770490405,1.0,0,60,1.439285714285714,5,6.176091259055681,0.58,0,rheumatoid arthritis,0.7577196857985927
2.0,0.0,0.5,0,48,1.439285714285714,1,6.176091259055681,0.36,0,rheumatoid arthritis,0.44389285714285714
0.5,1.9459101490553132,0.5,0,24,1.439285714285714,1,6.176091259055681,0.64,0,rheumatoid arthritis,0.5570815093786868
0.0,5.605802066295998,0.5,0,24,1.439285714285714,1,6.176091259055681,0.64,1,rheumatoid arthritis,0.6119798881372971
2.0,2.5649493574615367,0.5,0,48,1.439285714285714,1,6.176091259055681,0.36,1,rheumatoid arthritis,0.4823670975047802
4.0,5.771441123130016,0.5,0,36,1.439285714285714,1,6.176091259055681,0.8,1,rheumatoid arthritis,0.6624644739898073
0.0,4.219507705176107,0.5,0,24,1.439285714285714,1,6.176091259055681,0.64,1,rheumatoid arthritis,0.5911854727204988
2.0,3.871201010907891,1.0,0,48,1.439285714285714,5,6.176091259055681,0.36,1,rheumatoid arthritis,0.6819608723064755
4.0,2.1972245773362196,0.5,0,36,1.439285714285714,1,6.176091259055681,0.8,1,rheumatoid arthritis,0.6088512258029004
2.0,5.375278407684165,1.0,0,48,1.439285714285714,5,6.176091259055681,0.36,1,rheumatoid arthritis,0.7045220332581196
1.0,2.9444389791664403,1.0,0,36,1.439285714285714,5,6.176091259055681,0.64,1,rheumatoid arthritis,0.7520594418303537
2.0,2.9444389791664403,0.8,0,48,1.439285714285714,3,6.176091259055681,0.36,1,rheumatoid arthritis,0.5880594418303537
2.0,6.396929655216146,1.0,0,48,1.439285714285714,5,6.176091259055681,0.36,1,rheumatoid arthritis,0.7198468019710993
4.0,4.74493212836325,1.0,0,36,1.439285714285714,5,6.176091259055681,0.8,1,rheumatoid arthritis,0.8270668390683059
0.0,5.707110264748875,0.5,0,24,1.439285714285714,1,6.176091259055681,0.64,1,rheumatoid arthritis,0.6134995111140903
4.0,4.3694478524670215,1.0,0,36,1.439285714285714,5,6.176091259055681,0.8,1,rheumatoid arthritis,0.8214345749298625
2.0,3.7376696182833684,1.0,0,48,1.439285714285714,5,6.176091259055681,0.36,1,rheumatoid arthritis,0.6799579014171077
0.0,6.695798917058491,1.0,0,24,1.439285714285714,5,6.176091259055681,0.64,1,rheumatoid arthritis,0.8083298408987345
0.0,5.214935757608986,1.0,0,24,1.439285714285714,5,6.176091259055681,0.64,1,rheumatoid arthritis,0.7861168935069919
2.0,5.7745515455444085,1.0,0,48,1.439285714285714,5,6.176091259055681,0.36,0,rheumatoid arthritis,0.7105111303260233
1.0,4.204692619390966,1.0,0,36,1.439285714285714,5,6.176091259055681,0.64,0,rheumatoid arthritis,0.7709632464337216
2.0,3.8918202981106265,1.0,0,48,1.439285714285714,5,6.176091259055681,0.36,1,rheumatoid arthritis,0.6822701616145166
1.0,0.0,1.0,0,36,1.439285714285714,5,6.176091259055681,0.64,0,rheumatoid arthritis,0.7078928571428571
0.0,4.727387818712341,0.5,0,24,1.439285714285714,1,6.176091259055681,0.64,1,rheumatoid arthritis,0.5988036744235423
3.0,6.391917113392602,1.0,0,60,1.439285714285714,5,6.176091259055681,0.58,1,rheumatoid arthritis,0.7857716138437462
0.0,4.2626798770413155,0.5,0,24,1.439285714285714,1,6.176091259055681,0.64,1,rheumatoid arthritis,0.5918330552984769
0.0,4.574710978503383,1.0,0,24,1.439285714285714,5,6.176091259055681,0.64,1,rheumatoid arthritis,0.7765135218204078
0.0,4.61512051684126,1.0,0,24,1.439285714285714,5,6.176091259055681,0.64,0,rheumatoid arthritis,0.777119664895476
0.0,6.1675164908883415,1.0,0,24,1.439285714285714,5,6.176091259055681,0.64,1,rheumatoid arthritis,0.8004056045061823
0.0,3.6635616461296463,0.5,0,24,1.439285714285714,1,6.176091259055681,0.64,1,rheumatoid arthritis,0.5828462818348018
2.0,3.6888794541139363,1.0,0,48,1.439285714285714,5,6.176091259055681,0.36,1,rheumatoid arthritis,0.6792260489545662
0.0,5.720311776607412,0.5,0,24,1.439285714285714,1,6.176091259055681,0.64,1,rheumatoid arthritis,0.6136975337919683
2.0,2.1972245773362196,0.5,0,48,1.439285714285714,1,6.176091259055681,0.36,0,rheumatoid arthritis,0.47685122580290046
2.0,3.091042453358316,1.0,0,48,1.439285714285714,5,6.176091259055681,0.36,0,rheumatoid arthritis,0.6702584939432319
1.0,2.1972245773362196,0.8,0,36,1.439285714285714,3,6.176091259055681,0.64,1,rheumatoid arthritis,0.6608512258029005
2.0,4.969813299576001,1.0,0,48,1.439285714285714,5,6.176091259055681,0.36,1,rheumatoid arthritis,0.6984400566364971
3.0,7.507141079727608,1.0,0,60,1.439285714285714,5,6.176091259055681,0.58,1,rheumatoid arthritis,0.8024999733387712
3.0,6.655440350367647,1.0,0,60,1.439285714285714,5,6.176091259055681,0.58,0,rheumatoid arthritis,0.7897244623983718
1.0,5.877735781779639,1.0,0,36,1.439285714285714,5,6.176091259055681,0.64,1,rheumatoid arthritis,0.7960588938695516
3.0,3.970291913552122,1.0,0,60,1.439285714285714,5,6.176091259055681,0.58,1,rheumatoid arthritis,0.7494472358461389
0.0,0.0,1.0,0,24,1.439285714285714,5,6.176091259055681,0.64,0,rheumatoid arthritis,0.7078928571428571
4.0,3.9889840465642745,0.5,0,36,1.439285714285714,1,6.176091259055681,0.8,1,rheumatoid arthritis,0.6357276178413213
1.0,4.477336814478207,1.0,0,36,1.439285714285714,5,6.176091259055681,0.64,1,rheumatoid arthritis,0.7750529093600302
3.0,6.577861357721047,1.0,0,60,1.439285714285714,5,6.176091259055681,0.58,1,rheumatoid arthritis,0.7885607775086728
0.0,3.9318256327243257,0.5,0,24,1.439285714285714,1,6.176091259055681,0.64,1,rheumatoid arthritis,0.586870241633722
0.0,3.58351893845611,0.5,0,24,1.439285714285714,1,6.176091259055681,0.64,1,rheumatoid arthritis,0.5816456412196989
0.0,4.2626798770413155,0.6,0,24,1.439285714285714,1,6.176091259055681,0.64,1,rheumatoid arthritis,0.6118330552984769
0.0,3.367295829986474,1.0,0,24,1.439285714285714,5,6.176091259055681,0.64,1,rheumatoid arthritis,0.7584022945926542
0.0,3.9318256327243257,0.5,0,24,1.439285714285714,1,6.176091259055681,0.64,1,rheumatoid arthritis,0.586870241633722
0.0,2.70805020110221,0.5,0,24,1.439285714285714,1,6.176091259055681,0.64,1,rheumatoid arthritis,0.5685136101593903
2.0,3.784189633918261,0.5,0,48,1.439285714285714,1,6.176091259055681,0.36,1,rheumatoid arthritis,0.5006557016516311
0.0,4.762173934797756,0.5,0,24,1.439285714285714,1,6.176091259055681,0.64,1,rheumatoid arthritis,0.5993254661648235
3.0,3.1780538303479458,1.0,0,60,1.439285714285714,5,6.176091259055681,0.58,1,rheumatoid arthritis,0.7375636645980763
0.0,9.779510372716418,1.0,0,24,1.439285714285714,5,6.176091259055681,0.64,1,rheumatoid arthritis,0.8545855127336034
3.0,5.996452088619021,1.0,0,60,1.439285714285714,5,6.176091259055681,0.58,1,rheumatoid arthritis,0.7798396384721424
0.0,4.574710978503383,0.5,0,24,1.439285714285714,1,6.176091259055681,0.64,1,rheumatoid arthritis,0.5965135218204078
0.0,9.207235557022704,1.0,0,24,1.439285714285714,5,6.176091259055681,0.64,1,rheumatoid arthritis,0.8460013904981977
0.0,9.234252192022495,0.5,0,24,1.439285714285714,1,6.176091259055681,0.64,1,rheumatoid arthritis,0.6664066400231946
0.0,4.204692619390966,0.5,0,24,1.439285714285714,1,6.176091259055681,0.64,1,rheumatoid arthritis,0.5909632464337217
0.0,4.61512051684126,0.5,0,24,1.439285714285714,1,6.176091259055681,0.64,1,rheumatoid arthritis,0.5971196648954761
0.0,4.31748811353631,1.0,0,24,1.439285714285714,5,6.176091259055681,0.64,1,rheumatoid arthritis,0.7726551788459017
0.0,4.04305126783455,0.5,0,24,1.439285714285714,1,6.176091259055681,0.64,1,rheumatoid arthritis,0.5885386261603754
1.0,2.995732273553991,1.0,0,36,1.439285714285714,5,6.176091259055681,0.64,1,rheumatoid arthritis,0.752828841246167
0.0,4.343805421853684,1.0,0,24,1.439285714285714,5,6.176091259055681,0.64,1,rheumatoid arthritis,0.7730499384706624
4.0,2.833213344056216,1.0,0,36,1.439285714285714,5,6.176091259055681,0.8,0,rheumatoid arthritis,0.7983910573037004
1.0,3.044522437723423,1.0,0,36,1.439285714285714,5,6.176091259055681,0.64,1,rheumatoid arthritis,0.7535606937087085
0.0,4.2626798770413155,0.5,0,24,1.439285714285714,1,6.176091259055681,0.64,1,rheumatoid arthritis,0.5918330552984769
0.0,2.1972245773362196,0.5,0,24,1.439285714285714,1,6.176091259055681,0.64,0,rheumatoid arthritis,0.5608512258029005
0.0,5.517452896464707,1.0,0,24,1.439285714285714,5,6.176091259055681,0.64,0,rheumatoid arthritis,0.7906546505898278
0.0,3.4339872044851463,0.5,0,24,1.439285714285714,1,6.176091259055681,0.64,1,rheumatoid arthritis,0.5794026652101344
0.0,6.093569770045136,0.5,0,24,1.439285714285714,1,6.176091259055681,0.64,1,rheumatoid arthritis,0.6192964036935342
4.0,4.700480365792417,0.5,0,36,1.439285714285714,1,6.176091259055681,0.8,1,rheumatoid arthritis,0.6464000626297434
4.0,4.997212273764115,1.0,0,36,1.439285714285714,5,6.176091259055681,0.8,1,rheumatoid arthritis,0.8308510412493189
0.0,6.226536669287466,1.0,0,24,1.439285714285714,5,6.176091259055681,0.64,1,rheumatoid arthritis,0.8012909071821691
0.0,5.003946305945459,0.5,0,24,1.439285714285714,1,6.176091259055681,0.64,1,rheumatoid arthritis,0.602952051732039
0.0,4.564348191467836,1.0,0,24,1.439285714285714,5,6.176091259055681,0.64,1,rheumatoid arthritis,0.7763580800148746
2.0,5.6240175061873385,1.0,0,48,1.439285714285714,5,6.176091259055681,0.36,1,rheumatoid arthritis,0.7082531197356672
0.0,4.564348191467836,0.5,0,24,1.439285714285714,1,6.176091259055681,0.64,1,rheumatoid arthritis,0.5963580800148747
4.0,5.384495062789089,1.0,0,36,1.439285714285714,5,6.176091259055681,0.8,1,rheumatoid arthritis,0.8366602830846934
0.0,4.110873864173311,0.5,0,24,1.439285714285714,1,6.176091259055681,0.64,1,rheumatoid arthritis,0.5895559651054568
3.0,5.6240175061873385,0.5,0,60,1.439285714285714,1,6.176091259055681,0.58,1,rheumatoid arthritis,0.5942531197356672
0.0,6.522092798170152,1.0,0,24,1.439285714285714,5,6.176091259055681,0.64,1,rheumatoid arthritis,0.8057242491154094
0.0,7.991253929840199,1.0,0,24,1.439285714285714,5,6.176091259055681,0.64,1,rheumatoid arthritis,0.8277616660904601
1.0,3.784189633918261,1.0,0,36,1.439285714285714,5,6.176091259055681,0.64,1,rheumatoid arthritis,0.764655701651631
0.0,3.8501476017100584,0.5,0,24,1.439285714285714,1,6.176091259055681,0.64,1,rheumatoid arthritis,0.5856450711685081
3.0,5.313205979041787,1.0,0,60,1.439285714285714,5,6.176091259055681,0.58,1,rheumatoid arthritis,0.7695909468284838
1.0,4.143134726391533,1.0,0,36,1.439285714285714,5,6.176091259055681,0.64,1,rheumatoid arthritis,0.7700398780387301
4.0,4.51085950651685,1.0,0,36,1.439285714285714,5,6.176091259055681,0.8,0,rheumatoid arthritis,0.8235557497406099
0.0,5.017279836814924,0.5,0,24,1.439285714285714,1,6.176091259055681,0.64,1,rheumatoid arthritis,0.603152054695081
2.0,5.777652323222656,1.0,0,48,1.439285714285714,5,6.176091259055681,0.36,1,rheumatoid arthritis,0.710557641991197
2.0,5.170483995038151,1.0,0,48,1.439285714285714,5,6.176091259055681,0.36,1,rheumatoid arthritis,0.7014501170684294
0.0,4.812184355372417,0.5,0,24,1.439285714285714,1,6.176091259055681,0.64,1,rheumatoid arthritis,0.6000756224734434
3.0,6.565264970035361,1.0,0,60,1.439285714285714,5,6.176091259055681,0.58,1,rheumatoid arthritis,0.7883718316933875
0.0,6.51025834052315,1.0,0,24,1.439285714285714,5,6.176091259055681,0.64,1,rheumatoid arthritis,0.8055467322507044
4.0,4.1588830833596715,0.5,0,36,1.439285714285714,1,6.176091259055681,0.8,1,rheumatoid arthritis,0.6382761033932521
4.0,3.044522437723423,0.5,0,36,1.439285714285714,1,6.176091259055681,0.8,1,rheumatoid arthritis,0.6215606937087085
0.0,4.330733340286331,0.5,0,24,1.439285714285714,1,6.176091259055681,0.64,1,rheumatoid arthritis,0.5928538572471521
0.0,4.2626798770413155,1.0,0,24,1.439285714285714,5,6.176091259055681,0.64,1,rheumatoid arthritis,0.7718330552984768
0.0,5.135798437050262,1.0,0,24,1.439285714285714,5,6.176091259055681,0.64,1,rheumatoid arthritis,0.784929833698611
0.0,3.784189633918261,0.5,0,24,1.439285714285714,1,6.176091259055681,0.64,0,rheumatoid arthritis,0.584655701651631
3.0,5.429345628954441,1.0,0,60,1.439285714285714,5,6.176091259055681,0.58,1,rheumatoid arthritis,0.7713330415771738
1.0,3.295836866004329,1.0,0,36,1.439285714285714,5,6.176091259055681,0.64,1,rheumatoid arthritis,0.757330410132922
0.0,4.836281906951478,0.7,0,24,1.439285714285714,2,6.176091259055681,0.64,1,rheumatoid arthritis,0.6604370857471292
0.0,5.703782474656201,1.0,0,24,1.439285714285714,5,6.176091259055681,0.64,1,rheumatoid arthritis,0.7934495942627001
3.0,4.61512051684126,1.0,0,60,1.439285714285714,5,6.176091259055681,0.58,1,rheumatoid arthritis,0.759119664895476
3.0,5.056245805348308,0.5,0,60,1.439285714285714,1,6.176091259055681,0.58,1,rheumatoid arthritis,0.5857365442230817
2.0,4.007333185232471,0.5,0,48,1.439285714285714,1,6.176091259055681,0.36,1,rheumatoid arthritis,0.5040028549213442
1.0,4.127134385045092,1.0,0,36,1.439285714285714,5,6.176091259055681,0.64,1,rheumatoid arthritis,0.7697998729185335
0.0,4.61512051684126,1.0,0,24,1.439285714285714,5,6.176091259055681,0.64,1,rheumatoid arthritis,0.777119664895476
4.0,3.7376696182833684,0.5,0,36,1.439285714285714,1,6.176091259055681,0.8,0,rheumatoid arthritis,0.6319579014171076
0.0,6.960347729101308,1.0,0,24,1.439285714285714,5,6.176091259055681,0.64,1,rheumatoid arthritis,0.8122980730793767
2.0,4.787491742782046,0.5,0,48,1.439285714285714,1,6.176091259055681,0.36,1,rheumatoid arthritis,0.5157052332845878
2.0,3.784189633918261,1.0,0,48,1.439285714285714,5,6.176091259055681,0.36,1,rheumatoid arthritis,0.680655701651631
2.0,5.552959584921617,1.0,0,48,1.439285714285714,5,6.176091259055681,0.36,1,rheumatoid arthritis,0.7071872509166814
0.0,3.58351893845611,1.0,0,24,1.439285714285714,5,6.176091259055681,0.64,1,rheumatoid arthritis,0.7616456412196988
1.0,3.295836866004329,1.0,0,36,1.439285714285714,5,6.176091259055681,0.64,1,rheumatoid arthritis,0.757330410132922
2.0,6.016157159698354,1.0,0,48,1.439285714285714,5,6.176091259055681,0.36,0,rheumatoid arthritis,0.7141352145383324
4.0,0.0,1.0,0,36,1.439285714285714,5,6.176091259055681,0.8,0,rheumatoid arthritis,0.7558928571428571
0.0,4.219507705176107,0.5,0,24,1.439285714285714,1,6.176091259055681,0.64,1,rheumatoid arthritis,0.5911854727204988
0.0,4.61512051684126,1.0,0,24,1.439285714285714,5,6.176091259055681,0.64,1,rheumatoid arthritis,0.777119664895476
0.0,4.983606621708336,0.5,0,24,1.439285714285714,1,6.176091259055681,0.64,1,rheumatoid arthritis,0.6026469564684822
0.0,6.042632833682381,0.5,0,24,1.439285714285714,1,6.176091259055681,0.64,1,rheumatoid arthritis,0.6185323496480929
0.0,6.470799503782602,0.5,0,24,1.439285714285714,1,6.176091259055681,0.64,1,rheumatoid arthritis,0.6249548496995961
4.0,3.912023005428146,0.5,0,36,1.439285714285714,1,6.176091259055681,0.8,1,rheumatoid arthritis,0.6345732022242793
0.0,4.382026634673881,1.0,0,24,1.439285714285714,5,6.176091259055681,0.64,0,rheumatoid arthritis,0.7736232566629653
3.0,6.269096283706261,1.0,0,60,1.439285714285714,5,6.176091259055681,0.58,1,rheumatoid arthritis,0.783929301398451
1.0,3.2188758248682006,1.0,0,36,1.439285714285714,5,6.176091259055681,0.64,1,rheumatoid arthritis,0.7561759945158801
3.0,4.795790545596741,1.0,0,60,1.439285714285714,5,6.176091259055681,0.58,1,rheumatoid arthritis,0.7618297153268082
3.0,6.267200548541362,1.0,0,60,1.439285714285714,5,6.176091259055681,0.58,1,rheumatoid arthritis,0.7839008653709776
2.0,2.772588722239781,0.5,0,48,1.439285714285714,1,6.176091259055681,0.36,1,rheumatoid arthritis,0.48548168797645386
0.0,5.720311776607412,1.0,0,24,1.439285714285714,5,6.176091259055681,0.64,1,rheumatoid arthritis,0.7936975337919683
0.0,4.74493212836325,0.5,0,24,1.439285714285714,1,6.176091259055681,0.64,1,rheumatoid arthritis,0.5990668390683059
3.0,0.0,1.0,0,60,1.439285714285714,5,6.176091259055681,0.58,0,rheumatoid arthritis,0.6898928571428571
3.0,2.0794415416798357,1.0,0,60,1.439285714285714,5,6.176091259055681,0.58,0,rheumatoid arthritis,0.7210844802680546
2.0,4.820281565605037,0.5,0,48,1.439285714285714,1,6.176091259055681,0.36,1,rheumatoid arthritis,0.5161970806269327
0.0,3.8918202981106265,0.5,0,24,1.439285714285714,1,6.176091259055681,0.64,1,rheumatoid arthritis,0.5862701616145165
3.0,7.964850887447313,1.0,0,60,1.439285714285714,5,6.176091259055681,0.58,1,rheumatoid arthritis,0.8093656204545667
1.0,5.6240175061873385,1.0,0,36,1.439285714285714,5,6.176091259055681,0.64,1,rheumatoid arthritis,0.7922531197356671
0.0,6.369900982828227,1.0,0,24,1.439285714285714,5,6.176091259055681,0.64,1,rheumatoid arthritis,0.8034413718852805
2.0,4.6913478822291435,0.8,0,48,1.439285714285714,3,6.176091259055681,0.36,1,rheumatoid arthritis,0.6142630753762943
0.0,4.2626798770413155,0.6,0,24,1.439285714285714,1,6.176091259055681,0.64,1,rheumatoid arthritis,0.6118330552984769
4.0,4.477336814478207,0.5,0,36,1.439285714285714,1,6.176091259055681,0.8,1,rheumatoid arthritis,0.6430529093600302
0.0,4.955827057601261,0.5,0,24,1.439285714285714,1,6.176091259055681,0.64,1,rheumatoid arthritis,0.6022302630068761
0.0,4.61512051684126,1.0,0,24,1.439285714285714,5,6.176091259055681,0.64,1,rheumatoid arthritis,0.777119664895476
0.0,5.093750200806762,1.0,0,24,1.439285714285714,5,6.176091259055681,0.64,1,rheumatoid arthritis,0.7842991101549586
0.0,5.365976015021851,1.0,0,24,1.439285714285714,5,6.176091259055681,0.64,1,rheumatoid arthritis,0.7883824973681849
2.0,4.406719247264253,0.5,0,48,1.439285714285714,1,6.176091259055681,0.36,1,rheumatoid arthritis,0.5099936458518209
0.0,5.484796933490655,0.5,0,24,1.439285714285714,1,6.176091259055681,0.64,1,rheumatoid arthritis,0.6101648111452169
1.0,2.8903717578961645,0.8,0,36,1.439285714285714,3,6.176091259055681,0.64,1,rheumatoid arthritis,0.6712484335112996
0.0,4.02535169073515,0.5,0,24,1.439285714285714,1,6.176091259055681,0.64,1,rheumatoid arthritis,0.5882731325038844
0.0,5.707110264748875,0.5,0,24,1.439285714285714,1,6.176091259055681,0.64,1,rheumatoid arthritis,0.6134995111140903
3.0,3.4339872044851463,0.5,0,60,1.439285714285714,1,6.176091259055681,0.58,1,rheumatoid arthritis,0.5614026652101344
2.0,5.176149732573829,0.8,0,48,1.439285714285714,3,6.176091259055681,0.36,1,rheumatoid arthritis,0.6215351031314647
3.0,5.262690188904886,0.5,0,60,1.439285714285714,1,6.176091259055681,0.58,1,rheumatoid arthritis,0.5888332099764304
2.0,5.056245805348308,1.0,0,48,1.439285714285714,5,6.176091259055681,0.36,1,rheumatoid arthritis,0.6997365442230817
0.0,3.1780538303479458,0.5,0,24,1.439285714285714,1,6.176091259055681,0.64,0,rheumatoid arthritis,0.5755636645980764
0.0,5.303304908059076,0.5,0,24,1.439285714285714,1,6.176091259055681,0.64,1,rheumatoid arthritis,0.6074424307637433
0.0,6.75110146893676,1.0,0,24,1.439285714285714,5,6.176091259055681,0.64,1,rheumatoid arthritis,0.8091593791769085
0.0,3.9318256327243257,1.0,0,24,1.439285714285714,5,6.176091259055681,0.64,0,rheumatoid arthritis,0.766870241633722
1.0,2.302585092994046,1.0,0,36,1.439285714285714,5,6.176091259055681,0.64,1,rheumatoid arthritis,0.7424316335377678
0.0,4.23410650459726,0.8,0,24,1.439285714285714,3,6.176091259055681,0.64,0,rheumatoid arthritis,0.691404454711816
2.0,4.248495242049359,1.0,0,48,1.439285714285714,5,6.176091259055681,0.36,1,rheumatoid arthritis,0.6876202857735976
3.0,5.8522024797744745,1.0,0,60,1.439285714285714,5,6.176091259055681,0.58,1,rheumatoid arthritis,0.7776758943394741
0.0,4.61512051684126,0.6,0,24,1.439285714285714,1,6.176091259055681,0.64,1,rheumatoid arthritis,0.6171196648954761
1.0,4.07753744390572,1.0,0,36,1.439285714285714,5,6.176091259055681,0.64,1,rheumatoid arthritis,0.7690559188014429
0.0,4.465908118654584,0.5,0,24,1.439285714285714,1,6.176091259055681,0.64,1,rheumatoid arthritis,0.594881478922676
2.0,0.6931471805599453,0.5,0,48,1.439285714285714,1,6.176091259055681,0.36,0,rheumatoid arthritis,0.45429006485125634
0.0,6.55250788703459,0.5,0,24,1.439285714285714,1,6.176091259055681,0.64,1,rheumatoid arthritis,0.626180475448376
0.0,3.8918202981106265,0.5,0,24,1.439285714285714,1,6.176091259055681,0.64,1,rheumatoid arthritis,0.5862701616145165
0.0,0.0,0.5,0,24,1.439285714285714,1,6.176091259055681,0.64,0,rheumatoid arthritis,0.5278928571428572
0.0,6.406879986069314,1.0,0,24,1.439285714285714,5,6.176091259055681,0.64,1,rheumatoid arthritis,0.8039960569338969
3.0,5.384495062789089,1.0,0,60,1.439285714285714,5,6.176091259055681,0.58,1,rheumatoid arthritis,0.7706602830846934
1.0,2.833213344056216,1.0,0,36,1.439285714285714,5,6.176091259055681,0.64,0,rheumatoid arthritis,0.7503910573037004
3.0,4.897839799950911,1.0,0,60,1.439285714285714,5,6.176091259055681,0.58,1,rheumatoid arthritis,0.7633604541421207
2.0,5.407171771460119,1.0,0,48,1.439285714285714,5,6.176091259055681,0.36,1,rheumatoid arthritis,0.705000433714759
0.0,4.787491742782046,0.5,0,24,1.439285714285714,1,6.176091259055681,0.64,0,rheumatoid arthritis,0.5997052332845878
3.0,5.953243334287785,1.0,0,60,1.439285714285714,5,6.176091259055681,0.58,1,rheumatoid arthritis,0.7791915071571739
3.0,4.61512051684126,1.0,0,60,1.439285714285714,5,6.176091259055681,0.58,1,rheumatoid arthritis,0.759119664895476
2.0,5.043425116919247,0.5,0,48,1.439285714285714,1,6.176091259055681,0.36,1,rheumatoid arthritis,0.5195442338966458
3.0,6.148468295917647,1.0,0,60,1.439285714285714,5,6.176091259055681,0.58,1,rheumatoid arthritis,0.7821198815816218
1.0,4.77912349311153,1.0,0,36,1.439285714285714,5,6.176091259055681,0.64,1,rheumatoid arthritis,0.77957970953953
3.0,4.394449154672439,0.5,0,60,1.439285714285714,1,6.176091259055681,0.58,1,rheumatoid arthritis,0.5758095944629438
0.0,1.0986122886681098,0.5,0,24,1.439285714285714,1,6.176091259055681,0.64,0,rheumatoid arthritis,0.5443720414728788
0.0,5.71042701737487,0.5,0,24,1.439285714285714,1,6.176091259055681,0.64,1,rheumatoid arthritis,0.6135492624034802
0.0,4.672828834461906,0.5,0,24,1.439285714285714,1,6.176091259055681,0.64,1,rheumatoid arthritis,0.5979852896597857
2.0,5.739792912179234,1.0,0,48,1.439285714285714,5,6.176091259055681,0.36,1,rheumatoid arthritis,0.7099897508255456
3.0,5.093750200806762,1.0,0,60,1.439285714285714,5,6.176091259055681,0.58,1,rheumatoid arthritis,0.7662991101549586
0.0,4.343805421853684,0.5,0,24,1.439285714285714,1,6.176091259055681,0.64,1,rheumatoid arthritis,0.5930499384706625
0.0,3.4339872044851463,0.5,0,24,1.439285714285714,1,6.176091259055681,0.64,1,rheumatoid arthritis,0.5794026652101344
4.0,1.791759469228055,0.5,0,36,1.439285714285714,1,6.176091259055681,0.8,0,rheumatoid arthritis,0.6027692491812779
2.0,3.332204510175204,1.0,0,48,1.439285714285714,5,6.176091259055681,0.36,0,rheumatoid arthritis,0.6738759247954852
0.0,6.398594934535208,0.5,0,24,1.439285714285714,1,6.176091259055681,0.64,1,rheumatoid arthritis,0.6238717811608853
0.0,13.516268593343543,0.5,0,24,1.439285714285714,1,6.176091259055681,0.64,1,rheumatoid arthritis,0.7306368860430104
0.0,4.330733340286331,1.0,0,24,1.439285714285714,5,6.176091259055681,0.64,1,rheumatoid arthritis,0.772853857247152
3.0,4.060443010546419,1.0,0,60,1.439285714285714,5,6.176091259055681,0.58,1,rheumatoid arthritis,0.7507995023010534
3.0,5.673323267171493,1.0,0,60,1.439285714285714,5,6.176091259055681,0.58,1,rheumatoid arthritis,0.7749927061504295
3.0,3.091042453358316,0.5,0,60,1.439285714285714,1,6.176091259055681,0.58,0,rheumatoid arthritis,0.5562584939432319
3.0,5.655991810819852,1.0,0,60,1.439285714285714,5,6.176091259055681,0.58,1,rheumatoid arthritis,0.7747327343051549
2.0,4.727387818712341,1.0,0,48,1.439285714285714,5,6.176091259055681,0.36,1,rheumatoid arthritis,0.6948036744235423
0.0,5.303304908059076,0.5,0,24,1.439285714285714,1,6.176091259055681,0.64,1,rheumatoid arthritis,0.6074424307637433
0.0,3.713572066704308,0.5,0,24,1.439285714285714,1,6.176091259055681,0.64,1,rheumatoid arthritis,0.5835964381434218
1.0,3.9889840465642745,1.0,0,36,1.439285714285714,5,6.176091259055681,0.64,1,rheumatoid arthritis,0.7677276178413213
0.0,4.110873864173311,0.5,0,24,1.439285714285714,1,6.176091259055681,0.64,1,rheumatoid arthritis,0.5895559651054568
3.0,4.941642422609304,1.0,0,60,1.439285714285714,5,6.176091259055681,0.58,1,rheumatoid arthritis,0.7640174934819967
3.0,5.3471075307174685,1.0,0,60,1.439285714285714,5,6.176091259055681,0.58,1,rheumatoid arthritis,0.7700994701036191
2.0,5.484796933490655,1.0,0,48,1.439285714285714,5,6.176091259055681,0.36,1,rheumatoid arthritis,0.706164811145217
2.0,4.07753744390572,0.5,0,48,1.439285714285714,1,6.176091259055681,0.36,1,rheumatoid arthritis,0.505055918801443
1.0,2.0794415416798357,0.8,0,36,1.439285714285714,3,6.176091259055681,0.64,1,rheumatoid arthritis,0.6590844802680547
1.0,2.9444389791664403,1.0,0,36,1.439285714285714,5,6.176091259055681,0.64,1,rheumatoid arthritis,0.7520594418303537
2.0,3.4965075614664802,0.5,0,48,1.439285714285714,1,6.176091259055681,0.36,1,rheumatoid arthritis,0.49634047056485436
3.0,5.981414211254481,0.5,0,60,1.439285714285714,1,6.176091259055681,0.58,1,rheumatoid arthritis,0.5996140703116744
2.0,6.202535517187923,1.0,0,48,1.439285714285714,5,6.176091259055681,0.36,1,rheumatoid arthritis,0.716930889900676
3.0,3.367295829986474,0.5,0,60,1.439285714285714,1,6.176091259055681,0.58,0,rheumatoid arthritis,0.5604022945926542
0.0,2.8903717578961645,0.5,0,24,1.439285714285714,1,6.176091259055681,0.64,1,rheumatoid arthritis,0.5712484335112996
0.0,2.3978952727983707,0.5,0,24,1.439285714285714,1,6.176091259055681,0.64,1,rheumatoid arthritis,0.5638612862348327
0.0,11.695255355062795,0.5,0,24,1.439285714285714,1,6.176091259055681,0.64,0,rheumatoid arthritis,0.7033216874687991
2.0,0.0,0.5,0,48,1.439285714285714,1,6.176091259055681,0.36,0,rheumatoid arthritis,0.44389285714285714
1.0,2.8903717578961645,1.0,0,36,1.439285714285714,5,6.176091259055681,0.64,1,rheumatoid arthritis,0.7512484335112996
1.0,3.6888794541139363,1.0,0,36,1.439285714285714,5,6.176091259055681,0.64,1,rheumatoid arthritis,0.7632260489545661
4.0,3.5553480614894135,0.5,0,36,1.439285714285714,1,6.176091259055681,0.8,1,rheumatoid arthritis,0.6292230780651983
0.0,4.204692619390966,0.5,0,24,1.439285714285714,1,6.176091259055681,0.64,1,rheumatoid arthritis,0.5909632464337217
1.0,4.795790545596741,1.0,0,36,1.439285714285714,5,6.176091259055681,0.64,1,rheumatoid arthritis,0.7798297153268082
0.0,7.282761179605593,1.0,0,24,1.439285714285714,5,6.176091259055681,0.64,1,rheumatoid arthritis,0.817134274836941
1.0,4.04305126783455,0.5,0,36,1.439285714285714,1,6.176091259055681,0.64,1,rheumatoid arthritis,0.5885386261603754
2.0,2.4849066497880004,0.5,0,48,1.439285714285714,1,6.176091259055681,0.36,0,rheumatoid arthritis,0.48116645688967713
3.0,6.300785794663244,1.0,0,60,1.439285714285714,5,6.176091259055681,0.58,1,rheumatoid arthritis,0.7844046440628057
3.0,5.497168225293202,1.0,0,60,1.439285714285714,5,6.176091259055681,0.58,1,rheumatoid arthritis,0.7723503805222551
0.0,3.6375861597263857,1.0,0,24,1.439285714285714,5,6.176091259055681,0.64,1,rheumatoid arthritis,0.7624566495387529
2.0,3.4339872044851463,0.5,0,48,1.439285714285714,1,6.176091259055681,0.36,1,rheumatoid arthritis,0.4954026652101343
2.0,5.966146739123692,1.0,0,48,1.439285714285714,5,6.176091259055681,0.36,1,rheumatoid arthritis,0.7133850582297125
0.0,11.51293546492023,1.0,0,24,1.439285714285714,5,6.176091259055681,0.64,1,rheumatoid arthritis,0.8805868891166605
0.0,5.043425116919247,1.0,0,24,1.439285714285714,5,6.176091259055681,0.64,0,rheumatoid arthritis,0.7835442338966458
0.0,0.0,0.5,0,24,1.439285714285714,1,6.176091259055681,0.64,0,rheumatoid arthritis,0.5278928571428572
0.0,3.58351893845611,0.5,0,24,1.439285714285714,1,6.176091259055681,0.64,1,rheumatoid arthritis,0.5816456412196989
1.0,4.663439094112067,1.0,0,36,1.439285714285714,5,6.176091259055681,0.64,1,rheumatoid arthritis,0.7778444435545381
1.0,3.6375861597263857,1.0,0,36,1.439285714285714,5,6.176091259055681,0.64,1,rheumatoid arthritis,0.7624566495387529
0.0,5.993961427306569,1.0,0,24,1.439285714285714,5,6.176091259055681,0.64,1,rheumatoid arthritis,0.7978022785524557
0.0,2.70805020110221,0.5,0,24,1.439285714285714,1,6.176091259055681,0.64,1,rheumatoid arthritis,0.5685136101593903
2.0,0.0,1.0,0,48,1.439285714285714,5,6.176091259055681,0.36,0,rheumatoid arthritis,0.6238928571428571
0.0,4.31748811353631,0.5,0,24,1.439285714285714,1,6.176091259055681,0.64,1,rheumatoid arthritis,0.5926551788459018
0.0,4.31748811353631,0.5,0,24,1.439285714285714,1,6.176091259055681,0.64,1,rheumatoid arthritis,0.5926551788459018
4.0,7.050122520269059,1.0,0,36,1.439285714285714,5,6.176091259055681,0.8,1,rheumatoid arthritis,0.861644694946893
0.0,2.4849066497880004,0.5,0,24,1.439285714285714,1,6.176091259055681,0.64,1,rheumatoid arthritis,0.5651664568896771
2.0,5.707110264748875,1.0,0,48,1.439285714285714,5,6.176091259055681,0.36,1,rheumatoid arthritis,0.7094995111140903
0.0,3.4339872044851463,0.5,0,24,1.439285714285714,1,6.176091259055681,0.64,1,rheumatoid arthritis,0.5794026652101344
4.0,6.180016653652572,0.5,0,36,1.439285714285714,1,6.176091259055681,0.8,1,rheumatoid arthritis,0.6685931069476456
0.0,5.062595033026967,1.0,0,24,1.439285714285714,5,6.176091259055681,0.64,1,rheumatoid arthritis,0.7838317826382616
2.0,1.3862943611198906,1.0,0,48,1.439285714285714,5,6.176091259055681,0.36,0,rheumatoid arthritis,0.6446872725596555
0.0,5.0238805208462765,1.0,0,24,1.439285714285714,5,6.176091259055681,0.64,0,rheumatoid arthritis,0.7832510649555513
0.0,2.9444389791664403,0.5,0,24,1.439285714285714,1,6.176091259055681,0.64,1,rheumatoid arthritis,0.5720594418303537
0.0,3.5553480614894135,0.5,0,24,1.439285714285714,1,6.176091259055681,0.64,0,rheumatoid arthritis,0.5812230780651984
3.0,5.209486152841421,1.0,0,60,1.439285714285714,5,6.176091259055681,0.58,1,rheumatoid arthritis,0.7680351494354785
0.0,3.8918202981106265,0.5,0,24,1.439285714285714,1,6.176091259055681,0.64,1,rheumatoid arthritis,0.5862701616145165
0.0,4.110873864173311,0.5,0,24,1.439285714285714,1,6.176091259055681,0.64,1,rheumatoid arthritis,0.5895559651054568
3.0,4.890349128221754,1.0,0,60,1.439285714285714,5,6.176091259055681,0.58,1,rheumatoid arthritis,0.7632480940661834
1.0,3.4011973816621555,1.0,0,36,1.439285714285714,5,6.176091259055681,0.64,1,rheumatoid arthritis,0.7589108178677895
0.0,3.970291913552122,1.0,0,24,1.439285714285714,5,6.176091259055681,0.64,0,rheumatoid arthritis,0.7674472358461389
3.0,6.478509642208569,1.0,0,60,1.439285714285714,5,6.176091259055681,0.58,1,rheumatoid arthritis,0.7870705017759856
0.0,4.795790545596741,1.0,0,24,1.439285714285714,5,6.176091259055681,0.64,1,rheumatoid arthritis,0.7798297153268082
0.0,5.081404364984463,0.5,0,24,1.439285714285714,1,6.176091259055681,0.64,1,rheumatoid arthritis,0.6041139226176241
3.0,5.017279836814924,1.0,0,60,1.439285714285714,5,6.176091259055681,0.58,1,rheumatoid arthritis,0.765152054695081
4.0,4.31748811353631,0.5,0,36,1.439285714285714,1,6.176091259055681,0.8,1,rheumatoid arthritis,0.6406551788459017
0.0,6.70196036600254,0.5,0,24,1.439285714285714,1,6.176091259055681,0.64,1,rheumatoid arthritis,0.6284222626328952
1.0,4.2626798770413155,1.0,0,36,1.439285714285714,5,6.176091259055681,0.64,1,rheumatoid arthritis,0.7718330552984768
0.0,3.044522437723423,0.5,0,24,1.439285714285714,1,6.176091259055681,0.64,1,rheumatoid arthritis,0.5735606937087085
0.0,4.394449154672439,0.6,0,24,1.439285714285714,1,6.176091259055681,0.64,1,rheumatoid arthritis,0.6138095944629438
0.0,5.476463551931511,0.5,0,24,1.439285714285714,1,6.176091259055681,0.64,1,rheumatoid arthritis,0.6100398104218299
3.0,6.253828811575473,1.0,0,60,1.439285714285714,5,6.176091259055681,0.58,1,rheumatoid arthritis,0.7837002893164892
2.0,6.606650186198215,1.0,0,48,1.439285714285714,5,6.176091259055681,0.36,1,rheumatoid arthritis,0.7229926099358304
3.0,6.473890696352274,1.0,0,60,1.439285714285714,5,6.176091259055681,0.58,1,rheumatoid arthritis,0.7870012175881412
0.0,4.634728988229636,1.0,0,24,1.439285714285714,5,6.176091259055681,0.64,1,rheumatoid arthritis,0.7774137919663017
0.0,5.771441123130016,0.5,0,24,1.439285714285714,1,6.176091259055681,0.64,1,rheumatoid arthritis,0.6144644739898074
3.0,6.591673732008658,1.0,0,60,1.439285714285714,5,6.176091259055681,0.58,1,rheumatoid arthritis,0.7887679631229869
3.0,6.234410725718371,1.0,0,60,1.439285714285714,5,6.176091259055681,0.58,1,rheumatoid arthritis,0.7834090180286326
4.0,8.38320455141292,1.0,0,36,1.439285714285714,5,6.176091259055681,0.8,1,rheumatoid arthritis,0.8816409254140509
0.0,4.454347296253507,0.5,0,24,1.439285714285714,1,6.176091259055681,0.64,1,rheumatoid arthritis,0.5947080665866598
2.0,2.772588722239781,0.5,0,48,1.439285714285714,1,6.176091259055681,0.36,0,rheumatoid arthritis,0.48548168797645386
0.0,3.2188758248682006,1.0,0,24,1.439285714285714,5,6.176091259055681,0.64,0,rheumatoid arthritis,0.7561759945158801
0.0,3.784189633918261,0.5,0,24,1.439285714285714,1,6.176091259055681,0.64,1,rheumatoid arthritis,0.584655701651631
0.0,2.0794415416798357,0.5,0,24,1.439285714285714,1,6.176091259055681,0.64,1,rheumatoid arthritis,0.5590844802680547
0.0,2.833213344056216,0.5,0,24,1.439285714285714,1,6.176091259055681,0.64,1,rheumatoid arthritis,0.5703910573037004
3.0,4.59511985013459,0.5,0,60,1.439285714285714,1,6.176091259055681,0.58,1,rheumatoid arthritis,0.578819654894876
0.0,5.484796933490655,0.5,0,24,1.439285714285714,1,6.176091259055681,0.64,1,rheumatoid arthritis,0.6101648111452169
1.0,2.995732273553991,1.0,0,36,1.439285714285714,5,6.176091259055681,0.64,1,rheumatoid arthritis,0.752828841246167
3.0,6.327936783729195,1.0,0,60,1.439285714285714,5,6.176091259055681,0.58,1,rheumatoid arthritis,0.784811908898795
1.0,3.7376696182833684,1.0,0,36,1.439285714285714,5,6.176091259055681,0.64,1,rheumatoid arthritis,0.7639579014171076
0.0,2.1972245773362196,0.5,0,24,1.439285714285714,1,6.176091259055681,0.64,1,rheumatoid arthritis,0.5608512258029005
2.0,4.6913478822291435,1.0,0,48,1.439285714285714,5,6.176091259055681,0.36,1,rheumatoid arthritis,0.6942630753762943
3.0,3.4657359027997265,1.0,0,60,1.439285714285714,5,6.176091259055681,0.58,1,rheumatoid arthritis,0.741878895684853
4.0,5.087596335232384,0.5,0,36,1.439285714285714,1,6.176091259055681,0.8,1,rheumatoid arthritis,0.6522068021713429
3.0,6.066108090103747,1.0,0,60,1.439285714285714,5,6.176091259055681,0.58,1,rheumatoid arthritis,0.7808844784944133
0.0,4.795790545596741,0.5,0,24,1.439285714285714,1,6.176091259055681,0.64,1,rheumatoid arthritis,0.5998297153268083
3.0,4.2626798770413155,0.5,0,60,1.439285714285714,1,6.176091259055681,0.58,1,rheumatoid arthritis,0.5738330552984768
0.0,5.863631175598097,1.0,0,24,1.439285714285714,5,6.176091259055681,0.64,1,rheumatoid arthritis,0.7958473247768285
0.0,4.61512051684126,0.5,0,24,1.439285714285714,1,6.176091259055681,0.64,1,rheumatoid arthritis,0.5971196648954761
0.0,1.0986122886681098,0.5,0,24,1.439285714285714,1,6.176091259055681,0.64,1,rheumatoid arthritis,0.5443720414728788
1.0,3.2188758248682006,1.0,0,36,1.439285714285714,5,6.176091259055681,0.64,1,rheumatoid arthritis,0.7561759945158801
2.0,4.110873864173311,1.0,0,48,1.439285714285714,5,6.176091259055681,0.36,0,rheumatoid arthritis,0.6855559651054568
4.0,2.995732273553991,1.0,0,36,1.439285714285714,5,6.176091259055681,0.8,0,rheumatoid arthritis,0.800828841246167
3.0,5.017279836814924,1.0,0,60,1.439285714285714,5,6.176091259055681,0.58,0,rheumatoid arthritis,0.765152054695081
3.0,4.68213122712422,1.0,0,60,1.439285714285714,5,6.176091259055681,0.58,1,rheumatoid arthritis,0.7601248255497204
3.0,4.5217885770490405,1.0,0,60,1.439285714285714,5,6.176091259055681,0.58,1,rheumatoid arthritis,0.7577196857985927
4.0,2.3978952727983707,0.5,0,36,1.439285714285714,1,6.176091259055681,0.8,1,rheumatoid arthritis,0.6118612862348327
0.0,4.31748811353631,0.6,0,24,1.439285714285714,1,6.176091259055681,0.64,1,rheumatoid arthritis,0.6126551788459018
3.0,6.393590753950631,1.0,0,60,1.439285714285714,5,6.176091259055681,0.58,1,rheumatoid arthritis,0.7857967184521165
1.0,4.290459441148391,1.0,0,36,1.439285714285714,5,6.176091259055681,0.64,1,rheumatoid arthritis,0.772249748760083
0.0,5.017279836814924,0.5,0,24,1.439285714285714,1,6.176091259055681,0.64,1,rheumatoid arthritis,0.603152054695081
0.0,5.662960480135946,0.5,0,24,1.439285714285714,1,6.176091259055681,0.64,0,rheumatoid arthritis,0.6128372643448964
0.0,2.5649493574615367,0.5,0,24,1.439285714285714,1,6.176091259055681,0.64,1,rheumatoid arthritis,0.5663670975047802
0.0,4.276666119016055,0.7,0,24,1.439285714285714,2,6.176091259055681,0.64,1,rheumatoid arthritis,0.6520428489280979
0.0,7.88758403166028,0.5,0,24,1.439285714285714,1,6.176091259055681,0.64,1,rheumatoid arthritis,0.6462066176177613
0.0,4.867534450455582,0.5,0,24,1.439285714285714,1,6.176091259055681,0.64,1,rheumatoid arthritis,0.6009058738996909
3.0,5.91350300563827,1.0,0,60,1.439285714285714,5,6.176091259055681,0.58,1,rheumatoid arthritis,0.7785954022274312
4.0,5.017279836814924,0.5,0,36,1.439285714285714,1,6.176091259055681,0.8,1,rheumatoid arthritis,0.651152054695081
0.0,5.170483995038151,1.0,0,24,1.439285714285714,5,6.176091259055681,0.64,1,rheumatoid arthritis,0.7854501170684294
3.0,5.886104031450156,1.0,0,60,1.439285714285714,5,6.176091259055681,0.58,1,rheumatoid arthritis,0.7781844176146094
4.0,5.0106352940962555,1.0,0,36,1.439285714285714,5,6.176091259055681,0.8,1,rheumatoid arthritis,0.8310523865543009
0.0,3.9512437185814275,0.5,0,24,1.439285714285714,1,6.176091259055681,0.64,1,rheumatoid arthritis,0.5871615129215786
3.0,5.932245187448011,1.0,0,60,1.439285714285714,5,6.176091259055681,0.58,1,rheumatoid arthritis,0.7788765349545772
2.0,5.529429087511423,1.0,0,48,1.439285714285714,5,6.176091259055681,0.36,1,rheumatoid arthritis,0.7068342934555285
0.0,4.727387818712341,0.5,0,24,1.439285714285714,1,6.176091259055681,0.64,0,rheumatoid arthritis,0.5988036744235423
2.0,6.008813185442595,1.0,0,48,1.439285714285714,5,6.176091259055681,0.36,1,rheumatoid arthritis,0.7140250549244961
0.0,5.017279836814924,1.0,0,24,1.439285714285714,5,6.176091259055681,0.64,1,rheumatoid arthritis,0.783152054695081
0.0,4.61512051684126,1.0,0,24,1.439285714285714,5,6.176091259055681,0.64,1,rheumatoid arthritis,0.777119664895476
4.0,5.627621113690637,0.5,0,36,1.439285714285714,1,6.176091259055681,0.8,1,rheumatoid arthritis,0.6603071738482167
0.0,5.869296913133774,1.0,0,24,1.439285714285714,5,6.176091259055681,0.64,1,rheumatoid arthritis,0.7959323108398637
2.0,3.871201010907891,0.5,0,48,1.439285714285714,1,6.176091259055681,0.36,1,rheumatoid arthritis,0.5019608723064755
0.0,4.61512051684126,0.5,0,24,1.439285714285714,1,6.176091259055681,0.64,1,rheumatoid arthritis,0.5971196648954761
1.0,1.0986122886681098,0.5,0,36,1.439285714285714,1,6.176091259055681,0.64,0,rheumatoid arthritis,0.5443720414728788
1.0,4.663439094112067,1.0,0,36,1.439285714285714,5,6.176091259055681,0.64,1,rheumatoid arthritis,0.7778444435545381
0.0,4.795790545596741,0.5,0,24,1.439285714285714,1,6.176091259055681,0.64,1,rheumatoid arthritis,0.5998297153268083
0.0,5.081404364984463,1.0,0,24,1.439285714285714,5,6.176091259055681,0.64,1,rheumatoid arthritis,0.784113922617624
3.0,5.075173815233827,1.0,0,60,1.439285714285714,5,6.176091259055681,0.58,1,rheumatoid arthritis,0.7660204643713645
4.0,5.231108616854587,0.6,0,36,1.439285714285714,1,6.176091259055681,0.8,1,rheumatoid arthritis,0.6743594863956759
0.0,5.676753802268282,1.0,0,24,1.439285714285714,5,6.176091259055681,0.64,1,rheumatoid arthritis,0.7930441641768813
3.0,2.995732273553991,1.0,0,60,1.439285714285714,5,6.176091259055681,0.58,1,rheumatoid arthritis,0.734828841246167
0.0,4.110873864173311,1.0,0,24,1.439285714285714,5,6.176091259055681,0.64,1,rheumatoid arthritis,0.7695559651054568
0.0,5.605802066295998,0.5,0,24,1.439285714285714,1,6.176091259055681,0.64,1,rheumatoid arthritis,0.6119798881372971
0.0,0.0,0.5,0,24,1.439285714285714,1,6.176091259055681,0.64,0,rheumatoid arthritis,0.5278928571428572
0.0,8.665785595466064,1.0,0,24,1.439285714285714,5,6.176091259055681,0.64,1,rheumatoid arthritis,0.837879641074848
0.0,4.189654742026425,0.5,0,24,1.439285714285714,1,6.176091259055681,0.64,1,rheumatoid arthritis,0.5907376782732535
4.0,0.0,0.5,0,36,1.439285714285714,1,6.176091259055681,0.8,0,rheumatoid arthritis,0.5758928571428571
2.0,5.0689042022202315,1.0,0,48,1.439285714285714,5,6.176091259055681,0.36,1,rheumatoid arthritis,0.6999264201761606
3.0,4.430816798843313,0.5,0,60,1.439285714285714,1,6.176091259055681,0.58,1,rheumatoid arthritis,0.5763551091255068
1.0,2.1972245773362196,1.0,0,36,1.439285714285714,5,6.176091259055681,0.64,1,rheumatoid arthritis,0.7408512258029004
0.0,3.828641396489095,0.5,0,24,1.439285714285714,1,6.176091259055681,0.64,1,rheumatoid arthritis,0.5853224780901936
3.0,5.241747015059643,1.0,0,60,1.439285714285714,5,6.176091259055681,0.58,1,rheumatoid arthritis,0.7685190623687517
1.0,3.4339872044851463,1.0,0,36,1.439285714285714,5,6.176091259055681,0.64,1,rheumatoid arthritis,0.7594026652101343
0.0,5.187385805840755,0.5,0,24,1.439285714285714,1,6.176091259055681,0.64,1,rheumatoid arthritis,0.6057036442304685
3.0,6.470799503782602,1.0,0,60,1.439285714285714,5,6.176091259055681,0.58,1,rheumatoid arthritis,0.7869548496995961
2.0,2.0794415416798357,1.0,0,48,1.439285714285714,5,6.176091259055681,0.36,0,rheumatoid arthritis,0.6550844802680547
0.0,4.61512051684126,0.5,0,24,1.439285714285714,1,6.176091259055681,0.64,1,rheumatoid arthritis,0.5971196648954761
0.0,3.091042453358316,0.5,0,24,1.439285714285714,1,6.176091259055681,0.64,1,rheumatoid arthritis,0.5742584939432319
0.0,3.4339872044851463,1.0,0,24,1.439285714285714,5,6.176091259055681,0.64,0,rheumatoid arthritis,0.7594026652101343
0.0,7.336285660021297,1.0,0,24,1.439285714285714,5,6.176091259055681,0.64,1,rheumatoid arthritis,0.8179371420431766
0.0,6.2878585601617845,0.5,0,24,1.439285714285714,1,6.176091259055681,0.64,1,rheumatoid arthritis,0.6222107355452839
1.0,3.8918202981106265,1.0,0,36,1.439285714285714,5,6.176091259055681,0.64,1,rheumatoid arthritis,0.7662701616145164
0.0,2.4849066497880004,0.5,0,24,1.439285714285714,1,6.176091259055681,0.64,1,rheumatoid arthritis,0.5651664568896771
1.0,2.833213344056216,0.5,0,36,1.439285714285714,1,6.176091259055681,0.64,1,rheumatoid arthritis,0.5703910573037004
3.0,6.902742737158593,1.0,0,60,1.439285714285714,5,6.176091259055681,0.58,1,rheumatoid arthritis,0.793433998200236
0.0,5.1298987149230735,1.0,0,24,1.439285714285714,5,6.176091259055681,0.64,1,rheumatoid arthritis,0.7848413378667032
3.0,4.820281565605037,0.5,0,60,1.439285714285714,1,6.176091259055681,0.58,1,rheumatoid arthritis,0.5821970806269327
0.0,5.993961427306569,0.5,0,24,1.439285714285714,1,6.176091259055681,0.64,1,rheumatoid arthritis,0.6178022785524557
4.0,4.394449154672439,1.0,0,36,1.439285714285714,5,6.176091259055681,0.8,1,rheumatoid arthritis,0.8218095944629438
3.0,6.470799503782602,1.0,0,60,1.439285714285714,5,6.176091259055681,0.58,1,rheumatoid arthritis,0.7869548496995961
2.0,5.407171771460119,1.0,0,48,1.439285714285714,5,6.176091259055681,0.36,1,rheumatoid arthritis,0.705000433714759
2.0,5.846438775057725,1.0,0,48,1.439285714285714,5,6.176091259055681,0.36,1,rheumatoid arthritis,0.711589438768723
0.0,4.248495242049359,1.0,0,24,1.439285714285714,5,6.176091259055681,0.64,1,rheumatoid arthritis,0.7716202857735975
0.0,4.204692619390966,0.5,0,24,1.439285714285714,1,6.176091259055681,0.64,1,rheumatoid arthritis,0.5909632464337217
2.0,5.484796933490655,1.0,0,48,1.439285714285714,5,6.176091259055681,0.36,1,rheumatoid arthritis,0.706164811145217
0.0,5.081404364984463,1.0,0,24,1.439285714285714,5,6.176091259055681,0.64,1,rheumatoid arthritis,0.784113922617624
0.0,4.941642422609304,0.8,0,24,1.439285714285714,3,6.176091259055681,0.64,1,rheumatoid arthritis,0.7020174934819967
3.0,5.631211781821365,1.0,0,60,1.439285714285714,5,6.176091259055681,0.58,1,rheumatoid arthritis,0.7743610338701776
4.0,3.091042453358316,0.5,0,36,1.439285714285714,1,6.176091259055681,0.8,0,rheumatoid arthritis,0.6222584939432318
2.0,3.1780538303479458,1.0,0,48,1.439285714285714,5,6.176091259055681,0.36,1,rheumatoid arthritis,0.6715636645980764
1.0,2.6390573296152584,1.0,0,36,1.439285714285714,5,6.176091259055681,0.64,1,rheumatoid arthritis,0.747478717087086
0.0,5.572154032177765,0.5,0,24,1.439285714285714,1,6.176091259055681,0.64,1,rheumatoid arthritis,0.6114751676255237
3.0,5.918893854273146,1.0,0,60,1.439285714285714,5,6.176091259055681,0.58,1,rheumatoid arthritis,0.7786762649569543
2.0,3.4657359027997265,1.0,0,48,1.439285714285714,5,6.176091259055681,0.36,1,rheumatoid arthritis,0.675878895684853
0.0,9.122601457668177,1.0,0,24,1.439285714285714,5,6.176091259055681,0.64,1,rheumatoid arthritis,0.8447318790078797
0.0,4.51085950651685,0.5,0,24,1.439285714285714,1,6.176091259055681,0.64,1,rheumatoid arthritis,0.5955557497406099
0.0,5.996452088619021,1.0,0,24,1.439285714285714,5,6.176091259055681,0.64,1,rheumatoid arthritis,0.7978396384721425
3.0,6.495265555937008,1.0,0,60,1.439285714285714,5,6.176091259055681,0.58,1,rheumatoid arthritis,0.7873218404819122
0.0,3.58351893845611,0.6,0,24,1.439285714285714,1,6.176091259055681,0.64,1,rheumatoid arthritis,0.6016456412196989
0.0,4.454347296253507,0.5,0,24,1.439285714285714,1,6.176091259055681,0.64,1,rheumatoid arthritis,0.5947080665866598
0.0,3.1780538303479458,0.5,0,24,1.439285714285714,1,6.176091259055681,0.64,1,rheumatoid arthritis,0.5755636645980764
1.0,3.6109179126442243,1.0,0,36,1.439285714285714,5,6.176091259055681,0.64,0,rheumatoid arthritis,0.7620566258325204
0.0,4.330733340286331,0.6,0,24,1.439285714285714,1,6.176091259055681,0.64,1,rheumatoid arthritis,0.6128538572471521
0.0,5.017279836814924,0.5,0,24,1.439285714285714,1,6.176091259055681,0.64,1,rheumatoid arthritis,0.603152054695081
0.0,4.394449154672439,0.5,0,24,1.439285714285714,1,6.176091259055681,0.64,1,rheumatoid arthritis,0.5938095944629438
2.0,4.248495242049359,0.5,0,48,1.439285714285714,1,6.176091259055681,0.36,1,rheumatoid arthritis,0.5076202857735975
0.0,6.899723107284872,1.0,0,24,1.439285714285714,5,6.176091259055681,0.64,1,rheumatoid arthritis,0.8113887037521301
4.0,2.3978952727983707,0.5,0,36,1.439285714285714,1,6.176091259055681,0.8,0,rheumatoid arthritis,0.6118612862348327
1.0,3.1780538303479458,0.5,0,36,1.439285714285714,1,6.176091259055681,0.64,1,rheumatoid arthritis,0.5755636645980764
4.0,3.4965075614664802,0.5,0,36,1.439285714285714,1,6.176091259055681,0.8,1,rheumatoid arthritis,0.6283404705648543
0.0,2.6390573296152584,0.5,0,24,1.439285714285714,1,6.176091259055681,0.64,1,rheumatoid arthritis,0.5674787170870861
0.0,5.420534999272286,0.5,0,24,1.439285714285714,1,6.176091259055681,0.64,1,rheumatoid arthritis,0.6092008821319415
1.0,3.4965075614664802,1.0,0,36,1.439285714285714,5,6.176091259055681,0.64,0,rheumatoid arthritis,0.7603404705648543
0.0,5.645446897643238,0.5,0,24,1.439285714285714,1,6.176091259055681,0.64,1,rheumatoid arthritis,0.6125745606075057
4.0,4.787491742782046,1.0,0,36,1.439285714285714,5,6.176091259055681,0.8,1,rheumatoid arthritis,0.8277052332845878
0.0,4.948759890378168,1.0,0,24,1.439285714285714,5,6.176091259055681,0.64,1,rheumatoid arthritis,0.7821242554985296
0.0,4.110873864173311,0.5,0,24,1.439285714285714,1,6.176091259055681,0.64,1,rheumatoid arthritis,0.5895559651054568
0.0,6.70196036600254,0.5,0,24,1.439285714285714,1,6.176091259055681,0.64,1,rheumatoid arthritis,0.6284222626328952
0.0,4.5217885770490405,1.0,0,24,1.439285714285714,5,6.176091259055681,0.64,1,rheumatoid arthritis,0.7757196857985927
0.0,3.1354942159291497,0.5,0,24,1.439285714285714,1,6.176091259055681,0.64,1,rheumatoid arthritis,0.5749252703817944
0.0,4.61512051684126,1.0,0,24,1.439285714285714,5,6.176091259055681,0.64,1,rheumatoid arthritis,0.777119664895476
1.0,0.0,1.0,0,36,1.439285714285714,5,6.176091259055681,0.64,0,rheumatoid arthritis,0.7078928571428571
0.0,4.330733340286331,1.0,0,24,1.439285714285714,5,6.176091259055681,0.64,0,rheumatoid arthritis,0.772853857247152
1.0,1.3862943611198906,0.5,0,36,1.439285714285714,1,6.176091259055681,0.64,0,rheumatoid arthritis,0.5486872725596555
2.0,3.912023005428146,1.0,0,48,1.439285714285714,5,6.176091259055681,0.36,1,rheumatoid arthritis,0.6825732022242793
1.0,2.3978952727983707,1.0,0,36,1.439285714285714,5,6.176091259055681,0.64,0,rheumatoid arthritis,0.7438612862348326
0.0,6.331501849893691,0.5,0,24,1.439285714285714,1,6.176091259055681,0.64,1,rheumatoid arthritis,0.6228653848912625
3.0,4.919980925828125,1.0,0,60,1.439285714285714,5,6.176091259055681,0.58,1,rheumatoid arthritis,0.763692571030279
0.0,5.69035945432406,0.5,0,24,1.439285714285714,1,6.176091259055681,0.64,1,rheumatoid arthritis,0.613248248957718
4.0,4.74493212836325,0.5,0,36,1.439285714285714,1,6.176091259055681,0.8,1,rheumatoid arthritis,0.6470668390683059
3.0,5.241747015059643,0.5,0,60,1.439285714285714,1,6.176091259055681,0.58,1,rheumatoid arthritis,0.5885190623687517
0.0,3.6375861597263857,1.0,0,24,1.439285714285714,5,6.176091259055681,0.64,0,rheumatoid arthritis,0.7624566495387529
0.0,7.25063551189868,1.0,0,24,1.439285714285714,5,6.176091259055681,0.64,1,rheumatoid arthritis,0.8166523898213373
0.5,1.6094379124341003,0.5,0,24,1.439285714285714,1,6.176091259055681,0.64,1,rheumatoid arthritis,0.5520344258293687
1.0,4.290459441148391,1.0,0,36,1.439285714285714,5,6.176091259055681,0.64,1,rheumatoid arthritis,0.772249748760083
2.0,5.075173815233827,1.0,0,48,1.439285714285714,5,6.176091259055681,0.36,1,rheumatoid arthritis,0.7000204643713646
1.0,4.174387269895637,1.0,0,36,1.439285714285714,5,6.176091259055681,0.64,1,rheumatoid arthritis,0.7705086661912917
1.0,3.367295829986474,0.5,0,36,1.439285714285714,1,6.176091259055681,0.64,0,rheumatoid arthritis,0.5784022945926542
0.0,3.5553480614894135,0.5,0,24,1.439285714285714,1,6.176091259055681,0.64,1,rheumatoid arthritis,0.5812230780651984
4.0,3.828641396489095,0.5,0,36,1.439285714285714,1,6.176091259055681,0.8,1,rheumatoid arthritis,0.6333224780901935
0.0,4.3694478524670215,1.0,0,24,1.439285714285714,5,6.176091259055681,0.64,0,rheumatoid arthritis,0.7734345749298625
1.0,3.4965075614664802,1.0,0,36,1.439285714285714,5,6.176091259055681,0.64,1,rheumatoid arthritis,0.7603404705648543
0.0,4.61512051684126,1.0,0,24,1.439285714285714,5,6.176091259055681,0.64,1,rheumatoid arthritis,0.777119664895476
3.0,3.044522437723423,0.5,0,60,1.439285714285714,1,6.176091259055681,0.58,1,rheumatoid arthritis,0.5555606937087085
1.0,2.1972245773362196,1.0,0,36,1.439285714285714,5,6.176091259055681,0.64,1,rheumatoid arthritis,0.7408512258029004
0.0,4.51085950651685,0.5,0,24,1.439285714285714,1,6.176091259055681,0.64,1,rheumatoid arthritis,0.5955557497406099
1.0,2.302585092994046,0.5,0,36,1.439285714285714,1,6.176091259055681,0.64,0,rheumatoid arthritis,0.5624316335377678
2.0,3.4339872044851463,0.5,0,48,1.439285714285714,1,6.176091259055681,0.36,1,rheumatoid arthritis,0.4954026652101343
0.0,5.998936561946683,0.5,0,24,1.439285714285714,1,6.176091259055681,0.64,1,rheumatoid arthritis,0.6178769055720574
0.0,4.442651256490317,1.0,0,24,1.439285714285714,5,6.176091259055681,0.64,1,rheumatoid arthritis,0.7745326259902119
2.0,4.430816798843313,1.0,0,48,1.439285714285714,5,6.176091259055681,0.36,1,rheumatoid arthritis,0.6903551091255068
0.0,4.990432586778736,0.5,0,24,1.439285714285714,1,6.176091259055681,0.64,1,rheumatoid arthritis,0.6027493459445382
2.0,4.983606621708336,1.0,0,48,1.439285714285714,5,6.176091259055681,0.36,1,rheumatoid arthritis,0.6986469564684822
1.0,4.174387269895637,1.0,0,36,1.439285714285714,5,6.176091259055681,0.64,1,rheumatoid arthritis,0.7705086661912917
2.0,4.2626798770413155,1.0,0,48,1.439285714285714,5,6.176091259055681,0.36,1,rheumatoid arthritis,0.6878330552984768
0.0,4.31748811353631,0.5,0,24,1.439285714285714,1,6.176091259055681,0.64,1,rheumatoid arthritis,0.5926551788459018
4.0,3.7612001156935624,0.5,0,36,1.439285714285714,1,6.176091259055681,0.8,1,rheumatoid arthritis,0.6323108588782606
3.0,5.869296913133774,1.0,0,60,1.439285714285714,5,6.176091259055681,0.58,1,rheumatoid arthritis,0.7779323108398637
0.0,4.394449154672439,0.5,0,24,1.439285714285714,1,6.176091259055681,0.64,1,rheumatoid arthritis,0.5938095944629438
0.0,4.356708826689592,0.5,0,24,1.439285714285714,1,6.176091259055681,0.64,1,rheumatoid arthritis,0.593243489543201
0.0,5.58724865840025,1.0,0,24,1.439285714285714,5,6.176091259055681,0.64,1,rheumatoid arthritis,0.7917015870188608
0.0,0.0,0.5,0,24,1.439285714285714,1,6.176091259055681,0.64,0,rheumatoid arthritis,0.5278928571428572
0.0,4.812184355372417,1.0,0,24,1.439285714285714,5,6.176091259055681,0.64,1,rheumatoid arthritis,0.7800756224734433
2.0,1.3862943611198906,1.0,0,48,1.439285714285714,5,6.176091259055681,0.36,0,rheumatoid arthritis,0.6446872725596555
2.0,3.970291913552122,1.0,0,48,1.439285714285714,5,6.176091259055681,0.36,1,rheumatoid arthritis,0.683447235846139
4.0,5.707110264748875,0.5,0,36,1.439285714285714,1,6.176091259055681,0.8,1,rheumatoid arthritis,0.6614995111140902
0.0,4.1588830833596715,0.6,0,24,1.439285714285714,1,6.176091259055681,0.64,1,rheumatoid arthritis,0.6102761033932522
0.0,5.41610040220442,0.5,0,24,1.439285714285714,1,6.176091259055681,0.64,1,rheumatoid arthritis,0.6091343631759235
3.0,5.950642552587727,1.0,0,60,1.439285714285714,5,6.176091259055681,0.58,1,rheumatoid arthritis,0.779152495431673
2.0,4.204692619390966,1.0,0,48,1.439285714285714,5,6.176091259055681,0.36,1,rheumatoid arthritis,0.6869632464337216
1.0,3.2188758248682006,0.8,0,36,1.439285714285714,3,6.176091259055681,0.64,1,rheumatoid arthritis,0.6761759945158802
2.0,4.290459441148391,1.0,0,48,1.439285714285714,5,6.176091259055681,0.36,1,rheumatoid arthritis,0.688249748760083
0.0,4.574710978503383,0.5,0,24,1.439285714285714,1,6.176091259055681,0.64,1,rheumatoid arthritis,0.5965135218204078
0.0,5.170483995038151,0.5,0,24,1.439285714285714,1,6.176091259055681,0.64,1,rheumatoid arthritis,0.6054501170684294
0.0,3.9318256327243257,0.5,0,24,1.439285714285714,1,6.176091259055681,0.64,1,rheumatoid arthritis,0.586870241633722
4.0,6.543911845564792,1.0,0,36,1.439285714285714,5,6.176091259055681,0.8,1,rheumatoid arthritis,0.854051534826329
0.0,2.5649493574615367,0.5,0,24,1.439285714285714,1,6.176091259055681,0.64,1,rheumatoid arthritis,0.5663670975047802
1.0,2.9444389791664403,1.0,0,36,1.439285714285714,5,6.176091259055681,0.64,1,rheumatoid arthritis,0.7520594418303537
0.0,5.318119993844216,1.0,0,24,1.439285714285714,5,6.176091259055681,0.64,1,rheumatoid arthritis,0.7876646570505204
0.0,5.5254529391317835,1.0,0,24,1.439285714285714,5,6.176091259055681,0.64,0,rheumatoid arthritis,0.7907746512298338
0.0,4.110873864173311,0.5,0,24,1.439285714285714,1,6.176091259055681,0.64,1,rheumatoid arthritis,0.5895559651054568
2.0,4.189654742026425,1.0,0,48,1.439285714285714,5,6.176091259055681,0.36,1,rheumatoid arthritis,0.6867376782732535
0.0,5.659482215759621,0.5,0,24,1.439285714285714,1,6.176091259055681,0.64,1,rheumatoid arthritis,0.6127850903792514
0.5,2.1972245773362196,0.5,0,24,1.439285714285714,1,6.176091259055681,0.64,1,rheumatoid arthritis,0.5608512258029005
0.0,2.6390573296152584,0.5,0,24,1.439285714285714,1,6.176091259055681,0.64,0,rheumatoid arthritis,0.5674787170870861
0.0,3.367295829986474,0.5,0,24,1.439285714285714,1,6.176091259055681,0.64,1,rheumatoid arthritis,0.5784022945926542
0.0,4.553876891600541,0.5,0,24,1.439285714285714,1,6.176091259055681,0.64,0,rheumatoid arthritis,0.5962010105168652
2.0,4.700480365792417,1.0,0,48,1.439285714285714,5,6.176091259055681,0.36,0,rheumatoid arthritis,0.6944000626297434
0.0,0.6931471805599453,1.0,0,24,1.439285714285714,5,6.176091259055681,0.64,0,rheumatoid arthritis,0.7182900648512562
4.0,2.833213344056216,0.5,0,36,1.439285714285714,1,6.176091259055681,0.8,0,rheumatoid arthritis,0.6183910573037004
2.0,6.2324480165505225,1.0,0,48,1.439285714285714,5,6.176091259055681,0.36,1,rheumatoid arthritis,0.717379577391115
0.0,3.7376696182833684,0.5,0,24,1.439285714285714,1,6.176091259055681,0.64,1,rheumatoid arthritis,0.5839579014171077
1.0,3.7612001156935624,1.0,0,36,1.439285714285714,5,6.176091259055681,0.64,1,rheumatoid arthritis,0.7643108588782606
1.0,5.272999558563747,1.0,0,36,1.439285714285714,5,6.176091259055681,0.64,1,rheumatoid arthritis,0.7869878505213133
0.0,5.176149732573829,0.5,0,24,1.439285714285714,1,6.176091259055681,0.64,0,rheumatoid arthritis,0.6055351031314646
2.0,5.6131281063880705,1.0,0,48,1.439285714285714,5,6.176091259055681,0.36,1,rheumatoid arthritis,0.7080897787386782
0.0,6.059123195581797,1.0,0,24,1.439285714285714,5,6.176091259055681,0.64,1,rheumatoid arthritis,0.798779705076584
2.0,5.225746673713202,1.0,0,48,1.439285714285714,5,6.176091259055681,0.36,1,rheumatoid arthritis,0.7022790572485551
1.0,3.2188758248682006,1.0,0,36,1.439285714285714,5,6.176091259055681,0.64,1,rheumatoid arthritis,0.7561759945158801
1.0,2.3978952727983707,0.5,0,36,1.439285714285714,1,6.176091259055681,0.64,1,rheumatoid arthritis,0.5638612862348327
4.0,5.356586274672012,0.5,0,36,1.439285714285714,1,6.176091259055681,0.8,1,rheumatoid arthritis,0.6562416512629373
3.0,5.003946305945459,1.0,0,60,1.439285714285714,5,6.176091259055681,0.58,1,rheumatoid arthritis,0.764952051732039
0.0,4.394449154672439,0.5,0,24,1.439285714285714,1,6.176091259055681,0.64,1,rheumatoid arthritis,0.5938095944629438
0.0,4.795790545596741,0.5,0,24,1.439285714285714,1,6.176091259055681,0.64,1,rheumatoid arthritis,0.5998297153268083
4.0,6.113682179832232,0.5,0,36,1.439285714285714,1,6.176091259055681,0.8,1,rheumatoid arthritis,0.6675980898403405
0.0,4.948759890378168,1.0,0,24,1.439285714285714,5,6.176091259055681,0.64,1,rheumatoid arthritis,0.7821242554985296
3.0,5.7430031878094825,1.0,0,60,1.439285714285714,5,6.176091259055681,0.58,1,rheumatoid arthritis,0.7760379049599994
3.0,6.214608098422191,1.0,0,60,1.439285714285714,5,6.176091259055681,0.58,1,rheumatoid arthritis,0.78311197861919
2.0,6.208590026096629,1.0,0,48,1.439285714285714,5,6.176091259055681,0.36,1,rheumatoid arthritis,0.7170217075343066
4.0,5.634789603169249,0.5,0,36,1.439285714285714,1,6.176091259055681,0.8,1,rheumatoid arthritis,0.6604147011903958
0.0,3.713572066704308,0.5,0,24,1.439285714285714,1,6.176091259055681,0.64,1,rheumatoid arthritis,0.5835964381434218
0.0,5.303304908059076,1.0,0,24,1.439285714285714,5,6.176091259055681,0.64,1,rheumatoid arthritis,0.7874424307637432
1.0,2.1972245773362196,1.0,0,36,1.439285714285714,5,6.176091259055681,0.64,0,rheumatoid arthritis,0.7408512258029004
0.0,7.647786045440933,0.5,0,24,1.439285714285714,1,6.176091259055681,0.64,0,rheumatoid arthritis,0.6426096478244712
0.0,5.652489180268651,0.5,0,24,1.439285714285714,1,6.176091259055681,0.64,1,rheumatoid arthritis,0.612680194846887
2.0,4.110873864173311,1.0,0,48,1.439285714285714,5,6.176091259055681,0.36,1,rheumatoid arthritis,0.6855559651054568
0.0,4.919980925828125,0.5,0,24,1.439285714285714,1,6.176091259055681,0.64,1,rheumatoid arthritis,0.6016925710302791
0.0,5.0369526024136295,1.0,0,24,1.439285714285714,5,6.176091259055681,0.64,1,rheumatoid arthritis,0.7834471461790615
2.0,5.598421958998375,1.0,0,48,1.439285714285714,5,6.176091259055681,0.36,1,rheumatoid arthritis,0.7078691865278328
4.0,4.5217885770490405,1.0,0,36,1.439285714285714,5,6.176091259055681,0.8,1,rheumatoid arthritis,0.8237196857985928
3.0,7.407924322559599,1.0,0,60,1.439285714285714,5,6.176091259055681,0.58,1,rheumatoid arthritis,0.801011721981251
4.0,5.993961427306569,0.5,0,36,1.439285714285714,1,6.176091259055681,0.8,1,rheumatoid arthritis,0.6658022785524557
3.0,4.718498871295094,1.0,0,60,1.439285714285714,5,6.176091259055681,0.58,1,rheumatoid arthritis,0.7606703402122835
0.0,5.707110264748875,0.5,0,24,1.439285714285714,1,6.176091259055681,0.64,1,rheumatoid arthritis,0.6134995111140903
2.0,5.659482215759621,1.0,0,48,1.439285714285714,5,6.176091259055681,0.36,0,rheumatoid arthritis,0.7087850903792514
2.0,5.288267030694535,1.0,0,48,1.439285714285714,5,6.176091259055681,0.36,1,rheumatoid arthritis,0.7032168626032752
0.0,2.4849066497880004,0.6,0,24,1.439285714285714,1,6.176091259055681,0.64,1,rheumatoid arthritis,0.5851664568896772
3.0,5.231108616854587,0.5,0,60,1.439285714285714,1,6.176091259055681,0.58,1,rheumatoid arthritis,0.5883594863956759
0.0,0.0,1.0,0,24,1.439285714285714,5,6.176091259055681,0.64,0,rheumatoid arthritis,0.7078928571428571
2.0,5.351858133476067,0.5,0,48,1.439285714285714,1,6.176091259055681,0.36,1,rheumatoid arthritis,0.5241707291449982
2.0,3.828641396489095,1.0,0,48,1.439285714285714,5,6.176091259055681,0.36,0,rheumatoid arthritis,0.6813224780901935
2.0,3.6888794541139363,1.0,0,48,1.439285714285714,5,6.176091259055681,0.36,1,rheumatoid arthritis,0.6792260489545662
2.0,6.42648845745769,0.5,0,48,1.439285714285714,1,6.176091259055681,0.36,1,rheumatoid arthritis,0.5402901840047225
3.0,6.47543271670409,1.0,0,60,1.439285714285714,5,6.176091259055681,0.58,1,rheumatoid arthritis,0.7870243478934185
0.0,2.833213344056216,0.5,0,24,1.439285714285714,1,6.176091259055681,0.64,1,rheumatoid arthritis,0.5703910573037004
4.0,4.110873864173311,0.5,0,36,1.439285714285714,1,6.176091259055681,0.8,1,rheumatoid arthritis,0.6375559651054568
1.0,3.367295829986474,1.0,0,36,1.439285714285714,5,6.176091259055681,0.64,1,rheumatoid arthritis,0.7584022945926542
0.0,2.833213344056216,0.5,0,24,1.439285714285714,1,6.176091259055681,0.64,1,rheumatoid arthritis,0.5703910573037004
0.0,5.717027701406222,1.0,0,24,1.439285714285714,5,6.176091259055681,0.64,1,rheumatoid arthritis,0.7936482726639504
0.0,5.303304908059076,0.5,0,24,1.439285714285714,1,6.176091259055681,0.64,1,rheumatoid arthritis,0.6074424307637433
0.0,4.110873864173311,0.5,0,24,1.439285714285714,1,6.176091259055681,0.64,1,rheumatoid arthritis,0.5895559651054568
0.0,4.927253685157205,0.5,0,24,1.439285714285714,1,6.176091259055681,0.64,1,rheumatoid arthritis,0.6018016624202153
0.0,4.499809670330265,0.5,0,24,1.439285714285714,1,6.176091259055681,0.64,1,rheumatoid arthritis,0.5953900021978111
0.0,4.61512051684126,0.5,0,24,1.439285714285714,1,6.176091259055681,0.64,1,rheumatoid arthritis,0.5971196648954761
0.0,7.154615356913663,1.0,0,24,1.439285714285714,5,6.176091259055681,0.64,1,rheumatoid arthritis,0.815212087496562
0.0,4.574710978503383,0.5,0,24,1.439285714285714,1,6.176091259055681,0.64,1,rheumatoid arthritis,0.5965135218204078
2.0,2.772588722239781,1.0,0,48,1.439285714285714,5,6.176091259055681,0.36,0,rheumatoid arthritis,0.6654816879764538
0.0,4.532599493153256,0.5,0,24,1.439285714285714,1,6.176091259055681,0.64,1,rheumatoid arthritis,0.595881849540156
0.0,7.266827347520591,1.0,0,24,1.439285714285714,5,6.176091259055681,0.64,1,rheumatoid arthritis,0.816895267355666
0.0,3.258096538021482,0.5,0,24,1.439285714285714,1,6.176091259055681,0.64,1,rheumatoid arthritis,0.5767643052131795
0.0,2.772588722239781,0.5,0,24,1.439285714285714,1,6.176091259055681,0.64,1,rheumatoid arthritis,0.5694816879764539
1.0,4.060443010546419,1.0,0,36,1.439285714285714,5,6.176091259055681,0.64,1,rheumatoid arthritis,0.7687995023010534
2.0,5.564520407322694,1.0,0,48,1.439285714285714,5,6.176091259055681,0.36,1,rheumatoid arthritis,0.7073606632526975
3.0,3.5263605246161616,1.0,0,60,1.439285714285714,5,6.176091259055681,0.58,1,rheumatoid arthritis,0.7427882650120995
1.0,2.302585092994046,1.0,0,36,1.439285714285714,5,6.176091259055681,0.64,1,rheumatoid arthritis,0.7424316335377678
0.0,6.948897222313312,1.0,0,24,1.439285714285714,5,6.176091259055681,0.64,1,rheumatoid arthritis,0.8121263154775568
2.0,4.976733742420574,0.8,0,48,1.439285714285714,3,6.176091259055681,0.36,0,rheumatoid arthritis,0.6185438632791658
0.0,10.79857507675918,1.0,0,24,1.439285714285714,5,6.176091259055681,0.64,1,rheumatoid arthritis,0.8698714832942448
0.0,2.3978952727983707,0.5,0,24,1.439285714285714,1,6.176091259055681,0.64,1,rheumatoid arthritis,0.5638612862348327
3.0,6.326149473155099,1.0,0,60,1.439285714285714,5,6.176091259055681,0.58,1,rheumatoid arthritis,0.7847850992401836
0.0,3.9318256327243257,0.5,0,24,1.439285714285714,1,6.176091259055681,0.64,1,rheumatoid arthritis,0.586870241633722
0.0,3.8918202981106265,0.5,0,24,1.439285714285714,1,6.176091259055681,0.64,1,rheumatoid arthritis,0.5862701616145165
3.0,6.066108090103747,1.0,0,60,1.439285714285714,5,6.176091259055681,0.58,1,rheumatoid arthritis,0.7808844784944133
1.0,2.772588722239781,0.5,0,36,1.439285714285714,1,6.176091259055681,0.64,1,rheumatoid arthritis,0.5694816879764539
0.0,2.4849066497880004,0.5,0,24,1.439285714285714,1,6.176091259055681,0.64,1,rheumatoid arthritis,0.5651664568896771
4.0,5.560681631015528,1.0,0,36,1.439285714285714,5,6.176091259055681,0.8,1,rheumatoid arthritis,0.8393030816080901
0.0,5.278114659230517,0.5,0,24,1.439285714285714,1,6.176091259055681,0.64,1,rheumatoid arthritis,0.6070645770313149
2.0,4.356708826689592,1.0,0,48,1.439285714285714,5,6.176091259055681,0.36,1,rheumatoid arthritis,0.689243489543201
0.0,3.4339872044851463,0.5,0,24,1.439285714285714,1,6.176091259055681,0.64,0,rheumatoid arthritis,0.5794026652101344
4.0,5.075173815233827,0.5,0,36,1.439285714285714,1,6.176091259055681,0.8,1,rheumatoid arthritis,0.6520204643713645
0.0,4.718498871295094,0.5,0,24,1.439285714285714,1,6.176091259055681,0.64,1,rheumatoid arthritis,0.5986703402122836
4.0,5.5093883366279774,1.0,0,36,1.439285714285714,5,6.176091259055681,0.8,1,rheumatoid arthritis,0.8385336821922768
1.0,6.0867747269123065,1.0,0,36,1.439285714285714,5,6.176091259055681,0.64,1,rheumatoid arthritis,0.7991944780465416
2.0,6.361302477572996,1.0,0,48,1.439285714285714,5,6.176091259055681,0.36,1,rheumatoid arthritis,0.7193123943064521
3.0,7.473069088032197,1.0,0,60,1.439285714285714,5,6.176091259055681,0.58,1,rheumatoid arthritis,0.80198889346334
2.0,0.0,1.0,0,48,1.439285714285714,5,6.176091259055681,0.36,0,rheumatoid arthritis,0.6238928571428571
0.0,4.948759890378168,0.5,0,24,1.439285714285714,1,6.176091259055681,0.64,1,rheumatoid arthritis,0.6021242554985297
1.0,2.3978952727983707,1.0,0,36,1.439285714285714,5,6.176091259055681,0.64,1,rheumatoid arthritis,0.7438612862348326
0.0,4.941642422609304,1.0,0,24,1.439285714285714,5,6.176091259055681,0.64,1,rheumatoid arthritis,0.7820174934819967
0.0,3.9318256327243257,0.5,0,24,1.439285714285714,1,6.176091259055681,0.64,1,rheumatoid arthritis,0.586870241633722
0.0,5.176149732573829,0.5,0,24,1.439285714285714,1,6.176091259055681,0.64,0,rheumatoid arthritis,0.6055351031314646
0.0,4.2626798770413155,1.0,0,24,1.439285714285714,5,6.176091259055681,0.64,1,rheumatoid arthritis,0.7718330552984768
0.0,5.303304908059076,1.0,0,24,1.439285714285714,5,6.176091259055681,0.64,1,rheumatoid arthritis,0.7874424307637432
0.0,3.8501476017100584,0.5,0,24,1.439285714285714,1,6.176091259055681,0.64,1,rheumatoid arthritis,0.5856450711685081
2.0,4.948759890378168,0.5,0,48,1.439285714285714,1,6.176091259055681,0.36,1,rheumatoid arthritis,0.5181242554985297
4.0,3.6375861597263857,0.5,0,36,1.439285714285714,1,6.176091259055681,0.8,1,rheumatoid arthritis,0.6304566495387529
4.0,5.752572638825633,1.0,0,36,1.439285714285714,5,6.176091259055681,0.8,1,rheumatoid arthritis,0.8421814467252416
3.0,7.133295954896068,1.0,0,60,1.439285714285714,5,6.176091259055681,0.58,1,rheumatoid arthritis,0.7968922964662981
1.0,3.258096538021482,1.0,0,36,1.439285714285714,5,6.176091259055681,0.64,1,rheumatoid arthritis,0.7567643052131794
0.0,3.6109179126442243,1.0,0,24,1.439285714285714,5,6.176091259055681,0.64,1,rheumatoid arthritis,0.7620566258325204
0.0,3.044522437723423,0.5,0,24,1.439285714285714,1,6.176091259055681,0.64,1,rheumatoid arthritis,0.5735606937087085
0.0,4.948759890378168,0.5,0,24,1.439285714285714,1,6.176091259055681,0.64,1,rheumatoid arthritis,0.6021242554985297
3.0,6.1092475827643655,1.0,0,60,1.439285714285714,5,6.176091259055681,0.58,1,rheumatoid arthritis,0.7815315708843226
3.0,5.1298987149230735,1.0,0,60,1.439285714285714,5,6.176091259055681,0.58,1,rheumatoid arthritis,0.7668413378667032
1.0,5.68697535633982,1.0,0,36,1.439285714285714,5,6.176091259055681,0.64,1,rheumatoid arthritis,0.7931974874879544
3.0,6.056784013228625,1.0,0,60,1.439285714285714,5,6.176091259055681,0.58,1,rheumatoid arthritis,0.7807446173412864
2.0,4.330733340286331,1.0,0,48,1.439285714285714,5,6.176091259055681,0.36,1,rheumatoid arthritis,0.6888538572471521
0.0,4.3694478524670215,1.0,0,24,1.439285714285714,5,6.176091259055681,0.64,1,rheumatoid arthritis,0.7734345749298625
3.0,6.910750787961936,1.0,0,60,1.439285714285714,5,6.176091259055681,0.58,1,rheumatoid arthritis,0.7935541189622861
0.0,3.58351893845611,0.5,0,24,1.439285714285714,1,6.176091259055681,0.64,1,rheumatoid arthritis,0.5816456412196989
4.0,2.302585092994046,0.5,0,36,1.439285714285714,1,6.176091259055681,0.8,1,rheumatoid arthritis,0.6104316335377677
0.0,5.14166355650266,0.5,0,24,1.439285714285714,1,6.176091259055681,0.64,1,rheumatoid arthritis,0.605017810490397
0.0,5.25227342804663,0.5,0,24,1.439285714285714,1,6.176091259055681,0.64,1,rheumatoid arthritis,0.6066769585635566
0.0,5.631211781821365,0.5,0,24,1.439285714285714,1,6.176091259055681,0.64,1,rheumatoid arthritis,0.6123610338701777
1.0,3.6109179126442243,1.0,0,36,1.439285714285714,5,6.176091259055681,0.64,1,rheumatoid arthritis,0.7620566258325204
3.0,6.0112671744041615,1.0,0,60,1.439285714285714,5,6.176091259055681,0.58,1,rheumatoid arthritis,0.7800618647589195
0.0,7.43543801981455,1.0,0,24,1.439285714285714,5,6.176091259055681,0.64,1,rheumatoid arthritis,0.8194244274400754
0.0,4.61512051684126,0.5,0,24,1.439285714285714,1,6.176091259055681,0.64,1,rheumatoid arthritis,0.5971196648954761
0.0,6.156978985585555,1.0,0,24,1.439285714285714,5,6.176091259055681,0.64,1,rheumatoid arthritis,0.8002475419266404
0.0,4.02535169073515,1.0,0,24,1.439285714285714,5,6.176091259055681,0.64,1,rheumatoid arthritis,0.7682731325038843
2.0,4.465908118654584,1.0,0,48,1.439285714285714,5,6.176091259055681,0.36,1,rheumatoid arthritis,0.6908814789226759
3.0,6.061456918928017,1.0,0,60,1.439285714285714,5,6.176091259055681,0.58,1,rheumatoid arthritis,0.7808147109267773
0.0,5.560681631015528,0.5,0,24,1.439285714285714,1,6.176091259055681,0.64,1,rheumatoid arthritis,0.6113030816080901
0.0,5.993961427306569,0.5,0,24,1.439285714285714,1,6.176091259055681,0.64,1,rheumatoid arthritis,0.6178022785524557
1.0,3.4339872044851463,1.0,0,36,1.439285714285714,5,6.176091259055681,0.64,1,rheumatoid arthritis,0.7594026652101343
0.0,4.02535169073515,0.5,0,24,1.439285714285714,1,6.176091259055681,0.64,1,rheumatoid arthritis,0.5882731325038844
0.0,3.4011973816621555,0.5,0,24,1.439285714285714,1,6.176091259055681,0.64,1,rheumatoid arthritis,0.5789108178677895
0.0,3.7612001156935624,0.5,0,24,1.439285714285714,1,6.176091259055681,0.64,1,rheumatoid arthritis,0.5843108588782606
3.0,4.919980925828125,0.6,0,60,1.439285714285714,1,6.176091259055681,0.58,0,rheumatoid arthritis,0.6036925710302791
0.0,5.402677381872279,1.0,0,24,1.439285714285714,5,6.176091259055681,0.64,1,rheumatoid arthritis,0.7889330178709413
2.0,5.968707559985366,1.0,0,48,1.439285714285714,5,6.176091259055681,0.36,1,rheumatoid arthritis,0.7134234705426377
0.0,0.0,1.0,0,24,1.439285714285714,5,6.176091259055681,0.64,0,rheumatoid arthritis,0.7078928571428571
0.0,6.35088571671474,0.5,0,24,1.439285714285714,1,6.176091259055681,0.64,1,rheumatoid arthritis,0.6231561428935782
1.0,5.3230099791384085,1.0,0,36,1.439285714285714,5,6.176091259055681,0.64,1,rheumatoid arthritis,0.7877380068299332
2.0,3.9318256327243257,1.0,0,48,1.439285714285714,5,6.176091259055681,0.36,1,rheumatoid arthritis,0.682870241633722
1.0,3.828641396489095,1.0,0,36,1.439285714285714,5,6.176091259055681,0.64,1,rheumatoid arthritis,0.7653224780901935
0.0,6.373319789577012,1.0,0,24,1.439285714285714,5,6.176091259055681,0.64,1,rheumatoid arthritis,0.8034926539865123
3.0,6.489204931325317,1.0,0,60,1.439285714285714,5,6.176091259055681,0.58,1,rheumatoid arthritis,0.7872309311127368
0.0,4.890349128221754,1.0,0,24,1.439285714285714,5,6.176091259055681,0.64,0,rheumatoid arthritis,0.7812480940661835
1.0,3.2188758248682006,1.0,0,36,1.439285714285714,5,6.176091259055681,0.64,1,rheumatoid arthritis,0.7561759945158801
3.0,4.736198448394496,0.5,0,60,1.439285714285714,1,6.176091259055681,0.58,1,rheumatoid arthritis,0.5809358338687746
3.0,6.173786103901937,1.0,0,60,1.439285714285714,5,6.176091259055681,0.58,1,rheumatoid arthritis,0.7824996487013861
4.0,3.091042453358316,0.5,0,36,1.439285714285714,1,6.176091259055681,0.8,1,rheumatoid arthritis,0.6222584939432318
0.0,4.276666119016055,0.5,0,24,1.439285714285714,1,6.176091259055681,0.64,1,rheumatoid arthritis,0.592042848928098
2.0,4.394449154672439,0.5,0,48,1.439285714285714,1,6.176091259055681,0.36,1,rheumatoid arthritis,0.5098095944629437
0.0,4.912654885736052,1.0,0,24,1.439285714285714,5,6.176091259055681,0.64,1,rheumatoid arthritis,0.7815826804288979
0.0,5.993961427306569,0.5,0,24,1.439285714285714,1,6.176091259055681,0.64,1,rheumatoid arthritis,0.6178022785524557
0.0,3.9512437185814275,0.5,0,24,1.439285714285714,1,6.176091259055681,0.64,1,rheumatoid arthritis,0.5871615129215786
0.0,6.300785794663244,0.5,0,24,1.439285714285714,1,6.176091259055681,0.64,1,rheumatoid arthritis,0.6224046440628058
0.0,7.0326242610280065,1.0,0,24,1.439285714285714,5,6.176091259055681,0.64,1,rheumatoid arthritis,0.8133822210582772
4.0,4.110873864173311,0.5,0,36,1.439285714285714,1,6.176091259055681,0.8,1,rheumatoid arthritis,0.6375559651054568
0.0,3.1354942159291497,1.0,0,24,1.439285714285714,5,6.176091259055681,0.64,1,rheumatoid arthritis,0.7549252703817944
0.0,5.081404364984463,1.0,0,24,1.439285714285714,5,6.176091259055681,0.64,1,rheumatoid arthritis,0.784113922617624
0.0,5.3612921657094255,1.0,0,24,1.439285714285714,5,6.176091259055681,0.64,1,rheumatoid arthritis,0.7883122396284985
1.0,3.6635616461296463,1.0,0,36,1.439285714285714,5,6.176091259055681,0.64,0,rheumatoid arthritis,0.7628462818348017
0.0,2.9444389791664403,0.5,0,24,1.439285714285714,1,6.176091259055681,0.64,1,rheumatoid arthritis,0.5720594418303537
0.0,5.988961416889864,1.0,0,24,1.439285714285714,5,6.176091259055681,0.64,1,rheumatoid arthritis,0.797727278396205
4.0,4.8283137373023015,0.5,0,36,1.439285714285714,1,6.176091259055681,0.8,1,rheumatoid arthritis,0.6483175632023916
0.0,2.5649493574615367,0.5,0,24,1.439285714285714,1,6.176091259055681,0.64,1,rheumatoid arthritis,0.5663670975047802
3.0,4.143134726391533,0.5,0,60,1.439285714285714,1,6.176091259055681,0.58,1,rheumatoid arthritis,0.5720398780387301
2.0,5.971261839790462,1.0,0,48,1.439285714285714,5,6.176091259055681,0.36,1,rheumatoid arthritis,0.7134617847397141
3.0,2.6390573296152584,1.0,0,60,1.439285714285714,5,6.176091259055681,0.58,0,rheumatoid arthritis,0.729478717087086
0.0,5.910796644040527,0.5,0,24,1.439285714285714,1,6.176091259055681,0.64,1,rheumatoid arthritis,0.6165548068034651
0.0,0.0,1.0,0,24,1.439285714285714,5,6.176091259055681,0.64,0,rheumatoid arthritis,0.7078928571428571
0.0,3.5263605246161616,0.5,0,24,1.439285714285714,1,6.176091259055681,0.64,1,rheumatoid arthritis,0.5807882650120996
0.0,3.4011973816621555,1.0,0,24,1.439285714285714,5,6.176091259055681,0.64,1,rheumatoid arthritis,0.7589108178677895
0.0,4.07753744390572,1.0,0,24,1.439285714285714,5,6.176091259055681,0.64,0,rheumatoid arthritis,0.7690559188014429
0.0,5.5909869805108565,0.5,0,24,1.439285714285714,1,6.176091259055681,0.64,1,rheumatoid arthritis,0.61175766185052
3.0,5.910796644040527,1.0,0,60,1.439285714285714,5,6.176091259055681,0.58,1,rheumatoid arthritis,0.778554806803465
1.0,2.772588722239781,1.0,0,36,1.439285714285714,5,6.176091259055681,0.64,1,rheumatoid arthritis,0.7494816879764539
0.0,3.828641396489095,0.5,0,24,1.439285714285714,1,6.176091259055681,0.64,1,rheumatoid arthritis,0.5853224780901936
0.0,4.30406509320417,1.0,0,24,1.439285714285714,5,6.176091259055681,0.64,1,rheumatoid arthritis,0.7724538335409197
0.0,4.189654742026425,0.5,0,24,1.439285714285714,1,6.176091259055681,0.64,0,rheumatoid arthritis,0.5907376782732535
0.0,6.690842277418564,0.5,0,24,1.439285714285714,1,6.176091259055681,0.64,1,rheumatoid arthritis,0.6282554913041356
0.0,3.9318256327243257,1.0,0,24,1.439285714285714,5,6.176091259055681,0.64,1,rheumatoid arthritis,0.766870241633722
0.0,6.416732282512326,0.5,0,24,1.439285714285714,1,6.176091259055681,0.64,1,rheumatoid arthritis,0.624143841380542
2.0,5.272999558563747,1.0,0,48,1.439285714285714,5,6.176091259055681,0.36,1,rheumatoid arthritis,0.7029878505213133
0.0,2.833213344056216,0.5,0,24,1.439285714285714,1,6.176091259055681,0.64,1,rheumatoid arthritis,0.5703910573037004
1.0,2.6390573296152584,0.5,0,36,1.439285714285714,1,6.176091259055681,0.64,1,rheumatoid arthritis,0.5674787170870861
1.0,4.060443010546419,1.0,0,36,1.439285714285714,5,6.176091259055681,0.64,1,rheumatoid arthritis,0.7687995023010534
0.0,5.583496308781699,1.0,0,24,1.439285714285714,5,6.176091259055681,0.64,1,rheumatoid arthritis,0.7916453017745826
0.0,6.68586094706836,0.5,0,24,1.439285714285714,1,6.176091259055681,0.64,1,rheumatoid arthritis,0.6281807713488825
0.0,5.214935757608986,1.0,0,24,1.439285714285714,5,6.176091259055681,0.64,1,rheumatoid arthritis,0.7861168935069919
2.0,3.258096538021482,0.5,0,48,1.439285714285714,1,6.176091259055681,0.36,0,rheumatoid arthritis,0.4927643052131794
2.0,4.941642422609304,1.0,0,48,1.439285714285714,5,6.176091259055681,0.36,0,rheumatoid arthritis,0.6980174934819967
0.0,5.932245187448011,0.5,0,24,1.439285714285714,1,6.176091259055681,0.64,1,rheumatoid arthritis,0.6168765349545773
2.0,4.709530201312334,0.5,0,48,1.439285714285714,1,6.176091259055681,0.36,1,rheumatoid arthritis,0.5145358101625421
2.0,5.517452896464707,1.0,0,48,1.439285714285714,5,6.176091259055681,0.36,1,rheumatoid arthritis,0.7066546505898278
2.0,4.204692619390966,1.0,0,48,1.439285714285714,5,6.176091259055681,0.36,1,rheumatoid arthritis,0.6869632464337216
0.0,4.890349128221754,0.5,0,24,1.439285714285714,1,6.176091259055681,0.64,1,rheumatoid arthritis,0.6012480940661835
3.0,5.666426688112432,1.0,0,60,1.439285714285714,5,6.176091259055681,0.58,1,rheumatoid arthritis,0.7748892574645436
0.0,6.2166061010848646,1.0,0,24,1.439285714285714,5,6.176091259055681,0.64,1,rheumatoid arthritis,0.80114194865913
2.0,5.030437921392435,1.0,0,48,1.439285714285714,5,6.176091259055681,0.36,1,rheumatoid arthritis,0.6993494259637436
0.0,3.8066624897703196,0.5,0,24,1.439285714285714,1,6.176091259055681,0.64,1,rheumatoid arthritis,0.584992794489412
1.0,4.31748811353631,1.0,0,36,1.439285714285714,5,6.176091259055681,0.64,1,rheumatoid arthritis,0.7726551788459017
0.0,2.1972245773362196,1.0,0,24,1.439285714285714,5,6.176091259055681,0.64,0,rheumatoid arthritis,0.7408512258029004
0.0,4.110873864173311,0.5,0,24,1.439285714285714,1,6.176091259055681,0.64,1,rheumatoid arthritis,0.5895559651054568
3.0,6.52795791762255,1.0,0,60,1.439285714285714,5,6.176091259055681,0.58,1,rheumatoid arthritis,0.7878122259071954
4.0,3.9889840465642745,0.5,0,36,1.439285714285714,1,6.176091259055681,0.8,0,rheumatoid arthritis,0.6357276178413213
0.0,0.0,0.5,0,24,1.439285714285714,1,6.176091259055681,0.64,0,rheumatoid arthritis,0.5278928571428572
1.0,4.07753744390572,1.0,0,36,1.439285714285714,5,6.176091259055681,0.64,1,rheumatoid arthritis,0.7690559188014429
0.0,5.0238805208462765,0.5,0,24,1.439285714285714,1,6.176091259055681,0.64,1,rheumatoid arthritis,0.6032510649555514
0.0,5.455321115357702,0.5,0,24,1.439285714285714,1,6.176091259055681,0.64,1,rheumatoid arthritis,0.6097226738732227
3.0,5.831882477283517,1.0,0,60,1.439285714285714,5,6.176091259055681,0.58,1,rheumatoid arthritis,0.7773710943021098
0.0,3.6888794541139363,0.5,0,24,1.439285714285714,1,6.176091259055681,0.64,1,rheumatoid arthritis,0.5832260489545662
0.0,4.624972813284271,1.0,0,24,1.439285714285714,5,6.176091259055681,0.64,1,rheumatoid arthritis,0.7772674493421211
0.0,5.147494476813453,1.0,0,24,1.439285714285714,5,6.176091259055681,0.64,1,rheumatoid arthritis,0.7851052742950588
0.0,7.627057417018934,1.0,0,24,1.439285714285714,5,6.176091259055681,0.64,1,rheumatoid arthritis,0.8222987183981412
3.0,4.2626798770413155,1.0,0,60,1.439285714285714,5,6.176091259055681,0.58,1,rheumatoid arthritis,0.7538330552984768
1.0,5.25227342804663,1.0,0,36,1.439285714285714,5,6.176091259055681,0.64,1,rheumatoid arthritis,0.7866769585635566
0.0,4.0943445622221,0.5,0,24,1.439285714285714,1,6.176091259055681,0.64,1,rheumatoid arthritis,0.5893080255761887
3.0,7.912789220690681,1.0,0,60,1.439285714285714,5,6.176091259055681,0.58,1,rheumatoid arthritis,0.8085846954532173
0.0,5.049856007249537,1.0,0,24,1.439285714285714,5,6.176091259055681,0.64,0,rheumatoid arthritis,0.7836406972516001
0.0,2.995732273553991,0.5,0,24,1.439285714285714,1,6.176091259055681,0.64,0,rheumatoid arthritis,0.5728288412461671
2.0,3.367295829986474,1.0,0,48,1.439285714285714,5,6.176091259055681,0.36,1,rheumatoid arthritis,0.6744022945926542
0.0,5.081404364984463,1.0,0,24,1.439285714285714,5,6.176091259055681,0.64,1,rheumatoid arthritis,0.784113922617624
1.0,2.3978952727983707,0.5,0,36,1.439285714285714,1,6.176091259055681,0.64,0,rheumatoid arthritis,0.5638612862348327
0.0,3.9318256327243257,0.5,0,24,1.439285714285714,1,6.176091259055681,0.64,1,rheumatoid arthritis,0.586870241633722
0.0,4.77912349311153,0.5,0,24,1.439285714285714,1,6.176091259055681,0.64,1,rheumatoid arthritis,0.5995797095395301
0.0,3.044522437723423,0.5,0,24,1.439285714285714,1,6.176091259055681,0.64,1,rheumatoid arthritis,0.5735606937087085
1.0,4.709530201312334,0.5,0,36,1.439285714285714,1,6.176091259055681,0.64,1,rheumatoid arthritis,0.5985358101625422
0.0,4.867534450455582,0.5,0,24,1.439285714285714,1,6.176091259055681,0.64,1,rheumatoid arthritis,0.6009058738996909
0.0,3.9318256327243257,1.0,0,24,1.439285714285714,5,6.176091259055681,0.64,0,rheumatoid arthritis,0.766870241633722
0.0,7.286191714702382,1.0,0,24,1.439285714285714,5,6.176091259055681,0.64,1,rheumatoid arthritis,0.8171857328633928
1.0,2.772588722239781,0.5,0,36,1.439285714285714,1,6.176091259055681,0.64,1,rheumatoid arthritis,0.5694816879764539
2.0,4.0943445622221,0.5,0,48,1.439285714285714,1,6.176091259055681,0.36,1,rheumatoid arthritis,0.5053080255761886
0.0,3.4339872044851463,1.0,0,24,1.439285714285714,5,6.176091259055681,0.64,1,rheumatoid arthritis,0.7594026652101343
2.0,4.762173934797756,1.0,0,48,1.439285714285714,5,6.176091259055681,0.36,1,rheumatoid arthritis,0.6953254661648235
3.0,7.653020413804189,1.0,0,60,1.439285714285714,5,6.176091259055681,0.58,1,rheumatoid arthritis,0.8046881633499199
0.0,4.51085950651685,0.5,0,24,1.439285714285714,1,6.176091259055681,0.64,1,rheumatoid arthritis,0.5955557497406099
0.0,4.04305126783455,0.5,0,24,1.439285714285714,1,6.176091259055681,0.64,1,rheumatoid arthritis,0.5885386261603754
1.0,0.0,1.0,0,36,1.439285714285714,5,6.176091259055681,0.64,0,rheumatoid arthritis,0.7078928571428571
3.0,5.501258210544727,1.0,0,60,1.439285714285714,5,6.176091259055681,0.58,0,rheumatoid arthritis,0.7724117303010279
0.0,5.4680601411351315,0.5,0,24,1.439285714285714,1,6.176091259055681,0.64,1,rheumatoid arthritis,0.6099137592598841
2.0,4.51085950651685,1.0,0,48,1.439285714285714,5,6.176091259055681,0.36,1,rheumatoid arthritis,0.6915557497406098
4.0,4.634728988229636,0.5,0,36,1.439285714285714,1,6.176091259055681,0.8,1,rheumatoid arthritis,0.6454137919663017
4.0,3.713572066704308,0.5,0,36,1.439285714285714,1,6.176091259055681,0.8,1,rheumatoid arthritis,0.6315964381434217
2.0,4.820281565605037,0.5,0,48,1.439285714285714,1,6.176091259055681,0.36,1,rheumatoid arthritis,0.5161970806269327
1.0,3.6888794541139363,1.0,0,36,1.439285714285714,5,6.176091259055681,0.64,1,rheumatoid arthritis,0.7632260489545661
1.0,2.0794415416798357,0.5,0,36,1.439285714285714,1,6.176091259055681,0.64,1,rheumatoid arthritis,0.5590844802680547
0.0,4.465908118654584,0.5,0,24,1.439285714285714,1,6.176091259055681,0.64,1,rheumatoid arthritis,0.594881478922676
1.0,4.553876891600541,1.0,0,36,1.439285714285714,5,6.176091259055681,0.64,1,rheumatoid arthritis,0.7762010105168652
0.0,4.127134385045092,1.0,0,24,1.439285714285714,5,6.176091259055681,0.64,0,rheumatoid arthritis,0.7697998729185335
0.0,3.1780538303479458,0.5,0,24,1.439285714285714,1,6.176091259055681,0.64,1,rheumatoid arthritis,0.5755636645980764
0.0,3.2188758248682006,1.0,0,24,1.439285714285714,5,6.176091259055681,0.64,1,rheumatoid arthritis,0.7561759945158801
0.0,3.4011973816621555,1.0,0,24,1.439285714285714,5,6.176091259055681,0.64,1,rheumatoid arthritis,0.7589108178677895
4.0,4.61512051684126,0.5,0,36,1.439285714285714,1,6.176091259055681,0.8,1,rheumatoid arthritis,0.645119664895476
1.0,5.0369526024136295,1.0,0,36,1.439285714285714,5,6.176091259055681,0.64,0,rheumatoid arthritis,0.7834471461790615
1.0,3.295836866004329,1.0,0,36,1.439285714285714,5,6.176091259055681,0.64,1,rheumatoid arthritis,0.757330410132922
1.0,4.174387269895637,1.0,0,36,1.439285714285714,5,6.176091259055681,0.64,1,rheumatoid arthritis,0.7705086661912917
0.0,3.6375861597263857,0.5,0,24,1.439285714285714,1,6.176091259055681,0.64,1,rheumatoid arthritis,0.582456649538753
1.0,4.90527477843843,1.0,0,36,1.439285714285714,5,6.176091259055681,0.64,1,rheumatoid arthritis,0.7814719788194335
2.0,4.804021044733257,1.0,0,48,1.439285714285714,5,6.176091259055681,0.36,1,rheumatoid arthritis,0.6959531728138559
1.0,2.5649493574615367,1.0,0,36,1.439285714285714,5,6.176091259055681,0.64,1,rheumatoid arthritis,0.7463670975047801
0.0,2.70805020110221,0.7,0,24,1.439285714285714,2,6.176091259055681,0.64,1,rheumatoid arthritis,0.6285136101593902
0.0,0.0,1.0,0,24,1.439285714285714,5,6.176091259055681,0.64,0,rheumatoid arthritis,0.7078928571428571
2.0,5.236441962829949,0.5,0,48,1.439285714285714,1,6.176091259055681,0.36,1,rheumatoid arthritis,0.5224394865853064
0.0,3.828641396489095,0.5,0,24,1.439285714285714,1,6.176091259055681,0.64,1,rheumatoid arthritis,0.5853224780901936
0.0,6.894670039433482,0.5,0,24,1.439285714285714,1,6.176091259055681,0.64,1,rheumatoid arthritis,0.6313129077343593
0.0,6.90875477931522,0.5,0,24,1.439285714285714,1,6.176091259055681,0.64,1,rheumatoid arthritis,0.6315241788325855
0.0,4.762173934797756,1.0,0,24,1.439285714285714,5,6.176091259055681,0.64,1,rheumatoid arthritis,0.7793254661648235
3.0,4.127134385045092,0.5,0,60,1.439285714285714,1,6.176091259055681,0.58,1,rheumatoid arthritis,0.5717998729185335
0.0,5.666426688112432,0.5,0,24,1.439285714285714,1,6.176091259055681,0.64,1,rheumatoid arthritis,0.6128892574645437
1.0,3.5553480614894135,1.0,0,36,1.439285714285714,5,6.176091259055681,0.64,1,rheumatoid arthritis,0.7612230780651983
1.0,3.713572066704308,0.5,0,36,1.439285714285714,1,6.176091259055681,0.64,1,rheumatoid arthritis,0.5835964381434218
2.0,1.791759469228055,1.0,0,48,1.439285714285714,5,6.176091259055681,0.36,0,rheumatoid arthritis,0.650769249181278
0.0,4.553876891600541,0.5,0,24,1.439285714285714,1,6.176091259055681,0.64,1,rheumatoid arthritis,0.5962010105168652
0.0,5.14166355650266,1.0,0,24,1.439285714285714,5,6.176091259055681,0.64,1,rheumatoid arthritis,0.785017810490397
1.0,0.6931471805599453,0.8,0,36,1.439285714285714,3,6.176091259055681,0.64,1,rheumatoid arthritis,0.6382900648512563
4.0,4.143134726391533,1.0,0,36,1.439285714285714,5,6.176091259055681,0.8,1,rheumatoid arthritis,0.8180398780387301
0.0,7.112327444710911,1.0,0,24,1.439285714285714,5,6.176091259055681,0.64,1,rheumatoid arthritis,0.8145777688135207
0.0,5.993961427306569,1.0,0,24,1.439285714285714,5,6.176091259055681,0.64,1,rheumatoid arthritis,0.7978022785524557
0.0,2.5649493574615367,0.5,0,24,1.439285714285714,1,6.176091259055681,0.64,1,rheumatoid arthritis,0.5663670975047802
4.0,5.303304908059076,0.5,0,36,1.439285714285714,1,6.176091259055681,0.8,1,rheumatoid arthritis,0.6554424307637432
0.0,1.6094379124341003,1.0,0,24,1.439285714285714,5,6.176091259055681,0.64,0,rheumatoid arthritis,0.7320344258293686
1.0,3.4965075614664802,0.5,0,36,1.439285714285714,1,6.176091259055681,0.64,1,rheumatoid arthritis,0.5803404705648544
1.0,3.5263605246161616,1.0,0,36,1.439285714285714,5,6.176091259055681,0.64,1,rheumatoid arthritis,0.7607882650120995
3.0,5.968707559985366,1.0,0,60,1.439285714285714,5,6.176091259055681,0.58,1,rheumatoid arthritis,0.7794234705426376
1.0,3.4657359027997265,1.0,0,36,1.439285714285714,5,6.176091259055681,0.64,1,rheumatoid arthritis,0.759878895684853
1.0,3.6109179126442243,1.0,0,36,1.439285714285714,5,6.176091259055681,0.64,0,rheumatoid arthritis,0.7620566258325204
2.0,4.394449154672439,0.5,0,48,1.439285714285714,1,6.176091259055681,0.36,1,rheumatoid arthritis,0.5098095944629437
0.0,7.707062655370473,1.0,0,24,1.439285714285714,5,6.176091259055681,0.64,1,rheumatoid arthritis,0.8234987969734142
0.0,6.5722825426940075,0.5,0,24,1.439285714285714,1,6.176091259055681,0.64,1,rheumatoid arthritis,0.6264770952832672
0.0,2.995732273553991,0.5,0,24,1.439285714285714,1,6.176091259055681,0.64,1,rheumatoid arthritis,0.5728288412461671
1.0,4.948759890378168,1.0,0,36,1.439285714285714,5,6.176091259055681,0.64,1,rheumatoid arthritis,0.7821242554985296
4.0,5.6240175061873385,0.5,0,36,1.439285714285714,1,6.176091259055681,0.8,1,rheumatoid arthritis,0.6602531197356671
0.0,0.0,0.5,0,24,1.439285714285714,1,6.176091259055681,0.64,0,rheumatoid arthritis,0.5278928571428572
3.0,5.3981627015177525,1.0,0,60,1.439285714285714,5,6.176091259055681,0.58,1,rheumatoid arthritis,0.7708652976656234
0.0,6.09807428216624,1.0,0,24,1.439285714285714,5,6.176091259055681,0.64,1,rheumatoid arthritis,0.7993639713753506
4.0,4.442651256490317,1.0,0,36,1.439285714285714,5,6.176091259055681,0.8,1,rheumatoid arthritis,0.8225326259902119
3.0,6.432940092739179,1.0,0,60,1.439285714285714,5,6.176091259055681,0.58,1,rheumatoid arthritis,0.7863869585339448
0.0,5.117993812416755,0.8,0,24,1.439285714285714,3,6.176091259055681,0.64,1,rheumatoid arthritis,0.7046627643291085
2.0,3.4011973816621555,0.7,0,48,1.439285714285714,2,6.176091259055681,0.36,1,rheumatoid arthritis,0.5549108178677895
0.0,4.02535169073515,0.5,0,24,1.439285714285714,1,6.176091259055681,0.64,1,rheumatoid arthritis,0.5882731325038844
0.0,1.791759469228055,0.5,0,24,1.439285714285714,1,6.176091259055681,0.64,0,rheumatoid arthritis,0.554769249181278
1.0,2.9444389791664403,0.5,0,36,1.439285714285714,1,6.176091259055681,0.64,1,rheumatoid arthritis,0.5720594418303537
0.0,2.0794415416798357,0.5,0,24,1.439285714285714,1,6.176091259055681,0.64,1,rheumatoid arthritis,0.5590844802680547
2.0,5.493061443340548,1.0,0,48,1.439285714285714,5,6.176091259055681,0.36,1,rheumatoid arthritis,0.7062887787929654
0.0,5.497168225293202,0.5,0,24,1.439285714285714,1,6.176091259055681,0.64,1,rheumatoid arthritis,0.6103503805222552
1.0,4.174387269895637,1.0,0,36,1.439285714285714,5,6.176091259055681,0.64,1,rheumatoid arthritis,0.7705086661912917
0.0,5.0689042022202315,1.0,0,24,1.439285714285714,5,6.176091259055681,0.64,1,rheumatoid arthritis,0.7839264201761605
0.0,2.1972245773362196,0.5,0,24,1.439285714285714,1,6.176091259055681,0.64,1,rheumatoid arthritis,0.5608512258029005
1.0,3.6109179126442243,1.0,0,36,1.439285714285714,5,6.176091259055681,0.64,1,rheumatoid arthritis,0.7620566258325204
0.5,2.3978952727983707,0.5,0,24,1.439285714285714,1,6.176091259055681,0.64,1,rheumatoid arthritis,0.5638612862348327
0.0,5.342334251964811,0.5,0,24,1.439285714285714,1,6.176091259055681,0.64,1,rheumatoid arthritis,0.6080278709223293
0.0,4.624972813284271,0.5,0,24,1.439285714285714,1,6.176091259055681,0.64,1,rheumatoid arthritis,0.5972674493421212
0.0,4.143134726391533,0.5,0,24,1.439285714285714,1,6.176091259055681,0.64,1,rheumatoid arthritis,0.5900398780387301
2.0,3.091042453358316,1.0,0,48,1.439285714285714,5,6.176091259055681,0.36,1,rheumatoid arthritis,0.6702584939432319
2.0,4.663439094112067,1.0,0,48,1.439285714285714,5,6.176091259055681,0.36,1,rheumatoid arthritis,0.6938444435545381
0.0,5.332718793265369,0.5,0,24,1.439285714285714,1,6.176091259055681,0.64,1,rheumatoid arthritis,0.6078836390418377
4.0,4.110873864173311,0.5,0,36,1.439285714285714,1,6.176091259055681,0.8,1,rheumatoid arthritis,0.6375559651054568
0.0,0.0,1.0,0,24,1.439285714285714,5,6.176091259055681,0.64,0,rheumatoid arthritis,0.7078928571428571
3.0,5.82600010738045,1.0,0,60,1.439285714285714,5,6.176091259055681,0.58,1,rheumatoid arthritis,0.7772828587535638
0.0,4.1588830833596715,0.5,0,24,1.439285714285714,1,6.176091259055681,0.64,1,rheumatoid arthritis,0.5902761033932522
0.0,3.7612001156935624,0.5,0,24,1.439285714285714,1,6.176091259055681,0.64,1,rheumatoid arthritis,0.5843108588782606
0.0,6.398594934535208,0.5,0,24,1.439285714285714,1,6.176091259055681,0.64,1,rheumatoid arthritis,0.6238717811608853
0.0,5.707110264748875,0.5,0,24,1.439285714285714,1,6.176091259055681,0.64,1,rheumatoid arthritis,0.6134995111140903
3.0,6.47543271670409,1.0,0,60,1.439285714285714,5,6.176091259055681,0.58,1,rheumatoid arthritis,0.7870243478934185
0.0,3.295836866004329,0.5,0,24,1.439285714285714,1,6.176091259055681,0.64,1,rheumatoid arthritis,0.5773304101329221
0.0,2.70805020110221,1.0,0,24,1.439285714285714,5,6.176091259055681,0.64,1,rheumatoid arthritis,0.7485136101593902
2.0,2.70805020110221,1.0,0,48,1.439285714285714,5,6.176091259055681,0.36,1,rheumatoid arthritis,0.6645136101593903
0.0,7.729735331385051,1.0,0,24,1.439285714285714,5,6.176091259055681,0.64,1,rheumatoid arthritis,0.8238388871136328
0.0,3.5553480614894135,0.5,0,24,1.439285714285714,1,6.176091259055681,0.64,1,rheumatoid arthritis,0.5812230780651984
0.0,0.0,1.0,0,24,1.439285714285714,5,6.176091259055681,0.64,0,rheumatoid arthritis,0.7078928571428571
0.0,3.1780538303479458,0.5,0,24,1.439285714285714,1,6.176091259055681,0.64,1,rheumatoid arthritis,0.5755636645980764
0.0,5.003946305945459,1.0,0,24,1.439285714285714,5,6.176091259055681,0.64,1,rheumatoid arthritis,0.782952051732039
1.0,3.044522437723423,1.0,0,36,1.439285714285714,5,6.176091259055681,0.64,1,rheumatoid arthritis,0.7535606937087085
0.0,7.2196420401307355,0.5,0,24,1.439285714285714,1,6.176091259055681,0.64,1,rheumatoid arthritis,0.6361874877448181
0.0,3.332204510175204,0.6,0,24,1.439285714285714,1,6.176091259055681,0.64,1,rheumatoid arthritis,0.5978759247954852
0.0,4.060443010546419,0.5,0,24,1.439285714285714,1,6.176091259055681,0.64,1,rheumatoid arthritis,0.5887995023010535
1.0,2.3978952727983707,0.5,0,36,1.439285714285714,1,6.176091259055681,0.64,0,rheumatoid arthritis,0.5638612862348327
0.0,6.173786103901937,1.0,0,24,1.439285714285714,5,6.176091259055681,0.64,1,rheumatoid arthritis,0.8004996487013861
0.0,3.7612001156935624,0.6,0,24,1.439285714285714,1,6.176091259055681,0.64,1,rheumatoid arthritis,0.6043108588782606
0.0,4.736198448394496,1.0,0,24,1.439285714285714,5,6.176091259055681,0.64,1,rheumatoid arthritis,0.7789358338687745
0.0,4.663439094112067,0.5,0,24,1.439285714285714,1,6.176091259055681,0.64,1,rheumatoid arthritis,0.5978444435545381
4.0,5.707110264748875,0.5,0,36,1.439285714285714,1,6.176091259055681,0.8,1,rheumatoid arthritis,0.6614995111140902
0.0,5.700443573390687,1.0,0,24,1.439285714285714,5,6.176091259055681,0.64,1,rheumatoid arthritis,0.7933995107437174
0.0,3.6375861597263857,0.6,0,24,1.439285714285714,1,6.176091259055681,0.64,1,rheumatoid arthritis,0.602456649538753
2.0,4.5217885770490405,1.0,0,48,1.439285714285714,5,6.176091259055681,0.36,1,rheumatoid arthritis,0.6917196857985928
0.0,5.030437921392435,0.5,0,24,1.439285714285714,1,6.176091259055681,0.64,1,rheumatoid arthritis,0.6033494259637437
2.0,0.0,1.0,0,48,1.439285714285714,5,6.176091259055681,0.36,0,rheumatoid arthritis,0.6238928571428571
0.0,0.0,1.0,0,24,1.439285714285714,5,6.176091259055681,0.64,0,rheumatoid arthritis,0.7078928571428571
3.0,5.955837369464831,1.0,0,60,1.439285714285714,5,6.176091259055681,0.58,1,rheumatoid arthritis,0.7792304176848296
0.0,6.4967749901858625,0.5,0,24,1.439285714285714,1,6.176091259055681,0.64,1,rheumatoid arthritis,0.6253444819956451
0.0,4.31748811353631,0.5,0,24,1.439285714285714,1,6.176091259055681,0.64,1,rheumatoid arthritis,0.5926551788459018
0.0,3.58351893845611,0.5,0,24,1.439285714285714,1,6.176091259055681,0.64,1,rheumatoid arthritis,0.5816456412196989
3.0,5.62040086571715,1.0,0,60,1.439285714285714,5,6.176091259055681,0.58,1,rheumatoid arthritis,0.7741988701286143
0.0,2.772588722239781,0.5,0,24,1.439285714285714,1,6.176091259055681,0.64,1,rheumatoid arthritis,0.5694816879764539
2.0,4.110873864173311,0.5,0,48,1.439285714285714,1,6.176091259055681,0.36,1,rheumatoid arthritis,0.5055559651054569
1.0,3.8918202981106265,1.0,0,36,1.439285714285714,5,6.176091259055681,0.64,1,rheumatoid arthritis,0.7662701616145164
0.0,4.394449154672439,0.5,0,24,1.439285714285714,1,6.176091259055681,0.64,1,rheumatoid arthritis,0.5938095944629438
0.0,3.4339872044851463,0.5,0,24,1.439285714285714,1,6.176091259055681,0.64,1,rheumatoid arthritis,0.5794026652101344
0.0,1.0986122886681098,0.5,0,24,1.439285714285714,1,6.176091259055681,0.64,1,rheumatoid arthritis,0.5443720414728788
1.0,4.9344739331306915,1.0,0,36,1.439285714285714,5,6.176091259055681,0.64,1,rheumatoid arthritis,0.7819099661398174
3.0,5.602118820879701,1.0,0,60,1.439285714285714,5,6.176091259055681,0.58,1,rheumatoid arthritis,0.7739246394560526
4.0,5.707110264748875,0.5,0,36,1.439285714285714,1,6.176091259055681,0.8,1,rheumatoid arthritis,0.6614995111140902
0.0,5.41610040220442,1.0,0,24,1.439285714285714,5,6.176091259055681,0.64,1,rheumatoid arthritis,0.7891343631759234
1.0,2.772588722239781,1.0,0,36,1.439285714285714,5,6.176091259055681,0.64,1,rheumatoid arthritis,0.7494816879764539
2.0,4.189654742026425,1.0,0,48,1.439285714285714,5,6.176091259055681,0.36,1,rheumatoid arthritis,0.6867376782732535
0.0,6.0867747269123065,0.5,0,24,1.439285714285714,1,6.176091259055681,0.64,1,rheumatoid arthritis,0.6191944780465417
3.0,4.110873864173311,0.5,0,60,1.439285714285714,1,6.176091259055681,0.58,1,rheumatoid arthritis,0.5715559651054568
1.0,3.8918202981106265,1.0,0,36,1.439285714285714,5,6.176091259055681,0.64,0,rheumatoid arthritis,0.7662701616145164
2.0,4.812184355372417,1.0,0,48,1.439285714285714,5,6.176091259055681,0.36,1,rheumatoid arthritis,0.6960756224734433
0.0,4.394449154672439,0.5,0,24,1.439285714285714,1,6.176091259055681,0.64,1,rheumatoid arthritis,0.5938095944629438
0.0,4.060443010546419,0.5,0,24,1.439285714285714,1,6.176091259055681,0.64,1,rheumatoid arthritis,0.5887995023010535
4.0,5.707110264748875,0.5,0,36,1.439285714285714,1,6.176091259055681,0.8,1,rheumatoid arthritis,0.6614995111140902
0.0,5.017279836814924,0.5,0,24,1.439285714285714,1,6.176091259055681,0.64,1,rheumatoid arthritis,0.603152054695081
3.0,5.869296913133774,0.5,0,60,1.439285714285714,1,6.176091259055681,0.58,1,rheumatoid arthritis,0.5979323108398638
0.0,6.3818160174060985,0.5,0,24,1.439285714285714,1,6.176091259055681,0.64,1,rheumatoid arthritis,0.6236200974039486
0.0,6.045005314036012,1.0,0,24,1.439285714285714,5,6.176091259055681,0.64,1,rheumatoid arthritis,0.7985679368533973
4.0,2.1972245773362196,0.5,0,36,1.439285714285714,1,6.176091259055681,0.8,0,rheumatoid arthritis,0.6088512258029004
0.0,4.143134726391533,0.5,0,24,1.439285714285714,1,6.176091259055681,0.64,1,rheumatoid arthritis,0.5900398780387301
0.0,4.2626798770413155,0.5,0,24,1.439285714285714,1,6.176091259055681,0.64,1,rheumatoid arthritis,0.5918330552984769
4.0,5.342334251964811,0.5,0,36,1.439285714285714,1,6.176091259055681,0.8,0,rheumatoid arthritis,0.6560278709223293
0.0,4.110873864173311,0.5,0,24,1.439285714285714,1,6.176091259055681,0.64,1,rheumatoid arthritis,0.5895559651054568
1.0,3.2188758248682006,1.0,0,36,1.439285714285714,5,6.176091259055681,0.64,1,rheumatoid arthritis,0.7561759945158801
4.0,3.8501476017100584,0.5,0,36,1.439285714285714,1,6.176091259055681,0.8,1,rheumatoid arthritis,0.633645071168508
0.0,4.007333185232471,0.5,0,24,1.439285714285714,1,6.176091259055681,0.64,1,rheumatoid arthritis,0.5880028549213442
0.0,3.8066624897703196,0.5,0,24,1.439285714285714,1,6.176091259055681,0.64,1,rheumatoid arthritis,0.584992794489412
3.0,7.338238150065589,1.0,0,60,1.439285714285714,5,6.176091259055681,0.58,1,rheumatoid arthritis,0.7999664293938409
2.0,4.700480365792417,1.0,0,48,1.439285714285714,5,6.176091259055681,0.36,1,rheumatoid arthritis,0.6944000626297434
0.0,0.0,0.6,0,24,1.439285714285714,1,6.176091259055681,0.64,0,rheumatoid arthritis,0.5478928571428572
0.0,3.9318256327243257,0.5,0,24,1.439285714285714,1,6.176091259055681,0.64,1,rheumatoid arthritis,0.586870241633722
0.0,3.6109179126442243,0.5,0,24,1.439285714285714,1,6.176091259055681,0.64,1,rheumatoid arthritis,0.5820566258325205
3.0,3.713572066704308,0.5,0,60,1.439285714285714,1,6.176091259055681,0.58,1,rheumatoid arthritis,0.5655964381434218
0.0,5.521460917862246,0.5,0,24,1.439285714285714,1,6.176091259055681,0.64,1,rheumatoid arthritis,0.6107147709107908
0.0,10.555734610523901,1.0,0,24,1.439285714285714,5,6.176091259055681,0.64,1,rheumatoid arthritis,0.8662288763007157
0.0,4.07753744390572,0.5,0,24,1.439285714285714,1,6.176091259055681,0.64,1,rheumatoid arthritis,0.5890559188014429
0.0,6.280395838960195,0.5,0,24,1.439285714285714,1,6.176091259055681,0.64,1,rheumatoid arthritis,0.62209879472726
0.0,3.9512437185814275,1.0,0,24,1.439285714285714,5,6.176091259055681,0.64,0,rheumatoid arthritis,0.7671615129215785
3.0,6.22455842927536,1.0,0,60,1.439285714285714,5,6.176091259055681,0.58,1,rheumatoid arthritis,0.7832612335819875
1.0,2.0794415416798357,0.5,0,36,1.439285714285714,1,6.176091259055681,0.64,0,rheumatoid arthritis,0.5590844802680547
0.0,5.720311776607412,0.5,0,24,1.439285714285714,1,6.176091259055681,0.64,1,rheumatoid arthritis,0.6136975337919683
0.0,12.4945956143295,1.0,0,24,1.439285714285714,5,6.176091259055681,0.64,1,rheumatoid arthritis,0.8953117913577996
2.0,4.663439094112067,1.0,0,48,1.439285714285714,5,6.176091259055681,0.36,1,rheumatoid arthritis,0.6938444435545381
0.0,3.4011973816621555,0.5,0,24,1.439285714285714,1,6.176091259055681,0.64,1,rheumatoid arthritis,0.5789108178677895
4.0,2.3978952727983707,0.5,0,36,1.439285714285714,1,6.176091259055681,0.8,1,rheumatoid arthritis,0.6118612862348327
2.0,5.214935757608986,1.0,0,48,1.439285714285714,5,6.176091259055681,0.36,1,rheumatoid arthritis,0.7021168935069919
1.0,3.4657359027997265,1.0,0,36,1.439285714285714,5,6.176091259055681,0.64,1,rheumatoid arthritis,0.759878895684853
0.0,3.9318256327243257,1.0,0,24,1.439285714285714,5,6.176091259055681,0.64,0,rheumatoid arthritis,0.766870241633722
0.0,3.6109179126442243,0.5,0,24,1.439285714285714,1,6.176091259055681,0.64,1,rheumatoid arthritis,0.5820566258325205
0.0,5.713732805509369,0.5,0,24,1.439285714285714,1,6.176091259055681,0.64,1,rheumatoid arthritis,0.6135988492254977
0.0,4.110873864173311,0.5,0,24,1.439285714285714,1,6.176091259055681,0.64,0,rheumatoid arthritis,0.5895559651054568
3.0,5.043425116919247,1.0,0,60,1.439285714285714,5,6.176091259055681,0.58,1,rheumatoid arthritis,0.7655442338966458
0.0,6.716594773520978,0.5,0,24,1.439285714285714,1,6.176091259055681,0.64,1,rheumatoid arthritis,0.6286417787456718
2.0,4.762173934797756,1.0,0,48,1.439285714285714,5,6.176091259055681,0.36,1,rheumatoid arthritis,0.6953254661648235
2.0,3.713572066704308,1.0,0,48,1.439285714285714,5,6.176091259055681,0.36,1,rheumatoid arthritis,0.6795964381434217
0.0,3.8066624897703196,0.6,0,24,1.439285714285714,1,6.176091259055681,0.64,1,rheumatoid arthritis,0.604992794489412
0.0,6.90875477931522,1.0,0,24,1.439285714285714,5,6.176091259055681,0.64,1,rheumatoid arthritis,0.8115241788325854
0.0,3.970291913552122,0.5,0,24,1.439285714285714,1,6.176091259055681,0.64,1,rheumatoid arthritis,0.587447235846139
0.0,5.8664680569332965,0.5,0,24,1.439285714285714,1,6.176091259055681,0.64,1,rheumatoid arthritis,0.6158898779968566
1.0,5.968707559985366,1.0,0,36,1.439285714285714,5,6.176091259055681,0.64,1,rheumatoid arthritis,0.7974234705426376
4.0,3.258096538021482,0.5,0,36,1.439285714285714,1,6.176091259055681,0.8,1,rheumatoid arthritis,0.6247643052131793
1.0,0.0,0.5,0,36,1.439285714285714,1,6.176091259055681,0.64,0,rheumatoid arthritis,0.5278928571428572
0.0,3.1780538303479458,0.5,0,24,1.439285714285714,1,6.176091259055681,0.64,1,rheumatoid arthritis,0.5755636645980764
2.0,4.634728988229636,1.0,0,48,1.439285714285714,5,6.176091259055681,0.36,1,rheumatoid arthritis,0.6934137919663017
0.0,3.1354942159291497,0.5,0,24,1.439285714285714,1,6.176091259055681,0.64,1,rheumatoid arthritis,0.5749252703817944
4.0,2.995732273553991,0.6,0,36,1.439285714285714,1,6.176091259055681,0.8,1,rheumatoid arthritis,0.640828841246167
2.0,4.110873864173311,1.0,0,48,1.439285714285714,5,6.176091259055681,0.36,1,rheumatoid arthritis,0.6855559651054568
2.0,5.393627546352362,1.0,0,48,1.439285714285714,5,6.176091259055681,0.36,1,rheumatoid arthritis,0.7047972703381425
0.0,6.964135612418245,1.0,0,24,1.439285714285714,5,6.176091259055681,0.64,1,rheumatoid arthritis,0.8123548913291307
0.0,4.007333185232471,0.5,0,24,1.439285714285714,1,6.176091259055681,0.64,1,rheumatoid arthritis,0.5880028549213442
0.0,4.1588830833596715,1.0,0,24,1.439285714285714,5,6.176091259055681,0.64,1,rheumatoid arthritis,0.7702761033932521
0.0,4.204692619390966,0.5,0,24,1.439285714285714,1,6.176091259055681,0.64,1,rheumatoid arthritis,0.5909632464337217
0.0,7.2078598714324755,1.0,0,24,1.439285714285714,5,6.176091259055681,0.64,1,rheumatoid arthritis,0.8160107552143443
0.0,3.713572066704308,0.5,0,24,1.439285714285714,1,6.176091259055681,0.64,1,rheumatoid arthritis,0.5835964381434218
0.0,3.9512437185814275,0.5,0,24,1.439285714285714,1,6.176091259055681,0.64,0,rheumatoid arthritis,0.5871615129215786
2.0,4.3694478524670215,1.0,0,48,1.439285714285714,5,6.176091259055681,0.36,1,rheumatoid arthritis,0.6894345749298625
1.0,5.37989735354046,1.0,0,36,1.439285714285714,5,6.176091259055681,0.64,1,rheumatoid arthritis,0.788591317445964
2.0,4.584967478670572,1.0,0,48,1.439285714285714,5,6.176091259055681,0.36,0,rheumatoid arthritis,0.6926673693229157
0.0,8.896861744480391,1.0,0,24,1.439285714285714,5,6.176091259055681,0.64,1,rheumatoid arthritis,0.8413457833100629
4.0,6.22455842927536,0.5,0,36,1.439285714285714,1,6.176091259055681,0.8,1,rheumatoid arthritis,0.6692612335819875
0.0,2.70805020110221,1.0,0,24,1.439285714285714,5,6.176091259055681,0.64,1,rheumatoid arthritis,0.7485136101593902
4.0,3.044522437723423,0.5,0,36,1.439285714285714,1,6.176091259055681,0.8,1,rheumatoid arthritis,0.6215606937087085
0.0,3.912023005428146,0.5,0,24,1.439285714285714,1,6.176091259055681,0.64,0,rheumatoid arthritis,0.5865732022242793
0.0,3.091042453358316,0.5,0,24,1.439285714285714,1,6.176091259055681,0.64,1,rheumatoid arthritis,0.5742584939432319
0.0,5.081404364984463,0.5,0,24,1.439285714285714,1,6.176091259055681,0.64,1,rheumatoid arthritis,0.6041139226176241
1.0,3.6109179126442243,1.0,0,36,1.439285714285714,5,6.176091259055681,0.64,1,rheumatoid arthritis,0.7620566258325204
4.0,3.091042453358316,1.0,0,36,1.439285714285714,5,6.176091259055681,0.8,1,rheumatoid arthritis,0.8022584939432319
0.0,4.343805421853684,1.0,0,24,1.439285714285714,5,6.176091259055681,0.64,1,rheumatoid arthritis,0.7730499384706624
0.0,5.384495062789089,1.0,0,24,1.439285714285714,5,6.176091259055681,0.64,1,rheumatoid arthritis,0.7886602830846934
4.0,4.962844630259907,0.5,0,36,1.439285714285714,1,6.176091259055681,0.8,1,rheumatoid arthritis,0.6503355265967556
0.0,2.6390573296152584,0.5,0,24,1.439285714285714,1,6.176091259055681,0.64,1,rheumatoid arthritis,0.5674787170870861
0.0,3.044522437723423,0.5,0,24,1.439285714285714,1,6.176091259055681,0.64,1,rheumatoid arthritis,0.5735606937087085
0.0,3.828641396489095,0.5,0,24,1.439285714285714,1,6.176091259055681,0.64,1,rheumatoid arthritis,0.5853224780901936
0.0,3.332204510175204,0.5,0,24,1.439285714285714,1,6.176091259055681,0.64,0,rheumatoid arthritis,0.5778759247954852
0.0,4.007333185232471,0.5,0,24,1.439285714285714,1,6.176091259055681,0.64,1,rheumatoid arthritis,0.5880028549213442
0.0,1.3862943611198906,0.5,0,24,1.439285714285714,1,6.176091259055681,0.64,0,rheumatoid arthritis,0.5486872725596555
0.0,5.66988092298052,0.5,0,24,1.439285714285714,1,6.176091259055681,0.64,1,rheumatoid arthritis,0.6129410709875649
4.0,3.258096538021482,0.5,0,36,1.439285714285714,1,6.176091259055681,0.8,1,rheumatoid arthritis,0.6247643052131793
2.0,5.099866427824199,1.0,0,48,1.439285714285714,5,6.176091259055681,0.36,1,rheumatoid arthritis,0.7003908535602201
4.0,2.772588722239781,0.5,0,36,1.439285714285714,1,6.176091259055681,0.8,0,rheumatoid arthritis,0.6174816879764538
2.0,4.983606621708336,1.0,0,48,1.439285714285714,5,6.176091259055681,0.36,1,rheumatoid arthritis,0.6986469564684822
0.0,2.995732273553991,1.0,0,24,1.439285714285714,5,6.176091259055681,0.64,0,rheumatoid arthritis,0.752828841246167
3.0,7.475905969367397,1.0,0,60,1.439285714285714,5,6.176091259055681,0.58,0,rheumatoid arthritis,0.802031446683368
3.0,6.311734809152915,1.0,0,60,1.439285714285714,5,6.176091259055681,0.58,1,rheumatoid arthritis,0.7845688792801508
3.0,5.996452088619021,1.0,0,60,1.439285714285714,5,6.176091259055681,0.58,1,rheumatoid arthritis,0.7798396384721424
0.0,4.110873864173311,0.5,0,24,1.439285714285714,1,6.176091259055681,0.64,1,rheumatoid arthritis,0.5895559651054568
0.0,5.407171771460119,1.0,0,24,1.439285714285714,5,6.176091259055681,0.64,1,rheumatoid arthritis,0.7890004337147589
0.0,4.30406509320417,0.5,0,24,1.439285714285714,1,6.176091259055681,0.64,1,rheumatoid arthritis,0.5924538335409197
0.0,4.343805421853684,0.5,0,24,1.439285714285714,1,6.176091259055681,0.64,1,rheumatoid arthritis,0.5930499384706625
4.0,4.2626798770413155,0.5,0,36,1.439285714285714,1,6.176091259055681,0.8,1,rheumatoid arthritis,0.6398330552984768
0.0,4.948759890378168,0.6,0,24,1.439285714285714,1,6.176091259055681,0.64,1,rheumatoid arthritis,0.6221242554985297
0.0,3.9318256327243257,0.5,0,24,1.439285714285714,1,6.176091259055681,0.64,1,rheumatoid arthritis,0.586870241633722
0.0,5.241747015059643,0.5,0,24,1.439285714285714,1,6.176091259055681,0.64,1,rheumatoid arthritis,0.6065190623687517
0.0,2.772588722239781,0.5,0,24,1.439285714285714,1,6.176091259055681,0.64,0,rheumatoid arthritis,0.5694816879764539
1.0,3.713572066704308,1.0,0,36,1.439285714285714,5,6.176091259055681,0.64,1,rheumatoid arthritis,0.7635964381434217
3.0,5.655991810819852,1.0,0,60,1.439285714285714,5,6.176091259055681,0.58,1,rheumatoid arthritis,0.7747327343051549
1.0,1.0986122886681098,0.5,0,36,1.439285714285714,1,6.176091259055681,0.64,1,rheumatoid arthritis,0.5443720414728788
0.0,3.4339872044851463,0.5,0,24,1.439285714285714,1,6.176091259055681,0.64,1,rheumatoid arthritis,0.5794026652101344
0.0,4.48863636973214,0.5,0,24,1.439285714285714,1,6.176091259055681,0.64,1,rheumatoid arthritis,0.5952224026888393
0.0,4.795790545596741,0.5,0,24,1.439285714285714,1,6.176091259055681,0.64,1,rheumatoid arthritis,0.5998297153268083
1.0,4.795790545596741,0.5,0,36,1.439285714285714,1,6.176091259055681,0.64,1,rheumatoid arthritis,0.5998297153268083
0.0,4.795790545596741,0.5,0,24,1.439285714285714,1,6.176091259055681,0.64,1,rheumatoid arthritis,0.5998297153268083
2.0,3.1780538303479458,0.5,0,48,1.439285714285714,1,6.176091259055681,0.36,0,rheumatoid arthritis,0.4915636645980763
2.0,3.8918202981106265,1.0,0,48,1.439285714285714,5,6.176091259055681,0.36,1,rheumatoid arthritis,0.6822701616145166
2.0,4.30406509320417,1.0,0,48,1.439285714285714,5,6.176091259055681,0.36,0,rheumatoid arthritis,0.6884538335409197
0.0,4.330733340286331,0.5,0,24,1.439285714285714,1,6.176091259055681,0.64,1,rheumatoid arthritis,0.5928538572471521
3.0,4.68213122712422,1.0,0,60,1.439285714285714,5,6.176091259055681,0.58,1,rheumatoid arthritis,0.7601248255497204
2.0,5.6131281063880705,1.0,0,48,1.439285714285714,5,6.176091259055681,0.36,1,rheumatoid arthritis,0.7080897787386782
0.0,5.081404364984463,0.5,0,24,1.439285714285714,1,6.176091259055681,0.64,1,rheumatoid arthritis,0.6041139226176241
1.0,2.3978952727983707,0.5,0,36,1.439285714285714,1,6.176091259055681,0.64,1,rheumatoid arthritis,0.5638612862348327
0.0,4.060443010546419,0.5,0,24,1.439285714285714,1,6.176091259055681,0.64,1,rheumatoid arthritis,0.5887995023010535
0.0,5.752572638825633,1.0,0,24,1.439285714285714,5,6.176091259055681,0.64,1,rheumatoid arthritis,0.7941814467252416
0.0,6.1070228877422545,0.5,0,24,1.439285714285714,1,6.176091259055681,0.64,1,rheumatoid arthritis,0.619498200458991
0.0,3.8066624897703196,0.5,0,24,1.439285714285714,1,6.176091259055681,0.64,1,rheumatoid arthritis,0.584992794489412
0.0,6.90875477931522,0.5,0,24,1.439285714285714,1,6.176091259055681,0.64,0,rheumatoid arthritis,0.6315241788325855
0.0,3.8918202981106265,0.5,0,24,1.439285714285714,1,6.176091259055681,0.64,1,rheumatoid arthritis,0.5862701616145165
0.0,3.9889840465642745,0.5,0,24,1.439285714285714,1,6.176091259055681,0.64,0,rheumatoid arthritis,0.5877276178413213
2.0,5.3230099791384085,0.5,0,48,1.439285714285714,1,6.176091259055681,0.36,1,rheumatoid arthritis,0.5237380068299333
0.0,2.833213344056216,0.5,0,24,1.439285714285714,1,6.176091259055681,0.64,1,rheumatoid arthritis,0.5703910573037004
0.0,4.890349128221754,0.5,0,24,1.439285714285714,1,6.176091259055681,0.64,1,rheumatoid arthritis,0.6012480940661835
4.0,7.88758403166028,1.0,0,36,1.439285714285714,5,6.176091259055681,0.8,1,rheumatoid arthritis,0.8742066176177613
3.0,4.143134726391533,1.0,0,60,1.439285714285714,5,6.176091259055681,0.58,1,rheumatoid arthritis,0.7520398780387301
1.0,5.337538079701318,1.0,0,36,1.439285714285714,5,6.176091259055681,0.64,1,rheumatoid arthritis,0.7879559283383769
0.0,3.828641396489095,0.5,0,24,1.439285714285714,1,6.176091259055681,0.64,0,rheumatoid arthritis,0.5853224780901936
4.0,2.4849066497880004,0.5,0,36,1.439285714285714,1,6.176091259055681,0.8,0,rheumatoid arthritis,0.6131664568896771
0.0,5.501258210544727,0.5,0,24,1.439285714285714,1,6.176091259055681,0.64,1,rheumatoid arthritis,0.610411730301028
0.0,4.634728988229636,1.0,0,24,1.439285714285714,5,6.176091259055681,0.64,0,rheumatoid arthritis,0.7774137919663017
0.0,5.993961427306569,0.5,0,24,1.439285714285714,1,6.176091259055681,0.64,0,rheumatoid arthritis,0.6178022785524557
0.0,11.85443499310871,1.0,0,24,1.439285714285714,5,6.176091259055681,0.64,1,rheumatoid arthritis,0.8857093820394877
2.0,1.9459101490553132,1.0,0,48,1.439285714285714,5,6.176091259055681,0.36,0,rheumatoid arthritis,0.6530815093786868
0.0,4.110873864173311,0.5,0,24,1.439285714285714,1,6.176091259055681,0.64,1,rheumatoid arthritis,0.5895559651054568
0.0,3.332204510175204,0.5,0,24,1.439285714285714,1,6.176091259055681,0.64,1,rheumatoid arthritis,0.5778759247954852
1.0,3.4657359027997265,0.8,0,36,1.439285714285714,3,6.176091259055681,0.64,0,rheumatoid arthritis,0.679878895684853
3.0,4.6913478822291435,1.0,0,60,1.439285714285714,5,6.176091259055681,0.58,1,rheumatoid arthritis,0.7602630753762942
4.0,4.532599493153256,0.5,0,36,1.439285714285714,1,6.176091259055681,0.8,1,rheumatoid arthritis,0.6438818495401559
0.0,4.356708826689592,1.0,0,24,1.439285714285714,5,6.176091259055681,0.64,1,rheumatoid arthritis,0.773243489543201
2.0,3.258096538021482,0.5,0,48,1.439285714285714,1,6.176091259055681,0.36,1,rheumatoid arthritis,0.4927643052131794
0.0,5.204006687076795,1.0,0,24,1.439285714285714,5,6.176091259055681,0.64,1,rheumatoid arthritis,0.7859529574490091
1.0,2.4849066497880004,0.5,0,36,1.439285714285714,1,6.176091259055681,0.64,1,rheumatoid arthritis,0.5651664568896771
4.0,3.784189633918261,0.5,0,36,1.439285714285714,1,6.176091259055681,0.8,0,rheumatoid arthritis,0.632655701651631
0.0,2.9444389791664403,0.5,0,24,1.439285714285714,1,6.176091259055681,0.64,1,rheumatoid arthritis,0.5720594418303537
0.0,0.0,0.5,0,24,1.439285714285714,1,6.176091259055681,0.64,0,rheumatoid arthritis,0.5278928571428572
3.0,6.340359303727752,1.0,0,60,1.439285714285714,5,6.176091259055681,0.58,1,rheumatoid arthritis,0.7849982466987734
1.0,0.6931471805599453,0.5,0,36,1.439285714285714,1,6.176091259055681,0.64,0,rheumatoid arthritis,0.5382900648512563
0.0,5.093750200806762,1.0,0,24,1.439285714285714,5,6.176091259055681,0.64,1,rheumatoid arthritis,0.7842991101549586
1.0,3.1354942159291497,1.0,0,36,1.439285714285714,5,6.176091259055681,0.64,1,rheumatoid arthritis,0.7549252703817944
0.0,9.133675287040697,1.0,0,24,1.439285714285714,5,6.176091259055681,0.64,1,rheumatoid arthritis,0.8448979864484676
0.0,6.318968113746434,0.5,0,24,1.439285714285714,1,6.176091259055681,0.64,1,rheumatoid arthritis,0.6226773788490537
0.0,4.787491742782046,1.0,0,24,1.439285714285714,5,6.176091259055681,0.64,0,rheumatoid arthritis,0.7797052332845877
4.0,4.61512051684126,0.5,0,36,1.439285714285714,1,6.176091259055681,0.8,1,rheumatoid arthritis,0.645119664895476
0.0,10.858152485527174,1.0,0,24,1.439285714285714,5,6.176091259055681,0.64,1,rheumatoid arthritis,0.8707651444257647
0.0,2.772588722239781,0.5,0,24,1.439285714285714,1,6.176091259055681,0.64,1,rheumatoid arthritis,0.5694816879764539
1.0,3.332204510175204,1.0,0,36,1.439285714285714,5,6.176091259055681,0.64,1,rheumatoid arthritis,0.7578759247954852
0.0,6.371611847231857,0.5,0,24,1.439285714285714,1,6.176091259055681,0.64,1,rheumatoid arthritis,0.623467034851335
1.0,4.61512051684126,1.0,0,36,1.439285714285714,5,6.176091259055681,0.64,1,rheumatoid arthritis,0.777119664895476
0.0,4.30406509320417,1.0,0,24,1.439285714285714,5,6.176091259055681,0.64,1,rheumatoid arthritis,0.7724538335409197
2.0,4.442651256490317,1.0,0,48,1.439285714285714,5,6.176091259055681,0.36,1,rheumatoid arthritis,0.6905326259902119
4.0,2.833213344056216,0.5,0,36,1.439285714285714,1,6.176091259055681,0.8,0,rheumatoid arthritis,0.6183910573037004
0.0,10.323282824952447,0.5,0,24,1.439285714285714,1,6.176091259055681,0.64,1,rheumatoid arthritis,0.6827420995171438
3.0,6.248042874508429,1.0,0,60,1.439285714285714,5,6.176091259055681,0.58,1,rheumatoid arthritis,0.7836135002604835
0.0,5.5254529391317835,1.0,0,24,1.439285714285714,5,6.176091259055681,0.64,0,rheumatoid arthritis,0.7907746512298338
0.0,3.713572066704308,0.5,0,24,1.439285714285714,1,6.176091259055681,0.64,1,rheumatoid arthritis,0.5835964381434218
0.0,5.365976015021851,0.5,0,24,1.439285714285714,1,6.176091259055681,0.64,1,rheumatoid arthritis,0.608382497368185
0.0,0.0,0.5,0,24,1.439285714285714,1,6.176091259055681,0.64,0,rheumatoid arthritis,0.5278928571428572
1.0,2.5649493574615367,1.0,0,36,1.439285714285714,5,6.176091259055681,0.64,1,rheumatoid arthritis,0.7463670975047801
0.0,3.367295829986474,1.0,0,24,1.439285714285714,5,6.176091259055681,0.64,0,rheumatoid arthritis,0.7584022945926542
2.0,2.772588722239781,0.5,0,48,1.439285714285714,1,6.176091259055681,0.36,1,rheumatoid arthritis,0.48548168797645386
0.0,6.218600119691729,0.5,0,24,1.439285714285714,1,6.176091259055681,0.64,1,rheumatoid arthritis,0.6211718589382331
3.0,7.978310969867722,1.0,0,60,1.439285714285714,5,6.176091259055681,0.58,0,rheumatoid arthritis,0.8095675216908729
2.0,6.577861357721047,1.0,0,48,1.439285714285714,5,6.176091259055681,0.36,1,rheumatoid arthritis,0.7225607775086729
0.0,4.204692619390966,0.5,0,24,1.439285714285714,1,6.176091259055681,0.64,1,rheumatoid arthritis,0.5909632464337217
1.0,3.2188758248682006,0.5,0,36,1.439285714285714,1,6.176091259055681,0.64,1,rheumatoid arthritis,0.5761759945158802
0.0,3.6109179126442243,0.5,0,24,1.439285714285714,1,6.176091259055681,0.64,1,rheumatoid arthritis,0.5820566258325205
4.0,2.9444389791664403,0.5,0,36,1.439285714285714,1,6.176091259055681,0.8,1,rheumatoid arthritis,0.6200594418303537
0.0,4.060443010546419,0.5,0,24,1.439285714285714,1,6.176091259055681,0.64,1,rheumatoid arthritis,0.5887995023010535
0.0,3.6109179126442243,0.5,0,24,1.439285714285714,1,6.176091259055681,0.64,1,rheumatoid arthritis,0.5820566258325205
0.0,3.091042453358316,0.5,0,24,1.439285714285714,1,6.176091259055681,0.64,1,rheumatoid arthritis,0.5742584939432319
3.0,6.1224928095143865,1.0,0,60,1.439285714285714,5,6.176091259055681,0.58,1,rheumatoid arthritis,0.7817302492855729
0.0,4.634728988229636,0.5,0,24,1.439285714285714,1,6.176091259055681,0.64,1,rheumatoid arthritis,0.5974137919663017
1.0,3.4339872044851463,0.5,0,36,1.439285714285714,1,6.176091259055681,0.64,1,rheumatoid arthritis,0.5794026652101344
0.0,5.707110264748875,0.5,0,24,1.439285714285714,1,6.176091259055681,0.64,1,rheumatoid arthritis,0.6134995111140903
4.0,0.0,0.5,0,36,1.439285714285714,1,6.176091259055681,0.8,0,rheumatoid arthritis,0.5758928571428571
0.0,5.53338948872752,1.0,0,24,1.439285714285714,5,6.176091259055681,0.64,1,rheumatoid arthritis,0.7908936994737699
0.0,5.707110264748875,0.5,0,24,1.439285714285714,1,6.176091259055681,0.64,1,rheumatoid arthritis,0.6134995111140903
0.0,4.110873864173311,0.5,0,24,1.439285714285714,1,6.176091259055681,0.64,1,rheumatoid arthritis,0.5895559651054568
1.0,3.6375861597263857,1.0,0,36,1.439285714285714,5,6.176091259055681,0.64,1,rheumatoid arthritis,0.7624566495387529
2.0,3.258096538021482,1.0,0,48,1.439285714285714,5,6.176091259055681,0.36,1,rheumatoid arthritis,0.6727643052131793
3.0,6.405228458030842,1.0,0,60,1.439285714285714,5,6.176091259055681,0.58,1,rheumatoid arthritis,0.7859712840133197
0.0,5.093750200806762,0.5,0,24,1.439285714285714,1,6.176091259055681,0.64,1,rheumatoid arthritis,0.6042991101549586
0.0,7.601402334583733,0.5,0,24,1.439285714285714,1,6.176091259055681,0.64,1,rheumatoid arthritis,0.6419138921616132
0.0,6.35088571671474,0.5,0,24,1.439285714285714,1,6.176091259055681,0.64,1,rheumatoid arthritis,0.6231561428935782
0.0,5.017279836814924,0.5,0,24,1.439285714285714,1,6.176091259055681,0.64,0,rheumatoid arthritis,0.603152054695081
0.0,3.295836866004329,0.5,0,24,1.439285714285714,1,6.176091259055681,0.64,1,rheumatoid arthritis,0.5773304101329221
0.0,0.0,0.5,0,24,1.439285714285714,1,6.176091259055681,0.64,0,rheumatoid arthritis,0.5278928571428572
0.0,4.248495242049359,0.5,0,24,1.439285714285714,1,6.176091259055681,0.64,1,rheumatoid arthritis,0.5916202857735976
0.0,4.499809670330265,0.5,0,24,1.439285714285714,1,6.176091259055681,0.64,1,rheumatoid arthritis,0.5953900021978111
0.0,6.823286122355687,0.5,0,24,1.439285714285714,1,6.176091259055681,0.64,1,rheumatoid arthritis,0.6302421489781924
0.0,5.765191102784844,0.5,0,24,1.439285714285714,1,6.176091259055681,0.64,1,rheumatoid arthritis,0.6143707236846299
0.0,2.4849066497880004,0.5,0,24,1.439285714285714,1,6.176091259055681,0.64,1,rheumatoid arthritis,0.5651664568896771
1.0,4.189654742026425,1.0,0,36,1.439285714285714,5,6.176091259055681,0.64,1,rheumatoid arthritis,0.7707376782732535
0.0,8.345692873253865,1.0,0,24,1.439285714285714,5,6.176091259055681,0.64,1,rheumatoid arthritis,0.833078250241665
0.0,5.4510384535657,0.5,0,24,1.439285714285714,1,6.176091259055681,0.64,1,rheumatoid arthritis,0.6096584339463427
0.0,4.31748811353631,0.5,0,24,1.439285714285714,1,6.176091259055681,0.64,1,rheumatoid arthritis,0.5926551788459018
0.0,3.8066624897703196,0.5,0,24,1.439285714285714,1,6.176091259055681,0.64,1,rheumatoid arthritis,0.584992794489412
0.0,6.025865973825314,1.0,0,24,1.439285714285714,5,6.176091259055681,0.64,1,rheumatoid arthritis,0.7982808467502368
0.0,0.0,0.5,0,24,1.439285714285714,1,6.176091259055681,0.64,0,rheumatoid arthritis,0.5278928571428572
4.0,2.3978952727983707,0.5,0,36,1.439285714285714,1,6.176091259055681,0.8,1,rheumatoid arthritis,0.6118612862348327
0.0,3.258096538021482,0.5,0,24,1.439285714285714,1,6.176091259055681,0.64,1,rheumatoid arthritis,0.5767643052131795
0.0,5.293304824724492,1.0,0,24,1.439285714285714,5,6.176091259055681,0.64,1,rheumatoid arthritis,0.7872924295137245
0.0,7.334981878871814,1.0,0,24,1.439285714285714,5,6.176091259055681,0.64,1,rheumatoid arthritis,0.8179175853259343
2.0,5.017279836814924,0.5,0,48,1.439285714285714,1,6.176091259055681,0.36,1,rheumatoid arthritis,0.519152054695081
3.0,0.0,0.5,0,60,1.439285714285714,1,6.176091259055681,0.58,0,rheumatoid arthritis,0.5098928571428571
0.0,4.174387269895637,0.5,0,24,1.439285714285714,1,6.176091259055681,0.64,1,rheumatoid arthritis,0.5905086661912917
0.0,4.04305126783455,0.5,0,24,1.439285714285714,1,6.176091259055681,0.64,1,rheumatoid arthritis,0.5885386261603754
0.0,3.044522437723423,0.5,0,24,1.439285714285714,1,6.176091259055681,0.64,1,rheumatoid arthritis,0.5735606937087085
0.0,6.626717749249025,1.0,0,24,1.439285714285714,5,6.176091259055681,0.64,1,rheumatoid arthritis,0.8072936233815925
0.0,6.508769136971682,0.5,0,24,1.439285714285714,1,6.176091259055681,0.64,1,rheumatoid arthritis,0.6255243941974324
4.0,4.174387269895637,0.5,0,36,1.439285714285714,1,6.176091259055681,0.8,1,rheumatoid arthritis,0.6385086661912917
0.0,7.309212365692763,1.0,0,24,1.439285714285714,5,6.176091259055681,0.64,1,rheumatoid arthritis,0.8175310426282485
0.0,6.826545223556594,0.5,0,24,1.439285714285714,1,6.176091259055681,0.64,1,rheumatoid arthritis,0.630291035496206
0.0,7.226209010100671,0.5,0,24,1.439285714285714,1,6.176091259055681,0.64,1,rheumatoid arthritis,0.6362859922943672
2.0,4.787491742782046,1.0,0,48,1.439285714285714,5,6.176091259055681,0.36,1,rheumatoid arthritis,0.6957052332845878
0.0,4.31748811353631,0.5,0,24,1.439285714285714,1,6.176091259055681,0.64,1,rheumatoid arthritis,0.5926551788459018
2.0,4.997212273764115,0.5,0,48,1.439285714285714,1,6.176091259055681,0.36,1,rheumatoid arthritis,0.5188510412493188
0.0,5.056245805348308,0.5,0,24,1.439285714285714,1,6.176091259055681,0.64,1,rheumatoid arthritis,0.6037365442230818
4.0,4.653960350157523,0.5,0,36,1.439285714285714,1,6.176091259055681,0.8,1,rheumatoid arthritis,0.64570226239522
2.0,4.5217885770490405,0.5,0,48,1.439285714285714,1,6.176091259055681,0.36,1,rheumatoid arthritis,0.5117196857985927
0.0,6.651571873589727,0.5,0,24,1.439285714285714,1,6.176091259055681,0.64,1,rheumatoid arthritis,0.6276664352467031
0.0,3.8918202981106265,0.5,0,24,1.439285714285714,1,6.176091259055681,0.64,1,rheumatoid arthritis,0.5862701616145165
0.0,8.517393171418904,0.5,0,24,1.439285714285714,1,6.176091259055681,0.64,1,rheumatoid arthritis,0.6556537547141408
4.0,1.3862943611198906,0.6,0,36,1.439285714285714,1,6.176091259055681,0.8,0,rheumatoid arthritis,0.6166872725596555
2.0,3.367295829986474,1.0,0,48,1.439285714285714,5,6.176091259055681,0.36,1,rheumatoid arthritis,0.6744022945926542
0.0,6.246106765481563,0.5,0,24,1.439285714285714,1,6.176091259055681,0.64,0,rheumatoid arthritis,0.6215844586250806
1.0,3.6635616461296463,1.0,0,36,1.439285714285714,5,6.176091259055681,0.64,1,rheumatoid arthritis,0.7628462818348017
0.0,2.3978952727983707,0.5,0,24,1.439285714285714,1,6.176091259055681,0.64,1,rheumatoid arthritis,0.5638612862348327
1.0,4.51085950651685,1.0,0,36,1.439285714285714,5,6.176091259055681,0.64,1,rheumatoid arthritis,0.7755557497406098
0.0,10.452995282894463,1.0,0,24,1.439285714285714,5,6.176091259055681,0.64,1,rheumatoid arthritis,0.8646877863862741
4.0,4.3694478524670215,0.5,0,36,1.439285714285714,1,6.176091259055681,0.8,1,rheumatoid arthritis,0.6414345749298624
0.0,5.564520407322694,0.5,0,24,1.439285714285714,1,6.176091259055681,0.64,1,rheumatoid arthritis,0.6113606632526976
4.0,7.183870715062453,1.0,0,36,1.439285714285714,5,6.176091259055681,0.8,1,rheumatoid arthritis,0.8636509178687939
0.0,4.143134726391533,0.5,0,24,1.439285714285714,1,6.176091259055681,0.64,1,rheumatoid arthritis,0.5900398780387301
0.0,4.31748811353631,0.5,0,24,1.439285714285714,1,6.176091259055681,0.64,1,rheumatoid arthritis,0.5926551788459018
2.0,0.0,0.5,0,48,1.439285714285714,1,6.176091259055681,0.36,0,rheumatoid arthritis,0.44389285714285714
3.0,6.507277712385012,1.0,0,60,1.439285714285714,5,6.176091259055681,0.58,1,rheumatoid arthritis,0.7875020228286322
2.0,6.133398042996649,1.0,0,48,1.439285714285714,5,6.176091259055681,0.36,1,rheumatoid arthritis,0.7158938277878069
0.0,5.303304908059076,1.0,0,24,1.439285714285714,5,6.176091259055681,0.64,0,rheumatoid arthritis,0.7874424307637432
0.0,11.051112202908191,0.5,0,24,1.439285714285714,1,6.176091259055681,0.64,1,rheumatoid arthritis,0.69365954018648
0.0,5.602118820879701,0.5,0,24,1.439285714285714,1,6.176091259055681,0.64,1,rheumatoid arthritis,0.6119246394560527
0.0,1.0986122886681098,0.5,0,24,1.439285714285714,1,6.176091259055681,0.64,0,rheumatoid arthritis,0.5443720414728788
2.0,3.1354942159291497,0.5,0,48,1.439285714285714,1,6.176091259055681,0.36,1,rheumatoid arthritis,0.4909252703817944
0.0,3.5553480614894135,0.5,0,24,1.439285714285714,1,6.176091259055681,0.64,1,rheumatoid arthritis,0.5812230780651984
0.0,4.795790545596741,0.5,0,24,1.439285714285714,1,6.176091259055681,0.64,1,rheumatoid arthritis,0.5998297153268083
0.0,3.9512437185814275,1.0,0,24,1.439285714285714,5,6.176091259055681,0.64,1,rheumatoid arthritis,0.7671615129215785
0.0,4.276666119016055,0.6,0,24,1.439285714285714,1,6.176091259055681,0.64,1,rheumatoid arthritis,0.612042848928098
4.0,2.833213344056216,0.5,0,36,1.439285714285714,1,6.176091259055681,0.8,1,rheumatoid arthritis,0.6183910573037004
0.0,11.802261169418665,0.5,0,24,1.439285714285714,1,6.176091259055681,0.64,1,rheumatoid arthritis,0.7049267746841371
0.0,2.3978952727983707,0.5,0,24,1.439285714285714,1,6.176091259055681,0.64,1,rheumatoid arthritis,0.5638612862348327
0.0,4.653960350157523,0.5,0,24,1.439285714285714,1,6.176091259055681,0.64,1,rheumatoid arthritis,0.59770226239522
0.0,10.290958397272014,0.5,0,24,1.439285714285714,1,6.176091259055681,0.64,1,rheumatoid arthritis,0.6822572331019374
0.0,4.110873864173311,0.5,0,24,1.439285714285714,1,6.176091259055681,0.64,1,rheumatoid arthritis,0.5895559651054568
3.0,4.948759890378168,1.0,0,60,1.439285714285714,5,6.176091259055681,0.58,1,rheumatoid arthritis,0.7641242554985296
3.0,5.187385805840755,0.5,0,60,1.439285714285714,1,6.176091259055681,0.58,1,rheumatoid arthritis,0.5877036442304685
0.0,4.110873864173311,0.5,0,24,1.439285714285714,1,6.176091259055681,0.64,1,rheumatoid arthritis,0.5895559651054568
2.0,0.0,0.5,0,48,1.439285714285714,1,6.176091259055681,0.36,0,rheumatoid arthritis,0.44389285714285714
0.0,5.402677381872279,0.5,0,24,1.439285714285714,1,6.176091259055681,0.64,0,rheumatoid arthritis,0.6089330178709413
0.0,6.282266746896006,1.0,0,24,1.439285714285714,5,6.176091259055681,0.64,1,rheumatoid arthritis,0.8021268583462972
0.0,3.9889840465642745,0.5,0,24,1.439285714285714,1,6.176091259055681,0.64,0,rheumatoid arthritis,0.5877276178413213
2.0,0.0,1.0,0,48,1.439285714285714,5,6.176091259055681,0.36,0,rheumatoid arthritis,0.6238928571428571
0.0,5.37989735354046,0.5,0,24,1.439285714285714,1,6.176091259055681,0.64,1,rheumatoid arthritis,0.6085913174459641
0.0,6.29156913955832,0.5,0,24,1.439285714285714,1,6.176091259055681,0.64,0,rheumatoid arthritis,0.622266394236232
0.0,4.795790545596741,0.6,0,24,1.439285714285714,1,6.176091259055681,0.64,1,rheumatoid arthritis,0.6198297153268083
2.0,2.772588722239781,0.5,0,48,1.439285714285714,1,6.176091259055681,0.36,1,rheumatoid arthritis,0.48548168797645386
1.0,3.713572066704308,1.0,0,36,1.439285714285714,5,6.176091259055681,0.64,1,rheumatoid arthritis,0.7635964381434217
2.0,3.8918202981106265,0.5,0,48,1.439285714285714,1,6.176091259055681,0.36,1,rheumatoid arthritis,0.5022701616145165
0.0,4.564348191467836,0.5,0,24,1.439285714285714,1,6.176091259055681,0.64,1,rheumatoid arthritis,0.5963580800148747
2.0,6.161207321695077,1.0,0,48,1.439285714285714,5,6.176091259055681,0.36,0,rheumatoid arthritis,0.7163109669682833
1.0,1.791759469228055,1.0,0,36,1.439285714285714,5,6.176091259055681,0.64,0,rheumatoid arthritis,0.734769249181278
0.0,3.2188758248682006,0.5,0,24,1.439285714285714,1,6.176091259055681,0.64,1,rheumatoid arthritis,0.5761759945158802
0.0,5.8888779583328805,0.5,0,24,1.439285714285714,1,6.176091259055681,0.64,1,rheumatoid arthritis,0.6162260265178504
0.0,5.945420608606575,0.5,0,24,1.439285714285714,1,6.176091259055681,0.64,1,rheumatoid arthritis,0.6170741662719558
0.0,4.110873864173311,0.6,0,24,1.439285714285714,1,6.176091259055681,0.64,1,rheumatoid arthritis,0.6095559651054568
0.0,4.290459441148391,0.5,0,24,1.439285714285714,1,6.176091259055681,0.64,1,rheumatoid arthritis,0.5922497487600831
0.0,3.784189633918261,0.5,0,24,1.439285714285714,1,6.176091259055681,0.64,1,rheumatoid arthritis,0.584655701651631
4.0,3.9318256327243257,0.5,0,36,1.439285714285714,1,6.176091259055681,0.8,1,rheumatoid arthritis,0.634870241633722
0.0,4.110873864173311,0.5,0,24,1.439285714285714,1,6.176091259055681,0.64,1,rheumatoid arthritis,0.5895559651054568
0.0,4.454347296253507,0.5,0,24,1.439285714285714,1,6.176091259055681,0.64,1,rheumatoid arthritis,0.5947080665866598
0.0,4.51085950651685,0.5,0,24,1.439285714285714,1,6.176091259055681,0.64,1,rheumatoid arthritis,0.5955557497406099
2.0,3.044522437723423,1.0,0,48,1.439285714285714,5,6.176091259055681,0.36,0,rheumatoid arthritis,0.6695606937087085
2.0,3.4339872044851463,1.0,0,48,1.439285714285714,5,6.176091259055681,0.36,0,rheumatoid arthritis,0.6754026652101344
0.0,4.07753744390572,0.5,0,24,1.439285714285714,1,6.176091259055681,0.64,1,rheumatoid arthritis,0.5890559188014429
0.5,0.0,0.5,0,24,1.439285714285714,1,6.176091259055681,0.64,0,rheumatoid arthritis,0.5278928571428572
0.0,3.044522437723423,0.5,0,24,1.439285714285714,1,6.176091259055681,0.64,1,rheumatoid arthritis,0.5735606937087085
2.0,4.61512051684126,0.5,0,48,1.439285714285714,1,6.176091259055681,0.36,1,rheumatoid arthritis,0.513119664895476
0.0,4.962844630259907,0.5,0,24,1.439285714285714,1,6.176091259055681,0.64,1,rheumatoid arthritis,0.6023355265967558
0.0,5.198497031265826,0.5,0,24,1.439285714285714,1,6.176091259055681,0.64,1,rheumatoid arthritis,0.6058703126118445
0.0,4.77912349311153,0.5,0,24,1.439285714285714,1,6.176091259055681,0.64,1,rheumatoid arthritis,0.5995797095395301
2.0,5.556828061699537,0.8,0,48,1.439285714285714,3,6.176091259055681,0.36,0,rheumatoid arthritis,0.6272452780683502
0.0,4.762173934797756,1.0,0,24,1.439285714285714,5,6.176091259055681,0.64,1,rheumatoid arthritis,0.7793254661648235
0.0,6.2166061010848646,0.5,0,24,1.439285714285714,1,6.176091259055681,0.64,0,rheumatoid arthritis,0.6211419486591301
0.0,3.1780538303479458,0.5,0,24,1.439285714285714,1,6.176091259055681,0.64,1,rheumatoid arthritis,0.5755636645980764
0.0,5.703782474656201,0.5,0,24,1.439285714285714,1,6.176091259055681,0.64,1,rheumatoid arthritis,0.6134495942627002
2.0,4.90527477843843,1.0,0,48,1.439285714285714,5,6.176091259055681,0.36,1,rheumatoid arthritis,0.6974719788194336
0.0,4.23410650459726,0.5,0,24,1.439285714285714,1,6.176091259055681,0.64,1,rheumatoid arthritis,0.591404454711816
0.0,4.61512051684126,0.5,0,24,1.439285714285714,1,6.176091259055681,0.64,1,rheumatoid arthritis,0.5971196648954761
0.0,5.0238805208462765,0.5,0,24,1.439285714285714,1,6.176091259055681,0.64,1,rheumatoid arthritis,0.6032510649555514
0.0,3.713572066704308,0.5,0,24,1.439285714285714,1,6.176091259055681,0.64,1,rheumatoid arthritis,0.5835964381434218
0.0,3.9318256327243257,0.5,0,24,1.439285714285714,1,6.176091259055681,0.64,1,rheumatoid arthritis,0.586870241633722
0.0,5.214935757608986,0.5,0,24,1.439285714285714,1,6.176091259055681,0.64,1,rheumatoid arthritis,0.6061168935069919
3.0,9.79456514531194,1.0,0,60,1.439285714285714,5,6.176091259055681,0.58,1,rheumatoid arthritis,0.8368113343225362
1.0,1.0986122886681098,0.5,0,36,1.439285714285714,1,6.176091259055681,0.64,1,rheumatoid arthritis,0.5443720414728788
2.0,5.056245805348308,1.0,0,48,1.439285714285714,5,6.176091259055681,0.36,1,rheumatoid arthritis,0.6997365442230817
0.0,4.454347296253507,0.5,0,24,1.439285714285714,1,6.176091259055681,0.64,1,rheumatoid arthritis,0.5947080665866598
0.0,5.099866427824199,0.5,0,24,1.439285714285714,1,6.176091259055681,0.64,1,rheumatoid arthritis,0.6043908535602202
1.0,3.2188758248682006,1.0,0,36,1.439285714285714,5,6.176091259055681,0.64,1,rheumatoid arthritis,0.7561759945158801
0.0,0.0,0.5,0,24,1.439285714285714,1,6.176091259055681,0.64,0,rheumatoid arthritis,0.5278928571428572
0.0,4.110873864173311,0.5,0,24,1.439285714285714,1,6.176091259055681,0.64,1,rheumatoid arthritis,0.5895559651054568
0.0,3.8501476017100584,0.5,0,24,1.439285714285714,1,6.176091259055681,0.64,1,rheumatoid arthritis,0.5856450711685081
0.0,5.303304908059076,0.5,0,24,1.439285714285714,1,6.176091259055681,0.64,1,rheumatoid arthritis,0.6074424307637433
0.0,6.040254711277414,0.5,0,24,1.439285714285714,1,6.176091259055681,0.64,1,rheumatoid arthritis,0.6184966778120183
0.0,3.044522437723423,1.0,0,24,1.439285714285714,5,6.176091259055681,0.64,0,rheumatoid arthritis,0.7535606937087085
0.0,2.6390573296152584,0.5,0,24,1.439285714285714,1,6.176091259055681,0.64,1,rheumatoid arthritis,0.5674787170870861
0.0,2.3978952727983707,0.5,0,24,1.439285714285714,1,6.176091259055681,0.64,1,rheumatoid arthritis,0.5638612862348327
0.0,4.532599493153256,0.5,0,24,1.439285714285714,1,6.176091259055681,0.64,1,rheumatoid arthritis,0.595881849540156
3.0,5.220355825078324,0.5,0,60,1.439285714285714,1,6.176091259055681,0.58,1,rheumatoid arthritis,0.588198194519032
1.0,2.8903717578961645,1.0,0,36,1.439285714285714,5,6.176091259055681,0.64,1,rheumatoid arthritis,0.7512484335112996
0.0,6.210600077024653,1.0,0,24,1.439285714285714,5,6.176091259055681,0.64,1,rheumatoid arthritis,0.8010518582982269
0.0,4.51085950651685,0.5,0,24,1.439285714285714,1,6.176091259055681,0.64,1,rheumatoid arthritis,0.5955557497406099
3.0,2.70805020110221,1.0,0,60,1.439285714285714,5,6.176091259055681,0.58,1,rheumatoid arthritis,0.7305136101593902
0.0,5.707110264748875,0.5,0,24,1.439285714285714,1,6.176091259055681,0.64,1,rheumatoid arthritis,0.6134995111140903
0.0,5.707110264748875,0.5,0,24,1.439285714285714,1,6.176091259055681,0.64,1,rheumatoid arthritis,0.6134995111140903
2.0,4.532599493153256,0.5,0,48,1.439285714285714,1,6.176091259055681,0.36,1,rheumatoid arthritis,0.511881849540156
0.0,3.2188758248682006,0.5,0,24,1.439285714285714,1,6.176091259055681,0.64,1,rheumatoid arthritis,0.5761759945158802
0.5,4.07753744390572,0.5,0,24,1.439285714285714,1,6.176091259055681,0.64,0,rheumatoid arthritis,0.5890559188014429
2.0,4.59511985013459,1.0,0,48,1.439285714285714,5,6.176091259055681,0.36,1,rheumatoid arthritis,0.692819654894876
1.0,5.707110264748875,0.5,0,36,1.439285714285714,1,6.176091259055681,0.64,1,rheumatoid arthritis,0.6134995111140903
1.0,1.9459101490553132,1.0,0,36,1.439285714285714,5,6.176091259055681,0.64,1,rheumatoid arthritis,0.7370815093786868
2.0,3.4657359027997265,1.0,0,48,1.439285714285714,5,6.176091259055681,0.36,0,rheumatoid arthritis,0.675878895684853
1.0,3.8066624897703196,1.0,0,36,1.439285714285714,5,6.176091259055681,0.64,1,rheumatoid arthritis,0.7649927944894119
0.0,4.61512051684126,0.5,0,24,1.439285714285714,1,6.176091259055681,0.64,1,rheumatoid arthritis,0.5971196648954761
4.0,6.7357800142423265,0.5,0,36,1.439285714285714,1,6.176091259055681,0.8,1,rheumatoid arthritis,0.676929557356492
0.0,6.102558594613569,0.5,0,24,1.439285714285714,1,6.176091259055681,0.64,1,rheumatoid arthritis,0.6194312360620607
0.0,4.820281565605037,0.6,0,24,1.439285714285714,1,6.176091259055681,0.64,1,rheumatoid arthritis,0.6201970806269327
0.0,4.7535901911063645,0.5,0,24,1.439285714285714,1,6.176091259055681,0.64,1,rheumatoid arthritis,0.5991967100094526
0.0,2.9444389791664403,0.5,0,24,1.439285714285714,1,6.176091259055681,0.64,1,rheumatoid arthritis,0.5720594418303537
0.0,5.560681631015528,0.5,0,24,1.439285714285714,1,6.176091259055681,0.64,1,rheumatoid arthritis,0.6113030816080901
0.0,4.02535169073515,0.5,0,24,1.439285714285714,1,6.176091259055681,0.64,1,rheumatoid arthritis,0.5882731325038844
0.0,3.295836866004329,0.5,0,24,1.439285714285714,1,6.176091259055681,0.64,1,rheumatoid arthritis,0.5773304101329221
0.0,3.8501476017100584,0.5,0,24,1.439285714285714,1,6.176091259055681,0.64,1,rheumatoid arthritis,0.5856450711685081
0.0,3.295836866004329,0.5,0,24,1.439285714285714,1,6.176091259055681,0.64,1,rheumatoid arthritis,0.5773304101329221
0.0,3.8066624897703196,0.6,0,24,1.439285714285714,1,6.176091259055681,0.64,1,rheumatoid arthritis,0.604992794489412
0.0,6.617402977974478,0.6,0,24,1.439285714285714,1,6.176091259055681,0.64,1,rheumatoid arthritis,0.6471539018124743
4.0,7.69484807238461,0.5,0,36,1.439285714285714,1,6.176091259055681,0.8,1,rheumatoid arthritis,0.6913155782286262
0.0,11.568473694269667,0.5,0,24,1.439285714285714,1,6.176091259055681,0.64,1,rheumatoid arthritis,0.7014199625569022
0.0,3.713572066704308,0.5,0,24,1.439285714285714,1,6.176091259055681,0.64,1,rheumatoid arthritis,0.5835964381434218
2.0,3.9889840465642745,1.0,0,48,1.439285714285714,5,6.176091259055681,0.36,1,rheumatoid arthritis,0.6837276178413213
1.0,3.1354942159291497,1.0,0,36,1.439285714285714,5,6.176091259055681,0.64,1,rheumatoid arthritis,0.7549252703817944
2.0,0.0,0.5,0,48,1.439285714285714,1,6.176091259055681,0.36,0,rheumatoid arthritis,0.44389285714285714
2.0,0.0,0.5,0,48,1.439285714285714,1,6.176091259055681,0.36,0,rheumatoid arthritis,0.44389285714285714
3.0,5.3981627015177525,0.5,0,60,1.439285714285714,1,6.176091259055681,0.58,1,rheumatoid arthritis,0.5908652976656235
0.0,4.624972813284271,0.5,0,24,1.439285714285714,1,6.176091259055681,0.64,1,rheumatoid arthritis,0.5972674493421212
1.0,3.258096538021482,0.6,0,36,1.439285714285714,1,6.176091259055681,0.64,1,rheumatoid arthritis,0.5967643052131795
0.0,1.791759469228055,0.5,0,24,1.439285714285714,1,6.176091259055681,0.64,1,rheumatoid arthritis,0.554769249181278
2.0,5.099866427824199,1.0,0,48,1.439285714285714,5,6.176091259055681,0.36,1,rheumatoid arthritis,0.7003908535602201
0.0,3.9318256327243257,0.5,0,24,1.439285714285714,1,6.176091259055681,0.64,1,rheumatoid arthritis,0.586870241633722
0.0,4.2626798770413155,0.5,0,24,1.439285714285714,1,6.176091259055681,0.64,1,rheumatoid arthritis,0.5918330552984769
0.0,3.2188758248682006,0.5,0,24,1.439285714285714,1,6.176091259055681,0.64,1,rheumatoid arthritis,0.5761759945158802
0.0,5.017279836814924,0.5,0,24,1.439285714285714,1,6.176091259055681,0.64,1,rheumatoid arthritis,0.603152054695081
1.0,3.4965075614664802,0.5,0,36,1.439285714285714,1,6.176091259055681,0.64,1,rheumatoid arthritis,0.5803404705648544
0.0,4.61512051684126,0.5,0,24,1.439285714285714,1,6.176091259055681,0.64,1,rheumatoid arthritis,0.5971196648954761
0.0,5.986452005284438,0.5,0,24,1.439285714285714,1,6.176091259055681,0.64,1,rheumatoid arthritis,0.6176896372221237
3.0,6.2766434893416445,1.0,0,60,1.439285714285714,5,6.176091259055681,0.58,1,rheumatoid arthritis,0.7840425094829817
0.0,7.44600149832412,1.0,0,24,1.439285714285714,5,6.176091259055681,0.64,1,rheumatoid arthritis,0.8195828796177189
0.0,2.6390573296152584,0.5,0,24,1.439285714285714,1,6.176091259055681,0.64,1,rheumatoid arthritis,0.5674787170870861
0.0,1.6094379124341003,0.5,0,24,1.439285714285714,1,6.176091259055681,0.64,0,rheumatoid arthritis,0.5520344258293687
1.0,1.3862943611198906,0.5,0,36,1.439285714285714,1,6.176091259055681,0.64,0,rheumatoid arthritis,0.5486872725596555
1.0,2.8903717578961645,1.0,0,36,1.439285714285714,5,6.176091259055681,0.64,1,rheumatoid arthritis,0.7512484335112996
0.0,4.204692619390966,0.5,0,24,1.439285714285714,1,6.176091259055681,0.64,1,rheumatoid arthritis,0.5909632464337217
1.0,3.5263605246161616,1.0,0,36,1.439285714285714,5,6.176091259055681,0.64,1,rheumatoid arthritis,0.7607882650120995
0.0,4.248495242049359,0.5,0,24,1.439285714285714,1,6.176091259055681,0.64,1,rheumatoid arthritis,0.5916202857735976
0.0,6.222576268071369,0.5,0,24,1.439285714285714,1,6.176091259055681,0.64,1,rheumatoid arthritis,0.6212315011639277
0.0,4.709530201312334,0.6,0,24,1.439285714285714,1,6.176091259055681,0.64,1,rheumatoid arthritis,0.6185358101625422
0.0,0.0,0.5,0,24,1.439285714285714,1,6.176091259055681,0.64,0,rheumatoid arthritis,0.5278928571428572
0.0,3.871201010907891,0.5,0,24,1.439285714285714,1,6.176091259055681,0.64,1,rheumatoid arthritis,0.5859608723064755
0.0,5.204006687076795,0.5,0,24,1.439285714285714,1,6.176091259055681,0.64,1,rheumatoid arthritis,0.6059529574490091
0.0,3.7612001156935624,0.5,0,24,1.439285714285714,1,6.176091259055681,0.64,1,rheumatoid arthritis,0.5843108588782606
2.0,4.983606621708336,1.0,0,48,1.439285714285714,5,6.176091259055681,0.36,1,rheumatoid arthritis,0.6986469564684822
0.0,7.7706452341291765,1.0,0,24,1.439285714285714,5,6.176091259055681,0.64,1,rheumatoid arthritis,0.8244525356547947
0.0,11.568473694269667,0.5,0,24,1.439285714285714,1,6.176091259055681,0.64,1,rheumatoid arthritis,0.7014199625569022
3.0,3.2188758248682006,0.5,0,60,1.439285714285714,1,6.176091259055681,0.58,1,rheumatoid arthritis,0.5581759945158802
0.0,5.10594547390058,0.5,0,24,1.439285714285714,1,6.176091259055681,0.64,1,rheumatoid arthritis,0.6044820392513659
0.0,8.962904128092928,1.0,0,24,1.439285714285714,5,6.176091259055681,0.64,1,rheumatoid arthritis,0.842336419064251
2.0,4.948759890378168,1.0,0,48,1.439285714285714,5,6.176091259055681,0.36,1,rheumatoid arthritis,0.6981242554985296
1.0,3.4339872044851463,0.5,0,36,1.439285714285714,1,6.176091259055681,0.64,1,rheumatoid arthritis,0.5794026652101344
2.0,4.51085950651685,0.5,0,48,1.439285714285714,1,6.176091259055681,0.36,1,rheumatoid arthritis,0.5115557497406099
2.0,5.332718793265369,1.0,0,48,1.439285714285714,5,6.176091259055681,0.36,1,rheumatoid arthritis,0.7038836390418377
2.0,3.332204510175204,0.5,0,48,1.439285714285714,1,6.176091259055681,0.36,1,rheumatoid arthritis,0.4938759247954852
1.0,0.0,0.5,0,36,1.439285714285714,1,6.176091259055681,0.64,0,rheumatoid arthritis,0.5278928571428572
3.0,5.318119993844216,1.0,0,60,1.439285714285714,5,6.176091259055681,0.58,1,rheumatoid arthritis,0.7696646570505203
0.0,4.110873864173311,0.5,0,24,1.439285714285714,1,6.176091259055681,0.64,1,rheumatoid arthritis,0.5895559651054568
1.0,4.219507705176107,0.5,0,36,1.439285714285714,1,6.176091259055681,0.64,1,rheumatoid arthritis,0.5911854727204988
0.0,3.8501476017100584,0.5,0,24,1.439285714285714,1,6.176091259055681,0.64,1,rheumatoid arthritis,0.5856450711685081
0.0,2.70805020110221,1.0,0,24,1.439285714285714,5,6.176091259055681,0.64,1,rheumatoid arthritis,0.7485136101593902
3.0,6.156978985585555,1.0,0,60,1.439285714285714,5,6.176091259055681,0.58,1,rheumatoid arthritis,0.7822475419266404
0.0,3.2188758248682006,1.0,0,24,1.439285714285714,5,6.176091259055681,0.64,0,rheumatoid arthritis,0.7561759945158801
2.0,0.0,1.0,0,48,1.439285714285714,5,6.176091259055681,0.36,0,rheumatoid arthritis,0.6238928571428571
2.0,1.3862943611198906,0.5,0,48,1.439285714285714,1,6.176091259055681,0.36,0,rheumatoid arthritis,0.4646872725596555
0.0,6.803505257608338,0.7,0,24,1.439285714285714,2,6.176091259055681,0.64,1,rheumatoid arthritis,0.6899454360069822
1.0,3.2188758248682006,1.0,0,36,1.439285714285714,5,6.176091259055681,0.64,1,rheumatoid arthritis,0.7561759945158801
0.0,3.9318256327243257,0.5,0,24,1.439285714285714,1,6.176091259055681,0.64,1,rheumatoid arthritis,0.586870241633722
0.0,7.587310506022615,1.0,0,24,1.439285714285714,5,6.176091259055681,0.64,1,rheumatoid arthritis,0.8217025147331963
0.0,4.007333185232471,0.5,0,24,1.439285714285714,1,6.176091259055681,0.64,1,rheumatoid arthritis,0.5880028549213442
0.0,5.198497031265826,1.0,0,24,1.439285714285714,5,6.176091259055681,0.64,1,rheumatoid arthritis,0.7858703126118445
0.0,4.110873864173311,0.5,0,24,1.439285714285714,1,6.176091259055681,0.64,1,rheumatoid arthritis,0.5895559651054568
0.0,1.6094379124341003,0.5,0,24,1.439285714285714,1,6.176091259055681,0.64,0,rheumatoid arthritis,0.5520344258293687
2.0,4.624972813284271,1.0,0,48,1.439285714285714,5,6.176091259055681,0.36,1,rheumatoid arthritis,0.6932674493421211
0.0,4.442651256490317,0.5,0,24,1.439285714285714,1,6.176091259055681,0.64,1,rheumatoid arthritis,0.594532625990212
0.0,4.736198448394496,0.5,0,24,1.439285714285714,1,6.176091259055681,0.64,1,rheumatoid arthritis,0.5989358338687746
2.0,4.836281906951478,1.0,0,48,1.439285714285714,5,6.176091259055681,0.36,1,rheumatoid arthritis,0.6964370857471293
0.0,4.110873864173311,0.5,0,24,1.439285714285714,1,6.176091259055681,0.64,1,rheumatoid arthritis,0.5895559651054568
0.0,4.962844630259907,0.5,0,24,1.439285714285714,1,6.176091259055681,0.64,1,rheumatoid arthritis,0.6023355265967558
1.0,2.70805020110221,1.0,0,36,1.439285714285714,5,6.176091259055681,0.64,1,rheumatoid arthritis,0.7485136101593902
0.0,3.970291913552122,0.5,0,24,1.439285714285714,1,6.176091259055681,0.64,0,rheumatoid arthritis,0.587447235846139
0.0,5.765191102784844,1.0,0,24,1.439285714285714,5,6.176091259055681,0.64,1,rheumatoid arthritis,0.7943707236846298
0.0,5.308267697401205,0.5,0,24,1.439285714285714,1,6.176091259055681,0.64,1,rheumatoid arthritis,0.6075168726038752
0.0,4.624972813284271,0.5,0,24,1.439285714285714,1,6.176091259055681,0.64,1,rheumatoid arthritis,0.5972674493421212
0.0,4.543294782270004,1.0,0,24,1.439285714285714,5,6.176091259055681,0.64,1,rheumatoid arthritis,0.7760422788769071
0.0,4.110873864173311,0.6,0,24,1.439285714285714,1,6.176091259055681,0.64,1,rheumatoid arthritis,0.6095559651054568
2.0,5.529429087511423,1.0,0,48,1.439285714285714,5,6.176091259055681,0.36,1,rheumatoid arthritis,0.7068342934555285
2.0,6.198478716492308,1.0,0,48,1.439285714285714,5,6.176091259055681,0.36,0,rheumatoid arthritis,0.7168700378902417
2.0,4.672828834461906,1.0,0,48,1.439285714285714,5,6.176091259055681,0.36,1,rheumatoid arthritis,0.6939852896597857
0.0,7.457609289715606,0.6,0,24,1.439285714285714,1,6.176091259055681,0.64,1,rheumatoid arthritis,0.6597569964885912
0.0,3.4339872044851463,0.5,0,24,1.439285714285714,1,6.176091259055681,0.64,1,rheumatoid arthritis,0.5794026652101344
0.0,0.0,0.5,0,24,1.439285714285714,1,6.176091259055681,0.64,0,rheumatoid arthritis,0.5278928571428572
0.0,1.9459101490553132,0.5,0,24,1.439285714285714,1,6.176091259055681,0.64,1,rheumatoid arthritis,0.5570815093786868
1.0,4.1588830833596715,1.0,0,36,1.439285714285714,5,6.176091259055681,0.64,1,rheumatoid arthritis,0.7702761033932521
0.0,13.371421038879342,0.5,0,24,1.439285714285714,1,6.176091259055681,0.64,1,rheumatoid arthritis,0.7284641727260472
4.0,4.553876891600541,0.5,0,36,1.439285714285714,1,6.176091259055681,0.8,1,rheumatoid arthritis,0.6442010105168652
0.0,4.060443010546419,0.5,0,24,1.439285714285714,1,6.176091259055681,0.64,1,rheumatoid arthritis,0.5887995023010535
3.0,5.135798437050262,1.0,0,60,1.439285714285714,5,6.176091259055681,0.58,0,rheumatoid arthritis,0.766929833698611
0.0,3.4339872044851463,0.5,0,24,1.439285714285714,1,6.176091259055681,0.64,1,rheumatoid arthritis,0.5794026652101344
1.0,3.4339872044851463,0.5,0,36,1.439285714285714,1,6.176091259055681,0.64,1,rheumatoid arthritis,0.5794026652101344
1.0,3.4965075614664802,1.0,0,36,1.439285714285714,5,6.176091259055681,0.64,1,rheumatoid arthritis,0.7603404705648543
2.0,2.302585092994046,0.5,0,48,1.439285714285714,1,6.176091259055681,0.36,1,rheumatoid arthritis,0.47843163353776785
4.0,4.61512051684126,0.5,0,36,1.439285714285714,1,6.176091259055681,0.8,1,rheumatoid arthritis,0.645119664895476
3.0,4.51085950651685,0.5,0,60,1.439285714285714,1,6.176091259055681,0.58,1,rheumatoid arthritis,0.5775557497406099
0.0,4.394449154672439,0.5,0,24,1.439285714285714,1,6.176091259055681,0.64,1,rheumatoid arthritis,0.5938095944629438
0.0,6.419994928147142,1.0,0,24,1.439285714285714,5,6.176091259055681,0.64,1,rheumatoid arthritis,0.8041927810650642
0.0,4.8283137373023015,1.0,0,24,1.439285714285714,5,6.176091259055681,0.64,1,rheumatoid arthritis,0.7803175632023917
0.0,3.9318256327243257,0.5,0,24,1.439285714285714,1,6.176091259055681,0.64,1,rheumatoid arthritis,0.586870241633722
2.0,4.110873864173311,0.5,0,48,1.439285714285714,1,6.176091259055681,0.36,1,rheumatoid arthritis,0.5055559651054569
0.0,5.5134287461649825,0.5,0,24,1.439285714285714,1,6.176091259055681,0.64,1,rheumatoid arthritis,0.6105942883353319
0.0,3.912023005428146,0.5,0,24,1.439285714285714,1,6.176091259055681,0.64,1,rheumatoid arthritis,0.5865732022242793
1.0,2.772588722239781,0.5,0,36,1.439285714285714,1,6.176091259055681,0.64,1,rheumatoid arthritis,0.5694816879764539
0.0,3.9318256327243257,0.5,0,24,1.439285714285714,1,6.176091259055681,0.64,1,rheumatoid arthritis,0.586870241633722
0.0,6.499787040655854,0.5,0,24,1.439285714285714,1,6.176091259055681,0.64,1,rheumatoid arthritis,0.6253896627526949
2.0,3.4965075614664802,0.5,0,48,1.439285714285714,1,6.176091259055681,0.36,1,rheumatoid arthritis,0.49634047056485436
1.0,4.04305126783455,1.0,0,36,1.439285714285714,5,6.176091259055681,0.64,1,rheumatoid arthritis,0.7685386261603754
0.0,2.70805020110221,0.5,0,24,1.439285714285714,1,6.176091259055681,0.64,1,rheumatoid arthritis,0.5685136101593903
0.0,5.545177444479562,1.0,0,24,1.439285714285714,5,6.176091259055681,0.64,1,rheumatoid arthritis,0.7910705188100505
2.0,3.4339872044851463,0.5,0,48,1.439285714285714,1,6.176091259055681,0.36,1,rheumatoid arthritis,0.4954026652101343
0.0,3.713572066704308,0.5,0,24,1.439285714285714,1,6.176091259055681,0.64,1,rheumatoid arthritis,0.5835964381434218
1.0,5.017279836814924,1.0,0,36,1.439285714285714,5,6.176091259055681,0.64,1,rheumatoid arthritis,0.783152054695081
2.0,4.852030263919617,1.0,0,48,1.439285714285714,5,6.176091259055681,0.36,1,rheumatoid arthritis,0.6966733111016514
0.0,4.189654742026425,0.5,0,24,1.439285714285714,1,6.176091259055681,0.64,1,rheumatoid arthritis,0.5907376782732535
2.0,5.204006687076795,1.0,0,48,1.439285714285714,5,6.176091259055681,0.36,1,rheumatoid arthritis,0.7019529574490091
0.0,5.5909869805108565,0.5,0,24,1.439285714285714,1,6.176091259055681,0.64,1,rheumatoid arthritis,0.61175766185052
0.0,3.8501476017100584,0.5,0,24,1.439285714285714,1,6.176091259055681,0.64,1,rheumatoid arthritis,0.5856450711685081
1.0,3.1780538303479458,0.5,0,36,1.439285714285714,1,6.176091259055681,0.64,0,rheumatoid arthritis,0.5755636645980764
0.0,1.791759469228055,0.5,0,24,1.439285714285714,1,6.176091259055681,0.64,0,rheumatoid arthritis,0.554769249181278
0.0,4.584967478670572,1.0,0,24,1.439285714285714,5,6.176091259055681,0.64,1,rheumatoid arthritis,0.7766673693229157
0.0,3.8501476017100584,0.5,0,24,1.439285714285714,1,6.176091259055681,0.64,1,rheumatoid arthritis,0.5856450711685081
0.0,5.1647859739235145,0.5,0,24,1.439285714285714,1,6.176091259055681,0.64,1,rheumatoid arthritis,0.6053646467517099
2.0,5.517452896464707,1.0,0,48,1.439285714285714,5,6.176091259055681,0.36,1,rheumatoid arthritis,0.7066546505898278
0.0,3.258096538021482,0.5,0,24,1.439285714285714,1,6.176091259055681,0.64,1,rheumatoid arthritis,0.5767643052131795
0.0,3.713572066704308,0.5,0,24,1.439285714285714,1,6.176091259055681,0.64,1,rheumatoid arthritis,0.5835964381434218
0.0,4.31748811353631,0.5,0,24,1.439285714285714,1,6.176091259055681,0.64,1,rheumatoid arthritis,0.5926551788459018
1.0,3.4657359027997265,1.0,0,36,1.439285714285714,5,6.176091259055681,0.64,1,rheumatoid arthritis,0.759878895684853
0.0,6.408528791059498,0.5,0,24,1.439285714285714,1,6.176091259055681,0.64,1,rheumatoid arthritis,0.6240207890087497
0.0,2.995732273553991,0.5,0,24,1.439285714285714,1,6.176091259055681,0.64,1,rheumatoid arthritis,0.5728288412461671
2.0,3.091042453358316,1.0,0,48,1.439285714285714,5,6.176091259055681,0.36,1,rheumatoid arthritis,0.6702584939432319
2.0,4.477336814478207,0.5,0,48,1.439285714285714,1,6.176091259055681,0.36,1,rheumatoid arthritis,0.5110529093600302
0.0,3.044522437723423,0.5,0,24,1.439285714285714,1,6.176091259055681,0.64,1,rheumatoid arthritis,0.5735606937087085
0.0,0.0,1.0,0,24,1.439285714285714,5,6.176091259055681,0.64,0,rheumatoid arthritis,0.7078928571428571
0.0,3.295836866004329,0.5,0,24,1.439285714285714,1,6.176091259055681,0.64,1,rheumatoid arthritis,0.5773304101329221
0.0,3.828641396489095,0.5,0,24,1.439285714285714,1,6.176091259055681,0.64,1,rheumatoid arthritis,0.5853224780901936
2.0,4.2626798770413155,0.5,0,48,1.439285714285714,1,6.176091259055681,0.36,1,rheumatoid arthritis,0.5078330552984769
4.0,3.9512437185814275,0.5,0,36,1.439285714285714,1,6.176091259055681,0.8,1,rheumatoid arthritis,0.6351615129215785
0.0,3.367295829986474,0.8,0,24,1.439285714285714,3,6.176091259055681,0.64,1,rheumatoid arthritis,0.6784022945926542
0.0,4.477336814478207,1.0,0,24,1.439285714285714,5,6.176091259055681,0.64,1,rheumatoid arthritis,0.7750529093600302
0.0,3.6888794541139363,0.5,0,24,1.439285714285714,1,6.176091259055681,0.64,1,rheumatoid arthritis,0.5832260489545662
4.0,1.791759469228055,0.5,0,36,1.439285714285714,1,6.176091259055681,0.8,0,rheumatoid arthritis,0.6027692491812779
0.0,4.454347296253507,0.5,0,24,1.439285714285714,1,6.176091259055681,0.64,1,rheumatoid arthritis,0.5947080665866598
0.0,5.332718793265369,0.5,0,24,1.439285714285714,1,6.176091259055681,0.64,1,rheumatoid arthritis,0.6078836390418377
0.0,2.0794415416798357,1.0,0,24,1.439285714285714,5,6.176091259055681,0.64,0,rheumatoid arthritis,0.7390844802680546
0.0,6.621405651764134,0.5,0,24,1.439285714285714,1,6.176091259055681,0.64,1,rheumatoid arthritis,0.6272139419193192
0.0,4.969813299576001,1.0,0,24,1.439285714285714,5,6.176091259055681,0.64,1,rheumatoid arthritis,0.7824400566364971
4.0,3.912023005428146,0.5,0,36,1.439285714285714,1,6.176091259055681,0.8,1,rheumatoid arthritis,0.6345732022242793
0.0,5.438079308923196,0.5,0,24,1.439285714285714,1,6.176091259055681,0.64,1,rheumatoid arthritis,0.6094640467767051
1.0,3.4339872044851463,1.0,0,36,1.439285714285714,5,6.176091259055681,0.64,1,rheumatoid arthritis,0.7594026652101343
0.0,4.48863636973214,0.5,0,24,1.439285714285714,1,6.176091259055681,0.64,1,rheumatoid arthritis,0.5952224026888393
0.0,3.091042453358316,0.5,0,24,1.439285714285714,1,6.176091259055681,0.64,1,rheumatoid arthritis,0.5742584939432319
0.0,8.849083518532339,0.5,0,24,1.439285714285714,1,6.176091259055681,0.64,1,rheumatoid arthritis,0.6606291099208422
1.0,3.4657359027997265,0.5,0,36,1.439285714285714,1,6.176091259055681,0.64,1,rheumatoid arthritis,0.5798788956848531
0.0,3.713572066704308,0.5,0,24,1.439285714285714,1,6.176091259055681,0.64,1,rheumatoid arthritis,0.5835964381434218
0.0,2.772588722239781,0.5,0,24,1.439285714285714,1,6.176091259055681,0.64,1,rheumatoid arthritis,0.5694816879764539
0.0,7.173958319756794,1.0,0,24,1.439285714285714,5,6.176091259055681,0.64,1,rheumatoid arthritis,0.815502231939209
3.0,4.77912349311153,1.0,0,60,1.439285714285714,5,6.176091259055681,0.58,1,rheumatoid arthritis,0.76157970953953
0.0,5.030437921392435,0.5,0,24,1.439285714285714,1,6.176091259055681,0.64,1,rheumatoid arthritis,0.6033494259637437
0.0,3.4965075614664802,0.5,0,24,1.439285714285714,1,6.176091259055681,0.64,1,rheumatoid arthritis,0.5803404705648544
0.0,4.30406509320417,0.5,0,24,1.439285714285714,1,6.176091259055681,0.64,1,rheumatoid arthritis,0.5924538335409197
0.0,0.0,0.5,0,24,1.439285714285714,1,6.176091259055681,0.64,0,rheumatoid arthritis,0.5278928571428572
1.0,2.3978952727983707,1.0,0,36,1.439285714285714,5,6.176091259055681,0.64,1,rheumatoid arthritis,0.7438612862348326
2.0,4.290459441148391,1.0,0,48,1.439285714285714,5,6.176091259055681,0.36,1,rheumatoid arthritis,0.688249748760083
0.0,4.2626798770413155,0.5,0,24,1.439285714285714,1,6.176091259055681,0.64,1,rheumatoid arthritis,0.5918330552984769
0.0,5.017279836814924,0.5,0,24,1.439285714285714,1,6.176091259055681,0.64,1,rheumatoid arthritis,0.603152054695081
0.0,3.713572066704308,0.5,0,24,1.439285714285714,1,6.176091259055681,0.64,1,rheumatoid arthritis,0.5835964381434218
0.0,4.02535169073515,1.0,0,24,1.439285714285714,5,6.176091259055681,0.64,1,rheumatoid arthritis,0.7682731325038843
1.0,0.0,1.0,0,36,1.439285714285714,5,6.176091259055681,0.64,0,rheumatoid arthritis,0.7078928571428571
2.0,3.044522437723423,1.0,0,48,1.439285714285714,5,6.176091259055681,0.36,0,rheumatoid arthritis,0.6695606937087085
2.0,5.497168225293202,1.0,0,48,1.439285714285714,5,6.176091259055681,0.36,1,rheumatoid arthritis,0.7063503805222552
0.0,7.699842407396986,1.0,0,24,1.439285714285714,5,6.176091259055681,0.64,1,rheumatoid arthritis,0.8233904932538119
0.0,4.174387269895637,0.5,0,24,1.439285714285714,1,6.176091259055681,0.64,1,rheumatoid arthritis,0.5905086661912917
1.0,4.110873864173311,1.0,0,36,1.439285714285714,5,6.176091259055681,0.64,1,rheumatoid arthritis,0.7695559651054568
0.0,5.081404364984463,0.5,0,24,1.439285714285714,1,6.176091259055681,0.64,1,rheumatoid arthritis,0.6041139226176241
2.0,5.278114659230517,1.0,0,48,1.439285714285714,5,6.176091259055681,0.36,0,rheumatoid arthritis,0.7030645770313149
1.0,5.5909869805108565,1.0,0,36,1.439285714285714,5,6.176091259055681,0.64,1,rheumatoid arthritis,0.79175766185052
1.0,0.0,0.8,0,36,1.439285714285714,3,6.176091259055681,0.64,0,rheumatoid arthritis,0.6278928571428571
0.0,5.783825182329737,1.0,0,24,1.439285714285714,5,6.176091259055681,0.64,1,rheumatoid arthritis,0.7946502348778032
0.0,6.914730892718563,0.5,0,24,1.439285714285714,1,6.176091259055681,0.64,1,rheumatoid arthritis,0.6316138205336356
0.0,0.0,1.0,0,24,1.439285714285714,5,6.176091259055681,0.64,0,rheumatoid arthritis,0.7078928571428571
1.0,3.5263605246161616,1.0,0,36,1.439285714285714,5,6.176091259055681,0.64,0,rheumatoid arthritis,0.7607882650120995
1.0,4.248495242049359,1.0,0,36,1.439285714285714,5,6.176091259055681,0.64,1,rheumatoid arthritis,0.7716202857735975
4.0,6.135564891081739,1.0,0,36,1.439285714285714,5,6.176091259055681,0.8,1,rheumatoid arthritis,0.8479263305090832
2.0,5.579729825986222,1.0,0,48,1.439285714285714,5,6.176091259055681,0.36,1,rheumatoid arthritis,0.7075888045326505
1.0,4.6913478822291435,1.0,0,36,1.439285714285714,5,6.176091259055681,0.64,1,rheumatoid arthritis,0.7782630753762942
2.0,0.6931471805599453,0.5,0,48,1.439285714285714,1,6.176091259055681,0.36,0,rheumatoid arthritis,0.45429006485125634
0.0,6.90875477931522,0.5,0,24,1.439285714285714,1,6.176091259055681,0.64,1,rheumatoid arthritis,0.6315241788325855
0.0,4.219507705176107,0.5,0,24,1.439285714285714,1,6.176091259055681,0.64,1,rheumatoid arthritis,0.5911854727204988
0.0,5.3981627015177525,0.5,0,24,1.439285714285714,1,6.176091259055681,0.64,1,rheumatoid arthritis,0.6088652976656235
0.0,4.110873864173311,0.5,0,24,1.439285714285714,1,6.176091259055681,0.64,1,rheumatoid arthritis,0.5895559651054568
0.0,4.110873864173311,0.5,0,24,1.439285714285714,1,6.176091259055681,0.64,1,rheumatoid arthritis,0.5895559651054568
0.0,3.5553480614894135,0.5,0,24,1.439285714285714,1,6.176091259055681,0.64,1,rheumatoid arthritis,0.5812230780651984
0.0,1.3862943611198906,0.5,0,24,1.439285714285714,1,6.176091259055681,0.64,0,rheumatoid arthritis,0.5486872725596555
0.0,4.110873864173311,0.5,0,24,1.439285714285714,1,6.176091259055681,0.64,1,rheumatoid arthritis,0.5895559651054568
0.0,2.995732273553991,0.5,0,24,1.439285714285714,1,6.176091259055681,0.64,1,rheumatoid arthritis,0.5728288412461671
0.0,3.912023005428146,0.5,0,24,1.439285714285714,1,6.176091259055681,0.64,1,rheumatoid arthritis,0.5865732022242793
0.0,4.174387269895637,0.5,0,24,1.439285714285714,1,6.176091259055681,0.64,1,rheumatoid arthritis,0.5905086661912917
0.0,2.8903717578961645,0.5,0,24,1.439285714285714,1,6.176091259055681,0.64,1,rheumatoid arthritis,0.5712484335112996
2.0,1.0986122886681098,0.8,0,48,1.439285714285714,3,6.176091259055681,0.36,0,rheumatoid arthritis,0.5603720414728788
0.0,4.61512051684126,0.6,0,24,1.439285714285714,1,6.176091259055681,0.64,1,rheumatoid arthritis,0.6171196648954761
0.0,4.51085950651685,0.6,0,24,1.439285714285714,1,6.176091259055681,0.64,1,rheumatoid arthritis,0.6155557497406099
0.0,4.174387269895637,0.6,0,24,1.439285714285714,1,6.176091259055681,0.64,1,rheumatoid arthritis,0.6105086661912917
0.0,4.465908118654584,0.5,0,24,1.439285714285714,1,6.176091259055681,0.64,1,rheumatoid arthritis,0.594881478922676
0.0,3.258096538021482,0.5,0,24,1.439285714285714,1,6.176091259055681,0.64,1,rheumatoid arthritis,0.5767643052131795
0.0,5.765191102784844,0.5,0,24,1.439285714285714,1,6.176091259055681,0.64,1,rheumatoid arthritis,0.6143707236846299
0.0,4.672828834461906,0.6,0,24,1.439285714285714,1,6.176091259055681,0.64,1,rheumatoid arthritis,0.6179852896597857
2.0,4.110873864173311,0.5,0,48,1.439285714285714,1,6.176091259055681,0.36,1,rheumatoid arthritis,0.5055559651054569
0.0,4.859812404361672,0.5,0,24,1.439285714285714,1,6.176091259055681,0.64,1,rheumatoid arthritis,0.6007900432082822
1.0,4.007333185232471,1.0,0,36,1.439285714285714,5,6.176091259055681,0.64,1,rheumatoid arthritis,0.7680028549213441
0.0,3.4339872044851463,0.5,0,24,1.439285714285714,1,6.176091259055681,0.64,1,rheumatoid arthritis,0.5794026652101344
1.0,0.0,1.0,0,36,1.439285714285714,5,6.176091259055681,0.64,0,rheumatoid arthritis,0.7078928571428571
4.0,3.6888794541139363,0.5,0,36,1.439285714285714,1,6.176091259055681,0.8,1,rheumatoid arthritis,0.6312260489545661
0.0,3.044522437723423,0.5,0,24,1.439285714285714,1,6.176091259055681,0.64,1,rheumatoid arthritis,0.5735606937087085
0.0,3.044522437723423,0.5,0,24,1.439285714285714,1,6.176091259055681,0.64,1,rheumatoid arthritis,0.5735606937087085
3.0,0.0,1.0,0,60,1.439285714285714,5,6.176091259055681,0.58,0,rheumatoid arthritis,0.6898928571428571
0.0,4.007333185232471,0.5,0,24,1.439285714285714,1,6.176091259055681,0.64,1,rheumatoid arthritis,0.5880028549213442
2.0,0.0,0.5,0,48,1.439285714285714,1,6.176091259055681,0.36,0,rheumatoid arthritis,0.44389285714285714
0.0,1.3862943611198906,0.5,0,24,1.439285714285714,1,6.176091259055681,0.64,0,rheumatoid arthritis,0.5486872725596555
0.0,4.875197323201151,0.5,0,24,1.439285714285714,1,6.176091259055681,0.64,1,rheumatoid arthritis,0.6010208169908744
3.0,4.48863636973214,0.5,0,60,1.439285714285714,1,6.176091259055681,0.58,1,rheumatoid arthritis,0.5772224026888393
3.0,0.0,1.0,0,60,1.439285714285714,5,6.176091259055681,0.58,0,rheumatoid arthritis,0.6898928571428571
0.0,4.330733340286331,1.0,0,24,1.439285714285714,5,6.176091259055681,0.64,1,rheumatoid arthritis,0.772853857247152
1.0,3.713572066704308,1.0,0,36,1.439285714285714,5,6.176091259055681,0.64,1,rheumatoid arthritis,0.7635964381434217
2.0,4.290459441148391,0.5,0,48,1.439285714285714,1,6.176091259055681,0.36,1,rheumatoid arthritis,0.508249748760083
0.0,4.74493212836325,0.5,0,24,1.439285714285714,1,6.176091259055681,0.64,0,rheumatoid arthritis,0.5990668390683059
3.0,6.144185634125646,1.0,0,60,1.439285714285714,5,6.176091259055681,0.58,1,rheumatoid arthritis,0.7820556416547417
0.0,3.4339872044851463,0.5,0,24,1.439285714285714,1,6.176091259055681,0.64,1,rheumatoid arthritis,0.5794026652101344
3.0,6.220590170099739,1.0,0,60,1.439285714285714,5,6.176091259055681,0.58,1,rheumatoid arthritis,0.7832017096943532
2.0,4.6443908991413725,1.0,0,48,1.439285714285714,5,6.176091259055681,0.36,1,rheumatoid arthritis,0.6935587206299777
0.0,4.110873864173311,0.5,0,24,1.439285714285714,1,6.176091259055681,0.64,1,rheumatoid arthritis,0.5895559651054568
3.0,0.0,0.6,0,60,1.439285714285714,1,6.176091259055681,0.58,0,rheumatoid arthritis,0.5298928571428572
0.0,3.1354942159291497,0.5,0,24,1.439285714285714,1,6.176091259055681,0.64,1,rheumatoid arthritis,0.5749252703817944
0.0,4.060443010546419,0.5,0,24,1.5814285714285714,1,5.6020599913279625,0.64,1,multiple sclerosis,0.6101209308724821
2.0,3.258096538021482,0.5,0,48,1.5814285714285714,1,5.6020599913279625,0.36,1,multiple sclerosis,0.514085733784608
2.0,5.198497031265826,1.0,0,48,1.5814285714285714,5,5.6020599913279625,0.36,1,multiple sclerosis,0.7231917411832731
2.0,3.713572066704308,1.0,0,48,1.5814285714285714,5,5.6020599913279625,0.36,1,multiple sclerosis,0.7009178667148503
3.0,4.9344739331306915,1.0,0,60,1.5814285714285714,5,5.6020599913279625,0.58,1,multiple sclerosis,0.785231394711246
0.0,4.276666119016055,0.5,0,24,1.5814285714285714,1,5.6020599913279625,0.64,1,multiple sclerosis,0.6133642774995266
3.0,4.653960350157523,1.0,0,60,1.5814285714285714,5,5.6020599913279625,0.58,1,multiple sclerosis,0.7810236909666486
1.0,2.302585092994046,0.5,0,36,1.5814285714285714,1,5.6020599913279625,0.64,1,multiple sclerosis,0.5837530621091964
1.0,3.871201010907891,1.0,0,36,1.5814285714285714,5,5.6020599913279625,0.64,1,multiple sclerosis,0.7872823008779041
0.0,8.75904072752422,1.0,0,24,1.5814285714285714,5,5.6020599913279625,0.64,1,multiple sclerosis,0.860599896627149
1.0,3.6635616461296463,0.5,0,36,1.5814285714285714,1,5.6020599913279625,0.64,1,multiple sclerosis,0.6041677104062304
2.0,2.833213344056216,0.5,0,48,1.5814285714285714,1,5.6020599913279625,0.36,1,multiple sclerosis,0.507712485875129
1.0,3.4965075614664802,1.0,0,36,1.5814285714285714,5,5.6020599913279625,0.64,0,multiple sclerosis,0.7816618991362829
1.0,3.58351893845611,0.5,0,36,1.5814285714285714,1,5.6020599913279625,0.64,1,multiple sclerosis,0.6029670697911275
3.0,7.518607216815252,1.0,0,60,1.5814285714285714,5,5.6020599913279625,0.58,1,multiple sclerosis,0.8239933939665145
0.0,3.713572066704308,0.5,0,24,1.5814285714285714,1,5.6020599913279625,0.64,1,multiple sclerosis,0.6049178667148504
0.0,3.6635616461296463,1.0,0,24,1.5814285714285714,5,5.6020599913279625,0.64,1,multiple sclerosis,0.7841677104062303
0.0,4.127134385045092,1.0,0,24,1.5814285714285714,5,5.6020599913279625,0.64,1,multiple sclerosis,0.7911213014899621
3.0,0.0,0.5,0,60,1.5814285714285714,1,5.6020599913279625,0.58,0,multiple sclerosis,0.5312142857142857
0.0,0.0,0.5,0,24,1.5814285714285714,1,5.6020599913279625,0.64,0,multiple sclerosis,0.5492142857142858
4.0,3.784189633918261,0.5,0,36,1.5814285714285714,1,5.6020599913279625,0.8,1,multiple sclerosis,0.6539771302230596
2.0,4.672828834461906,1.0,0,48,1.5814285714285714,5,5.6020599913279625,0.36,1,multiple sclerosis,0.7153067182312143
0.0,4.584967478670572,0.5,0,24,1.5814285714285714,1,5.6020599913279625,0.64,1,multiple sclerosis,0.6179887978943444
2.0,4.584967478670572,1.0,0,48,1.5814285714285714,5,5.6020599913279625,0.36,1,multiple sclerosis,0.7139887978943443
1.0,3.8918202981106265,1.0,0,36,1.5814285714285714,5,5.6020599913279625,0.64,1,multiple sclerosis,0.7875915901859452
0.0,4.30406509320417,1.0,0,24,1.5814285714285714,5,5.6020599913279625,0.64,1,multiple sclerosis,0.7937752621123483
0.0,3.044522437723423,0.5,0,24,1.5814285714285714,1,5.6020599913279625,0.64,1,multiple sclerosis,0.5948821222801371
0.0,8.952475967933584,1.0,0,24,1.5814285714285714,5,5.6020599913279625,0.64,1,multiple sclerosis,0.8635014252332894
2.0,0.0,0.5,0,48,1.5814285714285714,1,5.6020599913279625,0.36,0,multiple sclerosis,0.46521428571428575
2.0,1.0986122886681098,0.5,0,48,1.5814285714285714,1,5.6020599913279625,0.36,1,multiple sclerosis,0.4816934700443074
0.0,2.3978952727983707,0.5,0,24,1.5814285714285714,1,5.6020599913279625,0.64,1,multiple sclerosis,0.5851827148062614
1.0,3.044522437723423,0.5,0,36,1.5814285714285714,1,5.6020599913279625,0.64,1,multiple sclerosis,0.5948821222801371
1.0,1.3862943611198906,1.0,0,36,1.5814285714285714,5,5.6020599913279625,0.64,0,multiple sclerosis,0.7500087011310841
0.0,3.044522437723423,0.5,0,24,1.5814285714285714,1,5.6020599913279625,0.64,1,multiple sclerosis,0.5948821222801371
0.0,5.303304908059076,0.5,0,24,1.5814285714285714,1,5.6020599913279625,0.64,1,multiple sclerosis,0.6287638593351719
3.0,4.110873864173311,1.0,0,60,1.5814285714285714,5,5.6020599913279625,0.58,1,multiple sclerosis,0.7728773936768853
3.0,7.247792581767846,1.0,0,60,1.5814285714285714,5,5.6020599913279625,0.58,1,multiple sclerosis,0.8199311744408033
1.0,2.833213344056216,1.0,0,36,1.5814285714285714,5,5.6020599913279625,0.64,1,multiple sclerosis,0.771712485875129
1.0,4.248495242049359,0.7,0,36,1.5814285714285714,2,5.6020599913279625,0.64,1,multiple sclerosis,0.6729417143450261
0.0,5.950642552587727,1.0,0,24,1.5814285714285714,5,5.6020599913279625,0.64,0,multiple sclerosis,0.8184739240031016
3.0,3.4011973816621555,1.0,0,60,1.5814285714285714,5,5.6020599913279625,0.58,0,multiple sclerosis,0.762232246439218
2.0,4.007333185232471,0.7,0,48,1.5814285714285714,2,5.6020599913279625,0.36,1,multiple sclerosis,0.5853242834927728
0.0,4.189654742026425,1.0,0,24,1.5814285714285714,5,5.6020599913279625,0.64,1,multiple sclerosis,0.7920591068446821
3.0,4.6443908991413725,1.0,0,60,1.5814285714285714,5,5.6020599913279625,0.58,1,multiple sclerosis,0.7808801492014062
0.0,3.6109179126442243,0.5,0,24,1.5814285714285714,1,5.6020599913279625,0.64,1,multiple sclerosis,0.6033780544039491
0.0,6.881411303642535,0.5,0,24,1.5814285714285714,1,5.6020599913279625,0.64,1,multiple sclerosis,0.6524354552689238
0.0,5.707110264748875,0.5,0,24,1.5814285714285714,1,5.6020599913279625,0.64,1,multiple sclerosis,0.6348209396855189
3.0,5.003946305945459,1.0,0,60,1.5814285714285714,5,5.6020599913279625,0.58,1,multiple sclerosis,0.7862734803034676
2.0,5.170483995038151,1.0,0,48,1.5814285714285714,5,5.6020599913279625,0.36,1,multiple sclerosis,0.722771545639858
1.0,3.5553480614894135,1.0,0,36,1.5814285714285714,5,5.6020599913279625,0.64,1,multiple sclerosis,0.7825445066366269
0.0,4.859812404361672,0.5,0,24,1.5814285714285714,1,5.6020599913279625,0.64,1,multiple sclerosis,0.6221114717797108
2.0,5.497168225293202,1.0,0,48,1.5814285714285714,5,5.6020599913279625,0.36,1,multiple sclerosis,0.7276718090936838
2.0,3.8501476017100584,1.0,0,48,1.5814285714285714,5,5.6020599913279625,0.36,1,multiple sclerosis,0.7029664997399366
2.0,4.189654742026425,0.8,0,48,1.5814285714285714,3,5.6020599913279625,0.36,1,multiple sclerosis,0.628059106844682
2.0,2.302585092994046,0.5,0,48,1.5814285714285714,1,5.6020599913279625,0.36,0,multiple sclerosis,0.49975306210919646
2.0,3.2188758248682006,0.5,0,48,1.5814285714285714,1,5.6020599913279625,0.36,1,multiple sclerosis,0.5134974230873087
2.0,2.3978952727983707,0.5,0,48,1.5814285714285714,1,5.6020599913279625,0.36,1,multiple sclerosis,0.5011827148062613
3.0,4.0943445622221,0.5,0,60,1.5814285714285714,1,5.6020599913279625,0.58,1,multiple sclerosis,0.5926294541476173
4.0,3.6635616461296463,1.0,0,36,1.5814285714285714,5,5.6020599913279625,0.8,1,multiple sclerosis,0.8321677104062304
1.0,3.713572066704308,1.0,0,36,1.5814285714285714,5,5.6020599913279625,0.64,1,multiple sclerosis,0.7849178667148503
1.0,3.8918202981106265,0.8,0,36,1.5814285714285714,3,5.6020599913279625,0.64,1,multiple sclerosis,0.7075915901859451
0.0,5.730099782973574,1.0,0,24,1.5814285714285714,5,5.6020599913279625,0.64,1,multiple sclerosis,0.8151657824588894
0.0,2.4849066497880004,0.8,0,24,1.5814285714285714,3,5.6020599913279625,0.64,0,multiple sclerosis,0.6864878854611057
1.0,3.713572066704308,0.5,0,36,1.5814285714285714,1,5.6020599913279625,0.64,1,multiple sclerosis,0.6049178667148504
2.0,3.367295829986474,0.5,0,48,1.5814285714285714,1,5.6020599913279625,0.36,1,multiple sclerosis,0.5157237231640829
2.0,5.831882477283517,1.0,0,48,1.5814285714285714,5,5.6020599913279625,0.36,0,multiple sclerosis,0.7326925228735385
0.0,10.488381147655819,1.0,0,24,1.5814285714285714,5,5.6020599913279625,0.64,1,multiple sclerosis,0.8865400029291229
0.0,4.890349128221754,0.5,0,24,1.5814285714285714,1,5.6020599913279625,0.64,1,multiple sclerosis,0.6225695226376121
4.0,6.960347729101308,1.0,0,36,1.5814285714285714,5,5.6020599913279625,0.8,1,multiple sclerosis,0.8816195016508054
0.0,2.9444389791664403,0.5,0,24,1.5814285714285714,1,5.6020599913279625,0.64,0,multiple sclerosis,0.5933808704017823
1.0,0.0,1.0,0,36,1.5814285714285714,5,5.6020599913279625,0.64,0,multiple sclerosis,0.7292142857142857
4.0,3.6109179126442243,0.5,0,36,1.5814285714285714,1,5.6020599913279625,0.8,0,multiple sclerosis,0.651378054403949
4.0,5.783825182329737,1.0,0,36,1.5814285714285714,5,5.6020599913279625,0.8,1,multiple sclerosis,0.8639716634492318
2.0,4.418840607796598,1.0,0,48,1.5814285714285714,5,5.6020599913279625,0.36,1,multiple sclerosis,0.7114968948312347
3.0,0.0,1.0,0,60,1.5814285714285714,5,5.6020599913279625,0.58,0,multiple sclerosis,0.7112142857142857
0.0,3.9318256327243257,0.5,0,24,1.5814285714285714,1,5.6020599913279625,0.64,1,multiple sclerosis,0.6081916702051506
4.0,2.995732273553991,0.6,0,36,1.5814285714285714,1,5.6020599913279625,0.8,1,multiple sclerosis,0.6621502698175956
1.0,4.61512051684126,0.5,0,36,1.5814285714285714,1,5.6020599913279625,0.64,1,multiple sclerosis,0.6184410934669047
2.0,6.018593214496234,1.0,0,48,1.5814285714285714,5,5.6020599913279625,0.36,1,multiple sclerosis,0.7354931839317292
0.0,4.442651256490317,0.6,0,24,1.5814285714285714,1,5.6020599913279625,0.64,1,multiple sclerosis,0.6358540545616405
4.0,3.828641396489095,0.5,0,36,1.5814285714285714,1,5.6020599913279625,0.8,0,multiple sclerosis,0.6546439066616221
3.0,6.954638864880987,1.0,0,60,1.5814285714285714,5,5.6020599913279625,0.58,0,multiple sclerosis,0.8155338686875004
0.0,6.342121418721152,1.0,0,24,1.5814285714285714,5,5.6020599913279625,0.64,1,multiple sclerosis,0.824346106995103
2.0,5.869296913133774,1.0,0,48,1.5814285714285714,5,5.6020599913279625,0.36,1,multiple sclerosis,0.7332537394112923
2.0,2.3978952727983707,0.5,0,48,1.5814285714285714,1,5.6020599913279625,0.36,1,multiple sclerosis,0.5011827148062613
3.0,7.790696031174738,1.0,0,60,1.5814285714285714,5,5.6020599913279625,0.58,1,multiple sclerosis,0.8280747261819068
2.0,3.258096538021482,0.5,0,48,1.5814285714285714,1,5.6020599913279625,0.36,1,multiple sclerosis,0.514085733784608
0.0,5.303304908059076,0.5,0,24,1.5814285714285714,1,5.6020599913279625,0.64,1,multiple sclerosis,0.6287638593351719
4.0,0.0,0.5,0,36,1.5814285714285714,1,5.6020599913279625,0.8,0,multiple sclerosis,0.5972142857142857
0.0,3.871201010907891,1.0,0,24,1.5814285714285714,5,5.6020599913279625,0.64,1,multiple sclerosis,0.7872823008779041
1.0,3.332204510175204,1.0,0,36,1.5814285714285714,5,5.6020599913279625,0.64,1,multiple sclerosis,0.7791973533669138
4.0,0.6931471805599453,0.5,0,36,1.5814285714285714,1,5.6020599913279625,0.8,0,multiple sclerosis,0.6076114934226848
1.0,3.8066624897703196,0.8,0,36,1.5814285714285714,3,5.6020599913279625,0.64,0,multiple sclerosis,0.7063142230608406
3.0,5.726847747587197,1.0,0,60,1.5814285714285714,5,5.6020599913279625,0.58,0,multiple sclerosis,0.7971170019280936
0.0,1.0986122886681098,0.5,0,24,1.5814285714285714,1,5.6020599913279625,0.64,0,multiple sclerosis,0.5656934700443074
3.0,8.325063693631197,1.0,0,60,1.5814285714285714,5,5.6020599913279625,0.58,1,multiple sclerosis,0.8360902411187536
2.0,4.110873864173311,0.5,0,48,1.5814285714285714,1,5.6020599913279625,0.36,1,multiple sclerosis,0.5268773936768854
3.0,3.58351893845611,0.5,0,60,1.5814285714285714,1,5.6020599913279625,0.58,1,multiple sclerosis,0.5849670697911274
0.0,4.844187086458591,0.5,0,24,1.5814285714285714,1,5.6020599913279625,0.64,1,multiple sclerosis,0.6218770920111646
0.0,5.176149732573829,1.0,0,24,1.5814285714285714,5,5.6020599913279625,0.64,1,multiple sclerosis,0.8068565317028932
0.0,7.00033446027523,1.0,0,24,1.5814285714285714,5,5.6020599913279625,0.64,1,multiple sclerosis,0.8342193026184141
3.0,4.442651256490317,1.0,0,60,1.5814285714285714,5,5.6020599913279625,0.58,0,multiple sclerosis,0.7778540545616405
0.0,3.7376696182833684,0.5,0,24,1.5814285714285714,1,5.6020599913279625,0.64,1,multiple sclerosis,0.6052793299885363
3.0,5.384495062789089,0.5,0,60,1.5814285714285714,1,5.6020599913279625,0.58,1,multiple sclerosis,0.611981711656122
3.0,3.6635616461296463,1.0,0,60,1.5814285714285714,5,5.6020599913279625,0.58,1,multiple sclerosis,0.7661677104062303
2.0,6.0112671744041615,1.0,0,48,1.5814285714285714,5,5.6020599913279625,0.36,1,multiple sclerosis,0.7353832933303481
0.0,6.9584483932976555,0.5,0,24,1.5814285714285714,1,5.6020599913279625,0.64,1,multiple sclerosis,0.6535910116137507
2.0,4.6913478822291435,1.0,0,48,1.5814285714285714,5,5.6020599913279625,0.36,1,multiple sclerosis,0.7155845039477229
0.0,3.4339872044851463,0.5,0,24,1.5814285714285714,1,5.6020599913279625,0.64,1,multiple sclerosis,0.600724093781563
1.0,3.4339872044851463,0.5,0,36,1.5814285714285714,1,5.6020599913279625,0.64,1,multiple sclerosis,0.600724093781563
0.0,5.673323267171493,1.0,0,24,1.5814285714285714,5,5.6020599913279625,0.64,1,multiple sclerosis,0.8143141347218581
0.0,5.602118820879701,0.5,0,24,1.5814285714285714,1,5.6020599913279625,0.64,1,multiple sclerosis,0.6332460680274813
1.0,3.044522437723423,1.0,0,36,1.5814285714285714,5,5.6020599913279625,0.64,1,multiple sclerosis,0.7748821222801371
1.0,2.5649493574615367,1.0,0,36,1.5814285714285714,5,5.6020599913279625,0.64,0,multiple sclerosis,0.7676885260762087
0.0,3.912023005428146,1.0,0,24,1.5814285714285714,5,5.6020599913279625,0.64,1,multiple sclerosis,0.7878946307957079
0.0,7.477604243197589,0.5,0,24,1.5814285714285714,1,5.6020599913279625,0.64,1,multiple sclerosis,0.6613783493622496
4.0,3.9318256327243257,0.6,0,36,1.5814285714285714,1,5.6020599913279625,0.8,1,multiple sclerosis,0.6761916702051506
2.0,1.9459101490553132,0.5,0,48,1.5814285714285714,1,5.6020599913279625,0.36,0,multiple sclerosis,0.4944029379501155
2.0,5.225746673713202,1.0,0,48,1.5814285714285714,5,5.6020599913279625,0.36,1,multiple sclerosis,0.7236004858199838
1.0,3.784189633918261,1.0,0,36,1.5814285714285714,5,5.6020599913279625,0.64,1,multiple sclerosis,0.7859771302230596
4.0,3.091042453358316,0.5,0,36,1.5814285714285714,1,5.6020599913279625,0.8,1,multiple sclerosis,0.6435799225146605
0.0,3.367295829986474,0.5,0,24,1.5814285714285714,1,5.6020599913279625,0.64,1,multiple sclerosis,0.5997237231640828
0.0,7.488852955733459,0.5,0,24,1.5814285714285714,1,5.6020599913279625,0.64,1,multiple sclerosis,0.6615470800502876
0.0,3.970291913552122,0.5,0,24,1.5814285714285714,1,5.6020599913279625,0.64,1,multiple sclerosis,0.6087686644175676
0.0,3.044522437723423,0.5,0,24,1.5814285714285714,1,5.6020599913279625,0.64,1,multiple sclerosis,0.5948821222801371
0.0,3.2188758248682006,1.0,0,24,1.5814285714285714,5,5.6020599913279625,0.64,0,multiple sclerosis,0.7774974230873087
1.0,3.2188758248682006,0.5,0,36,1.5814285714285714,1,5.6020599913279625,0.64,1,multiple sclerosis,0.5974974230873088
0.0,4.110873864173311,0.5,0,24,1.5814285714285714,1,5.6020599913279625,0.64,1,multiple sclerosis,0.6108773936768854
4.0,3.332204510175204,0.6,0,36,1.5814285714285714,1,5.6020599913279625,0.8,0,multiple sclerosis,0.6671973533669138
3.0,6.678342114654332,1.0,0,60,1.5814285714285714,5,5.6020599913279625,0.58,1,multiple sclerosis,0.8113894174341006
0.0,4.174387269895637,1.0,0,24,1.5814285714285714,5,5.6020599913279625,0.64,1,multiple sclerosis,0.7918300947627203
0.0,2.8903717578961645,0.5,0,24,1.5814285714285714,1,5.6020599913279625,0.64,1,multiple sclerosis,0.5925698620827282
0.0,5.752572638825633,0.5,0,24,1.5814285714285714,1,5.6020599913279625,0.64,1,multiple sclerosis,0.6355028752966703
0.0,4.110873864173311,0.5,0,24,1.5814285714285714,1,5.6020599913279625,0.64,1,multiple sclerosis,0.6108773936768854
0.0,4.394449154672439,0.5,0,24,1.5814285714285714,1,5.6020599913279625,0.64,1,multiple sclerosis,0.6151310230343724
0.0,5.438079308923196,0.5,0,24,1.5814285714285714,1,5.6020599913279625,0.64,1,multiple sclerosis,0.6307854753481337
0.0,3.044522437723423,0.5,0,24,1.5814285714285714,1,5.6020599913279625,0.64,1,multiple sclerosis,0.5948821222801371
3.0,4.897839799950911,1.0,0,60,1.5814285714285714,5,5.6020599913279625,0.58,1,multiple sclerosis,0.7846818827135493
2.0,3.871201010907891,1.0,0,48,1.5814285714285714,5,5.6020599913279625,0.36,1,multiple sclerosis,0.7032823008779041
0.0,3.8501476017100584,0.6,0,24,1.5814285714285714,1,5.6020599913279625,0.64,1,multiple sclerosis,0.6269664997399366
0.0,5.796057750765372,0.5,0,24,1.5814285714285714,1,5.6020599913279625,0.64,1,multiple sclerosis,0.6361551519757663
1.0,4.1588830833596715,1.0,0,36,1.5814285714285714,5,5.6020599913279625,0.64,1,multiple sclerosis,0.7915975319646807
2.0,3.5263605246161616,0.5,0,48,1.5814285714285714,1,5.6020599913279625,0.36,0,multiple sclerosis,0.5181096935835282
4.0,6.104793232414985,1.0,0,36,1.5814285714285714,5,5.6020599913279625,0.8,1,multiple sclerosis,0.8687861842005105
2.0,3.970291913552122,0.5,0,48,1.5814285714285714,1,5.6020599913279625,0.36,1,multiple sclerosis,0.5247686644175675
0.0,11.436433113981712,1.0,0,24,1.5814285714285714,5,5.6020599913279625,0.64,1,multiple sclerosis,0.9007607824240114
2.0,5.564520407322694,1.0,0,48,1.5814285714285714,5,5.6020599913279625,0.36,1,multiple sclerosis,0.7286820918241261
0.0,3.2188758248682006,0.5,0,24,1.5814285714285714,1,5.6020599913279625,0.64,1,multiple sclerosis,0.5974974230873088
2.0,3.091042453358316,0.5,0,48,1.5814285714285714,1,5.6020599913279625,0.36,1,multiple sclerosis,0.5115799225146604
0.0,4.276666119016055,0.5,0,24,1.5814285714285714,1,5.6020599913279625,0.64,1,multiple sclerosis,0.6133642774995266
0.0,4.624972813284271,0.5,0,24,1.5814285714285714,1,5.6020599913279625,0.64,0,multiple sclerosis,0.6185888779135498
0.0,3.6635616461296463,0.5,0,24,1.5814285714285714,1,5.6020599913279625,0.64,1,multiple sclerosis,0.6041677104062304
2.0,4.859812404361672,1.0,0,48,1.5814285714285714,5,5.6020599913279625,0.36,1,multiple sclerosis,0.7181114717797108
3.0,3.6635616461296463,1.0,0,60,1.5814285714285714,5,5.6020599913279625,0.58,1,multiple sclerosis,0.7661677104062303
0.0,4.948759890378168,0.5,0,24,1.5814285714285714,1,5.6020599913279625,0.64,1,multiple sclerosis,0.6234456840699583
1.0,3.044522437723423,0.5,0,36,1.5814285714285714,1,5.6020599913279625,0.64,1,multiple sclerosis,0.5948821222801371
2.0,5.3471075307174685,1.0,0,48,1.5814285714285714,5,5.6020599913279625,0.36,1,multiple sclerosis,0.7254208986750478
0.0,4.5217885770490405,0.5,0,24,1.5814285714285714,1,5.6020599913279625,0.64,1,multiple sclerosis,0.6170411143700214
0.0,4.406719247264253,0.5,0,24,1.5814285714285714,1,5.6020599913279625,0.64,1,multiple sclerosis,0.6153150744232496
1.0,1.3862943611198906,1.0,0,36,1.5814285714285714,5,5.6020599913279625,0.64,0,multiple sclerosis,0.7500087011310841
2.0,4.804021044733257,1.0,0,48,1.5814285714285714,5,5.6020599913279625,0.36,1,multiple sclerosis,0.7172746013852845
0.0,3.828641396489095,0.5,0,24,1.5814285714285714,1,5.6020599913279625,0.64,1,multiple sclerosis,0.6066439066616222
1.0,3.4657359027997265,0.5,0,36,1.5814285714285714,1,5.6020599913279625,0.64,1,multiple sclerosis,0.6012003242562817
0.0,5.602118820879701,1.0,0,24,1.5814285714285714,5,5.6020599913279625,0.64,1,multiple sclerosis,0.8132460680274812
3.0,6.066108090103747,1.0,0,60,1.5814285714285714,5,5.6020599913279625,0.58,1,multiple sclerosis,0.8022059070658419
0.0,3.044522437723423,0.5,0,24,1.5814285714285714,1,5.6020599913279625,0.64,1,multiple sclerosis,0.5948821222801371
2.0,4.290459441148391,0.5,0,48,1.5814285714285714,1,5.6020599913279625,0.36,1,multiple sclerosis,0.5295711773315116
0.0,6.88653164253051,1.0,0,24,1.5814285714285714,5,5.6020599913279625,0.64,1,multiple sclerosis,0.8325122603522433
0.0,3.044522437723423,0.5,0,24,1.5814285714285714,1,5.6020599913279625,0.64,1,multiple sclerosis,0.5948821222801371
0.0,4.189654742026425,0.5,0,24,1.5814285714285714,1,5.6020599913279625,0.64,1,multiple sclerosis,0.6120591068446821
0.0,8.031710375322042,1.0,0,24,1.5814285714285714,5,5.6020599913279625,0.64,1,multiple sclerosis,0.8496899413441164
0.0,3.044522437723423,1.0,0,24,1.5814285714285714,5,5.6020599913279625,0.64,1,multiple sclerosis,0.7748821222801371
4.0,5.0238805208462765,1.0,0,36,1.5814285714285714,5,5.6020599913279625,0.8,1,multiple sclerosis,0.8525724935269798
0.0,0.0,1.0,0,24,1.5814285714285714,5,5.6020599913279625,0.64,0,multiple sclerosis,0.7292142857142857
4.0,2.1972245773362196,0.5,0,36,1.5814285714285714,1,5.6020599913279625,0.8,1,multiple sclerosis,0.630172654374329
1.0,4.060443010546419,1.0,0,36,1.5814285714285714,5,5.6020599913279625,0.64,1,multiple sclerosis,0.790120930872482
0.0,4.859812404361672,0.7,0,24,1.5814285714285714,2,5.6020599913279625,0.64,1,multiple sclerosis,0.6821114717797108
3.0,6.71174039505618,1.0,0,60,1.5814285714285714,5,5.6020599913279625,0.58,1,multiple sclerosis,0.8118903916401283
2.0,3.6109179126442243,0.5,0,48,1.5814285714285714,1,5.6020599913279625,0.36,1,multiple sclerosis,0.5193780544039491
2.0,3.4657359027997265,0.5,0,48,1.5814285714285714,1,5.6020599913279625,0.36,1,multiple sclerosis,0.5172003242562816
0.0,7.152268856032539,0.5,0,24,1.5814285714285714,1,5.6020599913279625,0.64,1,multiple sclerosis,0.6564983185547739
4.0,4.007333185232471,1.0,0,36,1.5814285714285714,5,5.6020599913279625,0.8,0,multiple sclerosis,0.8373242834927728
1.0,3.5263605246161616,1.0,0,36,1.5814285714285714,5,5.6020599913279625,0.64,1,multiple sclerosis,0.7821096935835281
2.0,3.9318256327243257,1.0,0,48,1.5814285714285714,5,5.6020599913279625,0.36,0,multiple sclerosis,0.7041916702051506
1.0,3.1780538303479458,0.7,0,36,1.5814285714285714,2,5.6020599913279625,0.64,1,multiple sclerosis,0.6568850931695049
0.0,4.499809670330265,1.0,0,24,1.5814285714285714,5,5.6020599913279625,0.64,1,multiple sclerosis,0.7967114307692397
4.0,5.8522024797744745,1.0,0,36,1.5814285714285714,5,5.6020599913279625,0.8,1,multiple sclerosis,0.8649973229109028
2.0,3.4339872044851463,0.5,0,48,1.5814285714285714,1,5.6020599913279625,0.36,1,multiple sclerosis,0.5167240937815629
0.0,4.1588830833596715,0.5,0,24,1.5814285714285714,1,5.6020599913279625,0.64,1,multiple sclerosis,0.6115975319646808
2.0,3.332204510175204,1.0,0,48,1.5814285714285714,5,5.6020599913279625,0.36,1,multiple sclerosis,0.6951973533669138
0.0,4.110873864173311,0.5,0,24,1.5814285714285714,1,5.6020599913279625,0.64,0,multiple sclerosis,0.6108773936768854
4.0,5.187385805840755,1.0,0,36,1.5814285714285714,5,5.6020599913279625,0.8,0,multiple sclerosis,0.8550250728018971
2.0,5.4510384535657,1.0,0,48,1.5814285714285714,5,5.6020599913279625,0.36,1,multiple sclerosis,0.7269798625177712
1.0,2.5649493574615367,1.0,0,36,1.5814285714285714,5,5.6020599913279625,0.64,1,multiple sclerosis,0.7676885260762087
2.0,5.075173815233827,1.0,0,48,1.5814285714285714,5,5.6020599913279625,0.36,1,multiple sclerosis,0.7213418929427932
2.0,4.532599493153256,0.5,0,48,1.5814285714285714,1,5.6020599913279625,0.36,1,multiple sclerosis,0.5332032781115846
0.0,3.2188758248682006,0.5,0,24,1.5814285714285714,1,5.6020599913279625,0.64,1,multiple sclerosis,0.5974974230873088
2.0,4.127134385045092,0.5,0,48,1.5814285714285714,1,5.6020599913279625,0.36,1,multiple sclerosis,0.5271213014899621
4.0,4.61512051684126,0.5,0,36,1.5814285714285714,1,5.6020599913279625,0.8,1,multiple sclerosis,0.6664410934669046
3.0,6.982862751468942,1.0,0,60,1.5814285714285714,5,5.6020599913279625,0.58,1,multiple sclerosis,0.8159572269863198
3.0,5.43372200355424,1.0,0,60,1.5814285714285714,5,5.6020599913279625,0.58,1,multiple sclerosis,0.7927201157675993
0.0,5.5254529391317835,1.0,0,24,1.5814285714285714,5,5.6020599913279625,0.64,1,multiple sclerosis,0.8120960798012624
3.0,3.332204510175204,0.5,0,60,1.5814285714285714,1,5.6020599913279625,0.58,1,multiple sclerosis,0.5811973533669138
0.0,3.4339872044851463,0.5,0,24,1.5814285714285714,1,5.6020599913279625,0.64,1,multiple sclerosis,0.600724093781563
0.0,4.6443908991413725,1.0,0,24,1.5814285714285714,5,5.6020599913279625,0.64,1,multiple sclerosis,0.7988801492014063
3.0,6.849066282633458,1.0,0,60,1.5814285714285714,5,5.6020599913279625,0.58,1,multiple sclerosis,0.8139502799537875
2.0,4.605170185988092,1.0,0,48,1.5814285714285714,5,5.6020599913279625,0.36,1,multiple sclerosis,0.7142918385041072
0.0,4.61512051684126,0.5,0,24,1.5814285714285714,1,5.6020599913279625,0.64,1,multiple sclerosis,0.6184410934669047
0.0,3.4339872044851463,0.5,0,24,1.5814285714285714,1,5.6020599913279625,0.64,1,multiple sclerosis,0.600724093781563
1.0,1.3862943611198906,0.5,0,36,1.5814285714285714,1,5.6020599913279625,0.64,0,multiple sclerosis,0.5700087011310842
3.0,6.728628613084702,1.0,0,60,1.5814285714285714,5,5.6020599913279625,0.58,1,multiple sclerosis,0.8121437149105563
0.0,4.060443010546419,0.5,0,24,1.5814285714285714,1,5.6020599913279625,0.64,1,multiple sclerosis,0.6101209308724821
4.0,4.127134385045092,1.0,0,36,1.5814285714285714,5,5.6020599913279625,0.8,1,multiple sclerosis,0.8391213014899621
2.0,2.4849066497880004,0.5,0,48,1.5814285714285714,1,5.6020599913279625,0.36,0,multiple sclerosis,0.5024878854611058
2.0,3.4011973816621555,0.5,0,48,1.5814285714285714,1,5.6020599913279625,0.36,1,multiple sclerosis,0.5162322464392181
0.0,2.3978952727983707,0.5,0,24,1.5814285714285714,1,5.6020599913279625,0.64,1,multiple sclerosis,0.5851827148062614
0.0,2.9444389791664403,0.5,0,24,1.5814285714285714,1,5.6020599913279625,0.64,1,multiple sclerosis,0.5933808704017823
0.0,4.110873864173311,0.5,0,24,1.5814285714285714,1,5.6020599913279625,0.64,1,multiple sclerosis,0.6108773936768854
1.0,3.1354942159291497,0.6,0,36,1.5814285714285714,1,5.6020599913279625,0.64,1,multiple sclerosis,0.6162466989532229
0.0,4.787491742782046,0.5,0,24,1.5814285714285714,1,5.6020599913279625,0.64,1,multiple sclerosis,0.6210266618560164
0.0,3.828641396489095,0.5,0,24,1.5814285714285714,1,5.6020599913279625,0.64,1,multiple sclerosis,0.6066439066616222
4.0,5.247024072160486,1.0,0,36,1.5814285714285714,5,5.6020599913279625,0.8,1,multiple sclerosis,0.8559196467966931
3.0,6.601230118728877,1.0,0,60,1.5814285714285714,5,5.6020599913279625,0.58,1,multiple sclerosis,0.8102327374952188
0.0,4.1588830833596715,0.5,0,24,1.5814285714285714,1,5.6020599913279625,0.64,1,multiple sclerosis,0.6115975319646808
2.0,5.673323267171493,1.0,0,48,1.5814285714285714,5,5.6020599913279625,0.36,1,multiple sclerosis,0.7303141347218581
3.0,6.282266746896006,1.0,0,60,1.5814285714285714,5,5.6020599913279625,0.58,0,multiple sclerosis,0.8054482869177257
2.0,3.912023005428146,1.0,0,48,1.5814285714285714,5,5.6020599913279625,0.36,1,multiple sclerosis,0.7038946307957079
2.0,3.58351893845611,0.5,0,48,1.5814285714285714,1,5.6020599913279625,0.36,1,multiple sclerosis,0.5189670697911274
0.0,5.746203190540153,1.0,0,24,1.5814285714285714,5,5.6020599913279625,0.64,1,multiple sclerosis,0.815407333572388
0.0,5.2574953720277815,1.0,0,24,1.5814285714285714,5,5.6020599913279625,0.64,1,multiple sclerosis,0.8080767162947025
2.0,3.9889840465642745,0.5,0,48,1.5814285714285714,1,5.6020599913279625,0.36,1,multiple sclerosis,0.5250490464127499
3.0,6.48768401848461,1.0,0,60,1.5814285714285714,5,5.6020599913279625,0.58,1,multiple sclerosis,0.8085295459915548
2.0,4.02535169073515,0.5,0,48,1.5814285714285714,1,5.6020599913279625,0.36,0,multiple sclerosis,0.525594561075313
4.0,3.713572066704308,0.5,0,36,1.5814285714285714,1,5.6020599913279625,0.8,1,multiple sclerosis,0.6529178667148503
0.0,5.472270673671475,0.5,0,24,1.5814285714285714,1,5.6020599913279625,0.64,1,multiple sclerosis,0.631298345819358
0.0,4.110873864173311,0.5,0,24,1.5814285714285714,1,5.6020599913279625,0.64,1,multiple sclerosis,0.6108773936768854
2.0,1.3862943611198906,0.5,0,48,1.5814285714285714,1,5.6020599913279625,0.36,0,multiple sclerosis,0.4860087011310841
0.0,3.4657359027997265,0.5,0,24,1.5814285714285714,1,5.6020599913279625,0.64,1,multiple sclerosis,0.6012003242562817
1.0,3.6635616461296463,1.0,0,36,1.5814285714285714,5,5.6020599913279625,0.64,1,multiple sclerosis,0.7841677104062303
0.0,2.70805020110221,0.5,0,24,1.5814285714285714,1,5.6020599913279625,0.64,0,multiple sclerosis,0.5898350387308189
2.0,3.2188758248682006,0.5,0,48,1.5814285714285714,1,5.6020599913279625,0.36,1,multiple sclerosis,0.5134974230873087
3.0,4.962844630259907,1.0,0,60,1.5814285714285714,5,5.6020599913279625,0.58,0,multiple sclerosis,0.7856569551681842
0.0,4.61512051684126,0.5,0,24,1.5814285714285714,1,5.6020599913279625,0.64,1,multiple sclerosis,0.6184410934669047
0.0,0.0,0.5,0,24,1.5814285714285714,1,5.6020599913279625,0.64,0,multiple sclerosis,0.5492142857142858
3.0,6.559615237493242,1.0,0,60,1.5814285714285714,5,5.6020599913279625,0.58,1,multiple sclerosis,0.8096085142766843
2.0,3.1354942159291497,0.5,0,48,1.5814285714285714,1,5.6020599913279625,0.36,1,multiple sclerosis,0.512246698953223
4.0,5.198497031265826,1.0,0,36,1.5814285714285714,5,5.6020599913279625,0.8,1,multiple sclerosis,0.8551917411832731
0.0,5.342334251964811,0.5,0,24,1.5814285714285714,1,5.6020599913279625,0.64,1,multiple sclerosis,0.629349299493758
0.0,3.9318256327243257,0.5,0,24,1.5814285714285714,1,5.6020599913279625,0.64,1,multiple sclerosis,0.6081916702051506
3.0,6.7912214627261855,1.0,0,60,1.5814285714285714,5,5.6020599913279625,0.58,0,multiple sclerosis,0.8130826076551785
0.0,8.57376254290413,1.0,0,24,1.5814285714285714,5,5.6020599913279625,0.64,1,multiple sclerosis,0.8578207238578477
0.0,3.332204510175204,0.5,0,24,1.5814285714285714,1,5.6020599913279625,0.64,1,multiple sclerosis,0.5991973533669138
0.0,6.302618975744905,1.0,0,24,1.5814285714285714,5,5.6020599913279625,0.64,1,multiple sclerosis,0.8237535703504593
2.0,3.9889840465642745,0.5,0,48,1.5814285714285714,1,5.6020599913279625,0.36,1,multiple sclerosis,0.5250490464127499
1.0,2.6390573296152584,0.5,0,36,1.5814285714285714,1,5.6020599913279625,0.64,1,multiple sclerosis,0.5888001456585147
0.0,6.990256500493881,1.0,0,24,1.5814285714285714,5,5.6020599913279625,0.64,1,multiple sclerosis,0.8340681332216939
3.0,4.976733742420574,1.0,0,60,1.5814285714285714,5,5.6020599913279625,0.58,1,multiple sclerosis,0.7858652918505943
2.0,5.556828061699537,1.0,0,48,1.5814285714285714,5,5.6020599913279625,0.36,1,multiple sclerosis,0.7285667066397787
2.0,6.568077911411976,1.0,0,48,1.5814285714285714,5,5.6020599913279625,0.36,1,multiple sclerosis,0.7437354543854654
0.0,3.044522437723423,0.5,0,24,1.5814285714285714,1,5.6020599913279625,0.64,1,multiple sclerosis,0.5948821222801371
1.0,2.5649493574615367,0.5,0,36,1.5814285714285714,1,5.6020599913279625,0.64,1,multiple sclerosis,0.5876885260762088
0.0,4.624972813284271,0.5,0,24,1.5814285714285714,1,5.6020599913279625,0.64,1,multiple sclerosis,0.6185888779135498
0.0,4.110873864173311,0.5,0,24,1.5814285714285714,1,5.6020599913279625,0.64,1,multiple sclerosis,0.6108773936768854
4.0,8.85352256068954,1.0,0,36,1.5814285714285714,5,5.6020599913279625,0.8,1,multiple sclerosis,0.9100171241246289
0.0,6.4457198193855785,1.0,0,24,1.5814285714285714,5,5.6020599913279625,0.64,1,multiple sclerosis,0.8259000830050693
1.0,3.4965075614664802,1.0,0,36,1.5814285714285714,5,5.6020599913279625,0.64,1,multiple sclerosis,0.7816618991362829
1.0,3.4339872044851463,0.5,0,36,1.5814285714285714,1,5.6020599913279625,0.64,1,multiple sclerosis,0.600724093781563
0.0,6.028278520230698,1.0,0,24,1.5814285714285714,5,5.6020599913279625,0.64,1,multiple sclerosis,0.8196384635177462
1.0,3.713572066704308,0.5,0,36,1.5814285714285714,1,5.6020599913279625,0.64,0,multiple sclerosis,0.6049178667148504
0.0,4.1588830833596715,0.5,0,24,1.5814285714285714,1,5.6020599913279625,0.64,1,multiple sclerosis,0.6115975319646808
0.0,3.713572066704308,0.5,0,24,1.5814285714285714,1,5.6020599913279625,0.64,1,multiple sclerosis,0.6049178667148504
1.0,3.5263605246161616,0.5,0,36,1.5814285714285714,1,5.6020599913279625,0.64,1,multiple sclerosis,0.6021096935835282
1.0,4.709530201312334,1.0,0,36,1.5814285714285714,5,5.6020599913279625,0.64,1,multiple sclerosis,0.7998572387339707
0.0,4.127134385045092,0.5,0,24,1.5814285714285714,1,5.6020599913279625,0.64,1,multiple sclerosis,0.6111213014899621
4.0,1.791759469228055,0.6,0,36,1.5814285714285714,1,5.6020599913279625,0.8,0,multiple sclerosis,0.6440906777527066
0.0,4.48863636973214,0.5,0,24,1.5814285714285714,1,5.6020599913279625,0.64,1,multiple sclerosis,0.6165438312602679
4.0,6.782192056006791,1.0,0,36,1.5814285714285714,5,5.6020599913279625,0.8,1,multiple sclerosis,0.8789471665543876
2.0,5.872117789475416,1.0,0,48,1.5814285714285714,5,5.6020599913279625,0.36,1,multiple sclerosis,0.7332960525564169
0.0,5.111987788356544,0.5,0,24,1.5814285714285714,1,5.6020599913279625,0.64,1,multiple sclerosis,0.625894102539634
2.0,0.6931471805599453,1.0,0,48,1.5814285714285714,5,5.6020599913279625,0.36,0,multiple sclerosis,0.6556114934226849
4.0,3.9318256327243257,0.5,0,36,1.5814285714285714,1,5.6020599913279625,0.8,1,multiple sclerosis,0.6561916702051506
4.0,5.700443573390687,1.0,0,36,1.5814285714285714,5,5.6020599913279625,0.8,1,multiple sclerosis,0.862720939315146
0.0,0.0,1.0,0,24,1.5814285714285714,5,5.6020599913279625,0.64,0,multiple sclerosis,0.7292142857142857
0.0,3.091042453358316,0.5,0,24,1.5814285714285714,1,5.6020599913279625,0.64,1,multiple sclerosis,0.5955799225146605
2.0,4.394449154672439,1.0,0,48,1.5814285714285714,5,5.6020599913279625,0.36,1,multiple sclerosis,0.7111310230343724
2.0,5.720311776607412,1.0,0,48,1.5814285714285714,5,5.6020599913279625,0.36,1,multiple sclerosis,0.7310189623633969
2.0,3.6888794541139363,1.0,0,48,1.5814285714285714,5,5.6020599913279625,0.36,1,multiple sclerosis,0.7005474775259948
3.0,7.409741954080923,1.0,0,60,1.5814285714285714,5,5.6020599913279625,0.58,1,multiple sclerosis,0.8223604150254995
0.0,3.044522437723423,0.5,0,24,1.5814285714285714,1,5.6020599913279625,0.64,1,multiple sclerosis,0.5948821222801371
0.0,4.477336814478207,0.6,0,24,1.5814285714285714,1,5.6020599913279625,0.64,1,multiple sclerosis,0.6363743379314588
3.0,3.6635616461296463,0.5,0,60,1.5814285714285714,1,5.6020599913279625,0.58,1,multiple sclerosis,0.5861677104062304
2.0,3.8066624897703196,0.5,0,48,1.5814285714285714,1,5.6020599913279625,0.36,1,multiple sclerosis,0.5223142230608405
0.0,5.303304908059076,0.5,0,24,1.5814285714285714,1,5.6020599913279625,0.64,1,multiple sclerosis,0.6287638593351719
0.0,3.5553480614894135,0.5,0,24,1.5814285714285714,1,5.6020599913279625,0.64,1,multiple sclerosis,0.602544506636627
3.0,5.602118820879701,0.5,0,60,1.5814285714285714,1,5.6020599913279625,0.58,1,multiple sclerosis,0.6152460680274813
2.0,5.19295685089021,0.5,0,48,1.5814285714285714,1,5.6020599913279625,0.36,1,multiple sclerosis,0.5431086384776389
1.0,2.0794415416798357,0.5,0,36,1.5814285714285714,1,5.6020599913279625,0.64,1,multiple sclerosis,0.5804059088394833
0.0,3.828641396489095,0.5,0,24,1.5814285714285714,1,5.6020599913279625,0.64,1,multiple sclerosis,0.6066439066616222
0.0,0.0,0.5,0,24,1.5814285714285714,1,5.6020599913279625,0.64,0,multiple sclerosis,0.5492142857142858
4.0,3.7612001156935624,1.0,0,36,1.5814285714285714,5,5.6020599913279625,0.8,1,multiple sclerosis,0.8336322874496892
0.0,4.770684624465665,0.5,0,24,1.5814285714285714,1,5.6020599913279625,0.64,1,multiple sclerosis,0.6207745550812708
2.0,3.332204510175204,0.5,0,48,1.5814285714285714,1,5.6020599913279625,0.36,1,multiple sclerosis,0.5151973533669139
0.0,4.30406509320417,1.0,0,24,1.5814285714285714,5,5.6020599913279625,0.64,0,multiple sclerosis,0.7937752621123483
2.0,0.0,1.0,0,48,1.5814285714285714,5,5.6020599913279625,0.36,0,multiple sclerosis,0.6452142857142857
2.0,3.9318256327243257,0.5,0,48,1.5814285714285714,1,5.6020599913279625,0.36,0,multiple sclerosis,0.5241916702051507
3.0,5.093750200806762,1.0,0,60,1.5814285714285714,5,5.6020599913279625,0.58,1,multiple sclerosis,0.7876205387263872
0.0,4.0943445622221,0.5,0,24,1.5814285714285714,1,5.6020599913279625,0.64,1,multiple sclerosis,0.6106294541476173
1.0,4.04305126783455,1.0,0,36,1.5814285714285714,5,5.6020599913279625,0.64,1,multiple sclerosis,0.789860054731804
2.0,0.0,0.5,0,48,1.5814285714285714,1,5.6020599913279625,0.36,0,multiple sclerosis,0.46521428571428575
1.0,4.02535169073515,1.0,0,36,1.5814285714285714,5,5.6020599913279625,0.64,1,multiple sclerosis,0.7895945610753129
0.0,3.258096538021482,1.0,0,24,1.5814285714285714,5,5.6020599913279625,0.64,1,multiple sclerosis,0.7780857337846079
2.0,2.3978952727983707,1.0,0,48,1.5814285714285714,5,5.6020599913279625,0.36,1,multiple sclerosis,0.6811827148062612
0.0,3.9318256327243257,0.5,0,24,1.5814285714285714,1,5.6020599913279625,0.64,1,multiple sclerosis,0.6081916702051506
1.0,2.70805020110221,1.0,0,36,1.5814285714285714,5,5.6020599913279625,0.64,1,multiple sclerosis,0.7698350387308188
0.0,0.0,0.5,0,24,1.5814285714285714,1,5.6020599913279625,0.64,0,multiple sclerosis,0.5492142857142858
4.0,6.804614520062624,1.0,0,36,1.5814285714285714,5,5.6020599913279625,0.8,1,multiple sclerosis,0.8792835035152251
0.0,4.110873864173311,0.5,0,24,1.5814285714285714,1,5.6020599913279625,0.64,1,multiple sclerosis,0.6108773936768854
0.0,5.3612921657094255,0.5,0,24,1.5814285714285714,1,5.6020599913279625,0.64,1,multiple sclerosis,0.6296336681999272
0.0,4.3694478524670215,0.5,0,24,1.5814285714285714,1,5.6020599913279625,0.64,1,multiple sclerosis,0.6147560035012911
0.0,4.04305126783455,0.5,0,24,1.5814285714285714,1,5.6020599913279625,0.64,1,multiple sclerosis,0.609860054731804
0.0,3.044522437723423,1.0,0,24,1.5814285714285714,5,5.6020599913279625,0.64,1,multiple sclerosis,0.7748821222801371
1.0,3.9318256327243257,1.0,0,36,1.5814285714285714,5,5.6020599913279625,0.64,1,multiple sclerosis,0.7881916702051506
2.0,2.70805020110221,1.0,0,48,1.5814285714285714,5,5.6020599913279625,0.36,1,multiple sclerosis,0.6858350387308189
0.0,2.3978952727983707,0.5,0,24,1.5814285714285714,1,5.6020599913279625,0.64,0,multiple sclerosis,0.5851827148062614
3.0,5.187385805840755,1.0,0,60,1.5814285714285714,5,5.6020599913279625,0.58,0,multiple sclerosis,0.789025072801897
0.0,3.9512437185814275,0.5,0,24,1.5814285714285714,1,5.6020599913279625,0.64,1,multiple sclerosis,0.6084829414930072
4.0,4.804021044733257,1.0,0,36,1.5814285714285714,5,5.6020599913279625,0.8,1,multiple sclerosis,0.8492746013852845
0.0,3.4657359027997265,0.5,0,24,1.5814285714285714,1,5.6020599913279625,0.64,1,multiple sclerosis,0.6012003242562817
1.0,4.174387269895637,0.5,0,36,1.5814285714285714,1,5.6020599913279625,0.64,1,multiple sclerosis,0.6118300947627203
0.0,4.9344739331306915,1.0,0,24,1.5814285714285714,5,5.6020599913279625,0.64,1,multiple sclerosis,0.803231394711246
4.0,4.6913478822291435,0.5,0,36,1.5814285714285714,1,5.6020599913279625,0.8,1,multiple sclerosis,0.6675845039477228
0.0,4.718498871295094,1.0,0,24,1.5814285714285714,5,5.6020599913279625,0.64,1,multiple sclerosis,0.7999917687837121
0.0,3.8918202981106265,0.5,0,24,1.5814285714285714,1,5.6020599913279625,0.64,1,multiple sclerosis,0.6075915901859452
0.0,4.61512051684126,1.0,0,24,1.5814285714285714,5,5.6020599913279625,0.64,1,multiple sclerosis,0.7984410934669046
0.0,3.258096538021482,0.5,0,24,1.5814285714285714,1,5.6020599913279625,0.64,1,multiple sclerosis,0.5980857337846079
0.0,3.912023005428146,0.5,0,24,1.5814285714285714,1,5.6020599913279625,0.64,1,multiple sclerosis,0.6078946307957079
0.0,2.995732273553991,0.5,0,24,1.5814285714285714,1,5.6020599913279625,0.64,0,multiple sclerosis,0.5941502698175957
0.0,5.10594547390058,0.5,0,24,1.5814285714285714,1,5.6020599913279625,0.64,1,multiple sclerosis,0.6258034678227945
3.0,6.970730078143525,1.0,0,60,1.5814285714285714,5,5.6020599913279625,0.58,0,multiple sclerosis,0.8157752368864386
4.0,4.477336814478207,1.0,0,36,1.5814285714285714,5,5.6020599913279625,0.8,1,multiple sclerosis,0.8443743379314589
0.0,2.833213344056216,0.5,0,24,1.5814285714285714,1,5.6020599913279625,0.64,1,multiple sclerosis,0.591712485875129
0.0,3.58351893845611,0.5,0,24,1.5814285714285714,1,5.6020599913279625,0.64,1,multiple sclerosis,0.6029670697911275
0.0,5.204006687076795,0.8,0,24,1.5814285714285714,3,5.6020599913279625,0.64,1,multiple sclerosis,0.7272743860204377
0.0,4.30406509320417,0.5,0,24,1.5814285714285714,1,5.6020599913279625,0.64,1,multiple sclerosis,0.6137752621123483
0.0,3.367295829986474,0.5,0,24,1.5814285714285714,1,5.6020599913279625,0.64,1,multiple sclerosis,0.5997237231640828
0.0,4.07753744390572,1.0,0,24,1.5814285714285714,5,5.6020599913279625,0.64,1,multiple sclerosis,0.7903773473728715
0.0,3.332204510175204,0.5,0,24,1.5814285714285714,1,5.6020599913279625,0.64,1,multiple sclerosis,0.5991973533669138
2.0,3.4965075614664802,1.0,0,48,1.5814285714285714,5,5.6020599913279625,0.36,1,multiple sclerosis,0.697661899136283
2.0,4.890349128221754,1.0,0,48,1.5814285714285714,5,5.6020599913279625,0.36,1,multiple sclerosis,0.7185695226376121
2.0,2.3978952727983707,0.5,0,48,1.5814285714285714,1,5.6020599913279625,0.36,1,multiple sclerosis,0.5011827148062613
2.0,3.9512437185814275,0.5,0,48,1.5814285714285714,1,5.6020599913279625,0.36,1,multiple sclerosis,0.5244829414930071
0.0,2.772588722239781,1.0,0,24,1.5814285714285714,5,5.6020599913279625,0.64,1,multiple sclerosis,0.7708031165478824
2.0,2.302585092994046,0.5,0,48,1.5814285714285714,1,5.6020599913279625,0.36,0,multiple sclerosis,0.49975306210919646
0.0,4.110873864173311,0.5,0,24,1.5814285714285714,1,5.6020599913279625,0.64,1,multiple sclerosis,0.6108773936768854
0.0,8.462737005620179,1.0,0,24,1.5814285714285714,5,5.6020599913279625,0.64,1,multiple sclerosis,0.8561553407985883
4.0,4.61512051684126,1.0,0,36,1.5814285714285714,5,5.6020599913279625,0.8,1,multiple sclerosis,0.8464410934669047
2.0,1.3862943611198906,0.5,0,48,1.5814285714285714,1,5.6020599913279625,0.36,0,multiple sclerosis,0.4860087011310841
1.0,3.1354942159291497,0.5,0,36,1.5814285714285714,1,5.6020599913279625,0.64,1,multiple sclerosis,0.596246698953223
0.0,3.4339872044851463,0.5,0,24,1.5814285714285714,1,5.6020599913279625,0.64,1,multiple sclerosis,0.600724093781563
0.0,4.110873864173311,0.5,0,24,1.5814285714285714,1,5.6020599913279625,0.64,1,multiple sclerosis,0.6108773936768854
4.0,3.6375861597263857,0.5,0,36,1.5814285714285714,1,5.6020599913279625,0.8,1,multiple sclerosis,0.6517780781101815
0.0,3.367295829986474,0.5,0,24,1.5814285714285714,1,5.6020599913279625,0.64,1,multiple sclerosis,0.5997237231640828
4.0,2.995732273553991,0.5,0,36,1.5814285714285714,1,5.6020599913279625,0.8,1,multiple sclerosis,0.6421502698175956
0.0,1.6094379124341003,0.5,0,24,1.5814285714285714,1,5.6020599913279625,0.64,1,multiple sclerosis,0.5733558544007973
0.0,5.44673737166631,1.0,0,24,1.5814285714285714,5,5.6020599913279625,0.64,1,multiple sclerosis,0.8109153462892804
0.0,5.442417710521793,1.0,0,24,1.5814285714285714,5,5.6020599913279625,0.64,1,multiple sclerosis,0.8108505513721126
0.0,5.247024072160486,0.5,0,24,1.5814285714285714,1,5.6020599913279625,0.64,0,multiple sclerosis,0.6279196467966931
3.0,5.869296913133774,1.0,0,60,1.5814285714285714,5,5.6020599913279625,0.58,1,multiple sclerosis,0.7992537394112923
2.0,0.0,1.0,0,48,1.5814285714285714,5,5.6020599913279625,0.36,0,multiple sclerosis,0.6452142857142857
0.0,4.248495242049359,0.5,0,24,1.5814285714285714,1,5.6020599913279625,0.64,1,multiple sclerosis,0.6129417143450262
0.0,2.833213344056216,0.5,0,24,1.5814285714285714,1,5.6020599913279625,0.64,1,multiple sclerosis,0.591712485875129
0.0,4.709530201312334,1.0,0,24,1.5814285714285714,5,5.6020599913279625,0.64,1,multiple sclerosis,0.7998572387339707
0.0,3.713572066704308,0.5,0,24,1.5814285714285714,1,5.6020599913279625,0.64,1,multiple sclerosis,0.6049178667148504
0.0,5.455321115357702,0.5,0,24,1.5814285714285714,1,5.6020599913279625,0.64,1,multiple sclerosis,0.6310441024446513
3.0,3.828641396489095,1.0,0,60,1.5814285714285714,5,5.6020599913279625,0.58,1,multiple sclerosis,0.7686439066616221
2.0,4.2626798770413155,0.5,0,48,1.5814285714285714,1,5.6020599913279625,0.36,1,multiple sclerosis,0.5291544838699055
3.0,5.153291594497779,0.5,0,60,1.5814285714285714,1,5.6020599913279625,0.58,1,multiple sclerosis,0.6085136596317524
0.0,4.6913478822291435,0.5,0,24,1.5814285714285714,1,5.6020599913279625,0.64,1,multiple sclerosis,0.6195845039477229
0.0,3.4657359027997265,0.5,0,24,1.5814285714285714,1,5.6020599913279625,0.64,1,multiple sclerosis,0.6012003242562817
0.0,3.9512437185814275,0.5,0,24,1.5814285714285714,1,5.6020599913279625,0.64,1,multiple sclerosis,0.6084829414930072
2.0,4.110873864173311,0.5,0,48,1.5814285714285714,1,5.6020599913279625,0.36,1,multiple sclerosis,0.5268773936768854
2.0,5.214935757608986,1.0,0,48,1.5814285714285714,5,5.6020599913279625,0.36,1,multiple sclerosis,0.7234383220784205
0.0,4.912654885736052,0.5,0,24,1.5814285714285714,1,5.6020599913279625,0.64,1,multiple sclerosis,0.6229041090003266
0.0,5.198497031265826,0.5,0,24,1.5814285714285714,1,5.6020599913279625,0.64,1,multiple sclerosis,0.6271917411832731
3.0,5.529429087511423,1.0,0,60,1.5814285714285714,5,5.6020599913279625,0.58,1,multiple sclerosis,0.7941557220269571
4.0,3.5263605246161616,0.5,0,36,1.5814285714285714,1,5.6020599913279625,0.8,1,multiple sclerosis,0.6501096935835281
3.0,5.3471075307174685,1.0,0,60,1.5814285714285714,5,5.6020599913279625,0.58,1,multiple sclerosis,0.7914208986750477
1.0,4.653960350157523,0.5,0,36,1.5814285714285714,1,5.6020599913279625,0.64,1,multiple sclerosis,0.6190236909666487
0.0,1.0986122886681098,0.5,0,24,1.5814285714285714,1,5.6020599913279625,0.64,1,multiple sclerosis,0.5656934700443074
0.0,5.730099782973574,0.5,0,24,1.5814285714285714,1,5.6020599913279625,0.64,1,multiple sclerosis,0.6351657824588894
1.0,4.290459441148391,1.0,0,36,1.5814285714285714,5,5.6020599913279625,0.64,1,multiple sclerosis,0.7935711773315116
1.0,2.1972245773362196,0.5,0,36,1.5814285714285714,1,5.6020599913279625,0.64,1,multiple sclerosis,0.5821726543743291
2.0,0.0,0.5,0,48,1.5814285714285714,1,5.6020599913279625,0.36,0,multiple sclerosis,0.46521428571428575
0.0,2.1972245773362196,0.8,0,24,1.5814285714285714,3,5.6020599913279625,0.64,0,multiple sclerosis,0.6821726543743291
0.0,5.5909869805108565,0.5,0,24,1.5814285714285714,1,5.6020599913279625,0.64,1,multiple sclerosis,0.6330790904219487
3.0,4.836281906951478,1.0,0,60,1.5814285714285714,5,5.6020599913279625,0.58,1,multiple sclerosis,0.7837585143185578
0.0,2.3978952727983707,0.5,0,24,1.5814285714285714,1,5.6020599913279625,0.64,0,multiple sclerosis,0.5851827148062614
2.0,5.545177444479562,1.0,0,48,1.5814285714285714,5,5.6020599913279625,0.36,1,multiple sclerosis,0.7283919473814792
3.0,5.420534999272286,1.0,0,60,1.5814285714285714,5,5.6020599913279625,0.58,1,multiple sclerosis,0.79252231070337
0.0,4.653960350157523,0.5,0,24,1.5814285714285714,1,5.6020599913279625,0.64,1,multiple sclerosis,0.6190236909666487
2.0,3.367295829986474,1.0,0,48,1.5814285714285714,5,5.6020599913279625,0.36,0,multiple sclerosis,0.6957237231640828
0.0,5.159055299214529,0.5,0,24,1.5814285714285714,1,5.6020599913279625,0.64,1,multiple sclerosis,0.6266001152025037
1.0,3.2188758248682006,0.5,0,36,1.5814285714285714,1,5.6020599913279625,0.64,1,multiple sclerosis,0.5974974230873088
1.0,2.302585092994046,0.5,0,36,1.5814285714285714,1,5.6020599913279625,0.64,1,multiple sclerosis,0.5837530621091964
0.0,5.3981627015177525,1.0,0,24,1.5814285714285714,5,5.6020599913279625,0.64,1,multiple sclerosis,0.810186726237052
4.0,4.795790545596741,1.0,0,36,1.5814285714285714,5,5.6020599913279625,0.8,1,multiple sclerosis,0.8491511438982369
0.0,5.814130531825066,0.5,0,24,1.5814285714285714,1,5.6020599913279625,0.64,1,multiple sclerosis,0.6364262436916618
0.0,5.181783550292085,0.5,0,24,1.5814285714285714,1,5.6020599913279625,0.64,1,multiple sclerosis,0.626941038968667
1.0,2.6390573296152584,1.0,0,36,1.5814285714285714,5,5.6020599913279625,0.64,1,multiple sclerosis,0.7688001456585146
0.0,2.302585092994046,0.5,0,24,1.5814285714285714,1,5.6020599913279625,0.64,1,multiple sclerosis,0.5837530621091964
0.0,3.9318256327243257,0.5,0,24,1.5814285714285714,1,5.6020599913279625,0.64,1,multiple sclerosis,0.6081916702051506
1.0,3.8066624897703196,1.0,0,36,1.5814285714285714,5,5.6020599913279625,0.64,1,multiple sclerosis,0.7863142230608405
0.0,4.543294782270004,0.6,0,24,1.5814285714285714,1,5.6020599913279625,0.64,1,multiple sclerosis,0.6373637074483357
0.0,3.4011973816621555,0.5,0,24,1.5814285714285714,1,5.6020599913279625,0.64,1,multiple sclerosis,0.6002322464392181
4.0,7.016609683894219,1.0,0,36,1.5814285714285714,5,5.6020599913279625,0.8,1,multiple sclerosis,0.8824634309726991
4.0,3.8066624897703196,0.5,0,36,1.5814285714285714,1,5.6020599913279625,0.8,1,multiple sclerosis,0.6543142230608405
2.0,2.5649493574615367,0.5,0,48,1.5814285714285714,1,5.6020599913279625,0.36,0,multiple sclerosis,0.5036885260762088
1.0,2.3978952727983707,0.5,0,36,1.5814285714285714,1,5.6020599913279625,0.64,1,multiple sclerosis,0.5851827148062614
0.0,4.394449154672439,0.5,0,24,1.5814285714285714,1,5.6020599913279625,0.64,1,multiple sclerosis,0.6151310230343724
4.0,3.912023005428146,0.5,0,36,1.5814285714285714,1,5.6020599913279625,0.8,1,multiple sclerosis,0.6558946307957079
2.0,3.970291913552122,0.5,0,48,1.5814285714285714,1,5.6020599913279625,0.36,1,multiple sclerosis,0.5247686644175675
0.0,4.110873864173311,1.0,0,24,1.5814285714285714,5,5.6020599913279625,0.64,1,multiple sclerosis,0.7908773936768854
0.0,5.811140992976701,1.0,0,24,1.5814285714285714,5,5.6020599913279625,0.64,1,multiple sclerosis,0.8163814006089363
2.0,3.8918202981106265,0.5,0,48,1.5814285714285714,1,5.6020599913279625,0.36,1,multiple sclerosis,0.5235915901859451
0.0,4.672828834461906,1.0,0,24,1.5814285714285714,5,5.6020599913279625,0.64,1,multiple sclerosis,0.7993067182312142
4.0,6.90975328164481,1.0,0,36,1.5814285714285714,5,5.6020599913279625,0.8,1,multiple sclerosis,0.8808605849389579
0.0,3.871201010907891,0.5,0,24,1.5814285714285714,1,5.6020599913279625,0.64,1,multiple sclerosis,0.6072823008779041
4.0,0.0,1.0,0,36,1.5814285714285714,5,5.6020599913279625,0.8,0,multiple sclerosis,0.7772142857142857
3.0,5.905361848054571,1.0,0,60,1.5814285714285714,5,5.6020599913279625,0.58,1,multiple sclerosis,0.7997947134351042
0.0,3.367295829986474,0.5,0,24,1.5814285714285714,1,5.6020599913279625,0.64,1,multiple sclerosis,0.5997237231640828
0.0,2.6390573296152584,0.5,0,24,1.5814285714285714,1,5.6020599913279625,0.64,1,multiple sclerosis,0.5888001456585147
2.0,2.1972245773362196,1.0,0,48,1.5814285714285714,5,5.6020599913279625,0.36,0,multiple sclerosis,0.678172654374329
0.0,3.713572066704308,0.5,0,24,1.5814285714285714,1,5.6020599913279625,0.64,1,multiple sclerosis,0.6049178667148504
0.0,5.707110264748875,0.5,0,24,1.5814285714285714,1,5.6020599913279625,0.64,1,multiple sclerosis,0.6348209396855189
0.0,2.772588722239781,0.5,0,24,1.5814285714285714,1,5.6020599913279625,0.64,1,multiple sclerosis,0.5908031165478824
2.0,0.0,0.5,0,48,1.5814285714285714,1,5.6020599913279625,0.36,0,multiple sclerosis,0.46521428571428575
0.0,2.3978952727983707,0.6,0,24,1.5814285714285714,1,5.6020599913279625,0.64,1,multiple sclerosis,0.6051827148062612
2.0,5.908082938168931,1.0,0,48,1.5814285714285714,5,5.6020599913279625,0.36,1,multiple sclerosis,0.7338355297868198
2.0,2.9444389791664403,1.0,0,48,1.5814285714285714,5,5.6020599913279625,0.36,1,multiple sclerosis,0.6893808704017823
3.0,4.174387269895637,0.5,0,60,1.5814285714285714,1,5.6020599913279625,0.58,1,multiple sclerosis,0.5938300947627203
2.0,4.51085950651685,0.5,0,48,1.5814285714285714,1,5.6020599913279625,0.36,1,multiple sclerosis,0.5328771783120385
0.0,3.9318256327243257,0.5,0,24,1.5814285714285714,1,5.6020599913279625,0.64,1,multiple sclerosis,0.6081916702051506
0.0,4.330733340286331,0.5,0,24,1.5814285714285714,1,5.6020599913279625,0.64,1,multiple sclerosis,0.6141752858185807
4.0,2.1972245773362196,0.5,0,36,1.5814285714285714,1,5.6020599913279625,0.8,0,multiple sclerosis,0.630172654374329
3.0,5.017279836814924,1.0,0,60,1.5814285714285714,5,5.6020599913279625,0.58,1,multiple sclerosis,0.7864734832665096
1.0,2.8903717578961645,0.8,0,36,1.5814285714285714,3,5.6020599913279625,0.64,1,multiple sclerosis,0.6925698620827282
1.0,3.091042453358316,0.5,0,36,1.5814285714285714,1,5.6020599913279625,0.64,1,multiple sclerosis,0.5955799225146605
0.0,3.828641396489095,0.5,0,24,1.5814285714285714,1,5.6020599913279625,0.64,1,multiple sclerosis,0.6066439066616222
0.0,8.006700845440367,1.0,0,24,1.5814285714285714,5,5.6020599913279625,0.64,1,multiple sclerosis,0.8493147983958912
0.0,4.8283137373023015,0.5,0,24,1.5814285714285714,1,5.6020599913279625,0.64,1,multiple sclerosis,0.6216389917738203
0.0,4.23410650459726,0.5,0,24,1.5814285714285714,1,5.6020599913279625,0.64,1,multiple sclerosis,0.6127258832832446
4.0,5.472270673671475,1.0,0,36,1.5814285714285714,5,5.6020599913279625,0.8,1,multiple sclerosis,0.8592983458193579
4.0,6.003887067106539,0.5,0,36,1.5814285714285714,1,5.6020599913279625,0.8,1,multiple sclerosis,0.6872725917208837
3.0,4.2626798770413155,1.0,0,60,1.5814285714285714,5,5.6020599913279625,0.58,1,multiple sclerosis,0.7751544838699054
0.0,4.276666119016055,0.5,0,24,1.5814285714285714,1,5.6020599913279625,0.64,1,multiple sclerosis,0.6133642774995266
4.0,2.995732273553991,0.5,0,36,1.5814285714285714,1,5.6020599913279625,0.8,1,multiple sclerosis,0.6421502698175956
0.0,2.772588722239781,0.5,0,24,1.5814285714285714,1,5.6020599913279625,0.64,1,multiple sclerosis,0.5908031165478824
3.0,7.186144304522325,1.0,0,60,1.5814285714285714,5,5.6020599913279625,0.58,1,multiple sclerosis,0.8190064502821206
0.0,4.836281906951478,0.5,0,24,1.5814285714285714,1,5.6020599913279625,0.64,1,multiple sclerosis,0.6217585143185579
2.0,6.030685260261263,1.0,0,48,1.5814285714285714,5,5.6020599913279625,0.36,1,multiple sclerosis,0.7356745646182047
2.0,3.1780538303479458,0.5,0,48,1.5814285714285714,1,5.6020599913279625,0.36,1,multiple sclerosis,0.5128850931695049
3.0,5.0689042022202315,1.0,0,60,1.5814285714285714,5,5.6020599913279625,0.58,1,multiple sclerosis,0.7872478487475891
2.0,2.772588722239781,0.5,0,48,1.5814285714285714,1,5.6020599913279625,0.36,0,multiple sclerosis,0.5068031165478825
0.0,6.013715156042802,1.0,0,24,1.5814285714285714,5,5.6020599913279625,0.64,1,multiple sclerosis,0.8194200130549277
0.0,5.030437921392435,0.5,0,24,1.5814285714285714,1,5.6020599913279625,0.64,1,multiple sclerosis,0.6246708545351722
4.0,0.0,1.0,0,36,1.5814285714285714,5,5.6020599913279625,0.8,0,multiple sclerosis,0.7772142857142857
0.0,5.484796933490655,0.5,0,24,1.5814285714285714,1,5.6020599913279625,0.64,1,multiple sclerosis,0.6314862397166456
4.0,4.02535169073515,0.5,0,36,1.5814285714285714,1,5.6020599913279625,0.8,1,multiple sclerosis,0.6575945610753129
0.0,9.779510372716418,1.0,0,24,1.5814285714285714,5,5.6020599913279625,0.64,1,multiple sclerosis,0.875906941305032
3.0,7.31455283232408,1.0,0,60,1.5814285714285714,5,5.6020599913279625,0.58,0,multiple sclerosis,0.8209325781991469
0.0,0.0,0.5,0,24,1.5814285714285714,1,5.6020599913279625,0.64,0,multiple sclerosis,0.5492142857142858
1.0,2.4849066497880004,0.5,0,36,1.5814285714285714,1,5.6020599913279625,0.64,1,multiple sclerosis,0.5864878854611058
0.0,3.9318256327243257,0.5,0,24,1.5814285714285714,1,5.6020599913279625,0.64,1,multiple sclerosis,0.6081916702051506
3.0,4.624972813284271,1.0,0,60,1.5814285714285714,5,5.6020599913279625,0.58,1,multiple sclerosis,0.7805888779135497
0.0,3.091042453358316,0.5,0,24,1.5814285714285714,1,5.6020599913279625,0.64,0,multiple sclerosis,0.5955799225146605
3.0,7.696212639346407,1.0,0,60,1.5814285714285714,5,5.6020599913279625,0.58,1,multiple sclerosis,0.8266574753044817
0.0,4.204692619390966,0.5,0,24,1.5814285714285714,1,5.6020599913279625,0.64,1,multiple sclerosis,0.6122846750051503
0.0,5.645446897643238,0.7,0,24,1.5814285714285714,2,5.6020599913279625,0.64,1,multiple sclerosis,0.6938959891789342
0.0,3.4339872044851463,0.5,0,24,1.5814285714285714,1,5.6020599913279625,0.64,1,multiple sclerosis,0.600724093781563
2.0,3.8501476017100584,0.5,0,48,1.5814285714285714,1,5.6020599913279625,0.36,1,multiple sclerosis,0.5229664997399366
0.0,3.713572066704308,1.0,0,24,1.5814285714285714,5,5.6020599913279625,0.64,1,multiple sclerosis,0.7849178667148503
1.0,3.295836866004329,0.5,0,36,1.5814285714285714,1,5.6020599913279625,0.64,1,multiple sclerosis,0.5986518387043507
0.0,5.003946305945459,0.5,0,24,1.5814285714285714,1,5.6020599913279625,0.64,1,multiple sclerosis,0.6242734803034676
4.0,3.332204510175204,0.5,0,36,1.5814285714285714,1,5.6020599913279625,0.8,1,multiple sclerosis,0.6471973533669138
0.0,8.610319169405722,1.0,0,24,1.5814285714285714,5,5.6020599913279625,0.64,1,multiple sclerosis,0.8583690732553715
0.0,4.110873864173311,0.5,0,24,1.5814285714285714,1,5.6020599913279625,0.64,1,multiple sclerosis,0.6108773936768854
1.0,3.4339872044851463,1.0,0,36,1.5814285714285714,5,5.6020599913279625,0.64,1,multiple sclerosis,0.7807240937815629
0.0,3.4339872044851463,0.5,0,24,1.5814285714285714,1,5.6020599913279625,0.64,1,multiple sclerosis,0.600724093781563
4.0,3.4339872044851463,0.5,0,36,1.5814285714285714,1,5.6020599913279625,0.8,1,multiple sclerosis,0.6487240937815629
3.0,3.2188758248682006,0.5,0,60,1.5814285714285714,1,5.6020599913279625,0.58,1,multiple sclerosis,0.5794974230873088
0.0,3.8501476017100584,0.5,0,24,1.5814285714285714,1,5.6020599913279625,0.64,1,multiple sclerosis,0.6069664997399367
0.0,4.584967478670572,0.5,0,24,1.5814285714285714,1,5.6020599913279625,0.64,1,multiple sclerosis,0.6179887978943444
0.0,4.1588830833596715,0.5,0,24,1.5814285714285714,1,5.6020599913279625,0.64,1,multiple sclerosis,0.6115975319646808
2.0,3.2188758248682006,0.5,0,48,1.5814285714285714,1,5.6020599913279625,0.36,1,multiple sclerosis,0.5134974230873087
4.0,5.631211781821365,1.0,0,36,1.5814285714285714,5,5.6020599913279625,0.8,1,multiple sclerosis,0.8616824624416062
0.0,5.8888779583328805,0.5,0,24,1.5814285714285714,1,5.6020599913279625,0.64,1,multiple sclerosis,0.637547455089279
0.0,3.6635616461296463,0.5,0,24,1.5814285714285714,1,5.6020599913279625,0.64,1,multiple sclerosis,0.6041677104062304
1.0,2.833213344056216,1.0,0,36,1.5814285714285714,5,5.6020599913279625,0.64,0,multiple sclerosis,0.771712485875129
0.0,2.5649493574615367,0.5,0,24,1.5814285714285714,1,5.6020599913279625,0.64,1,multiple sclerosis,0.5876885260762088
0.0,3.912023005428146,0.5,0,24,1.5814285714285714,1,5.6020599913279625,0.64,1,multiple sclerosis,0.6078946307957079
2.0,4.882801922586371,1.0,0,48,1.5814285714285714,5,5.6020599913279625,0.36,1,multiple sclerosis,0.7184563145530813
2.0,2.772588722239781,0.5,0,48,1.5814285714285714,1,5.6020599913279625,0.36,1,multiple sclerosis,0.5068031165478825
0.0,3.5553480614894135,0.5,0,24,1.5814285714285714,1,5.6020599913279625,0.64,1,multiple sclerosis,0.602544506636627
0.0,5.726847747587197,1.0,0,24,1.5814285714285714,5,5.6020599913279625,0.64,0,multiple sclerosis,0.8151170019280937
0.0,3.4965075614664802,0.5,0,24,1.5814285714285714,1,5.6020599913279625,0.64,1,multiple sclerosis,0.601661899136283
2.0,1.3862943611198906,0.5,0,48,1.5814285714285714,1,5.6020599913279625,0.36,1,multiple sclerosis,0.4860087011310841
0.0,3.044522437723423,0.5,0,24,1.5814285714285714,1,5.6020599913279625,0.64,1,multiple sclerosis,0.5948821222801371
0.0,5.4116460518550396,0.5,0,24,1.5814285714285714,1,5.6020599913279625,0.64,1,multiple sclerosis,0.6303889764921113
0.0,3.9318256327243257,0.5,0,24,1.5814285714285714,1,5.6020599913279625,0.64,1,multiple sclerosis,0.6081916702051506
4.0,3.258096538021482,0.5,0,36,1.5814285714285714,1,5.6020599913279625,0.8,1,multiple sclerosis,0.646085733784608
0.0,1.9459101490553132,0.5,0,24,1.5814285714285714,1,5.6020599913279625,0.64,1,multiple sclerosis,0.5784029379501154
2.0,2.3978952727983707,0.5,0,48,1.5814285714285714,1,5.6020599913279625,0.36,1,multiple sclerosis,0.5011827148062613
2.0,4.1588830833596715,1.0,0,48,1.5814285714285714,5,5.6020599913279625,0.36,1,multiple sclerosis,0.7075975319646808
4.0,4.543294782270004,1.0,0,36,1.5814285714285714,5,5.6020599913279625,0.8,1,multiple sclerosis,0.8453637074483358
2.0,5.545177444479562,1.0,0,48,1.5814285714285714,5,5.6020599913279625,0.36,0,multiple sclerosis,0.7283919473814792
3.0,5.236441962829949,1.0,0,60,1.5814285714285714,5,5.6020599913279625,0.58,1,multiple sclerosis,0.789760915156735
0.0,4.110873864173311,0.5,0,24,1.5814285714285714,1,5.6020599913279625,0.64,1,multiple sclerosis,0.6108773936768854
1.0,2.833213344056216,1.0,0,36,1.5814285714285714,5,5.6020599913279625,0.64,1,multiple sclerosis,0.771712485875129
0.0,6.960347729101308,1.0,0,24,1.5814285714285714,5,5.6020599913279625,0.64,1,multiple sclerosis,0.8336195016508053
0.0,3.4339872044851463,0.5,0,24,1.5814285714285714,1,5.6020599913279625,0.64,1,multiple sclerosis,0.600724093781563
0.0,3.044522437723423,0.5,0,24,1.5814285714285714,1,5.6020599913279625,0.64,1,multiple sclerosis,0.5948821222801371
2.0,2.5649493574615367,1.0,0,48,1.5814285714285714,5,5.6020599913279625,0.36,1,multiple sclerosis,0.6836885260762088
3.0,5.75890177387728,0.5,0,60,1.5814285714285714,1,5.6020599913279625,0.58,1,multiple sclerosis,0.6175978123224449
1.0,3.2188758248682006,0.5,0,36,1.5814285714285714,1,5.6020599913279625,0.64,1,multiple sclerosis,0.5974974230873088
4.0,3.6375861597263857,0.5,0,36,1.5814285714285714,1,5.6020599913279625,0.8,0,multiple sclerosis,0.6517780781101815
1.0,1.0986122886681098,0.5,0,36,1.5814285714285714,1,5.6020599913279625,0.64,1,multiple sclerosis,0.5656934700443074
1.0,3.871201010907891,1.0,0,36,1.5814285714285714,5,5.6020599913279625,0.64,0,multiple sclerosis,0.7872823008779041
0.0,3.2188758248682006,0.5,0,24,1.5814285714285714,1,5.6020599913279625,0.64,1,multiple sclerosis,0.5974974230873088
2.0,6.040254711277414,1.0,0,48,1.5814285714285714,5,5.6020599913279625,0.36,1,multiple sclerosis,0.7358181063834469
3.0,5.929589143389895,1.0,0,60,1.5814285714285714,5,5.6020599913279625,0.58,1,multiple sclerosis,0.8001581228651341
0.0,3.7612001156935624,0.5,0,24,1.5814285714285714,1,5.6020599913279625,0.64,1,multiple sclerosis,0.6056322874496892
0.0,6.2166061010848646,0.5,0,24,1.5814285714285714,1,5.6020599913279625,0.64,1,multiple sclerosis,0.6424633772305588
0.0,5.117993812416755,0.5,0,24,1.5814285714285714,1,5.6020599913279625,0.64,1,multiple sclerosis,0.6259841929005371
3.0,3.970291913552122,0.5,0,60,1.5814285714285714,1,5.6020599913279625,0.58,1,multiple sclerosis,0.5907686644175676
1.0,4.127134385045092,0.8,0,36,1.5814285714285714,3,5.6020599913279625,0.64,1,multiple sclerosis,0.7111213014899621
1.0,3.6375861597263857,0.5,0,36,1.5814285714285714,1,5.6020599913279625,0.64,1,multiple sclerosis,0.6037780781101816
2.0,3.4965075614664802,0.5,0,48,1.5814285714285714,1,5.6020599913279625,0.36,1,multiple sclerosis,0.5176618991362829
1.0,3.1354942159291497,1.0,0,36,1.5814285714285714,5,5.6020599913279625,0.64,1,multiple sclerosis,0.776246698953223
0.0,4.48863636973214,0.5,0,24,1.5814285714285714,1,5.6020599913279625,0.64,1,multiple sclerosis,0.6165438312602679
1.0,3.4339872044851463,1.0,0,36,1.5814285714285714,5,5.6020599913279625,0.64,1,multiple sclerosis,0.7807240937815629
0.0,4.110873864173311,0.5,0,24,1.5814285714285714,1,5.6020599913279625,0.64,1,multiple sclerosis,0.6108773936768854
0.0,4.61512051684126,0.5,0,24,1.5814285714285714,1,5.6020599913279625,0.64,1,multiple sclerosis,0.6184410934669047
0.0,0.6931471805599453,0.5,0,24,1.5814285714285714,1,5.6020599913279625,0.64,1,multiple sclerosis,0.5596114934226849
3.0,5.402677381872279,1.0,0,60,1.5814285714285714,5,5.6020599913279625,0.58,1,multiple sclerosis,0.7922544464423699
0.0,7.097548850614793,1.0,0,24,1.5814285714285714,5,5.6020599913279625,0.64,1,multiple sclerosis,0.8356775184735076
0.0,5.267858159063328,1.0,0,24,1.5814285714285714,5,5.6020599913279625,0.64,1,multiple sclerosis,0.8082321581002356
2.0,3.6109179126442243,0.5,0,48,1.5814285714285714,1,5.6020599913279625,0.36,1,multiple sclerosis,0.5193780544039491
0.0,4.110873864173311,0.5,0,24,1.5814285714285714,1,5.6020599913279625,0.64,1,multiple sclerosis,0.6108773936768854
0.0,3.044522437723423,0.5,0,24,1.5814285714285714,1,5.6020599913279625,0.64,1,multiple sclerosis,0.5948821222801371
4.0,4.174387269895637,0.5,0,36,1.5814285714285714,1,5.6020599913279625,0.8,1,multiple sclerosis,0.6598300947627203
0.0,2.5649493574615367,0.5,0,24,1.5814285714285714,1,5.6020599913279625,0.64,1,multiple sclerosis,0.5876885260762088
0.0,4.454347296253507,0.5,0,24,1.5814285714285714,1,5.6020599913279625,0.64,1,multiple sclerosis,0.6160294951580884
0.0,2.5649493574615367,0.5,0,24,1.5814285714285714,1,5.6020599913279625,0.64,1,multiple sclerosis,0.5876885260762088
0.0,4.74493212836325,1.0,0,24,1.5814285714285714,5,5.6020599913279625,0.64,1,multiple sclerosis,0.8003882676397345
4.0,3.713572066704308,0.5,0,36,1.5814285714285714,1,5.6020599913279625,0.8,1,multiple sclerosis,0.6529178667148503
4.0,3.367295829986474,0.5,0,36,1.5814285714285714,1,5.6020599913279625,0.8,1,multiple sclerosis,0.6477237231640828
0.0,3.4011973816621555,0.5,0,24,1.5814285714285714,1,5.6020599913279625,0.64,1,multiple sclerosis,0.6002322464392181
0.0,3.713572066704308,0.5,0,24,1.5814285714285714,1,5.6020599913279625,0.64,1,multiple sclerosis,0.6049178667148504
1.0,0.0,0.5,0,36,1.5814285714285714,1,5.6020599913279625,0.64,0,multiple sclerosis,0.5492142857142858
1.0,2.5649493574615367,0.5,0,36,1.5814285714285714,1,5.6020599913279625,0.64,1,multiple sclerosis,0.5876885260762088
4.0,5.488937726156687,1.0,0,36,1.5814285714285714,5,5.6020599913279625,0.8,1,multiple sclerosis,0.859548351606636
0.0,3.4339872044851463,0.5,0,24,1.5814285714285714,1,5.6020599913279625,0.64,1,multiple sclerosis,0.600724093781563
0.0,5.2832037287379885,0.5,0,24,1.5814285714285714,1,5.6020599913279625,0.64,1,multiple sclerosis,0.6284623416453556
0.0,4.23410650459726,0.8,0,24,1.5814285714285714,3,5.6020599913279625,0.64,0,multiple sclerosis,0.7127258832832446
2.0,2.772588722239781,0.5,0,48,1.5814285714285714,1,5.6020599913279625,0.36,1,multiple sclerosis,0.5068031165478825
0.0,4.77912349311153,0.5,0,24,1.5814285714285714,1,5.6020599913279625,0.64,1,multiple sclerosis,0.6209011381109587
3.0,4.634728988229636,0.5,0,60,1.5814285714285714,1,5.6020599913279625,0.58,0,multiple sclerosis,0.6007352205377303
0.0,3.6888794541139363,0.5,0,24,1.5814285714285714,1,5.6020599913279625,0.64,1,multiple sclerosis,0.6045474775259948
2.0,3.2188758248682006,0.5,0,48,1.5814285714285714,1,5.6020599913279625,0.36,1,multiple sclerosis,0.5134974230873087
0.0,5.0238805208462765,1.0,0,24,1.5814285714285714,5,5.6020599913279625,0.64,1,multiple sclerosis,0.8045724935269798
0.0,4.553876891600541,0.5,0,24,1.5814285714285714,1,5.6020599913279625,0.64,1,multiple sclerosis,0.6175224390882939
0.0,0.0,0.5,0,24,1.5814285714285714,1,5.6020599913279625,0.64,0,multiple sclerosis,0.5492142857142858
0.0,3.8918202981106265,0.5,0,24,1.5814285714285714,1,5.6020599913279625,0.64,1,multiple sclerosis,0.6075915901859452
2.0,4.727387818712341,1.0,0,48,1.5814285714285714,5,5.6020599913279625,0.36,0,multiple sclerosis,0.7161251029949709
4.0,4.07753744390572,1.0,0,36,1.5814285714285714,5,5.6020599913279625,0.8,1,multiple sclerosis,0.8383773473728715
0.0,2.6390573296152584,0.5,0,24,1.5814285714285714,1,5.6020599913279625,0.64,1,multiple sclerosis,0.5888001456585147
2.0,4.007333185232471,0.5,0,48,1.5814285714285714,1,5.6020599913279625,0.36,0,multiple sclerosis,0.5253242834927728
2.0,3.6375861597263857,1.0,0,48,1.5814285714285714,5,5.6020599913279625,0.36,1,multiple sclerosis,0.6997780781101816
0.0,3.713572066704308,0.5,0,24,1.5814285714285714,1,5.6020599913279625,0.64,1,multiple sclerosis,0.6049178667148504
0.0,3.044522437723423,0.5,0,24,1.5814285714285714,1,5.6020599913279625,0.64,1,multiple sclerosis,0.5948821222801371
3.0,7.508238774678663,1.0,0,60,1.5814285714285714,5,5.6020599913279625,0.58,0,multiple sclerosis,0.8238378673344656
1.0,2.3978952727983707,0.5,0,36,1.5814285714285714,1,5.6020599913279625,0.64,1,multiple sclerosis,0.5851827148062614
4.0,4.499809670330265,0.5,0,36,1.5814285714285714,1,5.6020599913279625,0.8,1,multiple sclerosis,0.6647114307692397
1.0,3.258096538021482,1.0,0,36,1.5814285714285714,5,5.6020599913279625,0.64,1,multiple sclerosis,0.7780857337846079
0.0,6.274762021241939,1.0,0,24,1.5814285714285714,5,5.6020599913279625,0.64,1,multiple sclerosis,0.8233357160329148
0.0,2.9444389791664403,0.5,0,24,1.5814285714285714,1,5.6020599913279625,0.64,1,multiple sclerosis,0.5933808704017823
1.0,4.007333185232471,0.5,0,36,1.5814285714285714,1,5.6020599913279625,0.64,1,multiple sclerosis,0.6093242834927728
0.0,6.922643891475888,0.5,0,24,1.5814285714285714,1,5.6020599913279625,0.64,1,multiple sclerosis,0.653053944086424
0.0,4.290459441148391,0.5,0,24,1.5814285714285714,1,5.6020599913279625,0.64,1,multiple sclerosis,0.6135711773315117
0.0,1.6094379124341003,0.5,0,24,1.5814285714285714,1,5.6020599913279625,0.64,1,multiple sclerosis,0.5733558544007973
0.0,3.4011973816621555,0.5,0,24,1.5814285714285714,1,5.6020599913279625,0.64,1,multiple sclerosis,0.6002322464392181
1.0,1.0986122886681098,1.0,0,36,1.5814285714285714,5,5.6020599913279625,0.64,0,multiple sclerosis,0.7456934700443073
3.0,0.0,1.0,0,60,1.5814285714285714,5,5.6020599913279625,0.58,0,multiple sclerosis,0.7112142857142857
0.0,2.6390573296152584,0.5,0,24,1.5814285714285714,1,5.6020599913279625,0.64,0,multiple sclerosis,0.5888001456585147
4.0,4.718498871295094,1.0,0,36,1.5814285714285714,5,5.6020599913279625,0.8,0,multiple sclerosis,0.8479917687837122
0.0,4.394449154672439,0.5,0,24,1.5814285714285714,1,5.6020599913279625,0.64,1,multiple sclerosis,0.6151310230343724
1.0,1.6094379124341003,1.0,0,36,1.5814285714285714,5,5.6020599913279625,0.64,0,multiple sclerosis,0.7533558544007972
0.0,4.61512051684126,0.5,0,24,1.5814285714285714,1,5.6020599913279625,0.64,1,multiple sclerosis,0.6184410934669047
0.0,5.017279836814924,0.5,0,24,1.5814285714285714,1,5.6020599913279625,0.64,1,multiple sclerosis,0.6244734832665096
4.0,0.0,1.0,0,36,1.5814285714285714,5,5.6020599913279625,0.8,0,multiple sclerosis,0.7772142857142857
0.0,4.110873864173311,0.5,0,24,1.5814285714285714,1,5.6020599913279625,0.64,1,multiple sclerosis,0.6108773936768854
0.0,4.564348191467836,0.5,0,24,1.5814285714285714,1,5.6020599913279625,0.64,1,multiple sclerosis,0.6176795085863033
2.0,3.4339872044851463,0.5,0,48,1.5814285714285714,1,5.6020599913279625,0.36,1,multiple sclerosis,0.5167240937815629
0.0,6.148468295917647,1.0,0,24,1.5814285714285714,5,5.6020599913279625,0.64,1,multiple sclerosis,0.8214413101530504
0.0,6.212606095751519,1.0,0,24,1.5814285714285714,5,5.6020599913279625,0.64,1,multiple sclerosis,0.8224033771505584
0.0,4.976733742420574,0.5,0,24,1.5814285714285714,1,5.6020599913279625,0.64,1,multiple sclerosis,0.6238652918505944
0.0,5.484796933490655,0.5,0,24,1.5814285714285714,1,5.6020599913279625,0.64,1,multiple sclerosis,0.6314862397166456
2.0,4.0943445622221,0.5,0,48,1.5814285714285714,1,5.6020599913279625,0.36,0,multiple sclerosis,0.5266294541476173
3.0,0.0,1.0,0,60,1.5814285714285714,5,5.6020599913279625,0.58,0,multiple sclerosis,0.7112142857142857
4.0,5.3706380281276624,1.0,0,36,1.5814285714285714,5,5.6020599913279625,0.8,1,multiple sclerosis,0.8577738561362007
3.0,7.205635176410364,1.0,0,60,1.5814285714285714,5,5.6020599913279625,0.58,1,multiple sclerosis,0.8192988133604411
3.0,4.6913478822291435,0.5,0,60,1.5814285714285714,1,5.6020599913279625,0.58,1,multiple sclerosis,0.6015845039477229
0.0,4.61512051684126,0.5,0,24,1.5814285714285714,1,5.6020599913279625,0.64,0,multiple sclerosis,0.6184410934669047
2.0,4.653960350157523,0.5,0,48,1.5814285714285714,1,5.6020599913279625,0.36,1,multiple sclerosis,0.5350236909666486
3.0,5.056245805348308,1.0,0,60,1.5814285714285714,5,5.6020599913279625,0.58,1,multiple sclerosis,0.7870579727945103
0.0,2.70805020110221,0.5,0,24,1.5814285714285714,1,5.6020599913279625,0.64,1,multiple sclerosis,0.5898350387308189
0.0,3.4339872044851463,0.5,0,24,1.5814285714285714,1,5.6020599913279625,0.64,1,multiple sclerosis,0.600724093781563
1.0,3.8918202981106265,1.0,0,36,1.5814285714285714,5,5.6020599913279625,0.64,1,multiple sclerosis,0.7875915901859452
0.0,5.214935757608986,0.5,0,24,1.5814285714285714,1,5.6020599913279625,0.64,1,multiple sclerosis,0.6274383220784205
0.0,3.6888794541139363,0.5,0,24,1.5814285714285714,1,5.6020599913279625,0.64,1,multiple sclerosis,0.6045474775259948
1.0,4.653960350157523,1.0,0,36,1.5814285714285714,5,5.6020599913279625,0.64,1,multiple sclerosis,0.7990236909666486
0.0,4.02535169073515,1.0,0,24,1.5814285714285714,5,5.6020599913279625,0.64,1,multiple sclerosis,0.7895945610753129
0.0,11.695255355062795,0.5,0,24,1.5814285714285714,1,5.6020599913279625,0.64,0,multiple sclerosis,0.7246431160402277
0.0,1.9459101490553132,0.5,0,24,1.5814285714285714,1,5.6020599913279625,0.64,1,multiple sclerosis,0.5784029379501154
1.0,3.1780538303479458,0.5,0,36,1.5814285714285714,1,5.6020599913279625,0.64,0,multiple sclerosis,0.596885093169505
2.0,4.31748811353631,1.0,0,48,1.5814285714285714,5,5.6020599913279625,0.36,1,multiple sclerosis,0.7099766074173304
4.0,1.791759469228055,0.5,0,36,1.5814285714285714,1,5.6020599913279625,0.8,0,multiple sclerosis,0.6240906777527065
2.0,6.100318952020064,0.5,0,48,1.5814285714285714,1,5.6020599913279625,0.36,1,multiple sclerosis,0.5567190699945868
0.0,4.927253685157205,0.5,0,24,1.5814285714285714,1,5.6020599913279625,0.64,1,multiple sclerosis,0.6231230909916439
0.0,3.713572066704308,0.5,0,24,1.5814285714285714,1,5.6020599913279625,0.64,1,multiple sclerosis,0.6049178667148504
0.0,0.0,1.0,0,24,1.5814285714285714,5,5.6020599913279625,0.64,0,multiple sclerosis,0.7292142857142857
0.0,5.541263545158426,0.5,0,24,1.5814285714285714,1,5.6020599913279625,0.64,1,multiple sclerosis,0.6323332388916622
0.0,4.61512051684126,0.5,0,24,1.5814285714285714,1,5.6020599913279625,0.64,1,multiple sclerosis,0.6184410934669047
3.0,6.472346294500901,1.0,0,60,1.5814285714285714,5,5.6020599913279625,0.58,1,multiple sclerosis,0.8082994801317992
0.0,4.90527477843843,0.5,0,24,1.5814285714285714,1,5.6020599913279625,0.64,1,multiple sclerosis,0.6227934073908622
4.0,5.181783550292085,1.0,0,36,1.5814285714285714,5,5.6020599913279625,0.8,1,multiple sclerosis,0.854941038968667
0.0,3.6375861597263857,0.5,0,24,1.5814285714285714,1,5.6020599913279625,0.64,1,multiple sclerosis,0.6037780781101816
2.0,3.9318256327243257,0.5,0,48,1.5814285714285714,1,5.6020599913279625,0.36,1,multiple sclerosis,0.5241916702051507
0.0,3.2188758248682006,0.5,0,24,1.5814285714285714,1,5.6020599913279625,0.64,1,multiple sclerosis,0.5974974230873088
2.0,1.0986122886681098,1.0,0,48,1.5814285714285714,5,5.6020599913279625,0.36,0,multiple sclerosis,0.6616934700443073
0.0,6.621405651764134,0.5,0,24,1.5814285714285714,1,5.6020599913279625,0.64,1,multiple sclerosis,0.6485353704907477
3.0,4.969813299576001,1.0,0,60,1.5814285714285714,5,5.6020599913279625,0.58,0,multiple sclerosis,0.7857614852079257
0.0,2.3978952727983707,0.5,0,24,1.5814285714285714,1,5.6020599913279625,0.64,1,multiple sclerosis,0.5851827148062614
2.0,3.713572066704308,0.5,0,48,1.5814285714285714,1,5.6020599913279625,0.36,1,multiple sclerosis,0.5209178667148504
2.0,2.6390573296152584,0.5,0,48,1.5814285714285714,1,5.6020599913279625,0.36,1,multiple sclerosis,0.5048001456585146
0.0,3.295836866004329,0.5,0,24,1.5814285714285714,1,5.6020599913279625,0.64,1,multiple sclerosis,0.5986518387043507
0.0,3.1354942159291497,0.5,0,24,1.5814285714285714,1,5.6020599913279625,0.64,1,multiple sclerosis,0.596246698953223
1.0,3.044522437723423,1.0,0,36,1.5814285714285714,5,5.6020599913279625,0.64,1,multiple sclerosis,0.7748821222801371
0.0,11.51293546492023,1.0,0,24,1.5814285714285714,5,5.6020599913279625,0.64,1,multiple sclerosis,0.9019083176880891
0.5,0.0,0.5,0,24,1.5814285714285714,1,5.6020599913279625,0.64,0,multiple sclerosis,0.5492142857142858
4.0,4.672828834461906,1.0,0,36,1.5814285714285714,5,5.6020599913279625,0.8,1,multiple sclerosis,0.8473067182312143
2.0,4.343805421853684,1.0,0,48,1.5814285714285714,5,5.6020599913279625,0.36,1,multiple sclerosis,0.710371367042091
2.0,3.8918202981106265,1.0,0,48,1.5814285714285714,5,5.6020599913279625,0.36,1,multiple sclerosis,0.7035915901859451
2.0,4.543294782270004,1.0,0,48,1.5814285714285714,5,5.6020599913279625,0.36,1,multiple sclerosis,0.7133637074483358
1.0,3.044522437723423,0.5,0,36,1.5814285714285714,1,5.6020599913279625,0.64,1,multiple sclerosis,0.5948821222801371
2.0,7.704811922932594,1.0,0,48,1.5814285714285714,5,5.6020599913279625,0.36,0,multiple sclerosis,0.7607864645582747
0.0,3.4965075614664802,0.5,0,24,1.5814285714285714,1,5.6020599913279625,0.64,1,multiple sclerosis,0.601661899136283
0.0,5.6937321388027,0.5,0,24,1.5814285714285714,1,5.6020599913279625,0.64,1,multiple sclerosis,0.6346202677963263
0.0,2.0794415416798357,0.5,0,24,1.5814285714285714,1,5.6020599913279625,0.64,0,multiple sclerosis,0.5804059088394833
0.0,5.993961427306569,1.0,0,24,1.5814285714285714,5,5.6020599913279625,0.64,1,multiple sclerosis,0.8191237071238843
2.0,4.962844630259907,1.0,0,48,1.5814285714285714,5,5.6020599913279625,0.36,1,multiple sclerosis,0.7196569551681844
0.0,3.8501476017100584,0.5,0,24,1.5814285714285714,1,5.6020599913279625,0.64,1,multiple sclerosis,0.6069664997399367
4.0,0.6931471805599453,1.0,0,36,1.5814285714285714,5,5.6020599913279625,0.8,0,multiple sclerosis,0.7876114934226849
1.0,2.70805020110221,0.5,0,36,1.5814285714285714,1,5.6020599913279625,0.64,1,multiple sclerosis,0.5898350387308189
0.0,6.214608098422191,0.5,0,24,1.5814285714285714,1,5.6020599913279625,0.64,1,multiple sclerosis,0.6424334071906186
1.0,2.1972245773362196,0.5,0,36,1.5814285714285714,1,5.6020599913279625,0.64,1,multiple sclerosis,0.5821726543743291
0.0,0.6931471805599453,0.5,0,24,1.5814285714285714,1,5.6020599913279625,0.64,1,multiple sclerosis,0.5596114934226849
0.0,5.278114659230517,0.5,0,24,1.5814285714285714,1,5.6020599913279625,0.64,1,multiple sclerosis,0.6283860056027435
4.0,3.871201010907891,1.0,0,36,1.5814285714285714,5,5.6020599913279625,0.8,0,multiple sclerosis,0.8352823008779041
0.0,3.5553480614894135,0.5,0,24,1.5814285714285714,1,5.6020599913279625,0.64,1,multiple sclerosis,0.602544506636627
1.0,3.044522437723423,1.0,0,36,1.5814285714285714,5,5.6020599913279625,0.64,1,multiple sclerosis,0.7748821222801371
0.0,3.4011973816621555,0.5,0,24,1.5814285714285714,1,5.6020599913279625,0.64,1,multiple sclerosis,0.6002322464392181
0.0,3.713572066704308,0.5,0,24,1.5814285714285714,1,5.6020599913279625,0.64,1,multiple sclerosis,0.6049178667148504
3.0,5.117993812416755,1.0,0,60,1.5814285714285714,5,5.6020599913279625,0.58,1,multiple sclerosis,0.787984192900537
0.0,2.70805020110221,1.0,0,24,1.5814285714285714,5,5.6020599913279625,0.64,1,multiple sclerosis,0.7698350387308188
0.0,3.4965075614664802,0.5,0,24,1.5814285714285714,1,5.6020599913279625,0.64,1,multiple sclerosis,0.601661899136283
0.0,4.189654742026425,0.5,0,24,1.5814285714285714,1,5.6020599913279625,0.64,1,multiple sclerosis,0.6120591068446821
0.0,4.962844630259907,0.5,0,24,1.5814285714285714,1,5.6020599913279625,0.64,1,multiple sclerosis,0.6236569551681843
1.0,2.5649493574615367,1.0,0,36,1.5814285714285714,5,5.6020599913279625,0.64,1,multiple sclerosis,0.7676885260762087
4.0,5.303304908059076,1.0,0,36,1.5814285714285714,5,5.6020599913279625,0.8,1,multiple sclerosis,0.8567638593351719
2.0,3.2188758248682006,0.6,0,48,1.5814285714285714,1,5.6020599913279625,0.36,1,multiple sclerosis,0.5334974230873087
0.0,5.2574953720277815,0.5,0,24,1.5814285714285714,1,5.6020599913279625,0.64,1,multiple sclerosis,0.6280767162947025
2.0,4.248495242049359,0.5,0,48,1.5814285714285714,1,5.6020599913279625,0.36,1,multiple sclerosis,0.5289417143450261
0.0,4.2626798770413155,0.5,0,24,1.5814285714285714,1,5.6020599913279625,0.64,1,multiple sclerosis,0.6131544838699055
4.0,0.0,0.5,0,36,1.5814285714285714,1,5.6020599913279625,0.8,0,multiple sclerosis,0.5972142857142857
0.0,5.056245805348308,0.5,0,24,1.5814285714285714,1,5.6020599913279625,0.64,1,multiple sclerosis,0.6250579727945104
0.0,2.0794415416798357,0.5,0,24,1.5814285714285714,1,5.6020599913279625,0.64,1,multiple sclerosis,0.5804059088394833
0.0,3.9318256327243257,0.5,0,24,1.5814285714285714,1,5.6020599913279625,0.64,1,multiple sclerosis,0.6081916702051506
0.0,3.828641396489095,0.5,0,24,1.5814285714285714,1,5.6020599913279625,0.64,1,multiple sclerosis,0.6066439066616222
1.0,2.1972245773362196,1.0,0,36,1.5814285714285714,5,5.6020599913279625,0.64,1,multiple sclerosis,0.762172654374329
0.0,5.062595033026967,0.5,0,24,1.5814285714285714,1,5.6020599913279625,0.64,1,multiple sclerosis,0.6251532112096903
0.0,4.2626798770413155,0.5,0,24,1.5814285714285714,1,5.6020599913279625,0.64,0,multiple sclerosis,0.6131544838699055
0.0,3.9318256327243257,0.5,0,24,1.5814285714285714,1,5.6020599913279625,0.64,1,multiple sclerosis,0.6081916702051506
2.0,3.4965075614664802,0.5,0,48,1.5814285714285714,1,5.6020599913279625,0.36,0,multiple sclerosis,0.5176618991362829
0.0,2.8903717578961645,0.5,0,24,1.5814285714285714,1,5.6020599913279625,0.64,1,multiple sclerosis,0.5925698620827282
0.0,4.919980925828125,0.5,0,24,1.5814285714285714,1,5.6020599913279625,0.64,1,multiple sclerosis,0.6230139996017077
3.0,4.532599493153256,0.5,0,60,1.5814285714285714,1,5.6020599913279625,0.58,1,multiple sclerosis,0.5992032781115846
0.0,4.727387818712341,0.5,0,24,1.5814285714285714,1,5.6020599913279625,0.64,1,multiple sclerosis,0.6201251029949709
0.0,5.198497031265826,0.5,0,24,1.5814285714285714,1,5.6020599913279625,0.64,1,multiple sclerosis,0.6271917411832731
0.0,3.713572066704308,0.5,0,24,1.5814285714285714,1,5.6020599913279625,0.64,1,multiple sclerosis,0.6049178667148504
0.0,3.6109179126442243,0.8,0,24,1.5814285714285714,3,5.6020599913279625,0.64,1,multiple sclerosis,0.7033780544039491
0.0,3.970291913552122,0.6,0,24,1.5814285714285714,1,5.6020599913279625,0.64,1,multiple sclerosis,0.6287686644175675
2.0,3.4339872044851463,0.5,0,48,1.5814285714285714,1,5.6020599913279625,0.36,1,multiple sclerosis,0.5167240937815629
0.0,3.5553480614894135,0.5,0,24,1.5814285714285714,1,5.6020599913279625,0.64,1,multiple sclerosis,0.602544506636627
4.0,1.9459101490553132,1.0,0,36,1.5814285714285714,5,5.6020599913279625,0.8,1,multiple sclerosis,0.8064029379501154
4.0,4.584967478670572,1.0,0,36,1.5814285714285714,5,5.6020599913279625,0.8,1,multiple sclerosis,0.8459887978943443
0.0,3.4339872044851463,0.5,0,24,1.5814285714285714,1,5.6020599913279625,0.64,1,multiple sclerosis,0.600724093781563
0.0,3.4965075614664802,0.5,0,24,1.5814285714285714,1,5.6020599913279625,0.64,1,multiple sclerosis,0.601661899136283
1.0,3.5553480614894135,1.0,0,36,1.5814285714285714,5,5.6020599913279625,0.64,1,multiple sclerosis,0.7825445066366269
0.0,4.795790545596741,0.5,0,24,1.5814285714285714,1,5.6020599913279625,0.64,1,multiple sclerosis,0.6211511438982369
1.0,3.2188758248682006,1.0,0,36,1.5814285714285714,5,5.6020599913279625,0.64,1,multiple sclerosis,0.7774974230873087
0.0,4.61512051684126,0.5,0,24,1.5814285714285714,1,5.6020599913279625,0.64,1,multiple sclerosis,0.6184410934669047
2.0,2.3978952727983707,0.5,0,48,1.5814285714285714,1,5.6020599913279625,0.36,1,multiple sclerosis,0.5011827148062613
0.0,3.871201010907891,0.5,0,24,1.5814285714285714,1,5.6020599913279625,0.64,1,multiple sclerosis,0.6072823008779041
0.0,1.0986122886681098,0.5,0,24,1.5814285714285714,1,5.6020599913279625,0.64,1,multiple sclerosis,0.5656934700443074
2.0,5.3981627015177525,0.5,0,48,1.5814285714285714,1,5.6020599913279625,0.36,1,multiple sclerosis,0.546186726237052
3.0,6.364750756851911,1.0,0,60,1.5814285714285714,5,5.6020599913279625,0.58,1,multiple sclerosis,0.8066855470670644
3.0,1.791759469228055,0.5,0,60,1.5814285714285714,1,5.6020599913279625,0.58,1,multiple sclerosis,0.5580906777527066
2.0,1.0986122886681098,0.5,0,48,1.5814285714285714,1,5.6020599913279625,0.36,1,multiple sclerosis,0.4816934700443074
0.0,2.4849066497880004,0.5,0,24,1.5814285714285714,1,5.6020599913279625,0.64,1,multiple sclerosis,0.5864878854611058
3.0,6.931471805599453,1.0,0,60,1.5814285714285714,5,5.6020599913279625,0.58,1,multiple sclerosis,0.8151863627982775
0.0,3.6375861597263857,0.5,0,24,1.5814285714285714,1,5.6020599913279625,0.64,1,multiple sclerosis,0.6037780781101816
0.0,4.454347296253507,0.5,0,24,1.5814285714285714,1,5.6020599913279625,0.64,0,multiple sclerosis,0.6160294951580884
2.0,5.44673737166631,1.0,0,48,1.5814285714285714,5,5.6020599913279625,0.36,1,multiple sclerosis,0.7269153462892803
0.0,3.713572066704308,0.5,0,24,1.5814285714285714,1,5.6020599913279625,0.64,1,multiple sclerosis,0.6049178667148504
0.0,4.477336814478207,0.5,0,24,1.5814285714285714,1,5.6020599913279625,0.64,1,multiple sclerosis,0.6163743379314589
0.0,5.627621113690637,1.0,0,24,1.5814285714285714,5,5.6020599913279625,0.64,1,multiple sclerosis,0.8136286024196453
0.0,0.6931471805599453,1.0,0,24,1.5814285714285714,5,5.6020599913279625,0.64,0,multiple sclerosis,0.7396114934226848
2.0,5.43372200355424,1.0,0,48,1.5814285714285714,5,5.6020599913279625,0.36,1,multiple sclerosis,0.7267201157675993
0.0,3.4339872044851463,0.5,0,24,1.5814285714285714,1,5.6020599913279625,0.64,1,multiple sclerosis,0.600724093781563
0.0,3.7612001156935624,1.0,0,24,1.5814285714285714,5,5.6020599913279625,0.64,0,multiple sclerosis,0.7856322874496892
2.0,3.2188758248682006,0.5,0,48,1.5814285714285714,1,5.6020599913279625,0.36,1,multiple sclerosis,0.5134974230873087
0.0,1.791759469228055,0.5,0,24,1.5814285714285714,1,5.6020599913279625,0.64,1,multiple sclerosis,0.5760906777527066
0.0,4.143134726391533,0.5,0,24,1.5814285714285714,1,5.6020599913279625,0.64,1,multiple sclerosis,0.6113613066101588
0.0,4.189654742026425,0.5,0,24,1.5814285714285714,1,5.6020599913279625,0.64,1,multiple sclerosis,0.6120591068446821
3.0,5.389071729816501,1.0,0,60,1.5814285714285714,5,5.6020599913279625,0.58,1,multiple sclerosis,0.7920503616615332
1.0,0.6931471805599453,0.5,0,36,1.5814285714285714,1,5.6020599913279625,0.64,0,multiple sclerosis,0.5596114934226849
0.0,4.23410650459726,0.5,0,24,1.5814285714285714,1,5.6020599913279625,0.64,1,multiple sclerosis,0.6127258832832446
0.0,5.093750200806762,1.0,0,24,1.5814285714285714,5,5.6020599913279625,0.64,1,multiple sclerosis,0.8056205387263872
1.0,3.044522437723423,0.5,0,36,1.5814285714285714,1,5.6020599913279625,0.64,1,multiple sclerosis,0.5948821222801371
0.0,2.772588722239781,0.5,0,24,1.5814285714285714,1,5.6020599913279625,0.64,1,multiple sclerosis,0.5908031165478824
1.0,3.332204510175204,1.0,0,36,1.5814285714285714,5,5.6020599913279625,0.64,1,multiple sclerosis,0.7791973533669138
0.0,3.091042453358316,0.6,0,24,1.5814285714285714,1,5.6020599913279625,0.64,1,multiple sclerosis,0.6155799225146604
0.0,4.941642422609304,0.6,0,24,1.5814285714285714,1,5.6020599913279625,0.64,1,multiple sclerosis,0.6433389220534252
2.0,6.361302477572996,1.0,0,48,1.5814285714285714,5,5.6020599913279625,0.36,1,multiple sclerosis,0.7406338228778807
0.0,7.195187320178709,1.0,0,24,1.5814285714285714,5,5.6020599913279625,0.64,1,multiple sclerosis,0.8371420955169664
4.0,4.2626798770413155,0.5,0,36,1.5814285714285714,1,5.6020599913279625,0.8,0,multiple sclerosis,0.6611544838699054
0.0,2.772588722239781,0.5,0,24,1.5814285714285714,1,5.6020599913279625,0.64,1,multiple sclerosis,0.5908031165478824
2.0,2.302585092994046,0.5,0,48,1.5814285714285714,1,5.6020599913279625,0.36,1,multiple sclerosis,0.49975306210919646
0.0,5.303304908059076,0.5,0,24,1.5814285714285714,1,5.6020599913279625,0.64,1,multiple sclerosis,0.6287638593351719
0.0,4.912654885736052,0.5,0,24,1.5814285714285714,1,5.6020599913279625,0.64,1,multiple sclerosis,0.6229041090003266
4.0,4.219507705176107,0.5,0,36,1.5814285714285714,1,5.6020599913279625,0.8,1,multiple sclerosis,0.6605069012919274
1.0,2.1972245773362196,0.5,0,36,1.5814285714285714,1,5.6020599913279625,0.64,1,multiple sclerosis,0.5821726543743291
2.0,3.4657359027997265,0.5,0,48,1.5814285714285714,1,5.6020599913279625,0.36,1,multiple sclerosis,0.5172003242562816
4.0,4.634728988229636,1.0,0,36,1.5814285714285714,5,5.6020599913279625,0.8,1,multiple sclerosis,0.8467352205377303
0.0,4.90527477843843,0.5,0,24,1.5814285714285714,1,5.6020599913279625,0.64,1,multiple sclerosis,0.6227934073908622
0.5,1.0986122886681098,0.5,0,24,1.5814285714285714,1,5.6020599913279625,0.64,1,multiple sclerosis,0.5656934700443074
0.0,3.4339872044851463,0.5,0,24,1.5814285714285714,1,5.6020599913279625,0.64,1,multiple sclerosis,0.600724093781563
0.0,4.219507705176107,0.5,0,24,1.5814285714285714,1,5.6020599913279625,0.64,1,multiple sclerosis,0.6125069012919273
0.0,3.044522437723423,0.5,0,24,1.5814285714285714,1,5.6020599913279625,0.64,1,multiple sclerosis,0.5948821222801371
0.0,3.8066624897703196,0.5,0,24,1.5814285714285714,1,5.6020599913279625,0.64,1,multiple sclerosis,0.6063142230608406
0.0,4.51085950651685,0.5,0,24,1.5814285714285714,1,5.6020599913279625,0.64,1,multiple sclerosis,0.6168771783120385
2.0,5.926926025970411,1.0,0,48,1.5814285714285714,5,5.6020599913279625,0.36,1,multiple sclerosis,0.7341181761038419
0.0,5.081404364984463,1.0,0,24,1.5814285714285714,5,5.6020599913279625,0.64,1,multiple sclerosis,0.8054353511890526
0.0,0.0,1.0,0,24,1.5814285714285714,5,5.6020599913279625,0.64,0,multiple sclerosis,0.7292142857142857
1.0,2.4849066497880004,1.0,0,36,1.5814285714285714,5,5.6020599913279625,0.64,0,multiple sclerosis,0.7664878854611057
2.0,5.099866427824199,1.0,0,48,1.5814285714285714,5,5.6020599913279625,0.36,1,multiple sclerosis,0.7217122821316487
3.0,6.943122422819428,1.0,0,60,1.5814285714285714,5,5.6020599913279625,0.58,1,multiple sclerosis,0.8153611220565771
2.0,3.1780538303479458,0.7,0,48,1.5814285714285714,2,5.6020599913279625,0.36,1,multiple sclerosis,0.572885093169505
2.0,4.276666119016055,1.0,0,48,1.5814285714285714,5,5.6020599913279625,0.36,1,multiple sclerosis,0.7093642774995266
4.0,3.4339872044851463,0.5,0,36,1.5814285714285714,1,5.6020599913279625,0.8,0,multiple sclerosis,0.6487240937815629
0.0,4.394449154672439,0.5,0,24,1.5814285714285714,1,5.6020599913279625,0.64,1,multiple sclerosis,0.6151310230343724
0.0,4.1588830833596715,0.5,0,24,1.5814285714285714,1,5.6020599913279625,0.64,1,multiple sclerosis,0.6115975319646808
0.0,3.9889840465642745,0.5,0,24,1.5814285714285714,1,5.6020599913279625,0.64,1,multiple sclerosis,0.6090490464127499
0.0,3.6109179126442243,0.5,0,24,1.5814285714285714,1,5.6020599913279625,0.64,1,multiple sclerosis,0.6033780544039491
2.0,5.081404364984463,1.0,0,48,1.5814285714285714,5,5.6020599913279625,0.36,1,multiple sclerosis,0.7214353511890527
4.0,0.0,1.0,0,36,1.5814285714285714,5,5.6020599913279625,0.8,0,multiple sclerosis,0.7772142857142857
1.0,1.0986122886681098,1.0,0,36,1.5814285714285714,5,5.6020599913279625,0.64,0,multiple sclerosis,0.7456934700443073
0.0,3.367295829986474,0.5,0,24,1.5814285714285714,1,5.6020599913279625,0.64,1,multiple sclerosis,0.5997237231640828
2.0,4.110873864173311,1.0,0,48,1.5814285714285714,5,5.6020599913279625,0.36,1,multiple sclerosis,0.7068773936768854
1.0,3.091042453358316,1.0,0,36,1.5814285714285714,5,5.6020599913279625,0.64,1,multiple sclerosis,0.7755799225146605
0.0,3.9318256327243257,0.5,0,24,1.5814285714285714,1,5.6020599913279625,0.64,1,multiple sclerosis,0.6081916702051506
2.0,4.174387269895637,0.5,0,48,1.5814285714285714,1,5.6020599913279625,0.36,1,multiple sclerosis,0.5278300947627204
0.0,3.4657359027997265,0.5,0,24,1.5814285714285714,1,5.6020599913279625,0.64,1,multiple sclerosis,0.6012003242562817
0.0,3.6888794541139363,0.5,0,24,1.5814285714285714,1,5.6020599913279625,0.64,1,multiple sclerosis,0.6045474775259948
0.0,3.6375861597263857,0.5,0,24,1.5814285714285714,1,5.6020599913279625,0.64,1,multiple sclerosis,0.6037780781101816
4.0,6.759255270663693,1.0,0,36,1.5814285714285714,5,5.6020599913279625,0.8,1,multiple sclerosis,0.8786031147742411
0.0,4.653960350157523,0.8,0,24,1.5814285714285714,3,5.6020599913279625,0.64,1,multiple sclerosis,0.7190236909666485
0.0,4.948759890378168,0.5,0,24,1.5814285714285714,1,5.6020599913279625,0.64,1,multiple sclerosis,0.6234456840699583
4.0,3.044522437723423,0.5,0,36,1.5814285714285714,1,5.6020599913279625,0.8,1,multiple sclerosis,0.6428821222801371
0.0,3.258096538021482,1.0,0,24,1.5814285714285714,5,5.6020599913279625,0.64,1,multiple sclerosis,0.7780857337846079
2.0,0.0,0.5,0,48,1.5814285714285714,1,5.6020599913279625,0.36,0,multiple sclerosis,0.46521428571428575
2.0,3.1354942159291497,0.5,0,48,1.5814285714285714,1,5.6020599913279625,0.36,1,multiple sclerosis,0.512246698953223
3.0,7.822044008185619,1.0,0,60,1.5814285714285714,5,5.6020599913279625,0.58,1,multiple sclerosis,0.82854494583707
0.0,4.61512051684126,0.5,0,24,1.5814285714285714,1,5.6020599913279625,0.64,1,multiple sclerosis,0.6184410934669047
3.0,7.033506484287697,1.0,0,60,1.5814285714285714,5,5.6020599913279625,0.58,1,multiple sclerosis,0.8167168829786011
0.0,4.795790545596741,0.5,0,24,1.5814285714285714,1,5.6020599913279625,0.64,1,multiple sclerosis,0.6211511438982369
0.0,4.060443010546419,0.5,0,24,1.5814285714285714,1,5.6020599913279625,0.64,1,multiple sclerosis,0.6101209308724821
0.0,1.791759469228055,0.5,0,24,1.5814285714285714,1,5.6020599913279625,0.64,1,multiple sclerosis,0.5760906777527066
2.0,6.98100574072173,1.0,0,48,1.5814285714285714,5,5.6020599913279625,0.36,1,multiple sclerosis,0.7499293718251117
0.0,2.3978952727983707,0.5,0,24,1.5814285714285714,1,5.6020599913279625,0.64,1,multiple sclerosis,0.5851827148062614
2.0,2.3978952727983707,0.5,0,48,1.5814285714285714,1,5.6020599913279625,0.36,1,multiple sclerosis,0.5011827148062613
1.0,2.70805020110221,0.8,0,36,1.5814285714285714,3,5.6020599913279625,0.64,1,multiple sclerosis,0.6898350387308189
3.0,6.35088571671474,1.0,0,60,1.5814285714285714,5,5.6020599913279625,0.58,1,multiple sclerosis,0.8064775714650068
1.0,1.0986122886681098,0.8,0,36,1.5814285714285714,3,5.6020599913279625,0.64,0,multiple sclerosis,0.6656934700443073
0.0,4.653960350157523,0.5,0,24,1.5814285714285714,1,5.6020599913279625,0.64,1,multiple sclerosis,0.6190236909666487
0.0,3.58351893845611,0.5,0,24,1.5814285714285714,1,5.6020599913279625,0.64,1,multiple sclerosis,0.6029670697911275
0.0,6.68586094706836,0.5,0,24,1.5814285714285714,1,5.6020599913279625,0.64,1,multiple sclerosis,0.6495021999203111
0.0,3.713572066704308,0.5,0,24,1.5814285714285714,1,5.6020599913279625,0.64,1,multiple sclerosis,0.6049178667148504
0.0,3.8918202981106265,1.0,0,24,1.5814285714285714,5,5.6020599913279625,0.64,1,multiple sclerosis,0.7875915901859452
4.0,2.0794415416798357,0.5,0,36,1.5814285714285714,1,5.6020599913279625,0.8,1,multiple sclerosis,0.6284059088394832
3.0,8.013674142832684,1.0,0,60,1.5814285714285714,5,5.6020599913279625,0.58,1,multiple sclerosis,0.831419397856776
3.0,2.1972245773362196,0.5,0,60,1.5814285714285714,1,5.6020599913279625,0.58,1,multiple sclerosis,0.5641726543743291
3.0,4.07753744390572,1.0,0,60,1.5814285714285714,5,5.6020599913279625,0.58,0,multiple sclerosis,0.7723773473728714
3.0,6.61338421837956,1.0,0,60,1.5814285714285714,5,5.6020599913279625,0.58,1,multiple sclerosis,0.8104150489899791
3.0,6.964135612418245,1.0,0,60,1.5814285714285714,5,5.6020599913279625,0.58,1,multiple sclerosis,0.8156763199005593
0.0,7.1693500166706,0.5,0,24,1.5814285714285714,1,5.6020599913279625,0.64,1,multiple sclerosis,0.6567545359643447
4.0,0.0,1.0,0,36,1.5814285714285714,5,5.6020599913279625,0.8,0,multiple sclerosis,0.7772142857142857
0.0,3.295836866004329,0.5,0,24,1.5814285714285714,1,5.6020599913279625,0.64,1,multiple sclerosis,0.5986518387043507
2.0,2.8903717578961645,0.5,0,48,1.5814285714285714,1,5.6020599913279625,0.36,1,multiple sclerosis,0.5085698620827283
0.0,2.772588722239781,0.5,0,24,1.5814285714285714,1,5.6020599913279625,0.64,1,multiple sclerosis,0.5908031165478824
0.0,4.990432586778736,1.0,0,24,1.5814285714285714,5,5.6020599913279625,0.64,0,multiple sclerosis,0.8040707745159668
0.0,4.48863636973214,1.0,0,24,1.5814285714285714,5,5.6020599913279625,0.64,1,multiple sclerosis,0.7965438312602678
0.0,3.713572066704308,0.7,0,24,1.5814285714285714,2,5.6020599913279625,0.64,1,multiple sclerosis,0.6649178667148503
0.0,6.2166061010848646,0.5,0,24,1.5814285714285714,1,5.6020599913279625,0.64,1,multiple sclerosis,0.6424633772305588
0.0,3.044522437723423,0.5,0,24,1.5814285714285714,1,5.6020599913279625,0.64,1,multiple sclerosis,0.5948821222801371
0.0,6.045005314036012,0.5,0,24,1.5814285714285714,1,5.6020599913279625,0.64,1,multiple sclerosis,0.6398893654248259
0.0,4.532599493153256,0.5,0,24,1.5814285714285714,1,5.6020599913279625,0.64,1,multiple sclerosis,0.6172032781115846
2.0,4.143134726391533,1.0,0,48,1.5814285714285714,5,5.6020599913279625,0.36,0,multiple sclerosis,0.7073613066101587
0.0,3.332204510175204,0.5,0,24,1.5814285714285714,1,5.6020599913279625,0.64,1,multiple sclerosis,0.5991973533669138
4.0,3.4339872044851463,0.5,0,36,1.5814285714285714,1,5.6020599913279625,0.8,1,multiple sclerosis,0.6487240937815629
0.0,5.8971538676367405,0.5,0,24,1.5814285714285714,1,5.6020599913279625,0.64,1,multiple sclerosis,0.6376715937288369
4.0,2.772588722239781,0.5,0,36,1.5814285714285714,1,5.6020599913279625,0.8,1,multiple sclerosis,0.6388031165478825
0.0,3.4011973816621555,0.5,0,24,1.5814285714285714,1,5.6020599913279625,0.64,1,multiple sclerosis,0.6002322464392181
3.0,4.634728988229636,1.0,0,60,1.5814285714285714,5,5.6020599913279625,0.58,1,multiple sclerosis,0.7807352205377303
0.0,4.51085950651685,0.5,0,24,1.5814285714285714,1,5.6020599913279625,0.64,1,multiple sclerosis,0.6168771783120385
0.0,4.61512051684126,0.5,0,24,1.5814285714285714,1,5.6020599913279625,0.64,1,multiple sclerosis,0.6184410934669047
3.0,4.143134726391533,1.0,0,60,1.5814285714285714,5,5.6020599913279625,0.58,0,multiple sclerosis,0.7733613066101587
1.0,2.5649493574615367,1.0,0,36,1.5814285714285714,5,5.6020599913279625,0.64,1,multiple sclerosis,0.7676885260762087
0.0,3.9512437185814275,0.5,0,24,1.5814285714285714,1,5.6020599913279625,0.64,0,multiple sclerosis,0.6084829414930072
4.0,3.6109179126442243,1.0,0,36,1.5814285714285714,5,5.6020599913279625,0.8,1,multiple sclerosis,0.8313780544039491
2.0,3.9318256327243257,0.5,0,48,1.5814285714285714,1,5.6020599913279625,0.36,1,multiple sclerosis,0.5241916702051507
0.0,4.672828834461906,0.5,0,24,1.5814285714285714,1,5.6020599913279625,0.64,1,multiple sclerosis,0.6193067182312143
0.0,3.2188758248682006,1.0,0,24,1.5814285714285714,5,5.6020599913279625,0.64,0,multiple sclerosis,0.7774974230873087
2.0,6.049733455231958,1.0,0,48,1.5814285714285714,5,5.6020599913279625,0.36,1,multiple sclerosis,0.7359602875427651
1.0,3.044522437723423,0.5,0,36,1.5814285714285714,1,5.6020599913279625,0.64,1,multiple sclerosis,0.5948821222801371
4.0,6.968850378341948,1.0,0,36,1.5814285714285714,5,5.6020599913279625,0.8,1,multiple sclerosis,0.881747041389415
0.0,6.182084906716632,1.0,0,24,1.5814285714285714,5,5.6020599913279625,0.64,1,multiple sclerosis,0.8219455593150352
0.0,7.920446505142607,0.5,0,24,1.5814285714285714,1,5.6020599913279625,0.64,1,multiple sclerosis,0.6680209832914249
0.0,4.248495242049359,0.5,0,24,1.5814285714285714,1,5.6020599913279625,0.64,1,multiple sclerosis,0.6129417143450262
1.0,2.1972245773362196,1.0,0,36,1.5814285714285714,5,5.6020599913279625,0.64,1,multiple sclerosis,0.762172654374329
4.0,4.442651256490317,1.0,0,36,1.5814285714285714,5,5.6020599913279625,0.8,0,multiple sclerosis,0.8438540545616405
0.0,3.58351893845611,0.5,0,24,1.5814285714285714,1,5.6020599913279625,0.64,1,multiple sclerosis,0.6029670697911275
1.0,4.248495242049359,1.0,0,36,1.5814285714285714,5,5.6020599913279625,0.64,0,multiple sclerosis,0.7929417143450261
2.0,3.713572066704308,0.7,0,48,1.5814285714285714,2,5.6020599913279625,0.36,1,multiple sclerosis,0.5809178667148504
0.0,4.74493212836325,0.5,0,24,1.5814285714285714,1,5.6020599913279625,0.64,1,multiple sclerosis,0.6203882676397345
0.5,1.791759469228055,0.5,0,24,1.5814285714285714,1,5.6020599913279625,0.64,1,multiple sclerosis,0.5760906777527066
1.0,3.044522437723423,0.5,0,36,1.5814285714285714,1,5.6020599913279625,0.64,1,multiple sclerosis,0.5948821222801371
0.0,3.6635616461296463,0.5,0,24,1.5814285714285714,1,5.6020599913279625,0.64,1,multiple sclerosis,0.6041677104062304
3.0,4.553876891600541,1.0,0,60,1.5814285714285714,5,5.6020599913279625,0.58,1,multiple sclerosis,0.7795224390882938
2.0,3.8918202981106265,0.5,0,48,1.5814285714285714,1,5.6020599913279625,0.36,1,multiple sclerosis,0.5235915901859451
3.0,4.143134726391533,1.0,0,60,1.5814285714285714,5,5.6020599913279625,0.58,1,multiple sclerosis,0.7733613066101587
0.0,5.4116460518550396,1.0,0,24,1.5814285714285714,5,5.6020599913279625,0.64,1,multiple sclerosis,0.8103889764921113
0.0,4.343805421853684,0.5,0,24,1.5814285714285714,1,5.6020599913279625,0.64,1,multiple sclerosis,0.614371367042091
4.0,4.844187086458591,1.0,0,36,1.5814285714285714,5,5.6020599913279625,0.8,1,multiple sclerosis,0.8498770920111646
0.0,4.7535901911063645,0.5,0,24,1.5814285714285714,1,5.6020599913279625,0.64,1,multiple sclerosis,0.6205181385808812
0.0,4.174387269895637,1.0,0,24,1.5814285714285714,5,5.6020599913279625,0.64,1,multiple sclerosis,0.7918300947627203
0.0,3.8918202981106265,0.5,0,24,1.5814285714285714,1,5.6020599913279625,0.64,1,multiple sclerosis,0.6075915901859452
0.0,2.1972245773362196,0.5,0,24,1.5814285714285714,1,5.6020599913279625,0.64,1,multiple sclerosis,0.5821726543743291
2.0,3.1354942159291497,1.0,0,48,1.5814285714285714,5,5.6020599913279625,0.36,1,multiple sclerosis,0.692246698953223
0.0,7.366445148327599,0.5,0,24,1.5814285714285714,1,5.6020599913279625,0.64,1,multiple sclerosis,0.6597109629391997
1.0,1.6094379124341003,1.0,0,36,1.5814285714285714,5,5.6020599913279625,0.64,0,multiple sclerosis,0.7533558544007972
0.0,0.0,0.5,0,24,1.5814285714285714,1,5.6020599913279625,0.64,0,multiple sclerosis,0.5492142857142858
3.0,4.787491742782046,1.0,0,60,1.5814285714285714,5,5.6020599913279625,0.58,1,multiple sclerosis,0.7830266618560163
0.0,3.6109179126442243,0.5,0,24,1.5814285714285714,1,5.6020599913279625,0.64,1,multiple sclerosis,0.6033780544039491
0.0,5.910796644040527,1.0,0,24,1.5814285714285714,5,5.6020599913279625,0.64,1,multiple sclerosis,0.8178762353748936
0.0,2.1972245773362196,1.0,0,24,1.5814285714285714,5,5.6020599913279625,0.64,0,multiple sclerosis,0.762172654374329
0.0,3.4657359027997265,0.5,0,24,1.5814285714285714,1,5.6020599913279625,0.64,1,multiple sclerosis,0.6012003242562817
0.0,2.4849066497880004,0.5,0,24,1.5814285714285714,1,5.6020599913279625,0.64,1,multiple sclerosis,0.5864878854611058
0.0,3.4339872044851463,0.5,0,24,1.5814285714285714,1,5.6020599913279625,0.64,1,multiple sclerosis,0.600724093781563
0.0,4.394449154672439,0.5,0,24,1.5814285714285714,1,5.6020599913279625,0.64,1,multiple sclerosis,0.6151310230343724
0.0,3.4339872044851463,0.5,0,24,1.5814285714285714,1,5.6020599913279625,0.64,1,multiple sclerosis,0.600724093781563
0.0,3.4339872044851463,0.5,0,24,1.5814285714285714,1,5.6020599913279625,0.64,1,multiple sclerosis,0.600724093781563
0.0,6.836259277277067,1.0,0,24,1.5814285714285714,5,5.6020599913279625,0.64,1,multiple sclerosis,0.8317581748734417
3.0,0.0,1.0,0,60,1.5814285714285714,5,5.6020599913279625,0.58,0,multiple sclerosis,0.7112142857142857
0.0,3.6109179126442243,0.5,0,24,1.5814285714285714,1,5.6020599913279625,0.64,1,multiple sclerosis,0.6033780544039491
3.0,5.176149732573829,1.0,0,60,1.5814285714285714,5,5.6020599913279625,0.58,1,multiple sclerosis,0.7888565317028932
3.0,6.466144724237619,1.0,0,60,1.5814285714285714,5,5.6020599913279625,0.58,0,multiple sclerosis,0.80820645657785
0.0,4.3694478524670215,0.5,0,24,1.5814285714285714,1,5.6020599913279625,0.64,1,multiple sclerosis,0.6147560035012911
0.0,4.110873864173311,1.0,0,24,1.5814285714285714,5,5.6020599913279625,0.64,1,multiple sclerosis,0.7908773936768854
1.0,3.044522437723423,0.5,0,36,1.5814285714285714,1,5.6020599913279625,0.64,1,multiple sclerosis,0.5948821222801371
0.0,3.1354942159291497,0.5,0,24,1.5814285714285714,1,5.6020599913279625,0.64,1,multiple sclerosis,0.596246698953223
0.0,3.295836866004329,0.5,0,24,1.5814285714285714,1,5.6020599913279625,0.64,0,multiple sclerosis,0.5986518387043507
0.0,4.564348191467836,0.5,0,24,1.5814285714285714,1,5.6020599913279625,0.64,1,multiple sclerosis,0.6176795085863033
0.0,4.61512051684126,1.0,0,24,1.5814285714285714,5,5.6020599913279625,0.64,1,multiple sclerosis,0.7984410934669046
0.0,4.990432586778736,1.0,0,24,1.5814285714285714,5,5.6020599913279625,0.64,1,multiple sclerosis,0.8040707745159668
0.5,3.091042453358316,0.5,0,24,1.5814285714285714,1,5.6020599913279625,0.64,1,multiple sclerosis,0.5955799225146605
3.0,5.41610040220442,1.0,0,60,1.5814285714285714,5,5.6020599913279625,0.58,1,multiple sclerosis,0.792455791747352
3.0,6.862757913051401,1.0,0,60,1.5814285714285714,5,5.6020599913279625,0.58,1,multiple sclerosis,0.8141556544100567
2.0,3.970291913552122,1.0,0,48,1.5814285714285714,5,5.6020599913279625,0.36,1,multiple sclerosis,0.7047686644175676
1.0,3.044522437723423,1.0,0,36,1.5814285714285714,5,5.6020599913279625,0.64,1,multiple sclerosis,0.7748821222801371
0.0,0.0,1.0,0,24,1.5814285714285714,5,5.6020599913279625,0.64,0,multiple sclerosis,0.7292142857142857
1.0,2.5649493574615367,0.7,0,36,1.5814285714285714,2,5.6020599913279625,0.64,1,multiple sclerosis,0.6476885260762087
3.0,5.303304908059076,0.5,0,60,1.5814285714285714,1,5.6020599913279625,0.58,1,multiple sclerosis,0.6107638593351719
0.0,2.70805020110221,0.5,0,24,1.5814285714285714,1,5.6020599913279625,0.64,1,multiple sclerosis,0.5898350387308189
3.0,6.836259277277067,1.0,0,60,1.5814285714285714,5,5.6020599913279625,0.58,1,multiple sclerosis,0.8137581748734417
0.0,4.007333185232471,0.5,0,24,1.5814285714285714,1,5.6020599913279625,0.64,1,multiple sclerosis,0.6093242834927728
4.0,2.772588722239781,0.5,0,36,1.5814285714285714,1,5.6020599913279625,0.8,0,multiple sclerosis,0.6388031165478825
0.0,3.713572066704308,0.5,0,24,1.5814285714285714,1,5.6020599913279625,0.64,0,multiple sclerosis,0.6049178667148504
0.0,4.31748811353631,0.5,0,24,1.5814285714285714,1,5.6020599913279625,0.64,1,multiple sclerosis,0.6139766074173304
0.0,4.6443908991413725,0.5,0,24,1.5814285714285714,1,5.6020599913279625,0.64,1,multiple sclerosis,0.6188801492014063
3.0,3.044522437723423,1.0,0,60,1.5814285714285714,5,5.6020599913279625,0.58,1,multiple sclerosis,0.7568821222801371
1.0,4.007333185232471,1.0,0,36,1.5814285714285714,5,5.6020599913279625,0.64,1,multiple sclerosis,0.7893242834927727
2.0,3.4339872044851463,0.5,0,48,1.5814285714285714,1,5.6020599913279625,0.36,1,multiple sclerosis,0.5167240937815629
0.0,4.110873864173311,0.5,0,24,1.5814285714285714,1,5.6020599913279625,0.64,1,multiple sclerosis,0.6108773936768854
3.0,5.429345628954441,1.0,0,60,1.5814285714285714,5,5.6020599913279625,0.58,0,multiple sclerosis,0.7926544701486022
3.0,6.525029657843462,1.0,0,60,1.5814285714285714,5,5.6020599913279625,0.58,1,multiple sclerosis,0.8090897305819376
0.0,1.6094379124341003,0.5,0,24,1.5814285714285714,1,5.6020599913279625,0.64,0,multiple sclerosis,0.5733558544007973
0.0,3.258096538021482,0.7,0,24,1.5814285714285714,2,5.6020599913279625,0.64,1,multiple sclerosis,0.658085733784608
3.0,5.556828061699537,1.0,0,60,1.5814285714285714,5,5.6020599913279625,0.58,0,multiple sclerosis,0.7945667066397788
1.0,2.3978952727983707,0.5,0,36,1.5814285714285714,1,5.6020599913279625,0.64,1,multiple sclerosis,0.5851827148062614
1.0,4.110873864173311,1.0,0,36,1.5814285714285714,5,5.6020599913279625,0.64,1,multiple sclerosis,0.7908773936768854
0.0,3.4965075614664802,0.5,0,24,1.5814285714285714,1,5.6020599913279625,0.64,1,multiple sclerosis,0.601661899136283
0.0,4.110873864173311,0.5,0,24,1.5814285714285714,1,5.6020599913279625,0.64,1,multiple sclerosis,0.6108773936768854
4.0,0.0,0.5,0,36,1.5814285714285714,1,5.6020599913279625,0.8,0,multiple sclerosis,0.5972142857142857
2.0,3.58351893845611,0.5,0,48,1.5814285714285714,1,5.6020599913279625,0.36,1,multiple sclerosis,0.5189670697911274
0.0,3.4339872044851463,0.5,0,24,1.5814285714285714,1,5.6020599913279625,0.64,1,multiple sclerosis,0.600724093781563
0.0,5.075173815233827,0.5,0,24,1.5814285714285714,1,5.6020599913279625,0.64,1,multiple sclerosis,0.6253418929427932
0.0,4.127134385045092,0.5,0,24,1.5814285714285714,1,5.6020599913279625,0.64,1,multiple sclerosis,0.6111213014899621
0.0,3.044522437723423,0.5,0,24,1.5814285714285714,1,5.6020599913279625,0.64,1,multiple sclerosis,0.5948821222801371
4.0,4.127134385045092,0.5,0,36,1.5814285714285714,1,5.6020599913279625,0.8,1,multiple sclerosis,0.6591213014899621
0.0,7.999342952713282,1.0,0,24,1.5814285714285714,5,5.6020599913279625,0.64,1,multiple sclerosis,0.8492044300049849
0.0,3.4339872044851463,0.5,0,24,1.5814285714285714,1,5.6020599913279625,0.64,1,multiple sclerosis,0.600724093781563
0.0,4.07753744390572,0.5,0,24,1.5814285714285714,1,5.6020599913279625,0.64,1,multiple sclerosis,0.6103773473728715
0.0,4.07753744390572,0.5,0,24,1.5814285714285714,1,5.6020599913279625,0.64,0,multiple sclerosis,0.6103773473728715
0.0,4.919980925828125,0.5,0,24,1.5814285714285714,1,5.6020599913279625,0.64,1,multiple sclerosis,0.6230139996017077
1.0,1.9459101490553132,0.5,0,36,1.5814285714285714,1,5.6020599913279625,0.64,0,multiple sclerosis,0.5784029379501154
0.0,4.574710978503383,0.7,0,24,1.5814285714285714,2,5.6020599913279625,0.64,1,multiple sclerosis,0.6778349503918364
0.0,3.713572066704308,0.5,0,24,1.5814285714285714,1,5.6020599913279625,0.64,1,multiple sclerosis,0.6049178667148504
0.0,3.5553480614894135,0.7,0,24,1.5814285714285714,2,5.6020599913279625,0.64,1,multiple sclerosis,0.6625445066366269
1.0,3.9318256327243257,1.0,0,36,1.5814285714285714,5,5.6020599913279625,0.64,1,multiple sclerosis,0.7881916702051506
0.0,4.204692619390966,0.5,0,24,1.5814285714285714,1,5.6020599913279625,0.64,1,multiple sclerosis,0.6122846750051503
1.0,3.044522437723423,1.0,0,36,1.5814285714285714,5,5.6020599913279625,0.64,1,multiple sclerosis,0.7748821222801371
3.0,4.882801922586371,1.0,0,60,1.5814285714285714,5,5.6020599913279625,0.58,1,multiple sclerosis,0.7844563145530813
3.0,7.204892510204673,1.0,0,60,1.5814285714285714,5,5.6020599913279625,0.58,1,multiple sclerosis,0.8192876733673558
0.0,3.8501476017100584,0.5,0,24,1.5814285714285714,1,5.6020599913279625,0.64,0,multiple sclerosis,0.6069664997399367
0.0,4.836281906951478,0.5,0,24,1.5814285714285714,1,5.6020599913279625,0.64,1,multiple sclerosis,0.6217585143185579
0.0,4.110873864173311,0.5,0,24,1.5814285714285714,1,5.6020599913279625,0.64,1,multiple sclerosis,0.6108773936768854
0.0,4.394449154672439,0.5,0,24,1.5814285714285714,1,5.6020599913279625,0.64,1,multiple sclerosis,0.6151310230343724
2.0,2.772588722239781,0.5,0,48,1.5814285714285714,1,5.6020599913279625,0.36,1,multiple sclerosis,0.5068031165478825
1.0,3.58351893845611,1.0,0,36,1.5814285714285714,5,5.6020599913279625,0.64,1,multiple sclerosis,0.7829670697911274
0.0,4.276666119016055,0.5,0,24,1.5814285714285714,1,5.6020599913279625,0.64,1,multiple sclerosis,0.6133642774995266
0.0,4.394449154672439,0.5,0,24,1.5814285714285714,1,5.6020599913279625,0.64,1,multiple sclerosis,0.6151310230343724
0.0,3.4965075614664802,0.5,0,24,1.5814285714285714,1,5.6020599913279625,0.64,1,multiple sclerosis,0.601661899136283
2.0,2.4849066497880004,0.5,0,48,1.5814285714285714,1,5.6020599913279625,0.36,0,multiple sclerosis,0.5024878854611058
0.0,3.258096538021482,0.5,0,24,1.5814285714285714,1,5.6020599913279625,0.64,1,multiple sclerosis,0.5980857337846079
0.0,6.1224928095143865,1.0,0,24,1.5814285714285714,5,5.6020599913279625,0.64,1,multiple sclerosis,0.8210516778570015
3.0,5.298317366548036,1.0,0,60,1.5814285714285714,5,5.6020599913279625,0.58,1,multiple sclerosis,0.7906890462125062
0.0,2.3978952727983707,0.5,0,24,1.5814285714285714,1,5.6020599913279625,0.64,1,multiple sclerosis,0.5851827148062614
0.0,4.61512051684126,0.5,0,24,1.5814285714285714,1,5.6020599913279625,0.64,1,multiple sclerosis,0.6184410934669047
2.0,3.2188758248682006,0.5,0,48,1.5814285714285714,1,5.6020599913279625,0.36,1,multiple sclerosis,0.5134974230873087
0.0,3.2188758248682006,0.5,0,24,1.5814285714285714,1,5.6020599913279625,0.64,1,multiple sclerosis,0.5974974230873088
0.0,2.3978952727983707,0.7,0,24,1.5814285714285714,2,5.6020599913279625,0.64,1,multiple sclerosis,0.6451827148062612
1.0,3.1354942159291497,1.0,0,36,1.5814285714285714,5,5.6020599913279625,0.64,1,multiple sclerosis,0.776246698953223
0.0,5.003946305945459,1.0,0,24,1.5814285714285714,5,5.6020599913279625,0.64,1,multiple sclerosis,0.8042734803034676
0.0,6.38856140554563,1.0,0,24,1.5814285714285714,5,5.6020599913279625,0.64,1,multiple sclerosis,0.8250427067974702
0.0,3.367295829986474,0.5,0,24,1.5814285714285714,1,5.6020599913279625,0.64,0,multiple sclerosis,0.5997237231640828
3.0,0.0,1.0,0,60,1.5814285714285714,5,5.6020599913279625,0.58,0,multiple sclerosis,0.7112142857142857
0.0,3.8501476017100584,0.5,0,24,1.5814285714285714,1,5.6020599913279625,0.64,1,multiple sclerosis,0.6069664997399367
0.0,4.3694478524670215,0.5,0,24,1.5814285714285714,1,5.6020599913279625,0.64,1,multiple sclerosis,0.6147560035012911
1.0,1.0986122886681098,0.5,0,36,1.5814285714285714,1,5.6020599913279625,0.64,0,multiple sclerosis,0.5656934700443074
0.0,3.091042453358316,0.5,0,24,1.5814285714285714,1,5.6020599913279625,0.64,1,multiple sclerosis,0.5955799225146605
2.0,2.1972245773362196,1.0,0,48,1.5814285714285714,5,5.6020599913279625,0.36,1,multiple sclerosis,0.678172654374329
0.0,5.198497031265826,0.5,0,24,1.5814285714285714,1,5.6020599913279625,0.64,1,multiple sclerosis,0.6271917411832731
0.0,2.8903717578961645,0.5,0,24,1.5814285714285714,1,5.6020599913279625,0.64,1,multiple sclerosis,0.5925698620827282
0.0,4.110873864173311,0.5,0,24,1.5814285714285714,1,5.6020599913279625,0.64,0,multiple sclerosis,0.6108773936768854
0.0,4.727387818712341,0.5,0,24,1.5814285714285714,1,5.6020599913279625,0.64,1,multiple sclerosis,0.6201251029949709
0.0,3.9512437185814275,0.5,0,24,1.5814285714285714,1,5.6020599913279625,0.64,1,multiple sclerosis,0.6084829414930072
0.0,3.2188758248682006,0.5,0,24,1.5814285714285714,1,5.6020599913279625,0.64,1,multiple sclerosis,0.5974974230873088
0.0,5.5254529391317835,0.5,0,24,1.5814285714285714,1,5.6020599913279625,0.64,1,multiple sclerosis,0.6320960798012625
2.0,4.442651256490317,0.5,0,48,1.5814285714285714,1,5.6020599913279625,0.36,1,multiple sclerosis,0.5318540545616405
1.0,3.367295829986474,1.0,0,36,1.5814285714285714,5,5.6020599913279625,0.64,1,multiple sclerosis,0.7797237231640828
0.0,4.700480365792417,0.5,0,24,1.5814285714285714,1,5.6020599913279625,0.64,1,multiple sclerosis,0.619721491201172
0.0,5.017279836814924,0.5,0,24,1.5814285714285714,1,5.6020599913279625,0.64,1,multiple sclerosis,0.6244734832665096
0.0,4.465908118654584,0.5,0,24,1.5814285714285714,1,5.6020599913279625,0.64,1,multiple sclerosis,0.6162029074941046
2.0,5.602118820879701,1.0,0,48,1.5814285714285714,5,5.6020599913279625,0.36,1,multiple sclerosis,0.7292460680274813
2.0,1.791759469228055,0.5,0,48,1.5814285714285714,1,5.6020599913279625,0.36,0,multiple sclerosis,0.4920906777527066
4.0,1.791759469228055,0.5,0,36,1.5814285714285714,1,5.6020599913279625,0.8,0,multiple sclerosis,0.6240906777527065
3.0,6.411818267709897,1.0,0,60,1.5814285714285714,5,5.6020599913279625,0.58,1,multiple sclerosis,0.8073915597299341
0.0,5.303304908059076,0.5,0,24,1.5814285714285714,1,5.6020599913279625,0.64,1,multiple sclerosis,0.6287638593351719
2.0,2.8903717578961645,0.5,0,48,1.5814285714285714,1,5.6020599913279625,0.36,1,multiple sclerosis,0.5085698620827283
4.0,4.477336814478207,0.5,0,36,1.5814285714285714,1,5.6020599913279625,0.8,1,multiple sclerosis,0.6643743379314588
0.0,4.9344739331306915,1.0,0,24,1.5814285714285714,5,5.6020599913279625,0.64,1,multiple sclerosis,0.803231394711246
0.0,7.644919344958857,1.0,0,24,1.5814285714285714,5,5.6020599913279625,0.64,1,multiple sclerosis,0.8438880758886685
0.0,4.700480365792417,0.5,0,24,1.5814285714285714,1,5.6020599913279625,0.64,1,multiple sclerosis,0.619721491201172
1.0,3.2188758248682006,1.0,0,36,1.5814285714285714,5,5.6020599913279625,0.64,1,multiple sclerosis,0.7774974230873087
2.0,3.912023005428146,1.0,0,48,1.5814285714285714,5,5.6020599913279625,0.36,1,multiple sclerosis,0.7038946307957079
4.0,5.267858159063328,1.0,0,36,1.5814285714285714,5,5.6020599913279625,0.8,1,multiple sclerosis,0.8562321581002357
0.0,3.713572066704308,0.5,0,24,1.5814285714285714,1,5.6020599913279625,0.64,1,multiple sclerosis,0.6049178667148504
0.0,2.70805020110221,0.5,0,24,1.5814285714285714,1,5.6020599913279625,0.64,1,multiple sclerosis,0.5898350387308189
0.0,5.209486152841421,0.5,0,24,1.5814285714285714,1,5.6020599913279625,0.64,1,multiple sclerosis,0.627356578006907
0.0,2.70805020110221,0.5,0,24,1.5814285714285714,1,5.6020599913279625,0.64,1,multiple sclerosis,0.5898350387308189
1.0,3.4965075614664802,0.5,0,36,1.5814285714285714,1,5.6020599913279625,0.64,1,multiple sclerosis,0.601661899136283
4.0,4.897839799950911,1.0,0,36,1.5814285714285714,5,5.6020599913279625,0.8,1,multiple sclerosis,0.8506818827135494
0.0,3.4657359027997265,0.5,0,24,1.5814285714285714,1,5.6020599913279625,0.64,1,multiple sclerosis,0.6012003242562817
0.0,4.2626798770413155,0.5,0,24,1.5814285714285714,1,5.6020599913279625,0.64,1,multiple sclerosis,0.6131544838699055
1.0,2.772588722239781,0.5,0,36,1.5814285714285714,1,5.6020599913279625,0.64,1,multiple sclerosis,0.5908031165478824
0.0,6.173786103901937,1.0,0,24,1.5814285714285714,5,5.6020599913279625,0.64,1,multiple sclerosis,0.8218210772728147
0.0,3.1354942159291497,0.5,0,24,1.5814285714285714,1,5.6020599913279625,0.64,1,multiple sclerosis,0.596246698953223
0.0,3.9318256327243257,0.5,0,24,1.5814285714285714,1,5.6020599913279625,0.64,1,multiple sclerosis,0.6081916702051506
0.0,3.4657359027997265,0.5,0,24,1.5814285714285714,1,5.6020599913279625,0.64,1,multiple sclerosis,0.6012003242562817
2.0,0.0,1.0,0,48,1.5814285714285714,5,5.6020599913279625,0.36,0,multiple sclerosis,0.6452142857142857
0.0,4.189654742026425,0.5,0,24,1.5814285714285714,1,5.6020599913279625,0.64,1,multiple sclerosis,0.6120591068446821
4.0,3.258096538021482,0.5,0,36,1.5814285714285714,1,5.6020599913279625,0.8,0,multiple sclerosis,0.646085733784608
0.0,3.9318256327243257,0.5,0,24,1.5814285714285714,1,5.6020599913279625,0.64,1,multiple sclerosis,0.6081916702051506
0.0,4.727387818712341,0.5,0,24,1.5814285714285714,1,5.6020599913279625,0.64,1,multiple sclerosis,0.6201251029949709
2.0,4.007333185232471,0.5,0,48,1.5814285714285714,1,5.6020599913279625,0.36,1,multiple sclerosis,0.5253242834927728
0.0,3.4339872044851463,0.5,0,24,1.5814285714285714,1,5.6020599913279625,0.64,1,multiple sclerosis,0.600724093781563
4.0,0.0,1.0,0,36,1.5814285714285714,5,5.6020599913279625,0.8,0,multiple sclerosis,0.7772142857142857
0.0,3.2188758248682006,0.5,0,24,1.5814285714285714,1,5.6020599913279625,0.64,1,multiple sclerosis,0.5974974230873088
0.0,4.23410650459726,0.5,0,24,1.5814285714285714,1,5.6020599913279625,0.64,1,multiple sclerosis,0.6127258832832446
2.0,3.7376696182833684,0.5,0,48,1.5814285714285714,1,5.6020599913279625,0.36,1,multiple sclerosis,0.5212793299885363
0.0,4.5217885770490405,0.5,0,24,1.5814285714285714,1,5.6020599913279625,0.64,1,multiple sclerosis,0.6170411143700214
0.0,3.7612001156935624,0.5,0,24,1.5814285714285714,1,5.6020599913279625,0.64,1,multiple sclerosis,0.6056322874496892
0.0,3.6888794541139363,0.5,0,24,1.5814285714285714,1,5.6020599913279625,0.64,1,multiple sclerosis,0.6045474775259948
4.0,1.6094379124341003,1.0,0,36,1.5814285714285714,5,5.6020599913279625,0.8,0,multiple sclerosis,0.8013558544007973
0.0,3.6888794541139363,0.5,0,24,1.5814285714285714,1,5.6020599913279625,0.64,1,multiple sclerosis,0.6045474775259948
2.0,4.174387269895637,1.0,0,48,1.5814285714285714,5,5.6020599913279625,0.36,1,multiple sclerosis,0.7078300947627203
0.0,2.0794415416798357,0.5,0,24,1.5814285714285714,1,5.6020599913279625,0.64,1,multiple sclerosis,0.5804059088394833
0.0,2.772588722239781,0.5,0,24,1.5814285714285714,1,5.6020599913279625,0.64,0,multiple sclerosis,0.5908031165478824
0.0,3.4339872044851463,1.0,0,24,1.5814285714285714,5,5.6020599913279625,0.64,1,multiple sclerosis,0.7807240937815629
0.0,2.772588722239781,0.6,0,24,1.5814285714285714,1,5.6020599913279625,0.64,1,multiple sclerosis,0.6108031165478824
0.0,7.063903961472068,1.0,0,24,1.5814285714285714,5,5.6020599913279625,0.64,1,multiple sclerosis,0.8351728451363667
1.0,4.663439094112067,0.5,0,36,1.5814285714285714,1,5.6020599913279625,0.64,1,multiple sclerosis,0.6191658721259667
0.0,2.8903717578961645,0.5,0,24,1.5814285714285714,1,5.6020599913279625,0.64,1,multiple sclerosis,0.5925698620827282
0.5,2.772588722239781,0.5,0,24,1.5814285714285714,1,5.6020599913279625,0.64,1,multiple sclerosis,0.5908031165478824
0.0,3.6635616461296463,0.5,0,24,1.5814285714285714,1,5.6020599913279625,0.64,1,multiple sclerosis,0.6041677104062304
0.0,3.4339872044851463,0.5,0,24,1.5814285714285714,1,5.6020599913279625,0.64,1,multiple sclerosis,0.600724093781563
0.0,3.9318256327243257,0.5,0,24,1.5814285714285714,1,5.6020599913279625,0.64,1,multiple sclerosis,0.6081916702051506
0.0,3.044522437723423,0.5,0,24,1.5814285714285714,1,5.6020599913279625,0.64,1,multiple sclerosis,0.5948821222801371
2.0,3.58351893845611,1.0,0,48,1.5814285714285714,5,5.6020599913279625,0.36,1,multiple sclerosis,0.6989670697911274
0.0,3.4339872044851463,0.5,0,24,1.5814285714285714,1,5.6020599913279625,0.64,1,multiple sclerosis,0.600724093781563
0.0,3.8918202981106265,0.5,0,24,1.5814285714285714,1,5.6020599913279625,0.64,1,multiple sclerosis,0.6075915901859452
0.0,4.836281906951478,0.5,0,24,1.5814285714285714,1,5.6020599913279625,0.64,1,multiple sclerosis,0.6217585143185579
0.0,5.198497031265826,0.5,0,24,1.5814285714285714,1,5.6020599913279625,0.64,1,multiple sclerosis,0.6271917411832731
0.0,4.663439094112067,0.5,0,24,1.5814285714285714,1,5.6020599913279625,0.64,1,multiple sclerosis,0.6191658721259667
2.0,5.575949103146316,1.0,0,48,1.5814285714285714,5,5.6020599913279625,0.36,0,multiple sclerosis,0.7288535222614805
3.0,7.111512116496157,1.0,0,60,1.5814285714285714,5,5.6020599913279625,0.58,0,multiple sclerosis,0.8178869674617281
0.0,5.303304908059076,0.5,0,24,1.5814285714285714,1,5.6020599913279625,0.64,1,multiple sclerosis,0.6287638593351719
0.0,3.8501476017100584,0.5,0,24,1.5814285714285714,1,5.6020599913279625,0.64,0,multiple sclerosis,0.6069664997399367
0.0,1.791759469228055,0.5,0,24,1.5814285714285714,1,5.6020599913279625,0.64,0,multiple sclerosis,0.5760906777527066
0.0,8.006700845440367,0.5,0,24,1.5814285714285714,1,5.6020599913279625,0.64,1,multiple sclerosis,0.6693147983958913
0.0,2.5649493574615367,0.5,0,24,1.5814285714285714,1,5.6020599913279625,0.64,1,multiple sclerosis,0.5876885260762088
0.0,11.293873531559273,1.0,0,24,1.5814285714285714,5,5.6020599913279625,0.64,1,multiple sclerosis,0.8986223886876747
0.0,3.044522437723423,0.5,0,24,1.5814285714285714,1,5.6020599913279625,0.64,1,multiple sclerosis,0.5948821222801371
0.0,3.871201010907891,0.5,0,24,1.5814285714285714,1,5.6020599913279625,0.64,1,multiple sclerosis,0.6072823008779041
0.0,2.5649493574615367,0.5,0,24,1.5814285714285714,1,5.6020599913279625,0.64,1,multiple sclerosis,0.5876885260762088
0.0,2.8903717578961645,0.5,0,24,1.5814285714285714,1,5.6020599913279625,0.64,1,multiple sclerosis,0.5925698620827282
0.0,3.4657359027997265,0.5,0,24,1.5814285714285714,1,5.6020599913279625,0.64,1,multiple sclerosis,0.6012003242562817
3.0,6.756932389247553,1.0,0,60,1.5814285714285714,5,5.6020599913279625,0.58,1,multiple sclerosis,0.8125682715529989
1.0,3.2188758248682006,0.5,0,36,1.5814285714285714,1,5.6020599913279625,0.64,1,multiple sclerosis,0.5974974230873088
0.0,5.087596335232384,0.5,0,24,1.5814285714285714,1,5.6020599913279625,0.64,1,multiple sclerosis,0.6255282307427715
2.0,2.4849066497880004,0.5,0,48,1.5814285714285714,1,5.6020599913279625,0.36,1,multiple sclerosis,0.5024878854611058
0.0,4.2626798770413155,0.5,0,24,1.5814285714285714,1,5.6020599913279625,0.64,1,multiple sclerosis,0.6131544838699055
0.5,2.5649493574615367,0.5,0,24,1.5814285714285714,1,5.6020599913279625,0.64,1,multiple sclerosis,0.5876885260762088
4.0,2.4849066497880004,0.5,0,36,1.5814285714285714,1,5.6020599913279625,0.8,0,multiple sclerosis,0.6344878854611057
1.0,4.204692619390966,0.5,0,36,1.5814285714285714,1,5.6020599913279625,0.64,1,multiple sclerosis,0.6122846750051503
0.0,3.091042453358316,0.5,0,24,1.5814285714285714,1,5.6020599913279625,0.64,0,multiple sclerosis,0.5955799225146605
0.0,4.6913478822291435,0.5,0,24,1.5814285714285714,1,5.6020599913279625,0.64,1,multiple sclerosis,0.6195845039477229
4.0,4.394449154672439,1.0,0,36,1.5814285714285714,5,5.6020599913279625,0.8,1,multiple sclerosis,0.8431310230343724
1.0,2.9444389791664403,0.5,0,36,1.5814285714285714,1,5.6020599913279625,0.64,1,multiple sclerosis,0.5933808704017823
0.0,3.828641396489095,0.5,0,24,1.5814285714285714,1,5.6020599913279625,0.64,1,multiple sclerosis,0.6066439066616222
0.5,1.9459101490553132,0.5,0,24,1.5814285714285714,1,5.6020599913279625,0.64,1,multiple sclerosis,0.5784029379501154
0.0,3.9512437185814275,0.5,0,24,1.5814285714285714,1,5.6020599913279625,0.64,1,multiple sclerosis,0.6084829414930072
0.0,4.477336814478207,0.5,0,24,1.5814285714285714,1,5.6020599913279625,0.64,1,multiple sclerosis,0.6163743379314589
0.0,6.440946540632921,1.0,0,24,1.5814285714285714,5,5.6020599913279625,0.64,1,multiple sclerosis,0.8258284838237795
0.0,2.833213344056216,0.5,0,24,1.5814285714285714,1,5.6020599913279625,0.64,1,multiple sclerosis,0.591712485875129
0.0,4.663439094112067,0.5,0,24,1.5814285714285714,1,5.6020599913279625,0.64,1,multiple sclerosis,0.6191658721259667
4.0,5.560681631015528,0.5,0,36,1.5814285714285714,1,5.6020599913279625,0.8,1,multiple sclerosis,0.6806245101795186
0.0,3.713572066704308,0.5,0,24,1.5814285714285714,1,5.6020599913279625,0.64,1,multiple sclerosis,0.6049178667148504
1.0,2.4849066497880004,0.6,0,36,1.5814285714285714,1,5.6020599913279625,0.64,1,multiple sclerosis,0.6064878854611057
1.0,2.1972245773362196,1.0,0,36,1.5814285714285714,5,5.6020599913279625,0.64,1,multiple sclerosis,0.762172654374329
0.0,3.912023005428146,0.5,0,24,1.5814285714285714,1,5.6020599913279625,0.64,1,multiple sclerosis,0.6078946307957079
2.0,2.70805020110221,0.5,0,48,1.5814285714285714,1,5.6020599913279625,0.36,0,multiple sclerosis,0.5058350387308189
0.0,5.303304908059076,0.5,0,24,1.5814285714285714,1,5.6020599913279625,0.64,1,multiple sclerosis,0.6287638593351719
0.0,5.5093883366279774,1.0,0,24,1.5814285714285714,5,5.6020599913279625,0.64,1,multiple sclerosis,0.8118551107637053
3.0,4.836281906951478,0.5,0,60,1.5814285714285714,1,5.6020599913279625,0.58,1,multiple sclerosis,0.6037585143185579
3.0,0.0,0.5,0,60,1.5814285714285714,1,5.6020599913279625,0.58,0,multiple sclerosis,0.5312142857142857
2.0,4.77912349311153,0.5,0,48,1.5814285714285714,1,5.6020599913279625,0.36,1,multiple sclerosis,0.5369011381109587
2.0,3.4339872044851463,1.0,0,48,1.5814285714285714,5,5.6020599913279625,0.36,0,multiple sclerosis,0.696724093781563
2.0,5.991464547107982,1.0,0,48,1.5814285714285714,5,5.6020599913279625,0.36,1,multiple sclerosis,0.7350862539209054
0.0,5.209486152841421,0.5,0,24,1.5814285714285714,1,5.6020599913279625,0.64,1,multiple sclerosis,0.627356578006907
3.0,5.1298987149230735,1.0,0,60,1.5814285714285714,5,5.6020599913279625,0.58,1,multiple sclerosis,0.7881627664381318
0.0,3.4339872044851463,0.5,0,24,1.5814285714285714,1,5.6020599913279625,0.64,1,multiple sclerosis,0.600724093781563
3.0,4.941642422609304,1.0,0,60,1.5814285714285714,5,5.6020599913279625,0.58,1,multiple sclerosis,0.7853389220534253
0.0,7.696667081526462,0.5,0,24,1.5814285714285714,1,5.6020599913279625,0.64,1,multiple sclerosis,0.6646642919371827
0.0,3.8918202981106265,0.5,0,24,1.5814285714285714,1,5.6020599913279625,0.64,1,multiple sclerosis,0.6075915901859452
0.0,5.303304908059076,0.5,0,24,1.5814285714285714,1,5.6020599913279625,0.64,1,multiple sclerosis,0.6287638593351719
0.0,3.713572066704308,0.5,0,24,1.5814285714285714,1,5.6020599913279625,0.64,1,multiple sclerosis,0.6049178667148504
3.0,6.302618975744905,1.0,0,60,1.5814285714285714,5,5.6020599913279625,0.58,1,multiple sclerosis,0.8057535703504592
1.0,4.110873864173311,0.5,0,36,1.5814285714285714,1,5.6020599913279625,0.64,1,multiple sclerosis,0.6108773936768854
3.0,4.919980925828125,1.0,0,60,1.5814285714285714,5,5.6020599913279625,0.58,0,multiple sclerosis,0.7850139996017076
1.0,3.9318256327243257,1.0,0,36,1.5814285714285714,5,5.6020599913279625,0.64,1,multiple sclerosis,0.7881916702051506
0.0,3.1354942159291497,0.5,0,24,1.5814285714285714,1,5.6020599913279625,0.64,1,multiple sclerosis,0.596246698953223
0.0,8.168202930236053,0.5,0,24,1.5814285714285714,1,5.6020599913279625,0.64,1,multiple sclerosis,0.6717373296678265
0.0,1.6094379124341003,0.5,0,24,1.5814285714285714,1,5.6020599913279625,0.64,1,multiple sclerosis,0.5733558544007973
3.0,2.833213344056216,1.0,0,60,1.5814285714285714,5,5.6020599913279625,0.58,0,multiple sclerosis,0.753712485875129
0.0,3.713572066704308,0.5,0,24,1.5814285714285714,1,5.6020599913279625,0.64,1,multiple sclerosis,0.6049178667148504
0.0,5.817111159963204,0.5,0,24,1.5814285714285714,1,5.6020599913279625,0.64,1,multiple sclerosis,0.6364709531137338
0.0,2.772588722239781,0.5,0,24,1.5814285714285714,1,5.6020599913279625,0.64,1,multiple sclerosis,0.5908031165478824
0.0,2.4849066497880004,0.5,0,24,1.5814285714285714,1,5.6020599913279625,0.64,1,multiple sclerosis,0.5864878854611058
2.0,3.2188758248682006,1.0,0,48,1.5814285714285714,5,5.6020599913279625,0.36,0,multiple sclerosis,0.6934974230873088
0.0,4.343805421853684,0.5,0,24,1.5814285714285714,1,5.6020599913279625,0.64,1,multiple sclerosis,0.614371367042091
0.0,5.087596335232384,0.5,0,24,1.5814285714285714,1,5.6020599913279625,0.64,1,multiple sclerosis,0.6255282307427715
0.0,3.784189633918261,0.5,0,24,1.5814285714285714,1,5.6020599913279625,0.64,1,multiple sclerosis,0.6059771302230597
1.0,4.90527477843843,1.0,0,36,1.5814285714285714,5,5.6020599913279625,0.64,0,multiple sclerosis,0.8027934073908621
0.0,5.517452896464707,0.5,0,24,1.5814285714285714,1,5.6020599913279625,0.64,1,multiple sclerosis,0.6319760791612564
4.0,5.568344503761097,1.0,0,36,1.5814285714285714,5,5.6020599913279625,0.8,1,multiple sclerosis,0.8607394532707022
0.0,2.6390573296152584,0.5,0,24,1.5814285714285714,1,5.6020599913279625,0.64,1,multiple sclerosis,0.5888001456585147
3.0,5.303304908059076,0.5,0,60,1.5814285714285714,1,5.6020599913279625,0.58,1,multiple sclerosis,0.6107638593351719
1.0,2.302585092994046,1.0,0,36,1.5814285714285714,5,5.6020599913279625,0.64,1,multiple sclerosis,0.7637530621091964
2.0,0.0,0.5,0,48,1.5814285714285714,1,5.6020599913279625,0.36,0,multiple sclerosis,0.46521428571428575
0.0,4.110873864173311,0.5,0,24,1.5814285714285714,1,5.6020599913279625,0.64,1,multiple sclerosis,0.6108773936768854
3.0,3.7376696182833684,1.0,0,60,1.5814285714285714,5,5.6020599913279625,0.58,0,multiple sclerosis,0.7672793299885362
0.0,2.9444389791664403,0.5,0,24,1.5814285714285714,1,5.6020599913279625,0.64,1,multiple sclerosis,0.5933808704017823
0.0,3.58351893845611,0.5,0,24,1.5814285714285714,1,5.6020599913279625,0.64,1,multiple sclerosis,0.6029670697911275
0.0,0.6931471805599453,0.5,0,24,1.5814285714285714,1,5.6020599913279625,0.64,0,multiple sclerosis,0.5596114934226849
4.0,3.58351893845611,1.0,0,36,1.5814285714285714,5,5.6020599913279625,0.8,0,multiple sclerosis,0.8309670697911274
1.0,4.418840607796598,0.5,0,36,1.5814285714285714,1,5.6020599913279625,0.64,1,multiple sclerosis,0.6154968948312347
3.0,6.777646593635117,1.0,0,60,1.5814285714285714,5,5.6020599913279625,0.58,1,multiple sclerosis,0.8128789846188125
0.0,3.044522437723423,0.5,0,24,1.5814285714285714,1,5.6020599913279625,0.64,1,multiple sclerosis,0.5948821222801371
0.0,5.153291594497779,1.0,0,24,1.5814285714285714,5,5.6020599913279625,0.64,1,multiple sclerosis,0.8065136596317524
2.0,6.129050210060545,1.0,0,48,1.5814285714285714,5,5.6020599913279625,0.36,1,multiple sclerosis,0.7371500388651939
4.0,5.948034989180646,1.0,0,36,1.5814285714285714,5,5.6020599913279625,0.8,1,multiple sclerosis,0.8664348105519954
0.0,3.912023005428146,0.5,0,24,1.5814285714285714,1,5.6020599913279625,0.64,1,multiple sclerosis,0.6078946307957079
0.0,4.110873864173311,0.5,0,24,1.5814285714285714,1,5.6020599913279625,0.64,1,multiple sclerosis,0.6108773936768854
0.0,6.543911845564792,0.5,0,24,1.5814285714285714,1,5.6020599913279625,0.64,1,multiple sclerosis,0.6473729633977576
2.0,3.8918202981106265,1.0,0,48,1.5814285714285714,5,5.6020599913279625,0.36,1,multiple sclerosis,0.7035915901859451
0.0,3.367295829986474,0.5,0,24,1.5814285714285714,1,5.6020599913279625,0.64,1,multiple sclerosis,0.5997237231640828
0.0,5.1298987149230735,0.5,0,24,1.5814285714285714,1,5.6020599913279625,0.64,1,multiple sclerosis,0.6261627664381318
0.0,4.51085950651685,0.5,0,24,1.5814285714285714,1,5.6020599913279625,0.64,1,multiple sclerosis,0.6168771783120385
0.0,3.5553480614894135,1.0,0,24,1.5814285714285714,5,5.6020599913279625,0.64,1,multiple sclerosis,0.7825445066366269
2.0,5.3981627015177525,1.0,0,48,1.5814285714285714,5,5.6020599913279625,0.36,0,multiple sclerosis,0.726186726237052
3.0,6.2285110035911835,1.0,0,60,1.5814285714285714,5,5.6020599913279625,0.58,1,multiple sclerosis,0.8046419507681535
0.0,5.998936561946683,0.5,0,24,1.5814285714285714,1,5.6020599913279625,0.64,1,multiple sclerosis,0.639198334143486
0.0,3.6888794541139363,0.5,0,24,1.5814285714285714,1,5.6020599913279625,0.64,1,multiple sclerosis,0.6045474775259948
0.0,4.382026634673881,0.5,0,24,1.5814285714285714,1,5.6020599913279625,0.64,1,multiple sclerosis,0.6149446852343939
3.0,6.309918278226516,1.0,0,60,1.5814285714285714,5,5.6020599913279625,0.58,1,multiple sclerosis,0.8058630598876835
0.0,3.828641396489095,0.5,0,24,1.5814285714285714,1,5.6020599913279625,0.64,1,multiple sclerosis,0.6066439066616222
4.0,3.1780538303479458,1.0,0,36,1.5814285714285714,5,5.6020599913279625,0.8,1,multiple sclerosis,0.824885093169505
0.0,3.4339872044851463,0.5,0,24,1.5814285714285714,1,5.6020599913279625,0.64,1,multiple sclerosis,0.600724093781563
3.0,4.204692619390966,0.5,0,60,1.5814285714285714,1,5.6020599913279625,0.58,0,multiple sclerosis,0.5942846750051503
0.0,4.2626798770413155,0.6,0,24,1.5814285714285714,1,5.6020599913279625,0.64,1,multiple sclerosis,0.6331544838699054
0.0,3.258096538021482,0.5,0,24,1.5814285714285714,1,5.6020599913279625,0.64,1,multiple sclerosis,0.5980857337846079
0.0,4.406719247264253,0.5,0,24,1.5814285714285714,1,5.6020599913279625,0.64,1,multiple sclerosis,0.6153150744232496
0.0,5.407171771460119,0.5,0,24,1.5814285714285714,1,5.6020599913279625,0.64,1,multiple sclerosis,0.6303218622861876
0.0,4.219507705176107,0.5,0,24,1.5814285714285714,1,5.6020599913279625,0.64,1,multiple sclerosis,0.6125069012919273
0.0,3.332204510175204,0.5,0,24,1.5814285714285714,1,5.6020599913279625,0.64,1,multiple sclerosis,0.5991973533669138
0.0,3.9318256327243257,0.5,0,24,1.5814285714285714,1,5.6020599913279625,0.64,1,multiple sclerosis,0.6081916702051506
0.0,4.454347296253507,0.5,0,24,1.5814285714285714,1,5.6020599913279625,0.64,1,multiple sclerosis,0.6160294951580884
0.0,5.634789603169249,0.5,0,24,1.5814285714285714,1,5.6020599913279625,0.64,1,multiple sclerosis,0.6337361297618245
0.0,4.127134385045092,0.5,0,24,1.5814285714285714,1,5.6020599913279625,0.64,1,multiple sclerosis,0.6111213014899621
2.0,4.875197323201151,0.5,0,48,1.5814285714285714,1,5.6020599913279625,0.36,1,multiple sclerosis,0.538342245562303
3.0,4.955827057601261,0.5,0,60,1.5814285714285714,1,5.6020599913279625,0.58,1,multiple sclerosis,0.6055516915783047
0.0,1.0986122886681098,1.0,0,24,1.5814285714285714,5,5.6020599913279625,0.64,0,multiple sclerosis,0.7456934700443073
0.0,3.58351893845611,0.5,0,24,1.5814285714285714,1,5.6020599913279625,0.64,1,multiple sclerosis,0.6029670697911275
0.0,1.791759469228055,0.7,0,24,1.5814285714285714,2,5.6020599913279625,0.64,0,multiple sclerosis,0.6360906777527066
0.0,0.0,1.0,0,24,1.5814285714285714,5,5.6020599913279625,0.64,0,multiple sclerosis,0.7292142857142857
2.0,3.8918202981106265,0.5,0,48,1.5814285714285714,1,5.6020599913279625,0.36,1,multiple sclerosis,0.5235915901859451
0.0,4.574710978503383,1.0,0,24,1.5814285714285714,5,5.6020599913279625,0.64,1,multiple sclerosis,0.7978349503918365
0.0,4.30406509320417,0.7,0,24,1.5814285714285714,2,5.6020599913279625,0.64,1,multiple sclerosis,0.6737752621123483
0.0,6.115892125483034,1.0,0,24,1.5814285714285714,5,5.6020599913279625,0.64,0,multiple sclerosis,0.8209526675965312
4.0,4.499809670330265,0.5,0,36,1.5814285714285714,1,5.6020599913279625,0.8,1,multiple sclerosis,0.6647114307692397
0.0,3.7612001156935624,0.5,0,24,1.5814285714285714,1,5.6020599913279625,0.64,1,multiple sclerosis,0.6056322874496892
1.0,2.302585092994046,0.5,0,36,1.5814285714285714,1,5.6020599913279625,0.64,1,multiple sclerosis,0.5837530621091964
0.0,3.044522437723423,0.5,0,24,1.5814285714285714,1,5.6020599913279625,0.64,1,multiple sclerosis,0.5948821222801371
0.0,3.9318256327243257,0.5,0,24,1.5814285714285714,1,5.6020599913279625,0.64,1,multiple sclerosis,0.6081916702051506
0.0,6.478509642208569,0.5,0,24,1.5814285714285714,1,5.6020599913279625,0.64,1,multiple sclerosis,0.6463919303474143
0.0,4.465908118654584,0.5,0,24,1.5814285714285714,1,5.6020599913279625,0.64,1,multiple sclerosis,0.6162029074941046
4.0,3.6109179126442243,0.5,0,36,1.5814285714285714,1,5.6020599913279625,0.8,1,multiple sclerosis,0.651378054403949
3.0,6.045005314036012,1.0,0,60,1.5814285714285714,5,5.6020599913279625,0.58,0,multiple sclerosis,0.8018893654248258
4.0,4.02535169073515,0.5,0,36,1.5814285714285714,1,5.6020599913279625,0.8,0,multiple sclerosis,0.6575945610753129
0.0,4.718498871295094,1.0,0,24,1.5814285714285714,5,5.6020599913279625,0.64,1,multiple sclerosis,0.7999917687837121
2.0,4.442651256490317,0.5,0,48,1.5814285714285714,1,5.6020599913279625,0.36,1,multiple sclerosis,0.5318540545616405
0.0,3.4339872044851463,0.5,0,24,1.5814285714285714,1,5.6020599913279625,0.64,1,multiple sclerosis,0.600724093781563
0.0,4.276666119016055,0.5,0,24,1.5814285714285714,1,5.6020599913279625,0.64,1,multiple sclerosis,0.6133642774995266
2.0,5.5909869805108565,1.0,0,48,1.5814285714285714,5,5.6020599913279625,0.36,0,multiple sclerosis,0.7290790904219486
0.0,3.044522437723423,0.5,0,24,1.5814285714285714,1,5.6020599913279625,0.64,1,multiple sclerosis,0.5948821222801371
1.0,1.6094379124341003,0.5,0,36,1.5814285714285714,1,5.6020599913279625,0.64,1,multiple sclerosis,0.5733558544007973
0.0,3.784189633918261,0.5,0,24,1.5814285714285714,1,5.6020599913279625,0.64,1,multiple sclerosis,0.6059771302230597
0.0,0.0,0.5,0,24,1.5814285714285714,1,5.6020599913279625,0.64,0,multiple sclerosis,0.5492142857142858
0.0,4.430816798843313,0.5,0,24,1.5814285714285714,1,5.6020599913279625,0.64,1,multiple sclerosis,0.6156765376969354
0.0,2.9444389791664403,0.5,0,24,1.5814285714285714,1,5.6020599913279625,0.64,1,multiple sclerosis,0.5933808704017823
0.0,3.4339872044851463,0.5,0,24,1.5814285714285714,1,5.6020599913279625,0.64,1,multiple sclerosis,0.600724093781563
0.0,3.9318256327243257,0.5,0,24,1.5814285714285714,1,5.6020599913279625,0.64,1,multiple sclerosis,0.6081916702051506
1.0,3.044522437723423,0.5,0,36,1.5814285714285714,1,5.6020599913279625,0.64,1,multiple sclerosis,0.5948821222801371
3.0,6.285998094508865,1.0,0,60,1.5814285714285714,5,5.6020599913279625,0.58,1,multiple sclerosis,0.8055042571319186
3.0,6.962243464266207,1.0,0,60,1.5814285714285714,5,5.6020599913279625,0.58,1,multiple sclerosis,0.8156479376782788
2.0,4.7535901911063645,0.7,0,48,1.5814285714285714,2,5.6020599913279625,0.36,1,multiple sclerosis,0.5965181385808812
0.0,2.3978952727983707,0.5,0,24,1.5814285714285714,1,5.6020599913279625,0.64,1,multiple sclerosis,0.5851827148062614
2.0,5.652489180268651,1.0,0,48,1.5814285714285714,5,5.6020599913279625,0.36,1,multiple sclerosis,0.7300016234183155
0.0,3.4339872044851463,0.5,0,24,1.5814285714285714,1,5.6020599913279625,0.64,1,multiple sclerosis,0.600724093781563
0.0,1.0986122886681098,0.5,0,24,1.5814285714285714,1,5.6020599913279625,0.64,1,multiple sclerosis,0.5656934700443074
0.0,5.4510384535657,0.7,0,24,1.5814285714285714,2,5.6020599913279625,0.64,1,multiple sclerosis,0.6909798625177712
1.0,2.302585092994046,0.5,0,36,1.5814285714285714,1,5.6020599913279625,0.64,0,multiple sclerosis,0.5837530621091964
2.0,2.772588722239781,1.0,0,48,1.5814285714285714,5,5.6020599913279625,0.36,0,multiple sclerosis,0.6868031165478825
2.0,3.2188758248682006,0.5,0,48,1.5814285714285714,1,5.6020599913279625,0.36,0,multiple sclerosis,0.5134974230873087
0.0,4.248495242049359,0.5,0,24,1.5814285714285714,1,5.6020599913279625,0.64,1,multiple sclerosis,0.6129417143450262
0.0,0.0,0.5,0,24,1.5814285714285714,1,5.6020599913279625,0.64,0,multiple sclerosis,0.5492142857142858
0.0,3.044522437723423,1.0,0,24,1.5814285714285714,5,5.6020599913279625,0.64,0,multiple sclerosis,0.7748821222801371
0.0,6.300785794663244,0.5,0,24,1.5814285714285714,1,5.6020599913279625,0.64,1,multiple sclerosis,0.6437260726342344
0.0,4.290459441148391,0.5,0,24,1.5814285714285714,1,5.6020599913279625,0.64,1,multiple sclerosis,0.6135711773315117
0.0,3.4965075614664802,0.5,0,24,1.5814285714285714,1,5.6020599913279625,0.64,1,multiple sclerosis,0.601661899136283
0.0,3.044522437723423,0.6,0,24,1.5814285714285714,1,5.6020599913279625,0.64,1,multiple sclerosis,0.6148821222801371
0.0,0.0,0.5,0,24,1.5814285714285714,1,5.6020599913279625,0.64,0,multiple sclerosis,0.5492142857142858
0.0,4.143134726391533,1.0,0,24,1.5814285714285714,5,5.6020599913279625,0.64,1,multiple sclerosis,0.7913613066101587
0.0,4.465908118654584,0.5,0,24,1.5814285714285714,1,5.6020599913279625,0.64,0,multiple sclerosis,0.6162029074941046
1.0,3.4657359027997265,1.0,0,36,1.5814285714285714,5,5.6020599913279625,0.64,1,multiple sclerosis,0.7812003242562816
2.0,0.0,0.5,0,48,1.5814285714285714,1,5.6020599913279625,0.36,0,multiple sclerosis,0.46521428571428575
0.0,0.0,0.5,0,24,1.5814285714285714,1,5.6020599913279625,0.64,0,multiple sclerosis,0.5492142857142858
0.0,3.4339872044851463,0.5,0,24,1.5814285714285714,1,5.6020599913279625,0.64,1,multiple sclerosis,0.600724093781563
0.0,3.044522437723423,0.5,0,24,1.5814285714285714,1,5.6020599913279625,0.64,1,multiple sclerosis,0.5948821222801371
0.0,4.927253685157205,0.5,0,24,1.5814285714285714,1,5.6020599913279625,0.64,1,multiple sclerosis,0.6231230909916439
0.0,3.044522437723423,0.5,0,24,1.5814285714285714,1,5.6020599913279625,0.64,1,multiple sclerosis,0.5948821222801371
0.0,2.833213344056216,0.5,0,24,1.5814285714285714,1,5.6020599913279625,0.64,1,multiple sclerosis,0.591712485875129
3.0,3.7612001156935624,0.5,0,60,1.5814285714285714,1,5.6020599913279625,0.58,1,multiple sclerosis,0.5876322874496892
0.0,4.3694478524670215,0.5,0,24,1.5814285714285714,1,5.6020599913279625,0.64,1,multiple sclerosis,0.6147560035012911
1.0,3.044522437723423,0.6,0,36,1.5814285714285714,1,5.6020599913279625,0.64,1,multiple sclerosis,0.6148821222801371
1.0,3.2188758248682006,1.0,0,36,1.5814285714285714,5,5.6020599913279625,0.64,1,multiple sclerosis,0.7774974230873087
3.0,5.780743515792329,1.0,0,60,1.5814285714285714,5,5.6020599913279625,0.58,1,multiple sclerosis,0.7979254384511706
3.0,6.326149473155099,1.0,0,60,1.5814285714285714,5,5.6020599913279625,0.58,1,multiple sclerosis,0.8061065278116122
0.0,3.5263605246161616,0.5,0,24,1.5814285714285714,1,5.6020599913279625,0.64,1,multiple sclerosis,0.6021096935835282
0.0,4.584967478670572,0.5,0,24,1.5814285714285714,1,5.6020599913279625,0.64,0,multiple sclerosis,0.6179887978943444
0.0,2.4849066497880004,0.5,0,24,1.5814285714285714,1,5.6020599913279625,0.64,1,multiple sclerosis,0.5864878854611058
0.0,3.044522437723423,0.5,0,24,1.5814285714285714,1,5.6020599913279625,0.64,1,multiple sclerosis,0.5948821222801371
1.0,3.044522437723423,0.5,0,36,1.5814285714285714,1,5.6020599913279625,0.64,1,multiple sclerosis,0.5948821222801371
1.0,2.9444389791664403,0.5,0,36,1.5814285714285714,1,5.6020599913279625,0.64,1,multiple sclerosis,0.5933808704017823
0.0,3.295836866004329,0.5,0,24,1.5814285714285714,1,5.6020599913279625,0.64,1,multiple sclerosis,0.5986518387043507
2.0,4.174387269895637,1.0,0,48,1.5814285714285714,5,5.6020599913279625,0.36,1,multiple sclerosis,0.7078300947627203
0.0,7.444833273892193,1.0,0,24,1.5814285714285714,5,5.6020599913279625,0.64,1,multiple sclerosis,0.8408867848226687
3.0,6.872128101338986,0.5,0,60,1.5814285714285714,1,5.6020599913279625,0.58,1,multiple sclerosis,0.6342962072343705
0.0,4.110873864173311,0.5,0,24,1.5814285714285714,1,5.6020599913279625,0.64,1,multiple sclerosis,0.6108773936768854
0.0,4.3694478524670215,0.5,0,24,1.5814285714285714,1,5.6020599913279625,0.64,1,multiple sclerosis,0.6147560035012911
0.0,3.7612001156935624,0.5,0,24,1.5814285714285714,1,5.6020599913279625,0.64,1,multiple sclerosis,0.6056322874496892
0.0,5.940171252720432,0.5,0,24,1.5814285714285714,1,5.6020599913279625,0.64,1,multiple sclerosis,0.6383168545050922
0.0,2.8903717578961645,0.5,0,24,1.5814285714285714,1,5.6020599913279625,0.64,1,multiple sclerosis,0.5925698620827282
0.0,3.9512437185814275,0.5,0,24,1.5814285714285714,1,5.6020599913279625,0.64,1,multiple sclerosis,0.6084829414930072
0.0,2.3978952727983707,0.5,0,24,1.5814285714285714,1,5.6020599913279625,0.64,1,multiple sclerosis,0.5851827148062614
0.0,3.9318256327243257,0.5,0,24,1.5814285714285714,1,5.6020599913279625,0.64,1,multiple sclerosis,0.6081916702051506
0.0,6.697034247666484,0.5,0,24,1.5814285714285714,1,5.6020599913279625,0.64,1,multiple sclerosis,0.649669799429283
0.0,4.2626798770413155,0.6,0,24,1.5814285714285714,1,5.6020599913279625,0.64,1,multiple sclerosis,0.6331544838699054
1.0,2.772588722239781,1.0,0,36,1.5814285714285714,5,5.6020599913279625,0.64,0,multiple sclerosis,0.7708031165478824
0.0,5.5254529391317835,0.5,0,24,1.5814285714285714,1,5.6020599913279625,0.64,1,multiple sclerosis,0.6320960798012625
0.0,3.4339872044851463,0.5,0,24,1.5814285714285714,1,5.6020599913279625,0.64,1,multiple sclerosis,0.600724093781563
2.0,4.30406509320417,1.0,0,48,1.5814285714285714,5,5.6020599913279625,0.36,0,multiple sclerosis,0.7097752621123483
2.0,3.8918202981106265,0.5,0,48,1.5814285714285714,1,5.6020599913279625,0.36,1,multiple sclerosis,0.5235915901859451
0.5,3.4339872044851463,0.5,0,24,1.5814285714285714,1,5.6020599913279625,0.64,1,multiple sclerosis,0.600724093781563
0.0,4.189654742026425,0.5,0,24,1.5814285714285714,1,5.6020599913279625,0.64,1,multiple sclerosis,0.6120591068446821
0.0,0.6931471805599453,0.5,0,24,1.5814285714285714,1,5.6020599913279625,0.64,0,multiple sclerosis,0.5596114934226849
0.0,4.51085950651685,0.5,0,24,1.5814285714285714,1,5.6020599913279625,0.64,1,multiple sclerosis,0.6168771783120385
0.0,4.564348191467836,0.5,0,24,1.5814285714285714,1,5.6020599913279625,0.64,1,multiple sclerosis,0.6176795085863033
0.0,3.7376696182833684,0.5,0,24,1.5814285714285714,1,5.6020599913279625,0.64,1,multiple sclerosis,0.6052793299885363
0.0,3.4339872044851463,0.5,0,24,1.5814285714285714,1,5.6020599913279625,0.64,1,multiple sclerosis,0.600724093781563
0.0,3.8918202981106265,0.5,0,24,1.5814285714285714,1,5.6020599913279625,0.64,1,multiple sclerosis,0.6075915901859452
0.0,1.791759469228055,0.5,0,24,1.5814285714285714,1,5.6020599913279625,0.64,1,multiple sclerosis,0.5760906777527066
0.0,3.713572066704308,0.5,0,24,1.5814285714285714,1,5.6020599913279625,0.64,1,multiple sclerosis,0.6049178667148504
0.0,2.995732273553991,0.5,0,24,1.5814285714285714,1,5.6020599913279625,0.64,1,multiple sclerosis,0.5941502698175957
0.0,2.6390573296152584,0.5,0,24,1.5814285714285714,1,5.6020599913279625,0.64,1,multiple sclerosis,0.5888001456585147
0.0,5.111987788356544,0.5,0,24,1.5814285714285714,1,5.6020599913279625,0.64,1,multiple sclerosis,0.625894102539634
2.0,4.110873864173311,0.5,0,48,1.5814285714285714,1,5.6020599913279625,0.36,1,multiple sclerosis,0.5268773936768854
0.0,3.58351893845611,0.5,0,24,1.5814285714285714,1,5.6020599913279625,0.64,1,multiple sclerosis,0.6029670697911275
0.0,2.8903717578961645,0.5,0,24,1.5814285714285714,1,5.6020599913279625,0.64,1,multiple sclerosis,0.5925698620827282
0.0,4.110873864173311,0.5,0,24,1.5814285714285714,1,5.6020599913279625,0.64,1,multiple sclerosis,0.6108773936768854
0.0,3.367295829986474,0.5,0,24,1.5814285714285714,1,5.6020599913279625,0.64,1,multiple sclerosis,0.5997237231640828
2.0,4.007333185232471,0.5,0,48,1.5814285714285714,1,5.6020599913279625,0.36,1,multiple sclerosis,0.5253242834927728
4.0,3.713572066704308,1.0,0,36,1.5814285714285714,5,5.6020599913279625,0.8,1,multiple sclerosis,0.8329178667148504
0.0,4.6443908991413725,0.5,0,24,1.5814285714285714,1,5.6020599913279625,0.64,1,multiple sclerosis,0.6188801492014063
1.0,0.0,1.0,0,36,1.5814285714285714,5,5.6020599913279625,0.64,0,multiple sclerosis,0.7292142857142857
2.0,2.0794415416798357,1.0,0,48,1.5814285714285714,5,5.6020599913279625,0.36,0,multiple sclerosis,0.6764059088394833
2.0,0.0,1.0,0,48,1.5814285714285714,5,5.6020599913279625,0.36,0,multiple sclerosis,0.6452142857142857
1.0,2.9444389791664403,0.5,0,36,1.5814285714285714,1,5.6020599913279625,0.64,1,multiple sclerosis,0.5933808704017823
0.0,2.70805020110221,0.5,0,24,1.5814285714285714,1,5.6020599913279625,0.64,1,multiple sclerosis,0.5898350387308189
0.0,3.8066624897703196,0.5,0,24,1.5814285714285714,1,5.6020599913279625,0.64,1,multiple sclerosis,0.6063142230608406
0.0,4.61512051684126,0.5,0,24,1.5814285714285714,1,5.6020599913279625,0.64,1,multiple sclerosis,0.6184410934669047
0.0,4.07753744390572,0.5,0,24,1.5814285714285714,1,5.6020599913279625,0.64,1,multiple sclerosis,0.6103773473728715
0.0,6.68586094706836,0.5,0,24,1.5814285714285714,1,5.6020599913279625,0.64,1,multiple sclerosis,0.6495021999203111
4.0,6.049733455231958,1.0,0,36,1.5814285714285714,5,5.6020599913279625,0.8,1,multiple sclerosis,0.8679602875427651
4.0,5.602118820879701,1.0,0,36,1.5814285714285714,5,5.6020599913279625,0.8,1,multiple sclerosis,0.8612460680274813
4.0,5.017279836814924,1.0,0,36,1.5814285714285714,5,5.6020599913279625,0.8,1,multiple sclerosis,0.8524734832665096
0.0,5.3230099791384085,0.5,0,24,1.5814285714285714,1,5.6020599913279625,0.64,1,multiple sclerosis,0.6290594354013619
0.0,4.30406509320417,0.5,0,24,1.5814285714285714,1,5.6020599913279625,0.64,1,multiple sclerosis,0.6137752621123483
3.0,6.829793737512425,1.0,0,60,1.5814285714285714,5,5.6020599913279625,0.58,1,multiple sclerosis,0.813661191776972
0.0,4.110873864173311,0.5,0,24,1.5814285714285714,1,5.6020599913279625,0.64,1,multiple sclerosis,0.6108773936768854
0.0,2.70805020110221,0.5,0,24,1.5814285714285714,1,5.6020599913279625,0.64,0,multiple sclerosis,0.5898350387308189
0.0,1.9459101490553132,0.5,0,24,1.5814285714285714,1,5.6020599913279625,0.64,0,multiple sclerosis,0.5784029379501154
0.0,0.6931471805599453,0.5,0,24,1.5814285714285714,1,5.6020599913279625,0.64,1,multiple sclerosis,0.5596114934226849
0.0,4.2626798770413155,0.5,0,24,1.5814285714285714,1,5.6020599913279625,0.64,1,multiple sclerosis,0.6131544838699055
0.0,2.5649493574615367,0.5,0,24,1.5814285714285714,1,5.6020599913279625,0.64,1,multiple sclerosis,0.5876885260762088
0.0,4.143134726391533,0.5,0,24,1.5814285714285714,1,5.6020599913279625,0.64,1,multiple sclerosis,0.6113613066101588
3.0,6.373319789577012,1.0,0,60,1.5814285714285714,5,5.6020599913279625,0.58,1,multiple sclerosis,0.8068140825579408
0.0,3.713572066704308,0.5,0,24,1.5814285714285714,1,5.6020599913279625,0.64,1,multiple sclerosis,0.6049178667148504
0.0,4.663439094112067,0.5,0,24,1.5814285714285714,1,5.6020599913279625,0.64,1,multiple sclerosis,0.6191658721259667
0.0,4.795790545596741,0.5,0,24,1.5814285714285714,1,5.6020599913279625,0.64,1,multiple sclerosis,0.6211511438982369
0.0,3.6888794541139363,0.5,0,24,1.5814285714285714,1,5.6020599913279625,0.64,1,multiple sclerosis,0.6045474775259948
0.0,7.0909098220799835,0.5,0,24,1.5814285714285714,1,5.6020599913279625,0.64,1,multiple sclerosis,0.6555779330454855
0.0,2.5649493574615367,0.5,0,24,1.5814285714285714,1,5.6020599913279625,0.64,1,multiple sclerosis,0.5876885260762088
0.0,3.7376696182833684,1.0,0,24,1.5814285714285714,5,5.6020599913279625,0.64,1,multiple sclerosis,0.7852793299885362
0.0,3.1780538303479458,0.5,0,24,1.5814285714285714,1,5.6020599913279625,0.64,1,multiple sclerosis,0.596885093169505
0.0,2.3978952727983707,0.5,0,24,1.5814285714285714,1,5.6020599913279625,0.64,1,multiple sclerosis,0.5851827148062614
4.0,6.186208623900494,1.0,0,36,1.5814285714285714,5,5.6020599913279625,0.8,1,multiple sclerosis,0.8700074150727931
2.0,5.342334251964811,1.0,0,48,1.5814285714285714,5,5.6020599913279625,0.36,1,multiple sclerosis,0.7253492994937579
0.0,3.713572066704308,0.5,0,24,1.5814285714285714,1,5.6020599913279625,0.64,1,multiple sclerosis,0.6049178667148504
0.0,1.6094379124341003,0.5,0,24,1.5814285714285714,1,5.6020599913279625,0.64,1,multiple sclerosis,0.5733558544007973
0.0,2.3978952727983707,0.5,0,24,1.5814285714285714,1,5.6020599913279625,0.64,1,multiple sclerosis,0.5851827148062614
2.0,4.955827057601261,1.0,0,48,1.5814285714285714,5,5.6020599913279625,0.36,1,multiple sclerosis,0.7195516915783047
0.0,3.8066624897703196,0.5,0,24,1.5814285714285714,1,5.6020599913279625,0.64,1,multiple sclerosis,0.6063142230608406
0.0,4.61512051684126,0.5,0,24,1.5814285714285714,1,5.6020599913279625,0.64,1,multiple sclerosis,0.6184410934669047
0.0,4.51085950651685,0.5,0,24,1.5814285714285714,1,5.6020599913279625,0.64,1,multiple sclerosis,0.6168771783120385
0.0,4.127134385045092,0.5,0,24,1.5814285714285714,1,5.6020599913279625,0.64,1,multiple sclerosis,0.6111213014899621
0.0,3.2188758248682006,0.5,0,24,1.5814285714285714,1,5.6020599913279625,0.64,1,multiple sclerosis,0.5974974230873088
1.0,4.672828834461906,1.0,0,36,1.5814285714285714,5,5.6020599913279625,0.64,1,multiple sclerosis,0.7993067182312142
3.0,6.052089168924417,1.0,0,60,1.5814285714285714,5,5.6020599913279625,0.58,1,multiple sclerosis,0.801995623248152
4.0,2.302585092994046,0.5,0,36,1.5814285714285714,1,5.6020599913279625,0.8,1,multiple sclerosis,0.6317530621091964
0.0,3.044522437723423,0.5,0,24,1.5814285714285714,1,5.6020599913279625,0.64,1,multiple sclerosis,0.5948821222801371
0.0,3.091042453358316,0.5,0,24,1.5814285714285714,1,5.6020599913279625,0.64,1,multiple sclerosis,0.5955799225146605
0.0,4.442651256490317,0.5,0,24,1.5814285714285714,1,5.6020599913279625,0.64,1,multiple sclerosis,0.6158540545616406
0.0,4.127134385045092,0.5,0,24,1.5814285714285714,1,5.6020599913279625,0.64,1,multiple sclerosis,0.6111213014899621
0.0,5.087596335232384,0.5,0,24,1.5814285714285714,1,5.6020599913279625,0.64,1,multiple sclerosis,0.6255282307427715
0.0,0.0,0.5,0,24,1.5814285714285714,1,5.6020599913279625,0.64,0,multiple sclerosis,0.5492142857142858
0.0,5.814130531825066,0.5,0,24,1.5814285714285714,1,5.6020599913279625,0.64,1,multiple sclerosis,0.6364262436916618
0.0,4.61512051684126,1.0,0,24,1.5814285714285714,5,5.6020599913279625,0.64,1,multiple sclerosis,0.7984410934669046
0.0,4.1588830833596715,0.5,0,24,1.5814285714285714,1,5.6020599913279625,0.64,1,multiple sclerosis,0.6115975319646808
0.0,4.653960350157523,0.5,0,24,1.5814285714285714,1,5.6020599913279625,0.64,1,multiple sclerosis,0.6190236909666487
3.0,4.955827057601261,1.0,0,60,1.5814285714285714,5,5.6020599913279625,0.58,1,multiple sclerosis,0.7855516915783046
2.0,0.0,0.5,0,48,1.5814285714285714,1,5.6020599913279625,0.36,0,multiple sclerosis,0.46521428571428575
0.0,3.9512437185814275,0.5,0,24,1.5814285714285714,1,5.6020599913279625,0.64,1,multiple sclerosis,0.6084829414930072
1.0,2.772588722239781,1.0,0,36,1.5814285714285714,5,5.6020599913279625,0.64,0,multiple sclerosis,0.7708031165478824
0.0,3.2188758248682006,0.5,0,24,1.5814285714285714,1,5.6020599913279625,0.64,1,multiple sclerosis,0.5974974230873088
0.0,3.044522437723423,0.5,0,24,1.5814285714285714,1,5.6020599913279625,0.64,1,multiple sclerosis,0.5948821222801371
0.0,3.713572066704308,0.5,0,24,1.5814285714285714,1,5.6020599913279625,0.64,1,multiple sclerosis,0.6049178667148504
0.0,2.3978952727983707,0.5,0,24,1.5814285714285714,1,5.6020599913279625,0.64,1,multiple sclerosis,0.5851827148062614
0.0,2.772588722239781,0.5,0,24,1.5814285714285714,1,5.6020599913279625,0.64,1,multiple sclerosis,0.5908031165478824
0.0,4.477336814478207,0.5,0,24,1.5814285714285714,1,5.6020599913279625,0.64,1,multiple sclerosis,0.6163743379314589
0.0,4.61512051684126,0.5,0,24,1.5814285714285714,1,5.6020599913279625,0.64,1,multiple sclerosis,0.6184410934669047
0.0,3.4339872044851463,0.5,0,24,1.5814285714285714,1,5.6020599913279625,0.64,1,multiple sclerosis,0.600724093781563
1.0,1.791759469228055,0.5,0,36,1.5814285714285714,1,5.6020599913279625,0.64,0,multiple sclerosis,0.5760906777527066
4.0,5.840641657373398,0.5,0,36,1.5814285714285714,1,5.6020599913279625,0.8,1,multiple sclerosis,0.6848239105748867
0.0,3.784189633918261,0.5,0,24,1.5814285714285714,1,5.6020599913279625,0.64,1,multiple sclerosis,0.6059771302230597
0.0,4.174387269895637,0.5,0,24,1.5814285714285714,1,5.6020599913279625,0.64,1,multiple sclerosis,0.6118300947627203
0.0,3.6888794541139363,0.5,0,24,1.5814285714285714,1,5.6020599913279625,0.64,1,multiple sclerosis,0.6045474775259948
0.0,4.30406509320417,0.5,0,24,1.5814285714285714,1,5.6020599913279625,0.64,1,multiple sclerosis,0.6137752621123483
0.0,1.0986122886681098,0.5,0,24,1.5814285714285714,1,5.6020599913279625,0.64,1,multiple sclerosis,0.5656934700443074
1.0,3.2188758248682006,1.0,0,36,1.5814285714285714,5,5.6020599913279625,0.64,1,multiple sclerosis,0.7774974230873087
0.0,6.415096959171596,0.5,0,24,1.5814285714285714,1,5.6020599913279625,0.64,1,multiple sclerosis,0.6454407401018597
0.0,4.394449154672439,0.5,0,24,1.5814285714285714,1,5.6020599913279625,0.64,1,multiple sclerosis,0.6151310230343724
0.0,5.075173815233827,0.5,0,24,1.5814285714285714,1,5.6020599913279625,0.64,1,multiple sclerosis,0.6253418929427932
0.0,3.4339872044851463,0.5,0,24,1.5814285714285714,1,5.6020599913279625,0.64,1,multiple sclerosis,0.600724093781563
0.0,4.442651256490317,0.5,0,24,1.5814285714285714,1,5.6020599913279625,0.64,1,multiple sclerosis,0.6158540545616406
0.0,3.828641396489095,0.5,0,24,1.5814285714285714,1,5.6020599913279625,0.64,1,multiple sclerosis,0.6066439066616222
0.0,3.4339872044851463,0.5,0,24,1.5814285714285714,1,5.6020599913279625,0.64,1,multiple sclerosis,0.600724093781563
0.0,6.815639990074331,0.5,0,24,1.5814285714285714,1,5.6020599913279625,0.64,1,multiple sclerosis,0.6514488855654007
0.0,3.4965075614664802,0.5,0,24,1.5814285714285714,1,5.6020599913279625,0.64,1,multiple sclerosis,0.601661899136283
0.0,4.543294782270004,1.0,0,24,1.5814285714285714,5,5.6020599913279625,0.64,1,multiple sclerosis,0.7973637074483357
1.0,2.3978952727983707,0.5,0,36,1.5814285714285714,1,5.6020599913279625,0.64,1,multiple sclerosis,0.5851827148062614
1.0,3.1354942159291497,1.0,0,36,1.5814285714285714,5,5.6020599913279625,0.64,1,multiple sclerosis,0.776246698953223
1.0,4.0943445622221,0.5,0,36,1.5814285714285714,1,5.6020599913279625,0.64,1,multiple sclerosis,0.6106294541476173
0.0,7.0909098220799835,0.5,0,24,1.5814285714285714,1,5.6020599913279625,0.64,1,multiple sclerosis,0.6555779330454855
0.0,4.127134385045092,0.5,0,24,1.5814285714285714,1,5.6020599913279625,0.64,1,multiple sclerosis,0.6111213014899621
0.0,1.0986122886681098,0.5,0,24,1.5814285714285714,1,5.6020599913279625,0.64,0,multiple sclerosis,0.5656934700443074
0.0,4.07753744390572,0.5,0,24,1.5814285714285714,1,5.6020599913279625,0.64,1,multiple sclerosis,0.6103773473728715
0.0,5.493061443340548,0.5,0,24,1.5814285714285714,1,5.6020599913279625,0.64,1,multiple sclerosis,0.631610207364394
4.0,2.6390573296152584,1.0,0,36,1.5814285714285714,5,5.6020599913279625,0.8,1,multiple sclerosis,0.8168001456585147
0.0,3.784189633918261,0.5,0,24,1.5814285714285714,1,5.6020599913279625,0.64,1,multiple sclerosis,0.6059771302230597
0.0,5.459585514144159,0.5,0,24,1.5814285714285714,1,5.6020599913279625,0.64,1,multiple sclerosis,0.6311080684264482
0.0,4.51085950651685,0.5,0,24,1.5814285714285714,1,5.6020599913279625,0.64,1,multiple sclerosis,0.6168771783120385
0.0,4.060443010546419,0.7,0,24,1.5814285714285714,2,5.6020599913279625,0.64,1,multiple sclerosis,0.670120930872482
0.0,0.0,0.5,0,24,1.5814285714285714,1,5.6020599913279625,0.64,0,multiple sclerosis,0.5492142857142858
0.0,6.775366090936392,1.0,0,24,1.5814285714285714,5,5.6020599913279625,0.64,1,multiple sclerosis,0.8308447770783316
0.0,3.6109179126442243,0.5,0,24,1.5814285714285714,1,5.6020599913279625,0.64,1,multiple sclerosis,0.6033780544039491
0.0,4.61512051684126,1.0,0,24,1.5814285714285714,5,5.6020599913279625,0.64,0,multiple sclerosis,0.7984410934669046
3.0,4.110873864173311,0.5,0,60,1.5814285714285714,1,5.6020599913279625,0.58,1,multiple sclerosis,0.5928773936768854
3.0,2.4849066497880004,1.0,0,60,1.5814285714285714,5,5.6020599913279625,0.58,0,multiple sclerosis,0.7484878854611057
0.0,4.382026634673881,0.5,0,24,1.5814285714285714,1,5.6020599913279625,0.64,1,multiple sclerosis,0.6149446852343939
0.0,4.382026634673881,1.0,0,24,1.5814285714285714,5,5.6020599913279625,0.64,1,multiple sclerosis,0.7949446852343939
0.0,3.784189633918261,0.5,0,24,1.5814285714285714,1,5.6020599913279625,0.64,1,multiple sclerosis,0.6059771302230597
0.0,1.791759469228055,0.5,0,24,1.5814285714285714,1,5.6020599913279625,0.64,1,multiple sclerosis,0.5760906777527066
0.0,0.0,0.5,0,24,1.5814285714285714,1,5.6020599913279625,0.64,0,multiple sclerosis,0.5492142857142858
0.0,6.244166900663736,0.5,0,24,1.5814285714285714,1,5.6020599913279625,0.64,1,multiple sclerosis,0.6428767892242419
2.0,4.110873864173311,0.5,0,48,1.5814285714285714,1,5.6020599913279625,0.36,1,multiple sclerosis,0.5268773936768854
1.0,2.0794415416798357,0.5,0,36,1.5814285714285714,1,5.6020599913279625,0.64,0,multiple sclerosis,0.5804059088394833
0.0,2.70805020110221,0.5,0,24,1.5814285714285714,1,5.6020599913279625,0.64,1,multiple sclerosis,0.5898350387308189
4.0,2.3978952727983707,0.5,0,36,1.5814285714285714,1,5.6020599913279625,0.8,1,multiple sclerosis,0.6331827148062612
0.0,3.828641396489095,0.6,0,24,1.5814285714285714,1,5.6020599913279625,0.64,1,multiple sclerosis,0.6266439066616221
0.0,2.3978952727983707,0.5,0,24,1.5814285714285714,1,5.6020599913279625,0.64,0,multiple sclerosis,0.5851827148062614
0.0,4.2626798770413155,0.5,0,24,1.5814285714285714,1,5.6020599913279625,0.64,1,multiple sclerosis,0.6131544838699055
1.0,3.9318256327243257,0.5,0,36,1.5814285714285714,1,5.6020599913279625,0.64,1,multiple sclerosis,0.6081916702051506
0.0,0.0,0.5,0,24,1.5814285714285714,1,5.6020599913279625,0.64,0,multiple sclerosis,0.5492142857142858
0.0,5.003946305945459,0.5,0,24,1.5814285714285714,1,5.6020599913279625,0.64,1,multiple sclerosis,0.6242734803034676
0.0,5.017279836814924,0.5,0,24,1.5814285714285714,1,5.6020599913279625,0.64,1,multiple sclerosis,0.6244734832665096
0.0,4.61512051684126,1.0,0,24,1.5814285714285714,5,5.6020599913279625,0.64,1,multiple sclerosis,0.7984410934669046
0.0,3.044522437723423,0.5,0,24,1.5814285714285714,1,5.6020599913279625,0.64,1,multiple sclerosis,0.5948821222801371
0.0,4.330733340286331,0.5,0,24,1.5814285714285714,1,5.6020599913279625,0.64,1,multiple sclerosis,0.6141752858185807
0.0,4.1588830833596715,0.5,0,24,1.5814285714285714,1,5.6020599913279625,0.64,1,multiple sclerosis,0.6115975319646808
4.0,2.5649493574615367,0.5,0,36,1.5814285714285714,1,5.6020599913279625,0.8,1,multiple sclerosis,0.6356885260762087
0.0,4.110873864173311,0.5,0,24,1.5814285714285714,1,5.6020599913279625,0.64,1,multiple sclerosis,0.6108773936768854
2.0,4.795790545596741,0.5,0,48,1.5814285714285714,1,5.6020599913279625,0.36,1,multiple sclerosis,0.5371511438982368
0.0,5.303304908059076,0.5,0,24,1.5814285714285714,1,5.6020599913279625,0.64,1,multiple sclerosis,0.6287638593351719
2.0,3.4339872044851463,0.5,0,48,1.5814285714285714,1,5.6020599913279625,0.36,1,multiple sclerosis,0.5167240937815629
2.0,5.605802066295998,1.0,0,48,1.5814285714285714,5,5.6020599913279625,0.36,1,multiple sclerosis,0.7293013167087257
0.0,3.367295829986474,0.5,0,24,1.5814285714285714,1,5.6020599913279625,0.64,1,multiple sclerosis,0.5997237231640828
0.0,1.0986122886681098,0.5,0,24,1.5814285714285714,1,5.6020599913279625,0.64,0,multiple sclerosis,0.5656934700443074
0.0,5.676753802268282,1.0,0,24,1.5814285714285714,5,5.6020599913279625,0.64,1,multiple sclerosis,0.8143655927483099
0.0,4.919980925828125,0.5,0,24,1.5814285714285714,1,5.6020599913279625,0.64,1,multiple sclerosis,0.6230139996017077
0.0,5.700443573390687,0.5,0,24,1.5814285714285714,1,5.6020599913279625,0.64,1,multiple sclerosis,0.6347209393151461
3.0,0.6931471805599453,1.0,0,60,1.5814285714285714,5,5.6020599913279625,0.58,0,multiple sclerosis,0.7216114934226848
1.0,4.290459441148391,1.0,0,36,1.5814285714285714,5,5.6020599913279625,0.64,1,multiple sclerosis,0.7935711773315116
0.0,0.0,0.5,0,24,1.5814285714285714,1,5.6020599913279625,0.64,0,multiple sclerosis,0.5492142857142858
0.0,5.869296913133774,1.0,0,24,1.5814285714285714,5,5.6020599913279625,0.64,1,multiple sclerosis,0.8172537394112923
0.0,3.4339872044851463,0.5,0,24,1.5814285714285714,1,5.6020599913279625,0.64,1,multiple sclerosis,0.600724093781563
0.0,3.912023005428146,0.5,0,24,1.5814285714285714,1,5.6020599913279625,0.64,1,multiple sclerosis,0.6078946307957079
1.0,2.1972245773362196,0.8,0,36,1.5814285714285714,3,5.6020599913279625,0.64,1,multiple sclerosis,0.6821726543743291
0.0,4.465908118654584,0.5,0,24,1.5814285714285714,1,5.6020599913279625,0.64,1,multiple sclerosis,0.6162029074941046
2.0,3.367295829986474,1.0,0,48,1.5814285714285714,5,5.6020599913279625,0.36,0,multiple sclerosis,0.6957237231640828
0.0,1.6094379124341003,0.5,0,24,1.5814285714285714,1,5.6020599913279625,0.64,1,multiple sclerosis,0.5733558544007973
3.0,5.14166355650266,1.0,0,60,1.5814285714285714,5,5.6020599913279625,0.58,1,multiple sclerosis,0.7883392390618256
2.0,4.68213122712422,1.0,0,48,1.5814285714285714,5,5.6020599913279625,0.36,1,multiple sclerosis,0.715446254121149
0.0,3.4339872044851463,0.5,0,24,1.5814285714285714,1,5.6020599913279625,0.64,1,multiple sclerosis,0.600724093781563
0.0,8.77971129020447,0.5,0,24,1.5814285714285714,1,5.6020599913279625,0.64,1,multiple sclerosis,0.6809099550673527
1.0,1.791759469228055,0.5,0,36,1.5814285714285714,1,5.6020599913279625,0.64,1,multiple sclerosis,0.5760906777527066
2.0,3.5263605246161616,1.0,0,48,1.5814285714285714,5,5.6020599913279625,0.36,1,multiple sclerosis,0.6981096935835281
0.0,3.4339872044851463,0.5,0,24,1.5814285714285714,1,5.6020599913279625,0.64,1,multiple sclerosis,0.600724093781563
0.0,8.392310009269547,0.5,0,24,1.5814285714285714,1,5.6020599913279625,0.64,1,multiple sclerosis,0.675098935853329
0.0,4.6913478822291435,0.5,0,24,1.5814285714285714,1,5.6020599913279625,0.64,1,multiple sclerosis,0.6195845039477229
1.0,2.5649493574615367,1.0,0,36,1.5814285714285714,5,5.6020599913279625,0.64,1,multiple sclerosis,0.7676885260762087
0.0,3.258096538021482,0.5,0,24,1.5814285714285714,1,5.6020599913279625,0.64,1,multiple sclerosis,0.5980857337846079
0.0,2.8903717578961645,0.5,0,24,1.5814285714285714,1,5.6020599913279625,0.64,1,multiple sclerosis,0.5925698620827282
0.0,1.0986122886681098,0.5,0,24,1.5814285714285714,1,5.6020599913279625,0.64,1,multiple sclerosis,0.5656934700443074
0.0,5.560681631015528,0.5,0,24,1.5814285714285714,1,5.6020599913279625,0.64,1,multiple sclerosis,0.6326245101795187
0.0,1.9459101490553132,1.0,0,24,1.5814285714285714,5,5.6020599913279625,0.64,1,multiple sclerosis,0.7584029379501154
0.0,3.367295829986474,0.5,0,24,1.5814285714285714,1,5.6020599913279625,0.64,1,multiple sclerosis,0.5997237231640828
3.0,5.225746673713202,1.0,0,60,1.5814285714285714,5,5.6020599913279625,0.58,1,multiple sclerosis,0.7896004858199837
0.0,3.4339872044851463,0.5,0,24,1.5814285714285714,1,5.6020599913279625,0.64,1,multiple sclerosis,0.600724093781563
0.0,2.70805020110221,1.0,0,24,1.5814285714285714,5,5.6020599913279625,0.64,1,multiple sclerosis,0.7698350387308188
0.0,2.70805020110221,0.5,0,24,1.5814285714285714,1,5.6020599913279625,0.64,1,multiple sclerosis,0.5898350387308189
0.0,2.3978952727983707,0.5,0,24,1.5814285714285714,1,5.6020599913279625,0.64,1,multiple sclerosis,0.5851827148062614
0.0,3.8066624897703196,0.5,0,24,1.5814285714285714,1,5.6020599913279625,0.64,1,multiple sclerosis,0.6063142230608406
0.0,5.54907608489522,1.0,0,24,1.5814285714285714,5,5.6020599913279625,0.64,1,multiple sclerosis,0.812450426987714
0.0,6.516193076042964,1.0,0,24,1.5814285714285714,5,5.6020599913279625,0.64,1,multiple sclerosis,0.8269571818549302
0.0,2.3978952727983707,0.5,0,24,1.5814285714285714,1,5.6020599913279625,0.64,1,multiple sclerosis,0.5851827148062614
0.0,4.454347296253507,0.5,0,24,1.5814285714285714,1,5.6020599913279625,0.64,1,multiple sclerosis,0.6160294951580884
1.0,5.351858133476067,1.0,0,36,1.5814285714285714,5,5.6020599913279625,0.64,1,multiple sclerosis,0.8094921577164267
0.0,4.442651256490317,0.5,0,24,1.5814285714285714,1,5.6020599913279625,0.64,1,multiple sclerosis,0.6158540545616406
2.0,3.091042453358316,0.5,0,48,1.5814285714285714,1,5.6020599913279625,0.36,1,multiple sclerosis,0.5115799225146604
1.0,3.7376696182833684,1.0,0,36,1.5814285714285714,5,5.6020599913279625,0.64,1,multiple sclerosis,0.7852793299885362
0.0,3.4657359027997265,0.5,0,24,1.5814285714285714,1,5.6020599913279625,0.64,1,multiple sclerosis,0.6012003242562817
0.0,3.367295829986474,0.5,0,24,1.5814285714285714,1,5.6020599913279625,0.64,1,multiple sclerosis,0.5997237231640828
0.0,3.332204510175204,0.5,0,24,1.5814285714285714,1,5.6020599913279625,0.64,1,multiple sclerosis,0.5991973533669138
0.0,4.143134726391533,0.5,0,24,1.5814285714285714,1,5.6020599913279625,0.64,1,multiple sclerosis,0.6113613066101588
0.0,4.68213122712422,0.5,0,24,1.5814285714285714,1,5.6020599913279625,0.64,1,multiple sclerosis,0.6194462541211491
0.0,2.4849066497880004,0.5,0,24,1.5814285714285714,1,5.6020599913279625,0.64,0,multiple sclerosis,0.5864878854611058
3.0,4.442651256490317,0.5,0,60,1.5814285714285714,1,5.6020599913279625,0.58,1,multiple sclerosis,0.5978540545616405
0.0,2.772588722239781,0.5,0,24,1.5814285714285714,1,5.6020599913279625,0.64,1,multiple sclerosis,0.5908031165478824
0.0,4.653960350157523,0.5,0,24,1.5814285714285714,1,5.6020599913279625,0.64,1,multiple sclerosis,0.6190236909666487
0.0,4.795790545596741,0.5,0,24,1.5814285714285714,1,5.6020599913279625,0.64,1,multiple sclerosis,0.6211511438982369
0.0,3.9318256327243257,0.5,0,24,1.5814285714285714,1,5.6020599913279625,0.64,1,multiple sclerosis,0.6081916702051506
3.0,6.92461239604856,1.0,0,60,1.5814285714285714,5,5.6020599913279625,0.58,1,multiple sclerosis,0.815083471655014
0.0,1.791759469228055,0.5,0,24,1.5814285714285714,1,5.6020599913279625,0.64,0,multiple sclerosis,0.5760906777527066
0.0,6.218600119691729,0.5,0,24,1.5814285714285714,1,5.6020599913279625,0.64,1,multiple sclerosis,0.6424932875096617
0.0,2.5649493574615367,0.5,0,24,1.5814285714285714,1,5.6020599913279625,0.64,1,multiple sclerosis,0.5876885260762088
0.0,5.860786223465865,0.5,0,24,1.5814285714285714,1,5.6020599913279625,0.64,1,multiple sclerosis,0.6371260790662737
0.0,4.653960350157523,0.5,0,24,1.5814285714285714,1,5.6020599913279625,0.64,1,multiple sclerosis,0.6190236909666487
2.0,4.1588830833596715,0.5,0,48,1.5814285714285714,1,5.6020599913279625,0.36,1,multiple sclerosis,0.5275975319646808
2.0,4.875197323201151,1.0,0,48,1.5814285714285714,5,5.6020599913279625,0.36,1,multiple sclerosis,0.718342245562303
0.0,6.272877006546167,0.5,0,24,1.5814285714285714,1,5.6020599913279625,0.64,1,multiple sclerosis,0.6433074408124783
0.0,5.017279836814924,0.5,0,24,1.5814285714285714,1,5.6020599913279625,0.64,1,multiple sclerosis,0.6244734832665096
0.0,2.3978952727983707,0.5,0,24,1.5814285714285714,1,5.6020599913279625,0.64,1,multiple sclerosis,0.5851827148062614
0.0,1.3862943611198906,0.5,0,24,1.5814285714285714,1,5.6020599913279625,0.64,1,multiple sclerosis,0.5700087011310842
0.0,2.5649493574615367,0.5,0,24,1.5814285714285714,1,5.6020599913279625,0.64,1,multiple sclerosis,0.5876885260762088
0.0,4.30406509320417,0.5,0,24,1.5814285714285714,1,5.6020599913279625,0.64,1,multiple sclerosis,0.6137752621123483
0.0,3.044522437723423,0.5,0,24,1.5814285714285714,1,5.6020599913279625,0.64,1,multiple sclerosis,0.5948821222801371
0.0,3.295836866004329,0.5,0,24,1.5814285714285714,1,5.6020599913279625,0.64,1,multiple sclerosis,0.5986518387043507
0.0,3.4339872044851463,0.5,0,24,1.5814285714285714,1,5.6020599913279625,0.64,1,multiple sclerosis,0.600724093781563
0.0,3.2188758248682006,0.5,0,24,1.5814285714285714,1,5.6020599913279625,0.64,0,multiple sclerosis,0.5974974230873088
1.0,4.90527477843843,1.0,0,36,1.5814285714285714,5,5.6020599913279625,0.64,1,multiple sclerosis,0.8027934073908621
3.0,1.3862943611198906,1.0,0,60,1.5814285714285714,5,5.6020599913279625,0.58,0,multiple sclerosis,0.7320087011310841
0.0,4.330733340286331,0.5,0,24,1.5814285714285714,1,5.6020599913279625,0.64,1,multiple sclerosis,0.6141752858185807
0.0,3.7612001156935624,0.5,0,24,1.5814285714285714,1,5.6020599913279625,0.64,1,multiple sclerosis,0.6056322874496892
0.0,4.51085950651685,0.5,0,24,1.5814285714285714,1,5.6020599913279625,0.64,1,multiple sclerosis,0.6168771783120385
0.0,3.091042453358316,0.7,0,24,1.5814285714285714,2,5.6020599913279625,0.64,1,multiple sclerosis,0.6555799225146605
4.0,3.871201010907891,0.5,0,36,1.5814285714285714,1,5.6020599913279625,0.8,1,multiple sclerosis,0.6552823008779041
3.0,5.71042701737487,1.0,0,60,1.5814285714285714,5,5.6020599913279625,0.58,0,multiple sclerosis,0.7968706909749087
1.0,1.9459101490553132,1.0,0,36,1.5814285714285714,5,5.6020599913279625,0.64,1,multiple sclerosis,0.7584029379501154
0.0,3.258096538021482,0.5,0,24,1.5814285714285714,1,5.6020599913279625,0.64,1,multiple sclerosis,0.5980857337846079
0.0,2.833213344056216,0.5,0,24,1.5814285714285714,1,5.6020599913279625,0.64,1,multiple sclerosis,0.591712485875129
0.0,3.970291913552122,0.5,0,24,1.5814285714285714,1,5.6020599913279625,0.64,1,multiple sclerosis,0.6087686644175676
0.0,9.768755439335086,0.5,0,24,1.5814285714285714,1,5.6020599913279625,0.64,1,multiple sclerosis,0.6957456173043121
0.0,3.713572066704308,0.5,0,24,1.5814285714285714,1,5.6020599913279625,0.64,1,multiple sclerosis,0.6049178667148504
1.0,3.044522437723423,0.5,0,36,1.5814285714285714,1,5.6020599913279625,0.64,0,multiple sclerosis,0.5948821222801371
0.0,4.189654742026425,0.5,0,24,1.5814285714285714,1,5.6020599913279625,0.64,1,multiple sclerosis,0.6120591068446821
0.0,0.0,0.5,0,24,1.5814285714285714,1,5.6020599913279625,0.64,0,multiple sclerosis,0.5492142857142858
2.0,3.1780538303479458,1.0,0,48,1.5814285714285714,5,5.6020599913279625,0.36,1,multiple sclerosis,0.692885093169505
2.0,4.836281906951478,1.0,0,48,1.5814285714285714,5,5.6020599913279625,0.36,1,multiple sclerosis,0.7177585143185579
0.0,2.3978952727983707,0.5,0,24,1.5814285714285714,1,5.6020599913279625,0.64,1,multiple sclerosis,0.5851827148062614
0.0,4.795790545596741,0.5,0,24,1.5814285714285714,1,5.6020599913279625,0.64,1,multiple sclerosis,0.6211511438982369
0.0,6.3818160174060985,0.5,0,24,1.5814285714285714,1,5.6020599913279625,0.64,1,multiple sclerosis,0.6449415259753772
0.0,8.03073492409854,1.0,0,24,1.5814285714285714,5,5.6020599913279625,0.64,0,multiple sclerosis,0.8496753095757638
0.0,0.0,0.5,0,24,1.5814285714285714,1,5.6020599913279625,0.64,0,multiple sclerosis,0.5492142857142858
0.0,5.736572297479192,0.5,0,24,1.5814285714285714,1,5.6020599913279625,0.64,1,multiple sclerosis,0.6352628701764736
2.0,3.828641396489095,1.0,0,48,1.5814285714285714,5,5.6020599913279625,0.36,1,multiple sclerosis,0.7026439066616221
0.0,4.110873864173311,0.5,0,24,1.5814285714285714,1,5.6020599913279625,0.64,0,multiple sclerosis,0.6108773936768854
0.0,4.812184355372417,0.5,0,24,1.5814285714285714,1,5.6020599913279625,0.64,1,multiple sclerosis,0.621397051044872
0.0,3.4339872044851463,0.5,0,24,1.5814285714285714,1,5.6020599913279625,0.64,1,multiple sclerosis,0.600724093781563
1.0,3.912023005428146,1.0,0,36,1.5814285714285714,5,5.6020599913279625,0.64,1,multiple sclerosis,0.7878946307957079
0.0,3.091042453358316,0.5,0,24,1.5814285714285714,1,5.6020599913279625,0.64,1,multiple sclerosis,0.5955799225146605
0.0,4.727387818712341,0.5,0,24,1.5814285714285714,1,5.6020599913279625,0.64,0,multiple sclerosis,0.6201251029949709
0.0,3.1780538303479458,0.5,0,24,1.5814285714285714,1,5.6020599913279625,0.64,1,multiple sclerosis,0.596885093169505
4.0,6.4967749901858625,1.0,0,36,1.5814285714285714,5,5.6020599913279625,0.8,1,multiple sclerosis,0.8746659105670737
0.0,4.718498871295094,0.5,0,24,1.5814285714285714,1,5.6020599913279625,0.64,1,multiple sclerosis,0.6199917687837122
2.0,3.5263605246161616,1.0,0,48,1.5814285714285714,5,5.6020599913279625,0.36,1,multiple sclerosis,0.6981096935835281
0.0,4.736198448394496,0.5,0,24,1.5814285714285714,1,5.6020599913279625,0.64,1,multiple sclerosis,0.6202572624402032
4.0,4.804021044733257,1.0,0,36,1.5814285714285714,5,5.6020599913279625,0.8,1,multiple sclerosis,0.8492746013852845
1.0,3.367295829986474,1.0,0,36,1.5814285714285714,5,5.6020599913279625,0.64,1,multiple sclerosis,0.7797237231640828
0.0,6.90875477931522,0.5,0,24,1.5814285714285714,1,5.6020599913279625,0.64,0,multiple sclerosis,0.6528456074040141
0.0,3.6109179126442243,0.5,0,24,1.5814285714285714,1,5.6020599913279625,0.64,1,multiple sclerosis,0.6033780544039491
0.0,3.9512437185814275,0.5,0,24,1.5814285714285714,1,5.6020599913279625,0.64,1,multiple sclerosis,0.6084829414930072
2.0,3.4339872044851463,0.5,0,48,1.5814285714285714,1,5.6020599913279625,0.36,1,multiple sclerosis,0.5167240937815629
0.0,6.248042874508429,0.5,0,24,1.5814285714285714,1,5.6020599913279625,0.64,1,multiple sclerosis,0.6429349288319122
0.0,1.3862943611198906,0.5,0,24,1.5814285714285714,1,5.6020599913279625,0.64,1,multiple sclerosis,0.5700087011310842
0.0,4.060443010546419,0.5,0,24,1.5814285714285714,1,5.6020599913279625,0.64,1,multiple sclerosis,0.6101209308724821
0.0,5.303304908059076,0.5,0,24,1.5814285714285714,1,5.6020599913279625,0.64,1,multiple sclerosis,0.6287638593351719
0.0,3.713572066704308,0.5,0,24,1.5814285714285714,1,5.6020599913279625,0.64,1,multiple sclerosis,0.6049178667148504
2.0,4.820281565605037,1.0,0,48,1.5814285714285714,5,5.6020599913279625,0.36,1,multiple sclerosis,0.7175185091983612
0.0,4.61512051684126,0.5,0,24,1.5814285714285714,1,5.6020599913279625,0.64,1,multiple sclerosis,0.6184410934669047
3.0,5.5909869805108565,0.5,0,60,1.5814285714285714,1,5.6020599913279625,0.58,1,multiple sclerosis,0.6150790904219486
3.0,5.583496308781699,1.0,0,60,1.5814285714285714,5,5.6020599913279625,0.58,1,multiple sclerosis,0.7949667303460112
0.0,1.9459101490553132,0.5,0,24,1.5814285714285714,1,5.6020599913279625,0.64,1,multiple sclerosis,0.5784029379501154
0.0,3.9318256327243257,0.5,0,24,1.5814285714285714,1,5.6020599913279625,0.64,1,multiple sclerosis,0.6081916702051506
1.0,3.258096538021482,0.5,0,36,1.5814285714285714,1,5.6020599913279625,0.64,0,multiple sclerosis,0.5980857337846079
0.0,4.532599493153256,0.5,0,24,1.5814285714285714,1,5.6020599913279625,0.64,1,multiple sclerosis,0.6172032781115846
2.0,3.713572066704308,0.5,0,48,1.5814285714285714,1,5.6020599913279625,0.36,1,multiple sclerosis,0.5209178667148504
1.0,1.0986122886681098,0.5,0,36,1.5814285714285714,1,5.6020599913279625,0.64,1,multiple sclerosis,0.5656934700443074
0.0,3.044522437723423,0.5,0,24,1.5814285714285714,1,5.6020599913279625,0.64,1,multiple sclerosis,0.5948821222801371
0.0,5.017279836814924,0.5,0,24,1.5814285714285714,1,5.6020599913279625,0.64,1,multiple sclerosis,0.6244734832665096
0.0,3.091042453358316,0.5,0,24,1.5814285714285714,1,5.6020599913279625,0.64,1,multiple sclerosis,0.5955799225146605
3.0,5.986452005284438,1.0,0,60,1.5814285714285714,5,5.6020599913279625,0.58,1,multiple sclerosis,0.8010110657935523
0.0,5.153291594497779,0.5,0,24,1.5814285714285714,1,5.6020599913279625,0.64,1,multiple sclerosis,0.6265136596317524
0.0,4.2626798770413155,0.5,0,24,1.5814285714285714,1,5.6020599913279625,0.64,1,multiple sclerosis,0.6131544838699055
0.0,4.6913478822291435,0.5,0,24,1.5814285714285714,1,5.6020599913279625,0.64,1,multiple sclerosis,0.6195845039477229
0.0,2.772588722239781,0.5,0,24,1.5814285714285714,1,5.6020599913279625,0.64,1,multiple sclerosis,0.5908031165478824
0.0,3.8918202981106265,0.5,0,24,1.5814285714285714,1,5.6020599913279625,0.64,1,multiple sclerosis,0.6075915901859452
0.0,3.970291913552122,0.5,0,24,1.5814285714285714,1,5.6020599913279625,0.64,1,multiple sclerosis,0.6087686644175676
0.0,2.70805020110221,0.5,0,24,1.5814285714285714,1,5.6020599913279625,0.64,1,multiple sclerosis,0.5898350387308189
0.0,2.9444389791664403,0.5,0,24,1.5814285714285714,1,5.6020599913279625,0.64,0,multiple sclerosis,0.5933808704017823
0.0,9.133675287040697,1.0,0,24,1.5814285714285714,5,5.6020599913279625,0.64,1,multiple sclerosis,0.8662194150198962
0.0,4.31748811353631,0.5,0,24,1.5814285714285714,1,5.6020599913279625,0.64,1,multiple sclerosis,0.6139766074173304
0.0,3.1354942159291497,0.5,0,24,1.5814285714285714,1,5.6020599913279625,0.64,1,multiple sclerosis,0.596246698953223
0.0,3.4965075614664802,0.5,0,24,1.5814285714285714,1,5.6020599913279625,0.64,1,multiple sclerosis,0.601661899136283
0.0,5.087596335232384,0.5,0,24,1.5814285714285714,1,5.6020599913279625,0.64,1,multiple sclerosis,0.6255282307427715
0.0,8.294299608857235,0.5,0,24,1.5814285714285714,1,5.6020599913279625,0.64,1,multiple sclerosis,0.6736287798471443
0.0,4.812184355372417,0.5,0,24,1.5814285714285714,1,5.6020599913279625,0.64,1,multiple sclerosis,0.621397051044872
0.0,10.858152485527174,1.0,0,24,1.5814285714285714,5,5.6020599913279625,0.64,1,multiple sclerosis,0.8920865729971933
0.0,4.1588830833596715,0.5,0,24,1.5814285714285714,1,5.6020599913279625,0.64,1,multiple sclerosis,0.6115975319646808
3.0,4.718498871295094,1.0,0,60,1.5814285714285714,5,5.6020599913279625,0.58,1,multiple sclerosis,0.7819917687837121
0.0,5.153291594497779,0.5,0,24,1.5814285714285714,1,5.6020599913279625,0.64,1,multiple sclerosis,0.6265136596317524
0.0,3.4339872044851463,0.5,0,24,1.5814285714285714,1,5.6020599913279625,0.64,1,multiple sclerosis,0.600724093781563
0.0,3.1780538303479458,0.5,0,24,1.5814285714285714,1,5.6020599913279625,0.64,1,multiple sclerosis,0.596885093169505
0.0,0.0,0.5,0,24,1.5814285714285714,1,5.6020599913279625,0.64,0,multiple sclerosis,0.5492142857142858
0.0,3.9318256327243257,0.5,0,24,1.5814285714285714,1,5.6020599913279625,0.64,1,multiple sclerosis,0.6081916702051506
0.0,4.356708826689592,0.5,0,24,1.5814285714285714,1,5.6020599913279625,0.64,1,multiple sclerosis,0.6145649181146297
0.0,4.394449154672439,0.5,0,24,1.5814285714285714,1,5.6020599913279625,0.64,1,multiple sclerosis,0.6151310230343724
0.0,5.303304908059076,0.5,0,24,1.5814285714285714,1,5.6020599913279625,0.64,1,multiple sclerosis,0.6287638593351719
0.0,4.110873864173311,0.5,0,24,1.5814285714285714,1,5.6020599913279625,0.64,1,multiple sclerosis,0.6108773936768854
0.0,3.713572066704308,0.5,0,24,1.5814285714285714,1,5.6020599913279625,0.64,1,multiple sclerosis,0.6049178667148504
0.0,4.499809670330265,0.5,0,24,1.5814285714285714,1,5.6020599913279625,0.64,1,multiple sclerosis,0.6167114307692397
0.0,5.081404364984463,0.5,0,24,1.5814285714285714,1,5.6020599913279625,0.64,1,multiple sclerosis,0.6254353511890527
0.0,3.5553480614894135,0.5,0,24,1.5814285714285714,1,5.6020599913279625,0.64,1,multiple sclerosis,0.602544506636627
0.0,3.6109179126442243,0.5,0,24,1.5814285714285714,1,5.6020599913279625,0.64,1,multiple sclerosis,0.6033780544039491
0.0,6.304448802421981,0.5,0,24,1.5814285714285714,1,5.6020599913279625,0.64,1,multiple sclerosis,0.6437810177506155
4.0,3.1354942159291497,0.5,0,36,1.5814285714285714,1,5.6020599913279625,0.8,1,multiple sclerosis,0.644246698953223
0.0,4.30406509320417,0.5,0,24,1.5814285714285714,1,5.6020599913279625,0.64,1,multiple sclerosis,0.6137752621123483
0.0,4.204692619390966,0.5,0,24,1.5814285714285714,1,5.6020599913279625,0.64,1,multiple sclerosis,0.6122846750051503
0.0,3.713572066704308,0.5,0,24,1.5814285714285714,1,5.6020599913279625,0.64,1,multiple sclerosis,0.6049178667148504
3.0,5.241747015059643,1.0,0,60,1.5814285714285714,5,5.6020599913279625,0.58,0,multiple sclerosis,0.7898404909401803
1.0,3.5553480614894135,1.0,0,36,1.5814285714285714,5,5.6020599913279625,0.64,1,multiple sclerosis,0.7825445066366269
0.0,4.663439094112067,0.5,0,24,1.5814285714285714,1,5.6020599913279625,0.64,1,multiple sclerosis,0.6191658721259667
2.0,5.123963979403259,0.5,0,48,1.5814285714285714,1,5.6020599913279625,0.36,1,multiple sclerosis,0.5420737454053346
0.0,5.5254529391317835,1.0,0,24,1.5814285714285714,5,5.6020599913279625,0.64,0,multiple sclerosis,0.8120960798012624
0.0,3.713572066704308,0.5,0,24,1.5814285714285714,1,5.6020599913279625,0.64,1,multiple sclerosis,0.6049178667148504
0.0,6.543911845564792,1.0,0,24,1.5814285714285714,5,5.6020599913279625,0.64,1,multiple sclerosis,0.8273729633977576
0.0,5.910796644040527,1.0,0,24,1.5814285714285714,5,5.6020599913279625,0.64,1,multiple sclerosis,0.8178762353748936
1.0,4.442651256490317,1.0,0,36,1.5814285714285714,5,5.6020599913279625,0.64,1,multiple sclerosis,0.7958540545616405
2.0,4.553876891600541,1.0,0,48,1.5814285714285714,5,5.6020599913279625,0.36,1,multiple sclerosis,0.7135224390882938
0.0,3.6109179126442243,0.5,0,24,1.5814285714285714,1,5.6020599913279625,0.64,1,multiple sclerosis,0.6033780544039491
0.0,3.258096538021482,0.5,0,24,1.5814285714285714,1,5.6020599913279625,0.64,1,multiple sclerosis,0.5980857337846079
0.0,3.5553480614894135,0.5,0,24,1.5814285714285714,1,5.6020599913279625,0.64,1,multiple sclerosis,0.602544506636627
0.0,3.912023005428146,0.5,0,24,1.5814285714285714,1,5.6020599913279625,0.64,1,multiple sclerosis,0.6078946307957079
0.0,6.113682179832232,1.0,0,24,1.5814285714285714,5,5.6020599913279625,0.64,1,multiple sclerosis,0.8209195184117691
0.0,4.51085950651685,0.5,0,24,1.5814285714285714,1,5.6020599913279625,0.64,1,multiple sclerosis,0.6168771783120385
0.0,4.007333185232471,0.5,0,24,1.5814285714285714,1,5.6020599913279625,0.64,1,multiple sclerosis,0.6093242834927728
0.0,4.3694478524670215,0.5,0,24,1.5814285714285714,1,5.6020599913279625,0.64,1,multiple sclerosis,0.6147560035012911
0.5,1.791759469228055,0.5,0,24,1.5814285714285714,1,5.6020599913279625,0.64,1,multiple sclerosis,0.5760906777527066
0.0,5.993961427306569,0.5,0,24,1.5814285714285714,1,5.6020599913279625,0.64,1,multiple sclerosis,0.6391237071238843
0.0,7.203405521083095,0.5,0,24,1.5814285714285714,1,5.6020599913279625,0.64,1,multiple sclerosis,0.6572653685305322
0.0,3.2188758248682006,0.5,0,24,1.5814285714285714,1,5.6020599913279625,0.64,1,multiple sclerosis,0.5974974230873088
0.0,4.962844630259907,0.5,0,24,1.5814285714285714,1,5.6020599913279625,0.64,1,multiple sclerosis,0.6236569551681843
0.0,2.833213344056216,0.5,0,24,1.5814285714285714,1,5.6020599913279625,0.64,1,multiple sclerosis,0.591712485875129
0.0,4.770684624465665,0.5,0,24,1.5814285714285714,1,5.6020599913279625,0.64,1,multiple sclerosis,0.6207745550812708
0.0,2.772588722239781,0.5,0,24,1.5814285714285714,1,5.6020599913279625,0.64,1,multiple sclerosis,0.5908031165478824
0.0,6.90875477931522,0.5,0,24,1.5814285714285714,1,5.6020599913279625,0.64,1,multiple sclerosis,0.6528456074040141
0.0,3.091042453358316,0.5,0,24,1.5814285714285714,1,5.6020599913279625,0.64,1,multiple sclerosis,0.5955799225146605
3.0,7.062191632286556,1.0,0,60,1.5814285714285714,5,5.6020599913279625,0.58,0,multiple sclerosis,0.817147160198584
2.0,4.007333185232471,1.0,0,48,1.5814285714285714,5,5.6020599913279625,0.36,1,multiple sclerosis,0.7053242834927728
0.5,3.044522437723423,1.0,0,24,1.5814285714285714,5,5.6020599913279625,0.64,0,multiple sclerosis,0.7748821222801371
0.0,5.017279836814924,0.5,0,24,1.5814285714285714,1,5.6020599913279625,0.64,1,multiple sclerosis,0.6244734832665096
0.0,1.791759469228055,0.5,0,24,1.5814285714285714,1,5.6020599913279625,0.64,0,multiple sclerosis,0.5760906777527066
0.0,0.0,0.5,0,24,1.5814285714285714,1,5.6020599913279625,0.64,0,multiple sclerosis,0.5492142857142858
1.0,4.605170185988092,1.0,0,36,1.5814285714285714,5,5.6020599913279625,0.64,0,multiple sclerosis,0.7982918385041071
3.0,6.333279628139691,1.0,0,60,1.5814285714285714,5,5.6020599913279625,0.58,1,multiple sclerosis,0.806213480136381
0.0,3.258096538021482,0.5,0,24,1.5814285714285714,1,5.6020599913279625,0.64,1,multiple sclerosis,0.5980857337846079
1.0,4.276666119016055,1.0,0,36,1.5814285714285714,5,5.6020599913279625,0.64,1,multiple sclerosis,0.7933642774995265
0.0,3.713572066704308,0.5,0,24,1.5814285714285714,1,5.6020599913279625,0.64,1,multiple sclerosis,0.6049178667148504
0.0,5.755742213586912,0.5,0,24,1.5814285714285714,1,5.6020599913279625,0.64,0,multiple sclerosis,0.6355504189180894
4.0,5.19295685089021,1.0,0,36,1.5814285714285714,5,5.6020599913279625,0.8,1,multiple sclerosis,0.8551086384776388
2.0,4.23410650459726,1.0,0,48,1.5814285714285714,5,5.6020599913279625,0.36,0,multiple sclerosis,0.7087258832832446
0.0,0.0,0.5,0,24,1.5814285714285714,1,5.6020599913279625,0.64,0,multiple sclerosis,0.5492142857142858
0.0,4.3694478524670215,0.5,0,24,1.5814285714285714,1,5.6020599913279625,0.64,1,multiple sclerosis,0.6147560035012911
3.0,2.995732273553991,0.5,0,60,1.5814285714285714,1,5.6020599913279625,0.58,1,multiple sclerosis,0.5761502698175957
0.0,4.127134385045092,0.5,0,24,1.5814285714285714,1,5.6020599913279625,0.64,1,multiple sclerosis,0.6111213014899621
3.0,6.882437470997847,1.0,0,60,1.5814285714285714,5,5.6020599913279625,0.58,1,multiple sclerosis,0.8144508477792534
0.0,3.258096538021482,0.5,0,24,1.5814285714285714,1,5.6020599913279625,0.64,1,multiple sclerosis,0.5980857337846079
1.0,1.791759469228055,0.5,0,36,1.5814285714285714,1,5.6020599913279625,0.64,1,multiple sclerosis,0.5760906777527066
0.0,3.9318256327243257,0.5,0,24,1.5814285714285714,1,5.6020599913279625,0.64,1,multiple sclerosis,0.6081916702051506
0.0,2.1972245773362196,0.5,0,24,1.5814285714285714,1,5.6020599913279625,0.64,1,multiple sclerosis,0.5821726543743291
3.0,4.23410650459726,1.0,0,60,1.5814285714285714,5,5.6020599913279625,0.58,1,multiple sclerosis,0.7747258832832445
2.0,4.990432586778736,1.0,0,48,1.5814285714285714,5,5.6020599913279625,0.36,1,multiple sclerosis,0.7200707745159668
2.0,5.093750200806762,0.5,0,48,1.5814285714285714,1,5.6020599913279625,0.36,1,multiple sclerosis,0.5416205387263872
0.0,4.143134726391533,0.5,0,24,1.5814285714285714,1,5.6020599913279625,0.64,1,multiple sclerosis,0.6113613066101588
0.0,5.056245805348308,0.5,0,24,1.5814285714285714,1,5.6020599913279625,0.64,1,multiple sclerosis,0.6250579727945104
4.0,2.3978952727983707,0.5,0,36,1.5814285714285714,1,5.6020599913279625,0.8,1,multiple sclerosis,0.6331827148062612
0.0,0.0,0.5,0,24,1.5814285714285714,1,5.6020599913279625,0.64,0,multiple sclerosis,0.5492142857142858
2.0,3.784189633918261,0.5,0,48,1.5814285714285714,1,5.6020599913279625,0.36,0,multiple sclerosis,0.5219771302230597
0.0,1.791759469228055,0.5,0,24,1.5814285714285714,1,5.6020599913279625,0.64,1,multiple sclerosis,0.5760906777527066
0.0,3.58351893845611,0.5,0,24,1.5814285714285714,1,5.6020599913279625,0.64,1,multiple sclerosis,0.6029670697911275
0.0,4.110873864173311,0.5,0,24,1.5814285714285714,1,5.6020599913279625,0.64,1,multiple sclerosis,0.6108773936768854
0.0,3.6635616461296463,0.5,0,24,1.5814285714285714,1,5.6020599913279625,0.64,1,multiple sclerosis,0.6041677104062304
0.0,3.6109179126442243,0.5,0,24,1.5814285714285714,1,5.6020599913279625,0.64,1,multiple sclerosis,0.6033780544039491
2.0,5.087596335232384,0.5,0,48,1.5814285714285714,1,5.6020599913279625,0.36,1,multiple sclerosis,0.5415282307427715
1.0,3.4339872044851463,1.0,0,36,1.5814285714285714,5,5.6020599913279625,0.64,1,multiple sclerosis,0.7807240937815629
2.0,2.5649493574615367,1.0,0,48,1.5814285714285714,5,5.6020599913279625,0.36,0,multiple sclerosis,0.6836885260762088
0.0,3.6375861597263857,0.5,0,24,1.5814285714285714,1,5.6020599913279625,0.64,1,multiple sclerosis,0.6037780781101816
0.0,3.4011973816621555,0.5,0,24,1.5814285714285714,1,5.6020599913279625,0.64,1,multiple sclerosis,0.6002322464392181
2.0,4.02535169073515,1.0,0,48,1.5814285714285714,5,5.6020599913279625,0.36,1,multiple sclerosis,0.7055945610753129
0.0,3.4339872044851463,0.5,0,24,1.5814285714285714,1,5.6020599913279625,0.64,1,multiple sclerosis,0.600724093781563
0.0,4.110873864173311,0.5,0,24,1.5814285714285714,1,5.6020599913279625,0.64,1,multiple sclerosis,0.6108773936768854
0.0,3.1780538303479458,0.5,0,24,1.5814285714285714,1,5.6020599913279625,0.64,1,multiple sclerosis,0.596885093169505
0.0,3.091042453358316,0.5,0,24,1.5814285714285714,1,5.6020599913279625,0.64,1,multiple sclerosis,0.5955799225146605
0.0,2.0794415416798357,0.5,0,24,1.5814285714285714,1,5.6020599913279625,0.64,0,multiple sclerosis,0.5804059088394833
4.0,4.418840607796598,1.0,0,36,1.5814285714285714,5,5.6020599913279625,0.8,1,multiple sclerosis,0.8434968948312347
0.0,5.003946305945459,0.5,0,24,1.5814285714285714,1,5.6020599913279625,0.64,1,multiple sclerosis,0.6242734803034676
0.0,6.854354502255021,0.5,0,24,1.5814285714285714,1,5.6020599913279625,0.64,1,multiple sclerosis,0.6520296032481111
0.0,3.828641396489095,0.5,0,24,1.5814285714285714,1,5.6020599913279625,0.64,1,multiple sclerosis,0.6066439066616222
0.0,6.826545223556594,0.5,0,24,1.5814285714285714,1,5.6020599913279625,0.64,1,multiple sclerosis,0.6516124640676346
0.0,7.650644551436897,1.0,0,24,1.5814285714285714,5,5.6020599913279625,0.64,1,multiple sclerosis,0.8439739539858392
0.0,3.9318256327243257,0.6,0,24,1.5814285714285714,1,5.6020599913279625,0.64,1,multiple sclerosis,0.6281916702051505
0.0,2.5649493574615367,0.5,0,24,1.5814285714285714,1,5.6020599913279625,0.64,1,multiple sclerosis,0.5876885260762088
2.0,0.0,0.5,0,48,1.5814285714285714,1,5.6020599913279625,0.36,0,multiple sclerosis,0.46521428571428575
0.0,3.4011973816621555,0.5,0,24,1.5814285714285714,1,5.6020599913279625,0.64,1,multiple sclerosis,0.6002322464392181
0.0,3.713572066704308,0.5,0,24,1.5814285714285714,1,5.6020599913279625,0.64,1,multiple sclerosis,0.6049178667148504
3.0,6.802394763324311,1.0,0,60,1.5814285714285714,5,5.6020599913279625,0.58,1,multiple sclerosis,0.8132502071641503
0.0,4.394449154672439,0.5,0,24,1.5814285714285714,1,5.6020599913279625,0.64,1,multiple sclerosis,0.6151310230343724
0.0,3.4339872044851463,0.5,0,24,1.5814285714285714,1,5.6020599913279625,0.64,1,multiple sclerosis,0.600724093781563
3.0,2.302585092994046,0.5,0,60,1.5814285714285714,1,5.6020599913279625,0.58,0,multiple sclerosis,0.5657530621091964
0.0,7.318539548567902,1.0,0,24,1.5814285714285714,5,5.6020599913279625,0.64,1,multiple sclerosis,0.8389923789428042
0.0,4.2626798770413155,0.5,0,24,1.5814285714285714,1,5.6020599913279625,0.64,1,multiple sclerosis,0.6131544838699055
0.0,3.9889840465642745,0.5,0,24,1.5814285714285714,1,5.6020599913279625,0.64,1,multiple sclerosis,0.6090490464127499
0.0,5.476463551931511,0.5,0,24,1.5814285714285714,1,5.6020599913279625,0.64,1,multiple sclerosis,0.6313612389932585
3.0,7.436617265234227,1.0,0,60,1.5814285714285714,5,5.6020599913279625,0.58,0,multiple sclerosis,0.8227635446927991
0.0,5.0689042022202315,1.0,0,24,1.5814285714285714,5,5.6020599913279625,0.64,1,multiple sclerosis,0.8052478487475891
0.0,3.4339872044851463,0.5,0,24,1.5814285714285714,1,5.6020599913279625,0.64,1,multiple sclerosis,0.600724093781563
0.0,5.272999558563747,0.5,0,24,1.5814285714285714,1,5.6020599913279625,0.64,1,multiple sclerosis,0.6283092790927419
0.0,3.8066624897703196,0.5,0,24,1.5814285714285714,1,5.6020599913279625,0.64,1,multiple sclerosis,0.6063142230608406
0.0,3.6375861597263857,0.5,0,24,1.5814285714285714,1,5.6020599913279625,0.64,1,multiple sclerosis,0.6037780781101816
0.0,4.394449154672439,0.6,0,24,1.5814285714285714,1,5.6020599913279625,0.64,1,multiple sclerosis,0.6351310230343723
2.0,4.219507705176107,0.5,0,48,1.5814285714285714,1,5.6020599913279625,0.36,0,multiple sclerosis,0.5285069012919273
0.0,4.394449154672439,0.5,0,24,1.5814285714285714,1,5.6020599913279625,0.64,1,multiple sclerosis,0.6151310230343724
2.0,3.1780538303479458,1.0,0,48,1.5814285714285714,5,5.6020599913279625,0.36,1,multiple sclerosis,0.692885093169505
1.0,3.828641396489095,0.7,0,36,1.5814285714285714,2,5.6020599913279625,0.64,1,multiple sclerosis,0.6666439066616221
0.5,0.0,0.5,0,24,1.5814285714285714,1,5.6020599913279625,0.64,0,multiple sclerosis,0.5492142857142858
3.0,5.953243334287785,1.0,0,60,1.5814285714285714,5,5.6020599913279625,0.58,0,multiple sclerosis,0.8005129357286025
0.0,3.5553480614894135,0.5,0,24,1.5814285714285714,1,5.6020599913279625,0.64,1,multiple sclerosis,0.602544506636627
2.0,5.099866427824199,0.5,0,48,1.5814285714285714,1,5.6020599913279625,0.36,1,multiple sclerosis,0.5417122821316487
0.0,4.969813299576001,1.0,0,24,1.5814285714285714,5,5.6020599913279625,0.64,1,multiple sclerosis,0.8037614852079257
1.0,3.1780538303479458,1.0,0,36,1.5814285714285714,5,5.6020599913279625,0.64,0,multiple sclerosis,0.7768850931695049
3.0,7.0317412587631285,1.0,0,60,1.5814285714285714,5,5.6020599913279625,0.58,1,multiple sclerosis,0.8166904045957326
0.0,3.9318256327243257,0.5,0,24,1.5814285714285714,1,5.6020599913279625,0.64,1,multiple sclerosis,0.6081916702051506
2.0,5.0106352940962555,1.0,0,48,1.5814285714285714,5,5.6020599913279625,0.36,1,multiple sclerosis,0.7203738151257295
3.0,4.941642422609304,1.0,0,60,1.5814285714285714,5,5.6020599913279625,0.58,0,multiple sclerosis,0.7853389220534253
0.0,4.812184355372417,0.5,0,24,1.5814285714285714,1,5.6020599913279625,0.64,1,multiple sclerosis,0.621397051044872
0.0,3.6109179126442243,0.5,0,24,1.5814285714285714,1,5.6020599913279625,0.64,1,multiple sclerosis,0.6033780544039491
2.0,3.6109179126442243,1.0,0,48,1.5814285714285714,5,5.6020599913279625,0.36,0,multiple sclerosis,0.6993780544039491
3.0,7.068172000388042,0.5,0,60,1.5814285714285714,1,5.6020599913279625,0.58,1,multiple sclerosis,0.6372368657201064
3.0,6.643789733147672,1.0,0,60,1.5814285714285714,5,5.6020599913279625,0.58,1,multiple sclerosis,0.8108711317115007
2.0,4.110873864173311,0.5,0,48,1.5814285714285714,1,5.6020599913279625,0.36,1,multiple sclerosis,0.5268773936768854
0.0,4.795790545596741,0.5,0,24,1.5814285714285714,1,5.6020599913279625,0.64,1,multiple sclerosis,0.6211511438982369
0.5,3.9318256327243257,0.7,0,24,1.5814285714285714,2,5.6020599913279625,0.64,0,multiple sclerosis,0.6681916702051506
0.0,3.713572066704308,0.5,0,24,1.5814285714285714,1,5.6020599913279625,0.64,1,multiple sclerosis,0.6049178667148504
0.0,5.3981627015177525,0.5,0,24,1.5814285714285714,1,5.6020599913279625,0.64,1,multiple sclerosis,0.6301867262370521
0.0,3.7612001156935624,0.5,0,24,1.5814285714285714,1,5.6020599913279625,0.64,1,multiple sclerosis,0.6056322874496892
0.0,4.553876891600541,0.5,0,24,1.5814285714285714,1,5.6020599913279625,0.64,1,multiple sclerosis,0.6175224390882939
0.0,3.044522437723423,0.5,0,24,1.5814285714285714,1,5.6020599913279625,0.64,1,multiple sclerosis,0.5948821222801371
0.0,3.2188758248682006,0.5,0,24,1.5814285714285714,1,5.6020599913279625,0.64,1,multiple sclerosis,0.5974974230873088
3.0,4.8283137373023015,1.0,0,60,1.5814285714285714,5,5.6020599913279625,0.58,1,multiple sclerosis,0.7836389917738202
0.0,5.209486152841421,0.5,0,24,1.5814285714285714,1,5.6020599913279625,0.64,0,multiple sclerosis,0.627356578006907
4.0,4.110873864173311,0.5,0,36,1.5814285714285714,1,5.6020599913279625,0.8,1,multiple sclerosis,0.6588773936768854
0.0,3.8066624897703196,0.5,0,24,1.5814285714285714,1,5.6020599913279625,0.64,1,multiple sclerosis,0.6063142230608406
0.0,3.4965075614664802,0.5,0,24,1.5814285714285714,1,5.6020599913279625,0.64,1,multiple sclerosis,0.601661899136283
0.0,4.795790545596741,0.5,0,24,1.5814285714285714,1,5.6020599913279625,0.64,1,multiple sclerosis,0.6211511438982369
2.0,3.7376696182833684,1.0,0,48,1.5814285714285714,5,5.6020599913279625,0.36,1,multiple sclerosis,0.7012793299885363
0.0,3.6375861597263857,0.5,0,24,1.5814285714285714,1,5.6020599913279625,0.64,1,multiple sclerosis,0.6037780781101816
2.0,0.0,1.0,0,48,1.5814285714285714,5,5.6020599913279625,0.36,0,multiple sclerosis,0.6452142857142857
3.0,7.025538314638521,1.0,0,60,1.5814285714285714,5,5.6020599913279625,0.58,0,multiple sclerosis,0.8165973604338634
0.0,4.61512051684126,1.0,0,24,1.5814285714285714,5,5.6020599913279625,0.64,1,multiple sclerosis,0.7984410934669046
3.0,2.3978952727983707,0.5,0,60,1.5814285714285714,1,5.6020599913279625,0.58,1,multiple sclerosis,0.5671827148062614
1.0,2.3978952727983707,0.5,0,36,1.5814285714285714,1,5.6020599913279625,0.64,1,multiple sclerosis,0.5851827148062614
0.0,7.81035268372429,0.5,0,24,1.5814285714285714,1,5.6020599913279625,0.64,1,multiple sclerosis,0.6663695759701501
0.0,6.2166061010848646,0.5,0,24,1.5814285714285714,1,5.6020599913279625,0.64,1,multiple sclerosis,0.6424633772305588
0.0,4.672828834461906,0.5,0,24,1.5814285714285714,1,5.6020599913279625,0.64,1,multiple sclerosis,0.6193067182312143
0.0,4.394449154672439,0.5,0,24,1.5814285714285714,1,5.6020599913279625,0.64,1,multiple sclerosis,0.6151310230343724
2.0,3.5263605246161616,1.0,0,48,1.5814285714285714,5,5.6020599913279625,0.36,0,multiple sclerosis,0.6981096935835281
0.0,3.9512437185814275,0.5,0,24,1.5814285714285714,1,5.6020599913279625,0.64,1,multiple sclerosis,0.6084829414930072
3.0,6.194405391104672,1.0,0,60,1.5814285714285714,5,5.6020599913279625,0.58,0,multiple sclerosis,0.8041303665808558
0.0,4.276666119016055,0.5,0,24,1.5814285714285714,1,5.6020599913279625,0.64,1,multiple sclerosis,0.6133642774995266
0.0,5.303304908059076,1.0,0,24,1.5814285714285714,5,5.6020599913279625,0.64,1,multiple sclerosis,0.8087638593351718
0.0,2.772588722239781,0.5,0,24,1.5814285714285714,1,5.6020599913279625,0.64,1,multiple sclerosis,0.5908031165478824
0.0,3.044522437723423,0.5,0,24,1.5814285714285714,1,5.6020599913279625,0.64,1,multiple sclerosis,0.5948821222801371
0.0,3.044522437723423,0.5,0,24,1.5814285714285714,1,5.6020599913279625,0.64,1,multiple sclerosis,0.5948821222801371
0.0,3.1780538303479458,0.5,0,24,1.5814285714285714,1,5.6020599913279625,0.64,1,multiple sclerosis,0.596885093169505
0.0,4.110873864173311,0.5,0,24,1.5814285714285714,1,5.6020599913279625,0.64,1,multiple sclerosis,0.6108773936768854
0.0,3.8501476017100584,0.5,0,24,1.5814285714285714,1,5.6020599913279625,0.64,1,multiple sclerosis,0.6069664997399367
0.0,3.828641396489095,0.5,0,24,1.5814285714285714,1,5.6020599913279625,0.64,1,multiple sclerosis,0.6066439066616222
0.0,4.477336814478207,0.5,0,24,1.5814285714285714,1,5.6020599913279625,0.64,1,multiple sclerosis,0.6163743379314589
0.0,0.0,0.5,0,24,1.5814285714285714,1,5.6020599913279625,0.64,0,multiple sclerosis,0.5492142857142858
0.0,4.110873864173311,0.5,0,24,1.5814285714285714,1,5.6020599913279625,0.64,1,multiple sclerosis,0.6108773936768854
0.0,3.258096538021482,1.0,0,24,1.5814285714285714,5,5.6020599913279625,0.64,1,multiple sclerosis,0.7780857337846079
2.0,0.0,0.5,0,48,1.5814285714285714,1,5.6020599913279625,0.36,0,multiple sclerosis,0.46521428571428575
0.0,4.110873864173311,0.5,0,24,1.5814285714285714,1,5.6020599913279625,0.64,1,multiple sclerosis,0.6108773936768854
2.0,0.0,1.0,0,48,1.5814285714285714,5,5.6020599913279625,0.36,0,multiple sclerosis,0.6452142857142857
0.0,3.8918202981106265,0.5,0,24,1.5814285714285714,1,5.6020599913279625,0.64,1,multiple sclerosis,0.6075915901859452
0.0,4.110873864173311,0.5,0,24,1.5814285714285714,1,5.6020599913279625,0.64,1,multiple sclerosis,0.6108773936768854
0.0,3.4339872044851463,0.5,0,24,1.5814285714285714,1,5.6020599913279625,0.64,1,multiple sclerosis,0.600724093781563
0.0,1.9459101490553132,0.5,0,24,1.5814285714285714,1,5.6020599913279625,0.64,1,multiple sclerosis,0.5784029379501154
1.0,4.2626798770413155,1.0,0,36,1.5814285714285714,5,5.6020599913279625,0.64,1,multiple sclerosis,0.7931544838699054
3.0,5.225746673713202,1.0,0,60,1.5814285714285714,5,5.6020599913279625,0.58,1,multiple sclerosis,0.7896004858199837
2.0,4.634728988229636,0.5,0,48,1.5814285714285714,1,5.6020599913279625,0.36,1,multiple sclerosis,0.5347352205377303
0.0,4.624972813284271,0.5,0,24,1.5814285714285714,1,5.6020599913279625,0.64,1,multiple sclerosis,0.6185888779135498
2.0,1.6094379124341003,0.5,0,48,1.5814285714285714,1,5.6020599913279625,0.36,0,multiple sclerosis,0.48935585440079726
0.0,4.31748811353631,0.5,0,24,1.5814285714285714,1,5.6020599913279625,0.64,1,multiple sclerosis,0.6139766074173304
0.0,4.110873864173311,0.5,0,24,1.5814285714285714,1,5.6020599913279625,0.64,1,multiple sclerosis,0.6108773936768854
0.0,7.688455356549944,1.0,0,24,1.5814285714285714,5,5.6020599913279625,0.64,1,multiple sclerosis,0.8445411160625349
0.0,3.8066624897703196,0.5,0,24,1.5814285714285714,1,5.6020599913279625,0.64,1,multiple sclerosis,0.6063142230608406
0.0,5.075173815233827,0.5,0,24,1.5814285714285714,1,5.6020599913279625,0.64,1,multiple sclerosis,0.6253418929427932
1.0,0.0,1.0,0,36,1.5814285714285714,5,5.6020599913279625,0.64,0,multiple sclerosis,0.7292142857142857
2.0,3.6109179126442243,1.0,0,48,1.5814285714285714,5,5.6020599913279625,0.36,1,multiple sclerosis,0.6993780544039491
2.0,5.556828061699537,0.8,0,48,1.5814285714285714,3,5.6020599913279625,0.36,0,multiple sclerosis,0.6485667066397787
0.0,4.394449154672439,1.0,0,24,1.5814285714285714,5,5.6020599913279625,0.64,1,multiple sclerosis,0.7951310230343723
4.0,5.638354669333745,1.0,0,36,1.5814285714285714,5,5.6020599913279625,0.8,1,multiple sclerosis,0.861789605754292
0.0,5.043425116919247,0.5,0,24,1.5814285714285714,1,5.6020599913279625,0.64,1,multiple sclerosis,0.6248656624680745
0.0,4.663439094112067,1.0,0,24,1.5814285714285714,5,5.6020599913279625,0.64,1,multiple sclerosis,0.7991658721259667
2.0,3.8066624897703196,0.5,0,48,1.5814285714285714,1,5.6020599913279625,0.36,1,multiple sclerosis,0.5223142230608405
0.0,4.330733340286331,0.5,0,24,1.5814285714285714,1,5.6020599913279625,0.64,1,multiple sclerosis,0.6141752858185807
2.0,0.0,0.5,0,48,1.5814285714285714,1,5.6020599913279625,0.36,0,multiple sclerosis,0.46521428571428575
0.0,5.170483995038151,1.0,0,24,1.5814285714285714,5,5.6020599913279625,0.64,1,multiple sclerosis,0.806771545639858
0.0,4.174387269895637,0.5,0,24,1.5814285714285714,1,5.6020599913279625,0.64,1,multiple sclerosis,0.6118300947627203
0.0,0.0,1.0,0,24,1.5814285714285714,5,5.6020599913279625,0.64,0,multiple sclerosis,0.7292142857142857
1.0,1.0986122886681098,0.5,0,36,1.5814285714285714,1,5.6020599913279625,0.64,0,multiple sclerosis,0.5656934700443074
2.0,0.6931471805599453,0.5,0,48,1.5814285714285714,1,5.6020599913279625,0.36,0,multiple sclerosis,0.47561149342268494
1.0,3.4657359027997265,1.0,0,36,1.5814285714285714,5,5.6020599913279625,0.64,0,multiple sclerosis,0.7812003242562816
0.0,3.9318256327243257,0.5,0,24,1.5814285714285714,1,5.6020599913279625,0.64,1,multiple sclerosis,0.6081916702051506
2.0,4.418840607796598,0.5,0,48,1.5814285714285714,1,5.6020599913279625,0.36,1,multiple sclerosis,0.5314968948312347
0.0,4.820281565605037,1.0,0,24,1.5814285714285714,5,5.6020599913279625,0.64,1,multiple sclerosis,0.8015185091983612
1.0,4.290459441148391,1.0,0,36,1.5814285714285714,5,5.6020599913279625,0.64,1,multiple sclerosis,0.7935711773315116
0.0,4.110873864173311,0.5,0,24,1.5814285714285714,1,5.6020599913279625,0.64,1,multiple sclerosis,0.6108773936768854
0.0,1.791759469228055,0.5,0,24,1.5814285714285714,1,5.6020599913279625,0.64,1,multiple sclerosis,0.5760906777527066
0.0,2.4849066497880004,0.6,0,24,1.5814285714285714,1,5.6020599913279625,0.64,1,multiple sclerosis,0.6064878854611057
0.0,7.318539548567902,1.0,0,24,1.5814285714285714,5,5.6020599913279625,0.64,1,multiple sclerosis,0.8389923789428042
0.0,3.6109179126442243,0.5,0,24,1.5814285714285714,1,5.6020599913279625,0.64,1,multiple sclerosis,0.6033780544039491
0.0,3.713572066704308,0.5,0,24,1.5814285714285714,1,5.6020599913279625,0.64,1,multiple sclerosis,0.6049178667148504
4.0,3.7376696182833684,1.0,0,36,1.5814285714285714,5,5.6020599913279625,0.8,1,multiple sclerosis,0.8332793299885363
1.0,2.772588722239781,0.5,0,36,1.5814285714285714,1,5.6020599913279625,0.64,1,multiple sclerosis,0.5908031165478824
0.0,6.154858094016418,1.0,0,24,1.5814285714285714,5,5.6020599913279625,0.64,1,multiple sclerosis,0.821537157124532
0.0,4.110873864173311,0.5,0,24,1.5814285714285714,1,5.6020599913279625,0.64,1,multiple sclerosis,0.6108773936768854
0.0,4.624972813284271,0.5,0,24,1.5814285714285714,1,5.6020599913279625,0.64,1,multiple sclerosis,0.6185888779135498
0.0,3.7612001156935624,0.5,0,24,1.5814285714285714,1,5.6020599913279625,0.64,1,multiple sclerosis,0.6056322874496892
1.0,2.3978952727983707,1.0,0,36,1.5814285714285714,5,5.6020599913279625,0.64,0,multiple sclerosis,0.7651827148062613
0.0,4.532599493153256,0.5,0,24,1.5814285714285714,1,5.6020599913279625,0.64,1,multiple sclerosis,0.6172032781115846
1.0,3.8501476017100584,1.0,0,36,1.5814285714285714,5,5.6020599913279625,0.64,1,multiple sclerosis,0.7869664997399366
0.0,3.970291913552122,0.5,0,24,1.5814285714285714,1,5.6020599913279625,0.64,1,multiple sclerosis,0.6087686644175676
0.0,4.564348191467836,0.5,0,24,1.5814285714285714,1,5.6020599913279625,0.64,1,multiple sclerosis,0.6176795085863033
0.0,0.0,1.0,0,24,1.5814285714285714,5,5.6020599913279625,0.64,0,multiple sclerosis,0.7292142857142857
0.0,6.68586094706836,0.5,0,24,1.5814285714285714,1,5.6020599913279625,0.64,1,multiple sclerosis,0.6495021999203111
0.0,3.713572066704308,0.5,0,24,1.5814285714285714,1,5.6020599913279625,0.64,0,multiple sclerosis,0.6049178667148504
3.0,4.820281565605037,1.0,0,60,1.5814285714285714,5,5.6020599913279625,0.58,1,multiple sclerosis,0.7835185091983612
3.0,4.1588830833596715,1.0,0,60,1.5814285714285714,5,5.6020599913279625,0.58,1,multiple sclerosis,0.7735975319646807
1.0,4.110873864173311,0.5,0,36,1.5814285714285714,1,5.6020599913279625,0.64,1,multiple sclerosis,0.6108773936768854
4.0,0.6931471805599453,0.5,0,36,1.5814285714285714,1,5.6020599913279625,0.8,0,multiple sclerosis,0.6076114934226848
0.0,3.332204510175204,0.5,0,24,1.5814285714285714,1,5.6020599913279625,0.64,1,multiple sclerosis,0.5991973533669138
0.0,3.6109179126442243,0.5,0,24,1.5814285714285714,1,5.6020599913279625,0.64,1,multiple sclerosis,0.6033780544039491
0.0,1.791759469228055,0.5,0,24,1.5814285714285714,1,5.6020599913279625,0.64,1,multiple sclerosis,0.5760906777527066
0.0,4.875197323201151,0.5,0,24,1.5814285714285714,1,5.6020599913279625,0.64,1,multiple sclerosis,0.622342245562303
0.0,4.110873864173311,0.5,0,24,1.5814285714285714,1,5.6020599913279625,0.64,1,multiple sclerosis,0.6108773936768854
0.0,3.8066624897703196,0.5,0,24,1.5814285714285714,1,5.6020599913279625,0.64,1,multiple sclerosis,0.6063142230608406
0.0,3.7612001156935624,0.6,0,24,1.5814285714285714,1,5.6020599913279625,0.64,1,multiple sclerosis,0.6256322874496891
0.0,2.833213344056216,0.5,0,24,1.5814285714285714,1,5.6020599913279625,0.64,1,multiple sclerosis,0.591712485875129
0.0,4.110873864173311,0.5,0,24,1.5814285714285714,1,5.6020599913279625,0.64,1,multiple sclerosis,0.6108773936768854
0.0,4.820281565605037,0.6,0,24,1.5814285714285714,1,5.6020599913279625,0.64,1,multiple sclerosis,0.6415185091983612
0.0,2.3978952727983707,0.5,0,24,1.5814285714285714,1,5.6020599913279625,0.64,1,multiple sclerosis,0.5851827148062614
0.0,2.6390573296152584,0.5,0,24,1.5814285714285714,1,5.6020599913279625,0.64,1,multiple sclerosis,0.5888001456585147
4.0,3.295836866004329,1.0,0,36,1.5814285714285714,5,5.6020599913279625,0.8,1,multiple sclerosis,0.8266518387043507
0.0,3.295836866004329,0.5,0,24,1.5814285714285714,1,5.6020599913279625,0.64,1,multiple sclerosis,0.5986518387043507
0.0,5.332718793265369,0.5,0,24,1.5814285714285714,1,5.6020599913279625,0.64,1,multiple sclerosis,0.6292050676132663
0.0,3.828641396489095,0.5,0,24,1.5814285714285714,1,5.6020599913279625,0.64,1,multiple sclerosis,0.6066439066616222
0.0,3.7612001156935624,0.5,0,24,1.5814285714285714,1,5.6020599913279625,0.64,1,multiple sclerosis,0.6056322874496892
0.0,5.69035945432406,0.5,0,24,1.5814285714285714,1,5.6020599913279625,0.64,1,multiple sclerosis,0.6345696775291466
0.0,3.367295829986474,0.5,0,24,1.5814285714285714,1,5.6020599913279625,0.64,1,multiple sclerosis,0.5997237231640828
0.0,4.330733340286331,1.0,0,24,1.5814285714285714,5,5.6020599913279625,0.64,0,multiple sclerosis,0.7941752858185807
1.0,0.0,0.5,0,36,1.5814285714285714,1,5.6020599913279625,0.64,0,multiple sclerosis,0.5492142857142858
2.0,3.2188758248682006,1.0,0,48,1.5814285714285714,5,5.6020599913279625,0.36,1,multiple sclerosis,0.6934974230873088
0.0,5.030437921392435,0.5,0,24,1.5814285714285714,1,5.6020599913279625,0.64,1,multiple sclerosis,0.6246708545351722
0.0,3.58351893845611,0.5,0,24,1.5814285714285714,1,5.6020599913279625,0.64,1,multiple sclerosis,0.6029670697911275
0.0,3.9512437185814275,0.5,0,24,1.5814285714285714,1,5.6020599913279625,0.64,1,multiple sclerosis,0.6084829414930072
1.0,1.0986122886681098,0.5,0,36,1.5814285714285714,1,5.6020599913279625,0.64,0,multiple sclerosis,0.5656934700443074
1.0,0.0,1.0,0,36,1.5814285714285714,5,5.6020599913279625,0.64,0,multiple sclerosis,0.7292142857142857
0.0,4.343805421853684,0.5,0,24,1.5814285714285714,1,5.6020599913279625,0.64,1,multiple sclerosis,0.614371367042091
0.0,3.332204510175204,0.5,0,24,1.5814285714285714,1,5.6020599913279625,0.64,1,multiple sclerosis,0.5991973533669138
0.0,4.110873864173311,0.5,0,24,1.5814285714285714,1,5.6020599913279625,0.64,1,multiple sclerosis,0.6108773936768854
0.0,3.4339872044851463,0.6,0,24,1.5814285714285714,1,5.6020599913279625,0.64,1,multiple sclerosis,0.6207240937815629
4.0,3.2188758248682006,1.0,0,36,1.5814285714285714,5,5.6020599913279625,0.8,0,multiple sclerosis,0.8254974230873088
0.5,2.3978952727983707,0.5,0,24,1.5814285714285714,1,5.6020599913279625,0.64,0,multiple sclerosis,0.5851827148062614
3.0,1.3862943611198906,1.0,0,60,1.5814285714285714,5,5.6020599913279625,0.58,0,multiple sclerosis,0.7320087011310841
0.0,3.091042453358316,0.5,0,24,1.5814285714285714,1,5.6020599913279625,0.64,1,multiple sclerosis,0.5955799225146605
0.0,0.0,0.5,0,24,1.5814285714285714,1,5.6020599913279625,0.64,0,multiple sclerosis,0.5492142857142858
1.0,3.4011973816621555,1.0,0,36,1.5814285714285714,5,5.6020599913279625,0.64,1,multiple sclerosis,0.7802322464392181
0.0,4.2626798770413155,0.5,0,24,1.5814285714285714,1,5.6020599913279625,0.64,1,multiple sclerosis,0.6131544838699055
0.0,5.765191102784844,1.0,0,24,1.5814285714285714,5,5.6020599913279625,0.64,1,multiple sclerosis,0.8156921522560584
0.0,2.0794415416798357,0.5,0,24,1.5814285714285714,1,5.6020599913279625,0.64,1,multiple sclerosis,0.5804059088394833
0.0,3.4339872044851463,0.5,0,24,1.5814285714285714,1,5.6020599913279625,0.64,0,multiple sclerosis,0.600724093781563
2.0,2.1972245773362196,0.5,0,48,1.5814285714285714,1,5.6020599913279625,0.36,0,multiple sclerosis,0.49817265437432906
0.0,6.111467339502679,1.0,0,24,1.5814285714285714,5,5.6020599913279625,0.64,1,multiple sclerosis,0.8208862958068259
0.0,3.828641396489095,0.5,0,24,1.5814285714285714,1,5.6020599913279625,0.64,1,multiple sclerosis,0.6066439066616222
3.0,4.04305126783455,1.0,0,60,1.5814285714285714,5,5.6020599913279625,0.58,0,multiple sclerosis,0.771860054731804
0.0,5.934894195619588,0.5,0,24,1.5814285714285714,1,5.6020599913279625,0.64,1,multiple sclerosis,0.6382376986485796
4.0,5.393627546352362,1.0,0,36,1.5814285714285714,5,5.6020599913279625,0.8,1,multiple sclerosis,0.8581186989095712
1.0,2.70805020110221,1.0,0,36,1.5814285714285714,5,5.6020599913279625,0.64,1,multiple sclerosis,0.7698350387308188
0.0,6.617402977974478,0.6,0,24,1.5814285714285714,1,5.6020599913279625,0.64,1,multiple sclerosis,0.6684753303839028
0.0,3.1354942159291497,0.5,0,24,1.5814285714285714,1,5.6020599913279625,0.64,1,multiple sclerosis,0.596246698953223
0.0,4.430816798843313,0.5,0,24,1.5814285714285714,1,5.6020599913279625,0.64,1,multiple sclerosis,0.6156765376969354
0.0,1.0986122886681098,1.0,0,24,1.5814285714285714,5,5.6020599913279625,0.64,1,multiple sclerosis,0.7456934700443073
0.0,3.9318256327243257,0.5,0,24,1.5814285714285714,1,5.6020599913279625,0.64,1,multiple sclerosis,0.6081916702051506
0.0,5.908082938168931,1.0,0,24,1.5814285714285714,5,5.6020599913279625,0.64,1,multiple sclerosis,0.8178355297868196
0.0,8.380685946761574,1.0,0,24,1.5814285714285714,5,5.6020599913279625,0.64,1,multiple sclerosis,0.8549245749157093
0.0,4.2626798770413155,0.5,0,24,1.5814285714285714,1,5.6020599913279625,0.64,1,multiple sclerosis,0.6131544838699055
0.0,4.1588830833596715,0.5,0,24,1.5814285714285714,1,5.6020599913279625,0.64,1,multiple sclerosis,0.6115975319646808
2.0,2.1972245773362196,1.0,0,48,1.5814285714285714,5,5.6020599913279625,0.36,0,multiple sclerosis,0.678172654374329
0.0,4.418840607796598,0.5,0,24,1.5814285714285714,1,5.6020599913279625,0.64,1,multiple sclerosis,0.6154968948312347
0.0,5.081404364984463,1.0,0,24,1.5814285714285714,5,5.6020599913279625,0.64,0,multiple sclerosis,0.8054353511890526
0.0,4.762173934797756,1.0,0,24,1.5814285714285714,5,5.6020599913279625,0.64,1,multiple sclerosis,0.8006468947362521
4.0,4.1588830833596715,1.0,0,36,1.5814285714285714,5,5.6020599913279625,0.8,1,multiple sclerosis,0.8395975319646808
1.0,1.9459101490553132,1.0,0,36,1.5814285714285714,5,5.6020599913279625,0.64,1,multiple sclerosis,0.7584029379501154
3.0,4.919980925828125,1.0,0,60,1.5814285714285714,5,5.6020599913279625,0.58,1,multiple sclerosis,0.7850139996017076
0.0,4.51085950651685,0.5,0,24,1.5814285714285714,1,5.6020599913279625,0.64,1,multiple sclerosis,0.6168771783120385
0.0,4.290459441148391,0.5,0,24,1.5814285714285714,1,5.6020599913279625,0.64,1,multiple sclerosis,0.6135711773315117
0.0,2.8903717578961645,0.6,0,24,1.5814285714285714,1,5.6020599913279625,0.64,1,multiple sclerosis,0.6125698620827281
4.0,2.833213344056216,0.5,0,36,1.5814285714285714,1,5.6020599913279625,0.8,1,multiple sclerosis,0.639712485875129
0.0,5.017279836814924,0.5,0,24,1.5814285714285714,1,5.6020599913279625,0.64,1,multiple sclerosis,0.6244734832665096
0.0,3.1354942159291497,0.5,0,24,1.5814285714285714,1,5.6020599913279625,0.64,1,multiple sclerosis,0.596246698953223
1.0,3.6375861597263857,1.0,0,36,1.5814285714285714,5,5.6020599913279625,0.64,0,multiple sclerosis,0.7837780781101815
0.0,4.2626798770413155,0.5,0,24,1.5814285714285714,1,5.6020599913279625,0.64,1,multiple sclerosis,0.6131544838699055
0.0,5.14166355650266,0.5,0,24,1.5814285714285714,1,5.6020599913279625,0.64,1,multiple sclerosis,0.6263392390618256
0.0,0.0,1.0,0,24,1.5814285714285714,5,5.6020599913279625,0.64,0,multiple sclerosis,0.7292142857142857
0.0,5.811140992976701,0.5,0,24,1.5814285714285714,1,5.6020599913279625,0.64,1,multiple sclerosis,0.6363814006089363
0.0,1.0986122886681098,0.5,0,24,1.5814285714285714,1,5.6020599913279625,0.64,1,multiple sclerosis,0.5656934700443074
0.0,2.1972245773362196,1.0,0,24,1.5814285714285714,5,5.6020599913279625,0.64,0,multiple sclerosis,0.762172654374329
0.0,4.007333185232471,0.5,0,24,1.5814285714285714,1,5.6020599913279625,0.64,1,multiple sclerosis,0.6093242834927728
0.0,5.472270673671475,0.5,0,24,1.5814285714285714,1,5.6020599913279625,0.64,1,multiple sclerosis,0.631298345819358
0.0,4.672828834461906,0.5,0,24,1.5814285714285714,1,5.6020599913279625,0.64,1,multiple sclerosis,0.6193067182312143
0.0,5.1647859739235145,0.5,0,24,1.5814285714285714,1,5.6020599913279625,0.64,1,multiple sclerosis,0.6266860753231385
0.0,5.081404364984463,0.5,0,24,1.5814285714285714,1,5.6020599913279625,0.64,1,multiple sclerosis,0.6254353511890527
0.0,7.374629015218945,1.0,0,24,1.5814285714285714,5,5.6020599913279625,0.64,0,multiple sclerosis,0.8398337209425699
0.0,3.828641396489095,0.5,0,24,1.5814285714285714,1,5.6020599913279625,0.64,1,multiple sclerosis,0.6066439066616222
4.0,5.2832037287379885,0.5,0,36,1.5814285714285714,1,5.6020599913279625,0.8,1,multiple sclerosis,0.6764623416453556
0.0,7.074963197966044,0.5,0,24,1.5814285714285714,1,5.6020599913279625,0.64,1,multiple sclerosis,0.6553387336837764
0.0,2.833213344056216,0.5,0,24,1.5814285714285714,1,5.6020599913279625,0.64,1,multiple sclerosis,0.591712485875129
0.0,3.4657359027997265,0.5,0,24,1.5814285714285714,1,5.6020599913279625,0.64,1,multiple sclerosis,0.6012003242562817
1.0,4.007333185232471,1.0,0,36,1.5814285714285714,5,5.6020599913279625,0.64,1,multiple sclerosis,0.7893242834927727
0.0,5.817111159963204,1.0,0,24,1.5814285714285714,5,5.6020599913279625,0.64,1,multiple sclerosis,0.8164709531137337
0.0,4.110873864173311,0.5,0,24,1.5814285714285714,1,5.6020599913279625,0.64,1,multiple sclerosis,0.6108773936768854
1.0,4.795790545596741,0.5,0,36,1.5814285714285714,1,5.6020599913279625,0.64,0,multiple sclerosis,0.6211511438982369
0.0,5.081404364984463,1.0,0,24,1.5814285714285714,5,5.6020599913279625,0.64,1,multiple sclerosis,0.8054353511890526
0.0,6.484635235635252,0.5,0,24,1.5814285714285714,1,5.6020599913279625,0.64,1,multiple sclerosis,0.6464838142488145
1.0,3.044522437723423,0.5,0,36,1.5814285714285714,1,5.6020599913279625,0.64,1,multiple sclerosis,0.5948821222801371
2.0,2.8903717578961645,1.0,0,48,1.5814285714285714,5,5.6020599913279625,0.36,1,multiple sclerosis,0.6885698620827282
0.0,4.394449154672439,0.5,0,24,1.5814285714285714,1,5.6020599913279625,0.64,1,multiple sclerosis,0.6151310230343724
0.0,4.394449154672439,0.5,0,24,1.5814285714285714,1,5.6020599913279625,0.64,1,multiple sclerosis,0.6151310230343724
4.0,3.5553480614894135,1.0,0,36,1.5814285714285714,5,5.6020599913279625,0.8,1,multiple sclerosis,0.8305445066366269
0.0,4.51085950651685,0.5,0,24,1.5814285714285714,1,5.6020599913279625,0.64,1,multiple sclerosis,0.6168771783120385
0.0,7.313886831633462,0.5,0,24,1.5814285714285714,1,5.6020599913279625,0.64,1,multiple sclerosis,0.6589225881887877
3.0,4.48863636973214,0.5,0,60,1.5814285714285714,1,5.6020599913279625,0.58,0,multiple sclerosis,0.5985438312602679
3.0,5.820082930352362,1.0,0,60,1.5814285714285714,5,5.6020599913279625,0.58,1,multiple sclerosis,0.7985155296695711
0.0,3.4657359027997265,0.5,0,24,1.5814285714285714,1,5.6020599913279625,0.64,1,multiple sclerosis,0.6012003242562817
0.0,5.707110264748875,0.5,0,24,1.5814285714285714,1,5.6020599913279625,0.64,1,multiple sclerosis,0.6348209396855189
2.0,0.0,0.5,0,48,1.5814285714285714,1,5.6020599913279625,0.36,0,multiple sclerosis,0.46521428571428575
0.0,5.0238805208462765,0.5,0,24,1.5814285714285714,1,5.6020599913279625,0.64,1,multiple sclerosis,0.6245724935269799
0.0,6.825460036255307,0.5,0,24,1.5814285714285714,1,5.6020599913279625,0.64,1,multiple sclerosis,0.6515961862581153
0.0,3.970291913552122,0.5,0,24,1.5814285714285714,1,5.6020599913279625,0.64,1,multiple sclerosis,0.6087686644175676
0.0,3.4965075614664802,0.5,0,24,1.5814285714285714,1,5.6020599913279625,0.64,1,multiple sclerosis,0.601661899136283
0.0,4.110873864173311,0.5,0,24,1.5814285714285714,1,5.6020599913279625,0.64,1,multiple sclerosis,0.6108773936768854
2.0,3.9318256327243257,1.0,0,48,1.5814285714285714,5,5.6020599913279625,0.36,0,multiple sclerosis,0.7041916702051506
2.0,4.962844630259907,0.5,0,48,1.5814285714285714,1,5.6020599913279625,0.36,1,multiple sclerosis,0.5396569551681843
0.0,4.394449154672439,0.5,0,24,1.5814285714285714,1,5.6020599913279625,0.64,1,multiple sclerosis,0.6151310230343724
0.0,4.382026634673881,0.5,0,24,1.5814285714285714,1,5.6020599913279625,0.64,1,multiple sclerosis,0.6149446852343939
0.0,4.174387269895637,1.0,0,24,1.5814285714285714,5,5.6020599913279625,0.64,0,multiple sclerosis,0.7918300947627203
0.0,4.343805421853684,0.5,0,24,1.5814285714285714,1,5.6020599913279625,0.64,1,multiple sclerosis,0.614371367042091
0.0,3.5553480614894135,0.5,0,24,1.5814285714285714,1,5.6020599913279625,0.64,1,multiple sclerosis,0.602544506636627
0.0,2.4849066497880004,0.5,0,24,1.5814285714285714,1,5.6020599913279625,0.64,1,multiple sclerosis,0.5864878854611058
1.0,0.0,0.5,0,36,1.5814285714285714,1,5.6020599913279625,0.64,0,multiple sclerosis,0.5492142857142858
4.0,4.59511985013459,1.0,0,36,1.5814285714285714,5,5.6020599913279625,0.8,1,multiple sclerosis,0.8461410834663046
0.0,4.343805421853684,0.5,0,24,1.5814285714285714,1,5.6020599913279625,0.64,1,multiple sclerosis,0.614371367042091
4.0,0.6931471805599453,0.5,0,36,1.5814285714285714,1,5.6020599913279625,0.8,0,multiple sclerosis,0.6076114934226848
2.0,2.5649493574615367,1.0,0,48,1.5814285714285714,5,5.6020599913279625,0.36,1,multiple sclerosis,0.6836885260762088
1.0,2.4849066497880004,0.5,0,36,1.5814285714285714,1,5.6020599913279625,0.64,1,multiple sclerosis,0.5864878854611058
0.0,4.110873864173311,0.5,0,24,1.5814285714285714,1,5.6020599913279625,0.64,1,multiple sclerosis,0.6108773936768854
0.0,4.110873864173311,0.5,0,24,1.5814285714285714,1,5.6020599913279625,0.64,1,multiple sclerosis,0.6108773936768854
2.0,0.0,1.0,0,48,1.5814285714285714,5,5.6020599913279625,0.36,0,multiple sclerosis,0.6452142857142857
0.0,2.1972245773362196,0.5,0,24,1.5814285714285714,1,5.6020599913279625,0.64,0,multiple sclerosis,0.5821726543743291
0.0,3.2188758248682006,0.5,0,24,1.5814285714285714,1,5.6020599913279625,0.64,1,multiple sclerosis,0.5974974230873088
0.0,4.634728988229636,0.5,0,24,1.5814285714285714,1,5.6020599913279625,0.64,1,multiple sclerosis,0.6187352205377303
0.0,4.04305126783455,0.5,0,24,1.5814285714285714,1,5.6020599913279625,0.64,1,multiple sclerosis,0.609860054731804
0.0,3.828641396489095,0.5,0,24,1.5814285714285714,1,5.6020599913279625,0.64,1,multiple sclerosis,0.6066439066616222
2.0,3.2188758248682006,1.0,0,48,1.5814285714285714,5,5.6020599913279625,0.36,1,multiple sclerosis,0.6934974230873088
0.0,5.170483995038151,0.5,0,24,1.5814285714285714,1,5.6020599913279625,0.64,1,multiple sclerosis,0.626771545639858
0.0,3.912023005428146,0.5,0,24,1.5814285714285714,1,5.6020599913279625,0.64,1,multiple sclerosis,0.6078946307957079
0.0,3.295836866004329,0.5,0,24,1.5814285714285714,1,5.6020599913279625,0.64,0,multiple sclerosis,0.5986518387043507
0.0,4.1588830833596715,0.5,0,24,1.5814285714285714,1,5.6020599913279625,0.64,1,multiple sclerosis,0.6115975319646808
0.0,2.70805020110221,0.5,0,24,1.5814285714285714,1,5.6020599913279625,0.64,1,multiple sclerosis,0.5898350387308189
0.5,3.1780538303479458,0.5,0,24,1.5814285714285714,1,5.6020599913279625,0.64,1,multiple sclerosis,0.596885093169505
3.0,3.091042453358316,1.0,0,60,1.5814285714285714,5,5.6020599913279625,0.58,0,multiple sclerosis,0.7575799225146604
0.0,0.0,0.5,0,24,1.5814285714285714,1,5.6020599913279625,0.64,0,multiple sclerosis,0.5492142857142858
0.0,3.4339872044851463,0.5,0,24,1.5814285714285714,1,5.6020599913279625,0.64,1,multiple sclerosis,0.600724093781563
0.0,3.4339872044851463,0.5,0,24,1.5814285714285714,1,5.6020599913279625,0.64,1,multiple sclerosis,0.600724093781563
4.0,4.2626798770413155,1.0,0,36,1.5814285714285714,5,5.6020599913279625,0.8,1,multiple sclerosis,0.8411544838699054
0.0,3.7612001156935624,0.5,0,24,1.5814285714285714,1,5.6020599913279625,0.64,1,multiple sclerosis,0.6056322874496892
0.0,2.3978952727983707,0.5,0,24,1.5814285714285714,1,5.6020599913279625,0.64,1,multiple sclerosis,0.5851827148062614
2.0,4.465908118654584,1.0,0,48,1.5814285714285714,5,5.6020599913279625,0.36,1,multiple sclerosis,0.7122029074941045
0.0,3.4339872044851463,0.5,0,24,1.5814285714285714,1,5.6020599913279625,0.64,1,multiple sclerosis,0.600724093781563
0.0,5.384495062789089,0.5,0,24,1.5814285714285714,1,5.6020599913279625,0.64,1,multiple sclerosis,0.629981711656122
0.0,3.5553480614894135,0.5,0,24,1.5814285714285714,1,5.6020599913279625,0.64,1,multiple sclerosis,0.602544506636627
2.0,4.110873864173311,0.5,0,48,1.5814285714285714,1,5.6020599913279625,0.36,1,multiple sclerosis,0.5268773936768854
0.0,3.9512437185814275,0.5,0,24,1.5814285714285714,1,5.6020599913279625,0.64,0,multiple sclerosis,0.6084829414930072
0.0,4.23410650459726,0.5,0,24,1.5814285714285714,1,5.6020599913279625,0.64,1,multiple sclerosis,0.6127258832832446
0.0,3.713572066704308,0.5,0,24,1.5814285714285714,1,5.6020599913279625,0.64,1,multiple sclerosis,0.6049178667148504
0.0,4.1588830833596715,0.5,0,24,1.5814285714285714,1,5.6020599913279625,0.64,1,multiple sclerosis,0.6115975319646808
0.0,6.499787040655854,0.5,0,24,1.5814285714285714,1,5.6020599913279625,0.64,1,multiple sclerosis,0.6467110913241236
0.0,4.07753744390572,0.5,0,24,1.5814285714285714,1,5.6020599913279625,0.64,1,multiple sclerosis,0.6103773473728715
0.0,1.791759469228055,0.5,0,24,1.5814285714285714,1,5.6020599913279625,0.64,1,multiple sclerosis,0.5760906777527066
3.0,3.871201010907891,0.5,0,60,1.5814285714285714,1,5.6020599913279625,0.58,0,multiple sclerosis,0.5892823008779041
0.0,3.8918202981106265,0.5,0,24,1.5814285714285714,1,5.6020599913279625,0.64,1,multiple sclerosis,0.6075915901859452
3.0,6.68586094706836,1.0,0,60,1.5814285714285714,5,5.6020599913279625,0.58,0,multiple sclerosis,0.811502199920311
0.0,3.4339872044851463,0.5,0,24,1.5814285714285714,1,5.6020599913279625,0.64,1,multiple sclerosis,0.600724093781563
0.0,3.044522437723423,0.5,0,24,1.5814285714285714,1,5.6020599913279625,0.64,1,multiple sclerosis,0.5948821222801371
0.0,3.713572066704308,0.6,0,24,1.5814285714285714,1,5.6020599913279625,0.64,1,multiple sclerosis,0.6249178667148503
0.0,3.044522437723423,0.5,0,24,1.5814285714285714,1,5.6020599913279625,0.64,1,multiple sclerosis,0.5948821222801371
0.0,9.058470422638056,0.5,0,24,1.5814285714285714,1,5.6020599913279625,0.64,1,multiple sclerosis,0.6850913420538566
0.0,3.4339872044851463,1.0,0,24,1.5814285714285714,5,5.6020599913279625,0.64,1,multiple sclerosis,0.7807240937815629
3.0,3.4339872044851463,0.5,0,60,1.5814285714285714,1,5.6020599913279625,0.58,1,multiple sclerosis,0.582724093781563
0.0,3.784189633918261,0.5,0,24,1.5814285714285714,1,5.6020599913279625,0.64,1,multiple sclerosis,0.6059771302230597
0.0,2.995732273553991,0.5,0,24,1.5814285714285714,1,5.6020599913279625,0.64,1,multiple sclerosis,0.5941502698175957
2.0,5.820082930352362,1.0,0,48,1.5814285714285714,5,5.6020599913279625,0.36,0,multiple sclerosis,0.7325155296695711
0.0,3.9318256327243257,0.5,0,24,1.5814285714285714,1,5.6020599913279625,0.64,1,multiple sclerosis,0.6081916702051506
0.0,3.9318256327243257,0.5,0,24,1.5814285714285714,1,5.6020599913279625,0.64,1,multiple sclerosis,0.6081916702051506
0.0,5.262690188904886,0.5,0,24,1.5814285714285714,1,5.6020599913279625,0.64,1,multiple sclerosis,0.628154638547859
2.0,3.4339872044851463,0.5,0,48,1.5814285714285714,1,5.6020599913279625,0.36,1,multiple sclerosis,0.5167240937815629
0.0,3.4011973816621555,0.5,0,24,1.5814285714285714,1,5.6020599913279625,0.64,1,multiple sclerosis,0.6002322464392181
0.0,5.1298987149230735,1.0,0,24,1.5814285714285714,5,5.6020599913279625,0.64,1,multiple sclerosis,0.8061627664381318
0.0,5.351858133476067,1.0,0,24,1.5814285714285714,5,5.6020599913279625,0.64,1,multiple sclerosis,0.8094921577164267
1.0,2.1972245773362196,1.0,0,36,1.5814285714285714,5,5.6020599913279625,0.64,0,multiple sclerosis,0.762172654374329
1.0,3.970291913552122,1.0,0,36,1.5814285714285714,5,5.6020599913279625,0.64,1,multiple sclerosis,0.7887686644175675
0.0,3.044522437723423,0.5,0,24,1.5814285714285714,1,5.6020599913279625,0.64,1,multiple sclerosis,0.5948821222801371
0.0,13.371421038879342,0.5,0,24,1.5814285714285714,1,5.6020599913279625,0.64,1,multiple sclerosis,0.749785601297476
0.0,4.2626798770413155,0.5,0,24,1.5814285714285714,1,5.6020599913279625,0.64,1,multiple sclerosis,0.6131544838699055
3.0,4.867534450455582,1.0,0,60,1.5814285714285714,5,5.6020599913279625,0.58,1,multiple sclerosis,0.7842273024711194
0.0,3.6109179126442243,0.5,0,24,1.5814285714285714,1,5.6020599913279625,0.64,1,multiple sclerosis,0.6033780544039491
0.0,3.4965075614664802,0.5,0,24,1.5814285714285714,1,5.6020599913279625,0.64,1,multiple sclerosis,0.601661899136283
2.0,4.2626798770413155,0.5,0,48,1.5814285714285714,1,5.6020599913279625,0.36,1,multiple sclerosis,0.5291544838699055
0.0,4.6443908991413725,1.0,0,24,1.5814285714285714,5,5.6020599913279625,0.64,1,multiple sclerosis,0.7988801492014063
0.0,4.68213122712422,1.0,0,24,1.5814285714285714,5,5.6020599913279625,0.64,1,multiple sclerosis,0.799446254121149
4.0,4.605170185988092,1.0,0,36,1.5814285714285714,5,5.6020599913279625,0.8,1,multiple sclerosis,0.8462918385041072
0.0,4.844187086458591,1.0,0,24,1.5814285714285714,5,5.6020599913279625,0.64,1,multiple sclerosis,0.8018770920111645
0.0,4.07753744390572,0.5,0,24,1.5814285714285714,1,5.6020599913279625,0.64,1,multiple sclerosis,0.6103773473728715
0.0,2.995732273553991,0.5,0,24,1.5814285714285714,1,5.6020599913279625,0.64,1,multiple sclerosis,0.5941502698175957
0.0,4.624972813284271,0.5,0,24,1.5814285714285714,1,5.6020599913279625,0.64,1,multiple sclerosis,0.6185888779135498
0.0,4.919980925828125,0.5,0,24,1.5814285714285714,1,5.6020599913279625,0.64,1,multiple sclerosis,0.6230139996017077
0.0,4.23410650459726,0.5,0,24,1.5814285714285714,1,5.6020599913279625,0.64,1,multiple sclerosis,0.6127258832832446
0.0,4.110873864173311,0.5,0,24,1.5814285714285714,1,5.6020599913279625,0.64,1,multiple sclerosis,0.6108773936768854
0.0,4.110873864173311,0.5,0,24,1.5814285714285714,1,5.6020599913279625,0.64,1,multiple sclerosis,0.6108773936768854
1.0,3.8918202981106265,1.0,0,36,1.5814285714285714,5,5.6020599913279625,0.64,1,multiple sclerosis,0.7875915901859452
0.5,2.4849066497880004,0.5,0,24,1.5814285714285714,1,5.6020599913279625,0.64,1,multiple sclerosis,0.5864878854611058
0.0,0.0,0.5,0,24,1.5814285714285714,1,5.6020599913279625,0.64,0,multiple sclerosis,0.5492142857142858
0.0,2.0794415416798357,0.5,0,24,1.5814285714285714,1,5.6020599913279625,0.64,0,multiple sclerosis,0.5804059088394833
0.0,3.713572066704308,0.5,0,24,1.5814285714285714,1,5.6020599913279625,0.64,1,multiple sclerosis,0.6049178667148504
0.0,7.098375638590786,0.5,0,24,1.5814285714285714,1,5.6020599913279625,0.64,1,multiple sclerosis,0.6556899202931475
3.0,5.4680601411351315,1.0,0,60,1.5814285714285714,5,5.6020599913279625,0.58,1,multiple sclerosis,0.7932351878313126
0.0,5.707110264748875,1.0,0,24,1.5814285714285714,5,5.6020599913279625,0.64,0,multiple sclerosis,0.8148209396855188
0.0,3.2188758248682006,0.5,0,24,1.5814285714285714,1,5.6020599913279625,0.64,1,multiple sclerosis,0.5974974230873088
0.0,2.9444389791664403,0.5,0,24,1.5814285714285714,1,5.6020599913279625,0.64,1,multiple sclerosis,0.5933808704017823
0.0,5.442417710521793,0.5,0,24,1.5814285714285714,1,5.6020599913279625,0.64,1,multiple sclerosis,0.6308505513721127
0.0,2.9444389791664403,0.5,0,24,1.5814285714285714,1,5.6020599913279625,0.64,1,multiple sclerosis,0.5933808704017823
0.0,3.1354942159291497,0.5,0,24,1.5814285714285714,1,5.6020599913279625,0.64,1,multiple sclerosis,0.596246698953223
2.0,4.248495242049359,1.0,0,48,1.5814285714285714,5,5.6020599913279625,0.36,1,multiple sclerosis,0.7089417143450262
0.0,4.553876891600541,0.5,0,24,1.5814285714285714,1,5.6020599913279625,0.64,1,multiple sclerosis,0.6175224390882939
0.0,3.9889840465642745,0.5,0,24,1.5814285714285714,1,5.6020599913279625,0.64,1,multiple sclerosis,0.6090490464127499
0.0,4.127134385045092,1.0,0,24,1.5814285714285714,5,5.6020599913279625,0.64,1,multiple sclerosis,0.7911213014899621
0.0,4.74493212836325,1.0,0,24,1.5814285714285714,5,5.6020599913279625,0.64,1,multiple sclerosis,0.8003882676397345
0.0,3.295836866004329,0.5,0,24,1.5814285714285714,1,5.6020599913279625,0.64,1,multiple sclerosis,0.5986518387043507
0.0,3.1354942159291497,0.5,0,24,1.5814285714285714,1,5.6020599913279625,0.64,1,multiple sclerosis,0.596246698953223
4.0,1.3862943611198906,0.5,0,36,1.5814285714285714,1,5.6020599913279625,0.8,0,multiple sclerosis,0.6180087011310841
0.0,5.017279836814924,0.5,0,24,1.5814285714285714,1,5.6020599913279625,0.64,1,multiple sclerosis,0.6244734832665096
2.0,4.127134385045092,1.0,0,48,1.5814285714285714,5,5.6020599913279625,0.36,1,multiple sclerosis,0.7071213014899621
0.0,3.367295829986474,0.5,0,24,1.5814285714285714,1,5.6020599913279625,0.64,1,multiple sclerosis,0.5997237231640828
0.0,2.772588722239781,0.5,0,24,1.5814285714285714,1,5.6020599913279625,0.64,1,multiple sclerosis,0.5908031165478824
2.0,5.1647859739235145,1.0,0,48,1.5814285714285714,5,5.6020599913279625,0.36,0,multiple sclerosis,0.7226860753231384
0.0,4.51085950651685,0.5,0,24,1.5814285714285714,1,5.6020599913279625,0.64,1,multiple sclerosis,0.6168771783120385
0.0,4.02535169073515,0.5,0,24,1.5814285714285714,1,5.6020599913279625,0.64,1,multiple sclerosis,0.609594561075313
0.0,5.730099782973574,1.0,0,24,1.5814285714285714,5,5.6020599913279625,0.64,1,multiple sclerosis,0.8151657824588894
0.0,3.6635616461296463,1.0,0,24,1.5814285714285714,5,5.6020599913279625,0.64,1,multiple sclerosis,0.7841677104062303
0.0,5.7899601708972535,1.0,0,24,1.5814285714285714,5,5.6020599913279625,0.64,1,multiple sclerosis,0.8160636882777446
0.0,4.90527477843843,1.0,0,24,1.5814285714285714,5,5.6020599913279625,0.64,1,multiple sclerosis,0.8027934073908621
1.0,4.2626798770413155,1.0,0,36,1.5814285714285714,5,5.6020599913279625,0.64,1,multiple sclerosis,0.7931544838699054
2.0,5.087596335232384,0.5,0,48,1.5814285714285714,1,5.6020599913279625,0.36,1,multiple sclerosis,0.5415282307427715
4.0,5.198497031265826,1.0,0,36,1.5814285714285714,5,5.6020599913279625,0.8,1,multiple sclerosis,0.8551917411832731
3.0,5.313205979041787,1.0,0,60,1.5814285714285714,5,5.6020599913279625,0.58,0,multiple sclerosis,0.7909123753999125
0.0,3.5553480614894135,0.5,0,24,1.5814285714285714,1,5.6020599913279625,0.64,1,multiple sclerosis,0.602544506636627
0.0,1.9459101490553132,0.5,0,24,1.5814285714285714,1,5.6020599913279625,0.64,1,multiple sclerosis,0.5784029379501154
3.0,3.8066624897703196,1.0,0,60,1.5814285714285714,5,5.6020599913279625,0.58,1,multiple sclerosis,0.7683142230608405
0.0,3.8918202981106265,0.5,0,24,1.5814285714285714,1,5.6020599913279625,0.64,1,multiple sclerosis,0.6075915901859452
2.0,3.7376696182833684,1.0,0,48,1.5814285714285714,5,5.6020599913279625,0.36,1,multiple sclerosis,0.7012793299885363
0.0,3.1780538303479458,0.5,0,24,1.5814285714285714,1,5.6020599913279625,0.64,1,multiple sclerosis,0.596885093169505
0.0,3.4339872044851463,0.5,0,24,1.5814285714285714,1,5.6020599913279625,0.64,1,multiple sclerosis,0.600724093781563
0.0,3.8918202981106265,0.5,0,24,1.5814285714285714,1,5.6020599913279625,0.64,1,multiple sclerosis,0.6075915901859452
0.0,4.624972813284271,0.5,0,24,1.5814285714285714,1,5.6020599913279625,0.64,1,multiple sclerosis,0.6185888779135498
2.0,0.0,0.5,0,48,1.5814285714285714,1,5.6020599913279625,0.36,0,multiple sclerosis,0.46521428571428575
0.0,3.295836866004329,0.5,0,24,1.5814285714285714,1,5.6020599913279625,0.64,1,multiple sclerosis,0.5986518387043507
0.0,4.330733340286331,0.5,0,24,1.5814285714285714,1,5.6020599913279625,0.64,1,multiple sclerosis,0.6141752858185807
0.0,2.1972245773362196,0.5,0,24,1.5814285714285714,1,5.6020599913279625,0.64,1,multiple sclerosis,0.5821726543743291
0.0,3.9318256327243257,0.5,0,24,1.5814285714285714,1,5.6020599913279625,0.64,1,multiple sclerosis,0.6081916702051506
0.0,2.4849066497880004,1.0,0,24,1.5814285714285714,5,5.6020599913279625,0.64,1,multiple sclerosis,0.7664878854611057
0.0,3.4339872044851463,0.5,0,24,1.5814285714285714,1,5.6020599913279625,0.64,1,multiple sclerosis,0.600724093781563
0.0,4.23410650459726,0.5,0,24,1.5814285714285714,1,5.6020599913279625,0.64,1,multiple sclerosis,0.6127258832832446
0.0,3.784189633918261,1.0,0,24,1.5814285714285714,5,5.6020599913279625,0.64,1,multiple sclerosis,0.7859771302230596
0.0,3.5553480614894135,0.5,0,24,1.5814285714285714,1,5.6020599913279625,0.64,1,multiple sclerosis,0.602544506636627
0.0,3.044522437723423,0.5,0,24,1.5814285714285714,1,5.6020599913279625,0.64,1,multiple sclerosis,0.5948821222801371
2.0,2.0794415416798357,0.8,0,48,1.5814285714285714,3,5.6020599913279625,0.36,0,multiple sclerosis,0.5964059088394832
0.0,2.772588722239781,0.5,0,24,1.5814285714285714,1,5.6020599913279625,0.64,1,multiple sclerosis,0.5908031165478824
0.0,4.110873864173311,0.5,0,24,1.5814285714285714,1,5.6020599913279625,0.64,1,multiple sclerosis,0.6108773936768854
0.0,4.844187086458591,0.5,0,24,1.5814285714285714,1,5.6020599913279625,0.64,1,multiple sclerosis,0.6218770920111646
0.0,2.3978952727983707,0.5,0,24,1.5814285714285714,1,5.6020599913279625,0.64,1,multiple sclerosis,0.5851827148062614
0.0,1.0986122886681098,0.5,0,24,1.5814285714285714,1,5.6020599913279625,0.64,1,multiple sclerosis,0.5656934700443074
1.0,2.0794415416798357,0.5,0,36,1.5814285714285714,1,5.6020599913279625,0.64,1,multiple sclerosis,0.5804059088394833
0.0,3.044522437723423,0.5,0,24,1.5814285714285714,1,5.6020599913279625,0.64,0,multiple sclerosis,0.5948821222801371
2.0,0.0,0.5,0,48,1.5814285714285714,1,5.6020599913279625,0.36,0,multiple sclerosis,0.46521428571428575
0.5,3.258096538021482,0.5,0,24,1.5814285714285714,1,5.6020599913279625,0.64,1,multiple sclerosis,0.5980857337846079
0.0,3.7376696182833684,0.5,0,24,1.5814285714285714,1,5.6020599913279625,0.64,1,multiple sclerosis,0.6052793299885363
2.0,3.970291913552122,0.5,0,48,1.5814285714285714,1,5.6020599913279625,0.36,1,multiple sclerosis,0.5247686644175675
0.0,3.295836866004329,0.5,0,24,1.5814285714285714,1,5.6020599913279625,0.64,1,multiple sclerosis,0.5986518387043507
0.0,4.30406509320417,0.5,0,24,1.5814285714285714,1,5.6020599913279625,0.64,1,multiple sclerosis,0.6137752621123483
0.0,3.091042453358316,0.5,0,24,1.5814285714285714,1,5.6020599913279625,0.64,1,multiple sclerosis,0.5955799225146605
3.0,4.770684624465665,1.0,0,60,1.5814285714285714,5,5.6020599913279625,0.58,0,multiple sclerosis,0.7827745550812707
3.0,3.784189633918261,1.0,0,60,1.5814285714285714,5,5.6020599913279625,0.58,1,multiple sclerosis,0.7679771302230596
0.0,5.351858133476067,1.0,0,24,1.5814285714285714,5,5.6020599913279625,0.64,1,multiple sclerosis,0.8094921577164267
1.0,2.772588722239781,0.6,0,36,1.5814285714285714,1,5.6020599913279625,0.64,1,multiple sclerosis,0.6108031165478824
0.0,3.9512437185814275,0.5,0,24,1.5814285714285714,1,5.6020599913279625,0.64,1,multiple sclerosis,0.6084829414930072
2.0,5.209486152841421,1.0,0,48,1.5814285714285714,5,5.6020599913279625,0.36,1,multiple sclerosis,0.7233565780069071
4.0,0.6931471805599453,1.0,0,36,1.5814285714285714,5,5.6020599913279625,0.8,0,multiple sclerosis,0.7876114934226849
0.0,2.3978952727983707,0.5,0,24,1.5814285714285714,1,5.6020599913279625,0.64,1,multiple sclerosis,0.5851827148062614
0.0,5.786897381366708,0.6,0,24,1.5814285714285714,1,5.6020599913279625,0.64,1,multiple sclerosis,0.6560177464347863
0.0,5.91350300563827,0.5,0,24,1.5814285714285714,1,5.6020599913279625,0.64,1,multiple sclerosis,0.6379168307988599
0.0,3.6888794541139363,1.0,0,24,1.5814285714285714,5,5.6020599913279625,0.64,1,multiple sclerosis,0.7845474775259947
0.0,4.110873864173311,0.5,0,24,1.5814285714285714,1,5.6020599913279625,0.64,1,multiple sclerosis,0.6108773936768854
0.0,2.833213344056216,0.5,0,24,1.5814285714285714,1,5.6020599913279625,0.64,1,multiple sclerosis,0.591712485875129
0.0,2.833213344056216,0.5,0,24,1.5814285714285714,1,5.6020599913279625,0.64,1,multiple sclerosis,0.591712485875129
0.0,3.713572066704308,0.5,0,24,1.5814285714285714,1,5.6020599913279625,0.64,1,multiple sclerosis,0.6049178667148504
0.0,3.7376696182833684,0.5,0,24,1.5814285714285714,1,5.6020599913279625,0.64,1,multiple sclerosis,0.6052793299885363
0.0,4.61512051684126,0.5,0,24,1.5814285714285714,1,5.6020599913279625,0.64,1,multiple sclerosis,0.6184410934669047
0.0,6.186208623900494,0.5,0,24,1.5814285714285714,1,5.6020599913279625,0.64,1,multiple sclerosis,0.6420074150727931
0.0,3.4011973816621555,0.5,0,24,1.5814285714285714,1,5.6020599913279625,0.64,1,multiple sclerosis,0.6002322464392181
0.0,5.272999558563747,1.0,0,24,1.5814285714285714,5,5.6020599913279625,0.64,1,multiple sclerosis,0.8083092790927419
0.0,3.091042453358316,0.5,0,24,1.5814285714285714,1,5.6020599913279625,0.64,1,multiple sclerosis,0.5955799225146605
0.0,3.5553480614894135,0.5,0,24,1.5814285714285714,1,5.6020599913279625,0.64,1,multiple sclerosis,0.602544506636627
0.0,3.091042453358316,0.5,0,24,1.5814285714285714,1,5.6020599913279625,0.64,1,multiple sclerosis,0.5955799225146605
0.0,3.9889840465642745,0.5,0,24,1.5814285714285714,1,5.6020599913279625,0.64,1,multiple sclerosis,0.6090490464127499
4.0,4.110873864173311,1.0,0,36,1.5814285714285714,5,5.6020599913279625,0.8,1,multiple sclerosis,0.8388773936768854
0.0,3.1780538303479458,0.5,0,24,1.5814285714285714,1,5.6020599913279625,0.64,0,multiple sclerosis,0.596885093169505
0.0,4.51085950651685,0.5,0,24,1.5814285714285714,1,5.6020599913279625,0.64,1,multiple sclerosis,0.6168771783120385
0.0,4.927253685157205,1.0,0,24,1.5814285714285714,5,5.6020599913279625,0.64,1,multiple sclerosis,0.8031230909916438
0.0,5.8916442118257715,0.5,0,24,1.5814285714285714,1,5.6020599913279625,0.64,1,multiple sclerosis,0.6375889488916724
0.0,2.772588722239781,0.5,0,24,1.5814285714285714,1,5.6020599913279625,0.64,1,multiple sclerosis,0.5908031165478824
0.0,4.51085950651685,0.5,0,24,1.5814285714285714,1,5.6020599913279625,0.64,1,multiple sclerosis,0.6168771783120385
0.0,3.713572066704308,0.5,0,24,1.5814285714285714,1,5.6020599913279625,0.64,1,multiple sclerosis,0.6049178667148504
0.0,3.713572066704308,0.5,0,24,1.5814285714285714,1,5.6020599913279625,0.64,1,multiple sclerosis,0.6049178667148504
0.0,3.4339872044851463,0.5,0,24,1.5814285714285714,1,5.6020599913279625,0.64,1,multiple sclerosis,0.600724093781563
0.0,3.044522437723423,0.5,0,24,1.5814285714285714,1,5.6020599913279625,0.64,1,multiple sclerosis,0.5948821222801371
0.0,4.290459441148391,1.0,0,24,1.5814285714285714,5,5.6020599913279625,0.64,1,multiple sclerosis,0.7935711773315116
0.0,1.791759469228055,1.0,0,24,1.5814285714285714,5,5.6020599913279625,0.64,1,multiple sclerosis,0.7560906777527066
0.0,3.295836866004329,0.5,0,24,1.5814285714285714,1,5.6020599913279625,0.64,1,multiple sclerosis,0.5986518387043507
0.0,3.258096538021482,1.0,0,24,1.5814285714285714,5,5.6020599913279625,0.64,0,multiple sclerosis,0.7780857337846079
0.0,3.7376696182833684,0.5,0,24,1.5814285714285714,1,5.6020599913279625,0.64,1,multiple sclerosis,0.6052793299885363
0.0,4.110873864173311,0.5,0,24,1.5814285714285714,1,5.6020599913279625,0.64,1,multiple sclerosis,0.6108773936768854
0.0,3.8066624897703196,0.5,0,24,1.5814285714285714,1,5.6020599913279625,0.64,1,multiple sclerosis,0.6063142230608406
0.0,8.197814032221203,1.0,0,24,1.5814285714285714,5,5.6020599913279625,0.64,1,multiple sclerosis,0.8521814961976037
0.0,3.713572066704308,1.0,0,24,1.5814285714285714,5,5.6020599913279625,0.64,0,multiple sclerosis,0.7849178667148503
0.0,4.844187086458591,0.5,0,24,1.5814285714285714,1,5.6020599913279625,0.64,1,multiple sclerosis,0.6218770920111646
2.0,4.852030263919617,1.0,0,48,1.5814285714285714,5,5.6020599913279625,0.36,1,multiple sclerosis,0.71799473967308
0.0,0.0,0.5,0,24,1.5814285714285714,1,5.6020599913279625,0.64,0,multiple sclerosis,0.5492142857142858
2.0,5.521460917862246,0.5,0,48,1.5814285714285714,1,5.6020599913279625,0.36,1,multiple sclerosis,0.5480361994822195
0.0,5.081404364984463,0.5,0,24,1.5814285714285714,1,5.6020599913279625,0.64,1,multiple sclerosis,0.6254353511890527
1.0,4.48863636973214,1.0,0,36,1.5814285714285714,5,5.6020599913279625,0.64,1,multiple sclerosis,0.7965438312602678
0.0,4.204692619390966,0.5,0,24,1.5814285714285714,1,5.6020599913279625,0.64,1,multiple sclerosis,0.6122846750051503
0.0,4.736198448394496,1.0,0,24,1.5814285714285714,5,5.6020599913279625,0.64,1,multiple sclerosis,0.8002572624402031
0.0,0.0,0.5,0,24,1.5814285714285714,1,5.6020599913279625,0.64,0,multiple sclerosis,0.5492142857142858
0.0,3.044522437723423,0.5,0,24,1.5814285714285714,1,5.6020599913279625,0.64,0,multiple sclerosis,0.5948821222801371
0.0,3.4339872044851463,0.5,0,24,1.5814285714285714,1,5.6020599913279625,0.64,1,multiple sclerosis,0.600724093781563
0.0,0.0,0.5,0,24,1.5814285714285714,1,5.6020599913279625,0.64,0,multiple sclerosis,0.5492142857142858
0.0,3.044522437723423,0.5,0,24,1.5814285714285714,1,5.6020599913279625,0.64,1,multiple sclerosis,0.5948821222801371
0.0,1.0986122886681098,0.5,0,24,1.5814285714285714,1,5.6020599913279625,0.64,0,multiple sclerosis,0.5656934700443074
0.0,5.049856007249537,1.0,0,24,1.5814285714285714,5,5.6020599913279625,0.64,1,multiple sclerosis,0.8049621258230287
0.0,2.9444389791664403,0.5,0,24,1.5814285714285714,1,5.6020599913279625,0.64,1,multiple sclerosis,0.5933808704017823
0.0,0.0,1.0,0,24,1.5814285714285714,5,5.6020599913279625,0.64,0,multiple sclerosis,0.7292142857142857
0.0,6.597145701886651,0.5,0,24,1.5814285714285714,1,5.6020599913279625,0.64,1,multiple sclerosis,0.6481714712425856
0.0,4.61512051684126,0.5,0,24,1.5814285714285714,1,5.6020599913279625,0.64,1,multiple sclerosis,0.6184410934669047
0.0,4.653960350157523,1.0,0,24,1.5814285714285714,5,5.6020599913279625,0.64,1,multiple sclerosis,0.7990236909666486
1.0,4.04305126783455,1.0,0,36,1.5814285714285714,5,5.6020599913279625,0.64,1,multiple sclerosis,0.789860054731804
0.0,4.709530201312334,0.5,0,24,1.5814285714285714,1,5.6020599913279625,0.64,1,multiple sclerosis,0.6198572387339708
0.0,3.713572066704308,0.5,0,24,1.5814285714285714,1,5.6020599913279625,0.64,1,multiple sclerosis,0.6049178667148504
0.0,3.2188758248682006,0.5,0,24,1.5814285714285714,1,5.6020599913279625,0.64,1,multiple sclerosis,0.5974974230873088
0.0,3.367295829986474,0.5,0,24,1.5814285714285714,1,5.6020599913279625,0.64,1,multiple sclerosis,0.5997237231640828
0.0,5.91350300563827,0.5,0,24,1.5814285714285714,1,5.6020599913279625,0.64,1,multiple sclerosis,0.6379168307988599
0.0,4.060443010546419,0.5,0,24,1.5814285714285714,1,5.6020599913279625,0.64,1,multiple sclerosis,0.6101209308724821
0.0,3.1354942159291497,0.5,0,24,1.5814285714285714,1,5.6020599913279625,0.64,1,multiple sclerosis,0.596246698953223
0.0,4.61512051684126,0.5,0,24,1.5814285714285714,1,5.6020599913279625,0.64,1,multiple sclerosis,0.6184410934669047
0.0,4.219507705176107,0.5,0,24,1.5814285714285714,1,5.6020599913279625,0.64,1,multiple sclerosis,0.6125069012919273
0.0,3.713572066704308,0.5,0,24,1.5814285714285714,1,5.6020599913279625,0.64,1,multiple sclerosis,0.6049178667148504
0.0,6.597145701886651,0.5,0,24,1.5814285714285714,1,5.6020599913279625,0.64,1,multiple sclerosis,0.6481714712425856
0.0,2.302585092994046,0.5,0,24,1.5814285714285714,1,5.6020599913279625,0.64,1,multiple sclerosis,0.5837530621091964
0.0,3.4339872044851463,0.5,0,24,1.5814285714285714,1,5.6020599913279625,0.64,1,multiple sclerosis,0.600724093781563
0.0,4.564348191467836,0.5,0,24,1.5814285714285714,1,5.6020599913279625,0.64,1,multiple sclerosis,0.6176795085863033
0.0,3.5553480614894135,1.0,0,24,1.5814285714285714,5,5.6020599913279625,0.64,0,multiple sclerosis,0.7825445066366269
0.5,3.091042453358316,0.5,0,24,1.5814285714285714,1,5.6020599913279625,0.64,1,multiple sclerosis,0.5955799225146605
0.0,0.0,0.5,0,24,1.5814285714285714,1,5.6020599913279625,0.64,0,multiple sclerosis,0.5492142857142858
0.0,2.0794415416798357,0.5,0,24,1.5814285714285714,1,5.6020599913279625,0.64,1,multiple sclerosis,0.5804059088394833
0.0,3.713572066704308,0.5,0,24,1.5814285714285714,1,5.6020599913279625,0.64,1,multiple sclerosis,0.6049178667148504
2.0,5.739792912179234,0.5,0,48,1.5814285714285714,1,5.6020599913279625,0.36,1,multiple sclerosis,0.5513111793969743
4.0,3.4339872044851463,0.5,0,36,1.5814285714285714,1,5.6020599913279625,0.8,0,multiple sclerosis,0.6487240937815629
2.0,3.2188758248682006,1.0,0,48,1.5814285714285714,5,5.6020599913279625,0.36,1,multiple sclerosis,0.6934974230873088
0.0,3.044522437723423,0.5,0,24,1.5814285714285714,1,5.6020599913279625,0.64,1,multiple sclerosis,0.5948821222801371
0.0,3.258096538021482,0.5,0,24,1.5814285714285714,1,5.6020599913279625,0.64,1,multiple sclerosis,0.5980857337846079
0.0,2.772588722239781,0.5,0,24,1.5814285714285714,1,5.6020599913279625,0.64,1,multiple sclerosis,0.5908031165478824
0.0,1.791759469228055,0.5,0,24,1.5814285714285714,1,5.6020599913279625,0.64,1,multiple sclerosis,0.5760906777527066
0.0,4.110873864173311,0.5,0,24,1.5814285714285714,1,5.6020599913279625,0.64,1,multiple sclerosis,0.6108773936768854
1.0,3.4965075614664802,1.0,0,36,1.5814285714285714,5,5.6020599913279625,0.64,1,multiple sclerosis,0.7816618991362829
0.0,3.7376696182833684,0.5,0,24,1.5814285714285714,1,5.6020599913279625,0.64,1,multiple sclerosis,0.6052793299885363
4.0,0.0,1.0,0,36,1.5814285714285714,5,5.6020599913279625,0.8,0,multiple sclerosis,0.7772142857142857
0.0,4.1588830833596715,0.5,0,24,1.5814285714285714,1,5.6020599913279625,0.64,1,multiple sclerosis,0.6115975319646808
4.0,4.382026634673881,1.0,0,36,1.5814285714285714,5,5.6020599913279625,0.8,1,multiple sclerosis,0.8429446852343939
1.0,4.290459441148391,1.0,0,36,1.5814285714285714,5,5.6020599913279625,0.64,1,multiple sclerosis,0.7935711773315116
1.0,2.772588722239781,1.0,0,36,1.5814285714285714,5,5.6020599913279625,0.64,1,multiple sclerosis,0.7708031165478824
0.0,3.4011973816621555,0.5,0,24,1.5814285714285714,1,5.6020599913279625,0.64,1,multiple sclerosis,0.6002322464392181
1.0,4.04305126783455,1.0,0,36,1.5814285714285714,5,5.6020599913279625,0.64,1,multiple sclerosis,0.789860054731804
0.0,6.659293919683638,1.0,0,24,1.5814285714285714,5,5.6020599913279625,0.64,1,multiple sclerosis,0.8291036945095402
0.0,4.564348191467836,0.5,0,24,1.5814285714285714,1,5.6020599913279625,0.64,1,multiple sclerosis,0.6176795085863033
0.0,4.394449154672439,0.5,0,24,1.5814285714285714,1,5.6020599913279625,0.64,1,multiple sclerosis,0.6151310230343724
0.0,3.9512437185814275,0.5,0,24,1.5814285714285714,1,5.6020599913279625,0.64,1,multiple sclerosis,0.6084829414930072
0.0,4.110873864173311,0.5,0,24,1.5814285714285714,1,5.6020599913279625,0.64,1,multiple sclerosis,0.6108773936768854
0.0,3.7612001156935624,0.5,0,24,1.5814285714285714,1,5.6020599913279625,0.64,1,multiple sclerosis,0.6056322874496892
0.0,4.110873864173311,0.5,0,24,1.5814285714285714,1,5.6020599913279625,0.64,1,multiple sclerosis,0.6108773936768854
0.0,4.04305126783455,0.5,0,24,1.5814285714285714,1,5.6020599913279625,0.64,1,multiple sclerosis,0.609860054731804
0.0,3.8066624897703196,1.0,0,24,1.5814285714285714,5,5.6020599913279625,0.64,1,multiple sclerosis,0.7863142230608405
0.0,3.4011973816621555,0.5,0,24,1.5814285714285714,1,5.6020599913279625,0.64,1,multiple sclerosis,0.6002322464392181
0.0,1.9459101490553132,0.5,0,24,1.5814285714285714,1,5.6020599913279625,0.64,1,multiple sclerosis,0.5784029379501154
0.0,6.154858094016418,1.0,0,24,1.5814285714285714,5,5.6020599913279625,0.64,1,multiple sclerosis,0.821537157124532
0.0,4.110873864173311,0.5,0,24,1.5814285714285714,1,5.6020599913279625,0.64,1,multiple sclerosis,0.6108773936768854
0.0,3.2188758248682006,0.5,0,24,1.5814285714285714,1,5.6020599913279625,0.64,1,multiple sclerosis,0.5974974230873088
0.0,4.110873864173311,1.0,0,24,1.5814285714285714,5,5.6020599913279625,0.64,1,multiple sclerosis,0.7908773936768854
0.0,4.110873864173311,0.5,0,24,1.5814285714285714,1,5.6020599913279625,0.64,1,multiple sclerosis,0.6108773936768854
0.0,4.795790545596741,1.0,0,24,1.5814285714285714,5,5.6020599913279625,0.64,1,multiple sclerosis,0.8011511438982368
0.0,6.163314804034641,1.0,0,24,1.5814285714285714,5,5.6020599913279625,0.64,1,multiple sclerosis,0.8216640077748053
0.0,5.062595033026967,1.0,0,24,1.5814285714285714,5,5.6020599913279625,0.64,1,multiple sclerosis,0.8051532112096902
0.0,0.0,0.5,0,24,1.5814285714285714,1,5.6020599913279625,0.64,0,multiple sclerosis,0.5492142857142858
0.0,3.4339872044851463,0.5,0,24,1.5814285714285714,1,5.6020599913279625,0.64,1,multiple sclerosis,0.600724093781563
0.0,3.4965075614664802,0.5,0,24,1.5814285714285714,1,5.6020599913279625,0.64,1,multiple sclerosis,0.601661899136283
0.0,2.772588722239781,0.5,0,24,1.5814285714285714,1,5.6020599913279625,0.64,1,multiple sclerosis,0.5908031165478824
0.0,3.4339872044851463,0.5,0,24,1.5814285714285714,1,5.6020599913279625,0.64,1,multiple sclerosis,0.600724093781563
0.0,4.564348191467836,0.5,0,24,1.5814285714285714,1,5.6020599913279625,0.64,1,multiple sclerosis,0.6176795085863033
0.0,5.707110264748875,1.0,0,24,1.5814285714285714,5,5.6020599913279625,0.64,1,multiple sclerosis,0.8148209396855188
0.0,5.056245805348308,0.5,0,24,1.5814285714285714,1,5.6020599913279625,0.64,1,multiple sclerosis,0.6250579727945104
2.0,4.574710978503383,0.5,0,48,1.5814285714285714,1,5.6020599913279625,0.36,0,multiple sclerosis,0.5338349503918365
0.0,1.0986122886681098,0.5,0,24,1.5814285714285714,1,5.6020599913279625,0.64,1,multiple sclerosis,0.5656934700443074
1.0,1.791759469228055,1.0,0,36,1.5814285714285714,5,5.6020599913279625,0.64,0,multiple sclerosis,0.7560906777527066
0.0,3.912023005428146,0.5,0,24,1.5814285714285714,1,5.6020599913279625,0.64,1,multiple sclerosis,0.6078946307957079
0.0,7.7102051944325325,0.5,0,24,1.5814285714285714,1,5.6020599913279625,0.64,1,multiple sclerosis,0.6648673636307737
0.0,1.9459101490553132,0.5,0,24,1.5814285714285714,1,5.6020599913279625,0.64,1,multiple sclerosis,0.5784029379501154
0.0,2.833213344056216,0.5,0,24,1.5814285714285714,1,5.6020599913279625,0.64,1,multiple sclerosis,0.591712485875129
1.0,4.499809670330265,1.0,0,36,1.5814285714285714,5,5.6020599913279625,0.64,1,multiple sclerosis,0.7967114307692397
2.0,4.110873864173311,0.5,0,48,1.5814285714285714,1,5.6020599913279625,0.36,1,multiple sclerosis,0.5268773936768854
0.0,4.919980925828125,0.5,0,24,1.5814285714285714,1,5.6020599913279625,0.64,1,multiple sclerosis,0.6230139996017077
0.0,3.828641396489095,0.5,0,24,1.5814285714285714,1,5.6020599913279625,0.64,1,multiple sclerosis,0.6066439066616222
1.0,3.044522437723423,0.5,0,36,0.785,1,5.698970004336019,0.64,1,crohn's disease,0.4754178365658514
1.0,2.6390573296152584,1.0,0,36,0.785,5,5.698970004336019,0.64,1,crohn's disease,0.6493358599442289
2.0,5.198497031265826,1.0,0,48,0.785,5,5.698970004336019,0.36,1,crohn's disease,0.6037274554689874
0.0,5.420534999272286,0.6,0,24,0.785,1,5.698970004336019,0.64,1,crohn's disease,0.5310580249890843
0.0,4.6443908991413725,0.5,0,24,0.785,1,5.698970004336019,0.64,0,crohn's disease,0.49941586348712064
2.0,5.541263545158426,1.0,0,48,0.785,5,5.698970004336019,0.36,1,crohn's disease,0.6088689531773764
0.0,4.465908118654584,0.6,0,24,0.785,1,5.698970004336019,0.64,1,crohn's disease,0.5167386217798188
2.0,3.9318256327243257,1.0,0,48,0.785,5,5.698970004336019,0.36,1,crohn's disease,0.5847273844908649
1.0,2.302585092994046,0.5,0,36,0.785,1,5.698970004336019,0.64,0,crohn's disease,0.4642887763949108
0.0,5.075173815233827,0.5,0,24,0.785,1,5.698970004336019,0.64,1,crohn's disease,0.5058776072285075
2.0,3.713572066704308,1.0,0,48,0.785,5,5.698970004336019,0.36,1,crohn's disease,0.5814535810005647
0.0,3.295836866004329,1.0,0,24,0.785,5,5.698970004336019,0.64,1,crohn's disease,0.6591875529900649
0.0,3.6375861597263857,1.0,0,24,0.785,5,5.698970004336019,0.64,1,crohn's disease,0.6643137923958958
1.0,1.3862943611198906,0.5,0,36,0.785,1,5.698970004336019,0.64,0,crohn's disease,0.45054441541679846
1.0,3.2188758248682006,1.0,0,36,0.785,5,5.698970004336019,0.64,1,crohn's disease,0.658033137373023
1.0,3.4339872044851463,1.0,0,36,0.785,5,5.698970004336019,0.64,1,crohn's disease,0.6612598080672772
0.0,3.4011973816621555,0.5,0,24,0.785,1,5.698970004336019,0.64,1,crohn's disease,0.4807679607249324
0.0,4.02535169073515,0.5,0,24,0.785,1,5.698970004336019,0.64,0,crohn's disease,0.4901302753610273
0.0,4.394449154672439,0.5,0,24,0.785,1,5.698970004336019,0.64,1,crohn's disease,0.49566673732008665
3.0,6.411818267709897,1.0,0,60,0.785,5,5.698970004336019,0.58,1,crohn's disease,0.6879272740156485
4.0,2.772588722239781,0.5,0,36,0.785,1,5.698970004336019,0.8,1,crohn's disease,0.5193388308335967
0.5,9.004668301573977,0.5,0,24,0.785,1,5.698970004336019,0.64,1,crohn's disease,0.5648200245236097
4.0,7.600902459542082,0.5,0,36,0.785,1,5.698970004336019,0.8,1,crohn's disease,0.5917635368931312
0.0,3.091042453358316,0.5,0,24,0.785,1,5.698970004336019,0.64,1,crohn's disease,0.47611563680037483
0.0,3.4657359027997265,0.5,0,24,0.785,1,5.698970004336019,0.64,1,crohn's disease,0.481736038541996
3.0,6.0330862217988015,1.0,0,60,0.785,5,5.698970004336019,0.58,1,crohn's disease,0.6822462933269821
1.0,3.091042453358316,0.5,0,36,0.785,1,5.698970004336019,0.64,1,crohn's disease,0.47611563680037483
3.0,5.697093486505405,1.0,0,60,0.785,5,5.698970004336019,0.58,0,crohn's disease,0.6772064022975811
0.0,3.258096538021482,0.5,0,24,0.785,1,5.698970004336019,0.64,1,crohn's disease,0.4786214480703223
0.0,7.448333860897476,1.0,0,24,0.785,5,5.698970004336019,0.64,1,crohn's disease,0.7214750079134622
0.0,5.942799375126701,1.0,0,24,0.785,5,5.698970004336019,0.64,1,crohn's disease,0.6988919906269005
0.0,5.869296913133774,1.0,0,24,0.785,5,5.698970004336019,0.64,1,crohn's disease,0.6977894536970066
3.0,4.290459441148391,0.5,0,60,0.785,1,5.698970004336019,0.58,1,crohn's disease,0.4761068916172259
1.0,4.2626798770413155,1.0,0,36,0.785,5,5.698970004336019,0.64,0,crohn's disease,0.6736901981556197
1.0,2.772588722239781,0.5,0,36,0.785,1,5.698970004336019,0.64,1,crohn's disease,0.4713388308335968
2.0,4.875197323201151,1.0,0,48,0.785,5,5.698970004336019,0.36,0,crohn's disease,0.5988779598480173
4.0,4.875197323201151,0.5,0,36,0.785,1,5.698970004336019,0.8,1,crohn's disease,0.5508779598480172
0.0,5.003946305945459,0.5,0,24,0.785,1,5.698970004336019,0.64,0,crohn's disease,0.5048091945891819
0.0,6.507277712385012,0.5,0,24,0.785,1,5.698970004336019,0.64,1,crohn's disease,0.5273591656857752
2.0,3.091042453358316,0.5,0,48,0.785,1,5.698970004336019,0.36,1,crohn's disease,0.39211563680037476
1.0,1.791759469228055,0.8,0,36,0.785,3,5.698970004336019,0.64,0,crohn's disease,0.5566263920384209
0.0,5.003946305945459,0.5,0,24,0.785,1,5.698970004336019,0.64,1,crohn's disease,0.5048091945891819
1.0,4.2626798770413155,1.0,0,36,0.785,5,5.698970004336019,0.64,0,crohn's disease,0.6736901981556197
4.0,4.477336814478207,0.5,0,36,0.785,1,5.698970004336019,0.8,1,crohn's disease,0.5449100522171731
0.0,2.3978952727983707,0.5,0,24,0.785,1,5.698970004336019,0.64,1,crohn's disease,0.46571842909197564
0.0,1.9459101490553132,1.0,0,24,0.785,5,5.698970004336019,0.64,0,crohn's disease,0.6389386522358297
0.0,8.748463629942055,0.5,0,24,0.785,1,5.698970004336019,0.64,1,crohn's disease,0.5609769544491309
0.0,2.772588722239781,0.5,0,24,0.785,1,5.698970004336019,0.64,1,crohn's disease,0.4713388308335968
2.0,2.833213344056216,1.0,0,48,0.785,5,5.698970004336019,0.36,1,crohn's disease,0.5682482001608433
4.0,4.68213122712422,0.5,0,36,0.785,1,5.698970004336019,0.8,1,crohn's disease,0.5479819684068633
0.0,0.0,0.5,0,24,0.785,1,5.698970004336019,0.64,0,crohn's disease,0.4297500000000001
0.0,5.442417710521793,0.5,0,24,0.785,1,5.698970004336019,0.64,1,crohn's disease,0.511386265657827
4.0,3.5553480614894135,0.5,0,36,0.785,1,5.698970004336019,0.8,0,crohn's disease,0.5310802209223412
0.0,3.713572066704308,0.5,0,24,0.785,1,5.698970004336019,0.64,1,crohn's disease,0.4854535810005647
0.0,4.875197323201151,0.5,0,24,0.785,1,5.698970004336019,0.64,1,crohn's disease,0.5028779598480173
3.0,4.30406509320417,1.0,0,60,0.785,5,5.698970004336019,0.58,1,crohn's disease,0.6563109763980626
4.0,3.4339872044851463,0.5,0,36,0.785,1,5.698970004336019,0.8,1,crohn's disease,0.5292598080672772
0.0,5.272999558563747,0.5,0,24,0.785,1,5.698970004336019,0.64,1,crohn's disease,0.5088449933784562
0.0,5.318119993844216,0.5,0,24,0.785,1,5.698970004336019,0.64,1,crohn's disease,0.5095217999076633
0.0,7.145196134997171,0.5,0,24,0.785,1,5.698970004336019,0.64,1,crohn's disease,0.5369279420249576
0.0,3.8501476017100584,0.5,0,24,0.785,1,5.698970004336019,0.64,1,crohn's disease,0.48750221402565097
0.0,4.276666119016055,1.0,0,24,0.785,5,5.698970004336019,0.64,1,crohn's disease,0.6738999917852408
2.0,4.820281565605037,1.0,0,48,0.785,5,5.698970004336019,0.36,1,crohn's disease,0.5980542234840756
2.0,4.219507705176107,1.0,0,48,0.785,5,5.698970004336019,0.36,0,crohn's disease,0.5890426155776416
1.0,3.6109179126442243,1.0,0,36,0.785,5,5.698970004336019,0.64,1,crohn's disease,0.6639137686896633
0.0,2.995732273553991,0.5,0,24,0.785,1,5.698970004336019,0.64,1,crohn's disease,0.4746859841033099
1.0,0.0,0.5,0,36,0.785,1,5.698970004336019,0.64,0,crohn's disease,0.4297500000000001
3.0,7.1569563646156364,1.0,0,60,0.785,5,5.698970004336019,0.58,1,crohn's disease,0.6991043454692345
2.0,1.6094379124341003,1.0,0,48,0.785,5,5.698970004336019,0.36,0,crohn's disease,0.5498915686865116
0.0,5.147494476813453,1.0,0,24,0.785,5,5.698970004336019,0.64,1,crohn's disease,0.6869624171522017
0.0,6.238324625039508,1.0,0,24,0.785,5,5.698970004336019,0.64,1,crohn's disease,0.7033248693755926
2.0,5.2574953720277815,1.0,0,48,0.785,5,5.698970004336019,0.36,1,crohn's disease,0.6046124305804168
2.0,4.382026634673881,1.0,0,48,0.785,5,5.698970004336019,0.36,0,crohn's disease,0.5914803995201082
0.0,3.4339872044851463,0.5,0,24,0.785,1,5.698970004336019,0.64,1,crohn's disease,0.48125980806727725
3.0,6.646390514847729,1.0,0,60,0.785,5,5.698970004336019,0.58,1,crohn's disease,0.6914458577227159
2.0,4.3694478524670215,1.0,0,48,0.785,5,5.698970004336019,0.36,1,crohn's disease,0.5912917177870054
3.0,5.545177444479562,1.0,0,60,0.785,5,5.698970004336019,0.58,0,crohn's disease,0.6749276616671934
0.0,3.091042453358316,0.5,0,24,0.785,1,5.698970004336019,0.64,1,crohn's disease,0.47611563680037483
0.0,3.1780538303479458,0.5,0,24,0.785,1,5.698970004336019,0.64,1,crohn's disease,0.47742080745521925
0.0,4.919980925828125,0.5,0,24,0.785,1,5.698970004336019,0.64,1,crohn's disease,0.503549713887422
2.0,1.9459101490553132,0.5,0,48,0.785,1,5.698970004336019,0.36,0,crohn's disease,0.3749386522358297
0.0,4.770684624465665,0.5,0,24,0.785,1,5.698970004336019,0.64,1,crohn's disease,0.5013102693669851
0.0,4.430816798843313,1.0,0,24,0.785,5,5.698970004336019,0.64,1,crohn's disease,0.6762122519826497
1.0,3.258096538021482,0.5,0,36,0.785,1,5.698970004336019,0.64,1,crohn's disease,0.4786214480703223
3.0,5.438079308923196,1.0,0,60,0.785,5,5.698970004336019,0.58,0,crohn's disease,0.6733211896338479
0.0,0.0,1.0,0,24,0.785,5,5.698970004336019,0.64,0,crohn's disease,0.60975
0.0,2.772588722239781,0.5,0,24,0.785,1,5.698970004336019,0.64,1,crohn's disease,0.4713388308335968
0.0,4.672828834461906,0.5,0,24,0.785,1,5.698970004336019,0.64,1,crohn's disease,0.49984243251692867
0.0,5.993961427306569,0.5,0,24,0.785,1,5.698970004336019,0.64,1,crohn's disease,0.5196594214095986
2.0,3.1354942159291497,0.5,0,48,0.785,1,5.698970004336019,0.36,1,crohn's disease,0.39278241323893726
0.0,5.111987788356544,0.5,0,24,0.785,1,5.698970004336019,0.64,1,crohn's disease,0.5064298168253483
2.0,5.5254529391317835,1.0,0,48,0.785,5,5.698970004336019,0.36,1,crohn's disease,0.6086317940869768
0.0,5.707110264748875,0.5,0,24,0.785,1,5.698970004336019,0.64,1,crohn's disease,0.5153566539712332
0.0,0.6931471805599453,0.5,0,24,0.785,1,5.698970004336019,0.64,0,crohn's disease,0.44014720770839927
2.0,4.804021044733257,1.0,0,48,0.785,5,5.698970004336019,0.36,1,crohn's disease,0.5978103156709988
0.0,2.4849066497880004,0.5,0,24,0.785,1,5.698970004336019,0.64,0,crohn's disease,0.46702359974682006
0.0,0.0,0.5,0,24,0.785,1,5.698970004336019,0.64,0,crohn's disease,0.4297500000000001
0.0,3.9318256327243257,0.5,0,24,0.785,1,5.698970004336019,0.64,1,crohn's disease,0.48872738449086495
0.0,5.575949103146316,0.5,0,24,0.785,1,5.698970004336019,0.64,1,crohn's disease,0.5133892365471948
3.0,5.991464547107982,1.0,0,60,0.785,5,5.698970004336019,0.58,0,crohn's disease,0.6816219682066197
1.0,3.2188758248682006,1.0,0,36,0.785,5,5.698970004336019,0.64,1,crohn's disease,0.658033137373023
4.0,4.983606621708336,0.5,0,36,0.785,1,5.698970004336019,0.8,1,crohn's disease,0.552504099325625
0.0,5.262690188904886,0.5,0,24,0.785,1,5.698970004336019,0.64,1,crohn's disease,0.5086903528335733
0.0,1.791759469228055,0.5,0,24,0.785,1,5.698970004336019,0.64,0,crohn's disease,0.4566263920384209
2.0,4.61512051684126,0.5,0,48,0.785,1,5.698970004336019,0.36,1,crohn's disease,0.4149768077526189
2.0,5.638354669333745,1.0,0,48,0.785,5,5.698970004336019,0.36,1,crohn's disease,0.6103253200400063
2.0,0.0,0.5,0,48,0.785,1,5.698970004336019,0.36,0,crohn's disease,0.34575
0.0,3.7612001156935624,0.5,0,24,0.785,1,5.698970004336019,0.64,1,crohn's disease,0.48616800173540353
2.0,0.0,0.5,0,48,0.785,1,5.698970004336019,0.36,0,crohn's disease,0.34575
0.0,6.340359303727752,1.0,0,24,0.785,5,5.698970004336019,0.64,1,crohn's disease,0.7048553895559163
3.0,4.0943445622221,0.5,0,60,0.785,1,5.698970004336019,0.58,1,crohn's disease,0.47316516843333156
3.0,3.784189633918261,0.5,0,60,0.785,1,5.698970004336019,0.58,1,crohn's disease,0.46851284450877395
2.0,2.3978952727983707,1.0,0,48,0.785,5,5.698970004336019,0.36,1,crohn's disease,0.5617184290919757
4.0,6.202535517187923,0.5,0,36,0.785,1,5.698970004336019,0.8,1,crohn's disease,0.5707880327578189
2.0,1.3862943611198906,0.5,0,48,0.785,1,5.698970004336019,0.36,1,crohn's disease,0.3665444154167984
2.0,0.0,1.0,0,48,0.785,5,5.698970004336019,0.36,0,crohn's disease,0.52575
2.0,2.772588722239781,1.0,0,48,0.785,5,5.698970004336019,0.36,0,crohn's disease,0.5673388308335967
3.0,4.820281565605037,1.0,0,60,0.785,5,5.698970004336019,0.58,1,crohn's disease,0.6640542234840755
0.0,3.58351893845611,0.5,0,24,0.785,1,5.698970004336019,0.64,1,crohn's disease,0.4835027840768417
1.0,3.784189633918261,1.0,0,36,0.785,5,5.698970004336019,0.64,1,crohn's disease,0.6665128445087739
1.0,3.8918202981106265,1.0,0,36,0.785,5,5.698970004336019,0.64,1,crohn's disease,0.6681273044716594
0.0,2.70805020110221,0.5,0,24,0.785,1,5.698970004336019,0.64,1,crohn's disease,0.47037075301653325
3.0,4.02535169073515,1.0,0,60,0.785,5,5.698970004336019,0.58,1,crohn's disease,0.6521302753610272
4.0,3.4339872044851463,0.5,0,36,0.785,1,5.698970004336019,0.8,1,crohn's disease,0.5292598080672772
3.0,5.53338948872752,1.0,0,60,0.785,5,5.698970004336019,0.58,1,crohn's disease,0.6747508423309128
3.0,6.46302945692067,1.0,0,60,0.785,5,5.698970004336019,0.58,1,crohn's disease,0.68869544185381
2.0,4.204692619390966,1.0,0,48,0.785,5,5.698970004336019,0.36,1,crohn's disease,0.5888203892908646
0.0,4.442651256490317,0.5,0,24,0.785,1,5.698970004336019,0.64,1,crohn's disease,0.4963897688473548
0.0,1.791759469228055,0.5,0,24,0.785,1,5.698970004336019,0.64,1,crohn's disease,0.4566263920384209
4.0,5.288267030694535,0.5,0,36,0.785,1,5.698970004336019,0.8,1,crohn's disease,0.5570740054604181
0.0,5.298317366548036,1.0,0,24,0.785,5,5.698970004336019,0.64,0,crohn's disease,0.6892247604982206
4.0,4.51085950651685,0.5,0,36,0.785,1,5.698970004336019,0.8,1,crohn's disease,0.5454128925977527
2.0,5.594711379601839,1.0,0,48,0.785,5,5.698970004336019,0.36,1,crohn's disease,0.6096706706940276
2.0,1.3862943611198906,0.5,0,48,0.785,1,5.698970004336019,0.36,0,crohn's disease,0.3665444154167984
0.0,3.9318256327243257,0.5,0,24,0.785,1,5.698970004336019,0.64,1,crohn's disease,0.48872738449086495
0.0,5.4510384535657,0.5,0,24,0.785,1,5.698970004336019,0.64,1,crohn's disease,0.5115155768034856
0.0,4.5217885770490405,0.5,0,24,0.785,1,5.698970004336019,0.64,1,crohn's disease,0.4975768286557357
2.0,5.583496308781699,1.0,0,48,0.785,5,5.698970004336019,0.36,1,crohn's disease,0.6095024446317255
0.0,4.976733742420574,0.5,0,24,0.785,1,5.698970004336019,0.64,1,crohn's disease,0.5044010061363087
0.0,6.419994928147142,0.5,0,24,0.785,1,5.698970004336019,0.64,1,crohn's disease,0.5260499239222072
3.0,4.859812404361672,1.0,0,60,0.785,5,5.698970004336019,0.58,1,crohn's disease,0.664647186065425
4.0,4.61512051684126,0.5,0,36,0.785,1,5.698970004336019,0.8,1,crohn's disease,0.5469768077526189
2.0,3.044522437723423,0.5,0,48,0.785,1,5.698970004336019,0.36,1,crohn's disease,0.39141783656585133
0.0,4.948759890378168,0.5,0,24,0.785,1,5.698970004336019,0.64,1,crohn's disease,0.5039813983556726
2.0,5.5254529391317835,1.0,0,48,0.785,5,5.698970004336019,0.36,1,crohn's disease,0.6086317940869768
0.0,3.828641396489095,0.5,0,24,0.785,1,5.698970004336019,0.64,1,crohn's disease,0.4871796209473365
1.0,4.330733340286331,1.0,0,36,0.785,5,5.698970004336019,0.64,1,crohn's disease,0.674711000104295
2.0,1.0986122886681098,0.5,0,48,0.785,1,5.698970004336019,0.36,0,crohn's disease,0.36222918433002166
1.0,2.9444389791664403,1.0,0,36,0.785,5,5.698970004336019,0.64,1,crohn's disease,0.6539165846874966
3.0,2.70805020110221,1.0,0,60,0.785,5,5.698970004336019,0.58,1,crohn's disease,0.6323707530165331
0.0,4.532599493153256,0.5,0,24,0.785,1,5.698970004336019,0.64,1,crohn's disease,0.4977389923972989
0.0,5.961005339623274,0.5,0,24,0.785,1,5.698970004336019,0.64,1,crohn's disease,0.5191650800943491
0.0,7.0317412587631285,1.0,0,24,0.785,5,5.698970004336019,0.64,1,crohn's disease,0.7152261188814469
0.0,3.6888794541139363,0.5,0,24,0.785,1,5.698970004336019,0.64,1,crohn's disease,0.4850831918117091
0.0,2.1972245773362196,0.5,0,24,0.785,1,5.698970004336019,0.64,1,crohn's disease,0.4627083686600434
4.0,4.624972813284271,1.0,0,36,0.785,5,5.698970004336019,0.8,1,crohn's disease,0.7271245921992641
0.0,4.804021044733257,1.0,0,24,0.785,5,5.698970004336019,0.64,1,crohn's disease,0.6818103156709988
4.0,4.804021044733257,0.5,0,36,0.785,1,5.698970004336019,0.8,1,crohn's disease,0.5498103156709988
0.0,5.099866427824199,0.5,0,24,0.785,1,5.698970004336019,0.64,1,crohn's disease,0.5062479964173631
2.0,4.290459441148391,1.0,0,48,0.785,5,5.698970004336019,0.36,0,crohn's disease,0.590106891617226
2.0,5.541263545158426,1.0,0,48,0.785,5,5.698970004336019,0.36,1,crohn's disease,0.6088689531773764
0.0,3.9318256327243257,0.5,0,24,0.785,1,5.698970004336019,0.64,1,crohn's disease,0.48872738449086495
2.0,5.19295685089021,0.5,0,48,0.785,1,5.698970004336019,0.36,1,crohn's disease,0.42364435276335316
1.0,3.713572066704308,1.0,0,36,0.785,5,5.698970004336019,0.64,1,crohn's disease,0.6654535810005646
0.0,3.6635616461296463,0.5,0,24,0.785,1,5.698970004336019,0.64,0,crohn's disease,0.4847034246919448
0.0,4.927253685157205,0.5,0,24,0.785,1,5.698970004336019,0.64,1,crohn's disease,0.5036588052773582
0.0,3.4339872044851463,0.5,0,24,0.785,1,5.698970004336019,0.64,1,crohn's disease,0.48125980806727725
0.0,4.127134385045092,0.5,0,24,0.785,1,5.698970004336019,0.64,1,crohn's disease,0.49165701577567644
3.0,5.855071922202427,0.5,0,60,0.785,1,5.698970004336019,0.58,1,crohn's disease,0.49957607883303645
4.0,4.30406509320417,0.6,0,36,0.785,1,5.698970004336019,0.8,1,crohn's disease,0.5623109763980626
0.0,0.6931471805599453,0.5,0,24,0.785,1,5.698970004336019,0.64,1,crohn's disease,0.44014720770839927
4.0,0.0,0.5,0,36,0.785,1,5.698970004336019,0.8,0,crohn's disease,0.47775
0.0,3.5263605246161616,0.5,0,24,0.785,1,5.698970004336019,0.64,0,crohn's disease,0.4826454078692425
0.0,3.8918202981106265,0.5,0,24,0.785,1,5.698970004336019,0.64,1,crohn's disease,0.4881273044716595
0.0,3.4339872044851463,0.5,0,24,0.785,1,5.698970004336019,0.64,1,crohn's disease,0.48125980806727725
3.0,6.851184927493743,1.0,0,60,0.785,5,5.698970004336019,0.58,1,crohn's disease,0.6945177739124061
1.0,3.912023005428146,1.0,0,36,0.785,5,5.698970004336019,0.64,1,crohn's disease,0.6684303450814222
0.0,9.122710622015209,0.5,0,24,0.785,1,5.698970004336019,0.64,1,crohn's disease,0.5665906593302282
0.0,3.6109179126442243,0.5,0,24,0.785,1,5.698970004336019,0.64,1,crohn's disease,0.48391376868966346
4.0,4.770684624465665,0.5,0,36,0.785,1,5.698970004336019,0.8,1,crohn's disease,0.549310269366985
1.0,4.418840607796598,0.5,0,36,0.785,1,5.698970004336019,0.64,1,crohn's disease,0.496032609116949
0.0,5.860786223465865,0.5,0,24,0.785,1,5.698970004336019,0.64,1,crohn's disease,0.517661793351988
0.0,11.125864948538169,0.7,0,24,0.785,2,5.698970004336019,0.64,1,crohn's disease,0.6566379742280726
1.0,2.6390573296152584,0.5,0,36,0.785,1,5.698970004336019,0.64,1,crohn's disease,0.46933585994422894
2.0,5.198497031265826,1.0,0,48,0.785,5,5.698970004336019,0.36,1,crohn's disease,0.6037274554689874
2.0,3.58351893845611,0.5,0,48,0.785,1,5.698970004336019,0.36,1,crohn's disease,0.39950278407684164
0.0,3.8501476017100584,0.5,0,24,0.785,1,5.698970004336019,0.64,1,crohn's disease,0.48750221402565097
3.0,4.820281565605037,1.0,0,60,0.785,5,5.698970004336019,0.58,1,crohn's disease,0.6640542234840755
2.0,0.0,0.5,0,48,0.785,1,5.698970004336019,0.36,0,crohn's disease,0.34575
0.0,3.7376696182833684,0.5,0,24,0.785,1,5.698970004336019,0.64,1,crohn's disease,0.4858150442742506
2.0,0.0,1.0,0,48,0.785,5,5.698970004336019,0.36,0,crohn's disease,0.52575
3.0,2.772588722239781,0.5,0,60,0.785,1,5.698970004336019,0.58,0,crohn's disease,0.4533388308335968
0.0,3.9318256327243257,0.5,0,24,0.785,1,5.698970004336019,0.64,1,crohn's disease,0.48872738449086495
0.0,3.4339872044851463,0.5,0,24,0.785,1,5.698970004336019,0.64,1,crohn's disease,0.48125980806727725
2.0,5.017279836814924,1.0,0,48,0.785,5,5.698970004336019,0.36,1,crohn's disease,0.6010091975522239
1.0,2.833213344056216,0.5,0,36,0.785,1,5.698970004336019,0.64,1,crohn's disease,0.47224820016084335
0.0,6.421622267806518,0.5,0,24,0.785,1,5.698970004336019,0.64,1,crohn's disease,0.5260743340170978
0.0,5.66988092298052,0.5,0,24,0.785,1,5.698970004336019,0.64,1,crohn's disease,0.5147982138447078
0.0,0.6931471805599453,0.5,0,24,0.785,1,5.698970004336019,0.64,1,crohn's disease,0.44014720770839927
4.0,0.6931471805599453,1.0,0,36,0.785,5,5.698970004336019,0.8,1,crohn's disease,0.6681472077083992
3.0,5.631211781821365,1.0,0,60,0.785,5,5.698970004336019,0.58,1,crohn's disease,0.6762181767273205
0.0,2.1972245773362196,0.5,0,24,0.785,1,5.698970004336019,0.64,0,crohn's disease,0.4627083686600434
1.0,3.044522437723423,0.5,0,36,0.785,1,5.698970004336019,0.64,1,crohn's disease,0.4754178365658514
2.0,2.9444389791664403,1.0,0,48,0.785,5,5.698970004336019,0.36,1,crohn's disease,0.5699165846874966
0.0,2.772588722239781,1.0,0,24,0.785,5,5.698970004336019,0.64,1,crohn's disease,0.6513388308335968
3.0,4.465908118654584,0.5,0,60,0.785,1,5.698970004336019,0.58,1,crohn's disease,0.4787386217798188
0.0,0.0,0.5,0,24,0.785,1,5.698970004336019,0.64,0,crohn's disease,0.4297500000000001
3.0,2.302585092994046,0.5,0,60,0.785,1,5.698970004336019,0.58,0,crohn's disease,0.44628877639491077
1.0,4.997212273764115,1.0,0,36,0.785,5,5.698970004336019,0.64,1,crohn's disease,0.6847081841064617
0.0,5.484796933490655,0.5,0,24,0.785,1,5.698970004336019,0.64,1,crohn's disease,0.5120219540023598
4.0,5.0238805208462765,0.5,0,36,0.785,1,5.698970004336019,0.8,1,crohn's disease,0.5531082078126941
0.0,5.062595033026967,0.5,0,24,0.785,1,5.698970004336019,0.64,1,crohn's disease,0.5056889254954046
1.0,3.1354942159291497,0.5,0,36,0.785,1,5.698970004336019,0.64,1,crohn's disease,0.47678241323893733
1.0,2.70805020110221,1.0,0,36,0.785,5,5.698970004336019,0.64,1,crohn's disease,0.6503707530165331
0.0,4.31748811353631,0.6,0,24,0.785,1,5.698970004336019,0.64,1,crohn's disease,0.5145123217030446
2.0,3.9318256327243257,1.0,0,48,0.785,5,5.698970004336019,0.36,1,crohn's disease,0.5847273844908649
1.0,3.5553480614894135,0.5,0,36,0.785,1,5.698970004336019,0.64,1,crohn's disease,0.48308022092234126
2.0,4.804021044733257,1.0,0,48,0.785,5,5.698970004336019,0.36,1,crohn's disease,0.5978103156709988
1.0,3.8066624897703196,0.5,0,36,0.785,1,5.698970004336019,0.64,1,crohn's disease,0.48684993734655485
2.0,0.0,1.0,0,48,0.785,5,5.698970004336019,0.36,0,crohn's disease,0.52575
1.0,2.1972245773362196,0.8,0,36,0.785,3,5.698970004336019,0.64,0,crohn's disease,0.5627083686600434
1.0,3.9318256327243257,0.5,0,36,0.785,1,5.698970004336019,0.64,1,crohn's disease,0.48872738449086495
3.0,3.367295829986474,1.0,0,60,0.785,5,5.698970004336019,0.58,1,crohn's disease,0.6422594374497971
0.0,3.8918202981106265,0.5,0,24,0.785,1,5.698970004336019,0.64,1,crohn's disease,0.4881273044716595
2.0,0.0,0.5,0,48,0.785,1,5.698970004336019,0.36,0,crohn's disease,0.34575
1.0,4.23410650459726,1.0,0,36,0.785,5,5.698970004336019,0.64,1,crohn's disease,0.6732615975689589
3.0,0.0,0.5,0,60,0.785,1,5.698970004336019,0.58,0,crohn's disease,0.41175000000000006
0.0,5.730099782973574,0.6,0,24,0.785,1,5.698970004336019,0.64,1,crohn's disease,0.5357014967446037
0.0,0.0,0.5,0,24,0.785,1,5.698970004336019,0.64,0,crohn's disease,0.4297500000000001
0.0,3.4339872044851463,1.0,0,24,0.785,5,5.698970004336019,0.64,1,crohn's disease,0.6612598080672772
0.0,4.61512051684126,0.5,0,24,0.785,1,5.698970004336019,0.64,1,crohn's disease,0.498976807752619
2.0,3.9889840465642745,1.0,0,48,0.785,5,5.698970004336019,0.36,1,crohn's disease,0.5855847606984642
1.0,2.6390573296152584,0.5,0,36,0.785,1,5.698970004336019,0.64,0,crohn's disease,0.46933585994422894
0.0,4.574710978503383,1.0,0,24,0.785,5,5.698970004336019,0.64,1,crohn's disease,0.6783706646775507
4.0,3.713572066704308,0.5,0,36,0.785,1,5.698970004336019,0.8,1,crohn's disease,0.5334535810005646
0.0,4.477336814478207,0.5,0,24,0.785,1,5.698970004336019,0.64,1,crohn's disease,0.49691005221717316
0.0,2.302585092994046,0.5,0,24,0.785,1,5.698970004336019,0.64,0,crohn's disease,0.4642887763949108
0.0,2.772588722239781,0.5,0,24,0.785,1,5.698970004336019,0.64,0,crohn's disease,0.4713388308335968
0.0,4.672828834461906,1.0,0,24,0.785,5,5.698970004336019,0.64,1,crohn's disease,0.6798424325169286
0.0,2.9444389791664403,0.5,0,24,0.785,1,5.698970004336019,0.64,1,crohn's disease,0.4739165846874967
4.0,0.6931471805599453,1.0,0,36,0.785,5,5.698970004336019,0.8,1,crohn's disease,0.6681472077083992
0.0,2.4849066497880004,0.5,0,24,0.785,1,5.698970004336019,0.64,1,crohn's disease,0.46702359974682006
0.0,4.624972813284271,1.0,0,24,0.785,5,5.698970004336019,0.64,1,crohn's disease,0.679124592199264
2.0,3.871201010907891,0.5,0,48,0.785,1,5.698970004336019,0.36,1,crohn's disease,0.40381801516361837
0.5,2.5649493574615367,0.5,0,24,0.785,1,5.698970004336019,0.64,1,crohn's disease,0.4682242403619231
0.0,4.61512051684126,0.5,0,24,0.785,1,5.698970004336019,0.64,1,crohn's disease,0.498976807752619
0.0,6.066108090103747,0.5,0,24,0.785,1,5.698970004336019,0.64,0,crohn's disease,0.5207416213515563
4.0,2.3978952727983707,0.5,0,36,0.785,1,5.698970004336019,0.8,0,crohn's disease,0.5137184290919756
4.0,2.6390573296152584,0.5,0,36,0.785,1,5.698970004336019,0.8,0,crohn's disease,0.5173358599442289
4.0,3.9889840465642745,0.5,0,36,0.785,1,5.698970004336019,0.8,1,crohn's disease,0.5375847606984642
4.0,4.962844630259907,0.5,0,36,0.785,1,5.698970004336019,0.8,1,crohn's disease,0.5521926694538986
0.0,9.779510372716418,1.0,0,24,0.785,5,5.698970004336019,0.64,1,crohn's disease,0.7564426555907463
0.0,3.828641396489095,0.5,0,24,0.785,1,5.698970004336019,0.64,1,crohn's disease,0.4871796209473365
0.0,5.017279836814924,0.5,0,24,0.785,1,5.698970004336019,0.64,1,crohn's disease,0.505009197552224
0.0,3.8918202981106265,0.5,0,24,0.785,1,5.698970004336019,0.64,1,crohn's disease,0.4881273044716595
3.0,4.553876891600541,0.5,0,60,0.785,1,5.698970004336019,0.58,1,crohn's disease,0.48005815337400815
4.0,3.044522437723423,0.6,0,36,0.785,1,5.698970004336019,0.8,0,crohn's disease,0.5434178365658514
0.0,4.836281906951478,0.5,0,24,0.785,1,5.698970004336019,0.64,1,crohn's disease,0.5022942286042722
1.0,3.091042453358316,1.0,0,36,0.785,5,5.698970004336019,0.64,1,crohn's disease,0.6561156368003748
0.0,5.37989735354046,0.5,0,24,0.785,1,5.698970004336019,0.64,1,crohn's disease,0.510448460303107
0.0,4.532599493153256,0.5,0,24,0.785,1,5.698970004336019,0.64,1,crohn's disease,0.4977389923972989
4.0,4.605170185988092,0.5,0,36,0.785,1,5.698970004336019,0.8,1,crohn's disease,0.5468275527898214
1.0,3.044522437723423,0.5,0,36,0.785,1,5.698970004336019,0.64,1,crohn's disease,0.4754178365658514
0.0,4.143134726391533,0.5,0,24,0.785,1,5.698970004336019,0.64,1,crohn's disease,0.49189702089587306
2.0,3.4339872044851463,1.0,0,48,0.785,5,5.698970004336019,0.36,1,crohn's disease,0.5772598080672773
0.0,2.6390573296152584,0.5,0,24,0.785,1,5.698970004336019,0.64,1,crohn's disease,0.46933585994422894
0.0,4.8283137373023015,0.5,0,24,0.785,1,5.698970004336019,0.64,1,crohn's disease,0.5021747060595346
0.0,4.6443908991413725,0.5,0,24,0.785,1,5.698970004336019,0.64,1,crohn's disease,0.49941586348712064
0.0,4.174387269895637,0.5,0,24,0.785,1,5.698970004336019,0.64,1,crohn's disease,0.49236580904843463
0.0,0.0,0.5,0,24,0.785,1,5.698970004336019,0.64,0,crohn's disease,0.4297500000000001
0.0,4.394449154672439,0.5,0,24,0.785,1,5.698970004336019,0.64,1,crohn's disease,0.49566673732008665
0.0,2.5649493574615367,0.5,0,24,0.785,1,5.698970004336019,0.64,1,crohn's disease,0.4682242403619231
0.0,3.9318256327243257,0.5,0,24,0.785,1,5.698970004336019,0.64,1,crohn's disease,0.48872738449086495
0.0,7.115582126184454,0.5,0,24,0.785,1,5.698970004336019,0.64,1,crohn's disease,0.5364837318927669
0.0,0.0,0.5,0,24,0.785,1,5.698970004336019,0.64,0,crohn's disease,0.4297500000000001
2.0,0.0,0.5,0,48,0.785,1,5.698970004336019,0.36,0,crohn's disease,0.34575
3.0,5.805134968916488,1.0,0,60,0.785,5,5.698970004336019,0.58,1,crohn's disease,0.6788270245337473
0.0,3.9318256327243257,0.6,0,24,0.785,1,5.698970004336019,0.64,1,crohn's disease,0.5087273844908649
0.0,5.484796933490655,0.5,0,24,0.785,1,5.698970004336019,0.64,1,crohn's disease,0.5120219540023598
0.0,6.960347729101308,1.0,0,24,0.785,5,5.698970004336019,0.64,1,crohn's disease,0.7141552159365196
4.0,4.7535901911063645,0.5,0,36,0.785,1,5.698970004336019,0.8,1,crohn's disease,0.5490538528665955
0.0,5.786897381366708,0.5,0,24,0.785,1,5.698970004336019,0.64,1,crohn's disease,0.5165534607205007
0.0,4.31748811353631,1.0,0,24,0.785,5,5.698970004336019,0.64,1,crohn's disease,0.6745123217030446
0.0,6.882437470997847,0.5,0,24,0.785,1,5.698970004336019,0.64,1,crohn's disease,0.5329865620649678
0.5,0.0,0.5,0,24,0.785,1,5.698970004336019,0.64,0,crohn's disease,0.4297500000000001
2.0,4.406719247264253,0.5,0,48,0.785,1,5.698970004336019,0.36,1,crohn's disease,0.4118507887089638
2.0,2.3978952727983707,0.5,0,48,0.785,1,5.698970004336019,0.36,1,crohn's disease,0.38171842909197556
2.0,5.170483995038151,1.0,0,48,0.785,5,5.698970004336019,0.36,1,crohn's disease,0.6033072599255723
0.0,2.302585092994046,0.5,0,24,0.785,1,5.698970004336019,0.64,1,crohn's disease,0.4642887763949108
0.0,4.2626798770413155,0.5,0,24,0.785,1,5.698970004336019,0.64,1,crohn's disease,0.4936901981556198
0.0,2.772588722239781,1.0,0,24,0.785,5,5.698970004336019,0.64,1,crohn's disease,0.6513388308335968
0.0,3.713572066704308,0.5,0,24,0.785,1,5.698970004336019,0.64,1,crohn's disease,0.4854535810005647
0.0,4.859812404361672,0.5,0,24,0.785,1,5.698970004336019,0.64,1,crohn's disease,0.5026471860654251
3.0,4.406719247264253,1.0,0,60,0.785,5,5.698970004336019,0.58,0,crohn's disease,0.6578507887089637
3.0,5.53338948872752,1.0,0,60,0.785,5,5.698970004336019,0.58,1,crohn's disease,0.6747508423309128
0.0,4.23410650459726,0.8,0,24,0.785,3,5.698970004336019,0.64,0,crohn's disease,0.5932615975689589
2.0,4.0943445622221,0.6,0,48,0.785,1,5.698970004336019,0.36,1,crohn's disease,0.4271651684333315
0.0,0.0,0.5,0,24,0.785,1,5.698970004336019,0.64,0,crohn's disease,0.4297500000000001
0.0,4.61512051684126,0.5,0,24,0.785,1,5.698970004336019,0.64,1,crohn's disease,0.498976807752619
0.0,9.166806369952454,0.5,0,24,0.785,1,5.698970004336019,0.64,1,crohn's disease,0.5672520955492869
0.0,5.602118820879701,0.5,0,24,0.785,1,5.698970004336019,0.64,1,crohn's disease,0.5137817823131956
0.0,3.970291913552122,0.5,0,24,0.785,1,5.698970004336019,0.64,0,crohn's disease,0.4893043787032819
3.0,5.3981627015177525,1.0,0,60,0.785,5,5.698970004336019,0.58,1,crohn's disease,0.6727224405227663
3.0,7.508238774678663,1.0,0,60,0.785,5,5.698970004336019,0.58,0,crohn's disease,0.7043735816201799
0.0,3.258096538021482,0.5,0,24,0.785,1,5.698970004336019,0.64,1,crohn's disease,0.4786214480703223
3.0,5.081404364984463,0.5,0,60,0.785,1,5.698970004336019,0.58,1,crohn's disease,0.487971065474767
1.0,0.6931471805599453,1.0,0,36,0.785,5,5.698970004336019,0.64,1,crohn's disease,0.6201472077083992
0.0,4.762173934797756,0.5,0,24,0.785,1,5.698970004336019,0.64,1,crohn's disease,0.5011826090219664
0.0,5.3981627015177525,0.5,0,24,0.785,1,5.698970004336019,0.64,1,crohn's disease,0.5107224405227664
0.0,3.6635616461296463,0.5,0,24,0.785,1,5.698970004336019,0.64,1,crohn's disease,0.4847034246919448
0.0,4.110873864173311,0.5,0,24,0.785,1,5.698970004336019,0.64,1,crohn's disease,0.49141310796259974
0.0,3.58351893845611,0.5,0,24,0.785,1,5.698970004336019,0.64,1,crohn's disease,0.4835027840768417
4.0,1.9459101490553132,0.5,0,36,0.785,1,5.698970004336019,0.8,1,crohn's disease,0.5069386522358297
0.0,4.795790545596741,0.5,0,24,0.785,1,5.698970004336019,0.64,1,crohn's disease,0.5016868581839512
0.0,4.219507705176107,0.5,0,24,0.785,1,5.698970004336019,0.64,1,crohn's disease,0.4930426155776417
4.0,5.707110264748875,0.5,0,36,0.785,1,5.698970004336019,0.8,1,crohn's disease,0.5633566539712331
4.0,3.9512437185814275,0.5,0,36,0.785,1,5.698970004336019,0.8,0,crohn's disease,0.5370186557787214
2.0,0.0,1.0,0,48,0.785,5,5.698970004336019,0.36,0,crohn's disease,0.52575
0.0,3.5553480614894135,0.5,0,24,0.785,1,5.698970004336019,0.64,1,crohn's disease,0.48308022092234126
0.0,0.0,1.0,0,24,0.785,5,5.698970004336019,0.64,0,crohn's disease,0.60975
0.0,3.044522437723423,0.5,0,24,0.785,1,5.698970004336019,0.64,1,crohn's disease,0.4754178365658514
0.0,5.87493073085203,0.5,0,24,0.785,1,5.698970004336019,0.64,1,crohn's disease,0.5178739609627805
4.0,6.999422467507961,0.5,0,36,0.785,1,5.698970004336019,0.8,1,crohn's disease,0.5827413370126194
0.0,11.695255355062795,0.5,0,24,0.785,1,5.698970004336019,0.64,0,crohn's disease,0.605178830325942
0.0,3.871201010907891,0.5,0,24,0.785,1,5.698970004336019,0.64,1,crohn's disease,0.48781801516361845
1.0,2.8903717578961645,1.0,0,36,0.785,5,5.698970004336019,0.64,1,crohn's disease,0.6531055763684425
0.0,5.017279836814924,0.5,0,24,0.785,1,5.698970004336019,0.64,1,crohn's disease,0.505009197552224
3.0,6.244166900663736,1.0,0,60,0.785,5,5.698970004336019,0.58,1,crohn's disease,0.6854125035099561
2.0,3.4965075614664802,1.0,0,48,0.785,5,5.698970004336019,0.36,0,crohn's disease,0.5781976134219973
1.0,2.772588722239781,0.8,0,36,0.785,3,5.698970004336019,0.64,0,crohn's disease,0.5713388308335967
1.0,3.6375861597263857,1.0,0,36,0.785,5,5.698970004336019,0.64,1,crohn's disease,0.6643137923958958
0.0,5.556828061699537,0.5,0,24,0.785,1,5.698970004336019,0.64,1,crohn's disease,0.5131024209254931
1.0,0.0,1.0,0,36,0.785,5,5.698970004336019,0.64,0,crohn's disease,0.60975
0.0,4.1588830833596715,0.5,0,24,0.785,1,5.698970004336019,0.64,1,crohn's disease,0.4921332462503951
4.0,6.180016653652572,0.5,0,36,0.785,1,5.698970004336019,0.8,1,crohn's disease,0.5704502498047885
3.0,3.295836866004329,0.5,0,60,0.785,1,5.698970004336019,0.58,0,crohn's disease,0.461187552990065
0.0,3.871201010907891,0.5,0,24,0.785,1,5.698970004336019,0.64,1,crohn's disease,0.48781801516361845
0.0,5.521460917862246,0.5,0,24,0.785,1,5.698970004336019,0.64,1,crohn's disease,0.5125719137679338
0.0,3.367295829986474,0.5,0,24,0.785,1,5.698970004336019,0.64,1,crohn's disease,0.4802594374497972
3.0,4.394449154672439,1.0,0,60,0.785,5,5.698970004336019,0.58,0,crohn's disease,0.6576667373200866
1.0,3.367295829986474,1.0,0,36,0.785,5,5.698970004336019,0.64,1,crohn's disease,0.6602594374497971
0.0,4.477336814478207,0.5,0,24,0.785,1,5.698970004336019,0.64,0,crohn's disease,0.49691005221717316
0.0,3.8918202981106265,0.5,0,24,0.785,1,5.698970004336019,0.64,1,crohn's disease,0.4881273044716595
0.0,4.663439094112067,0.5,0,24,0.785,1,5.698970004336019,0.64,1,crohn's disease,0.49970158641168105
1.0,1.3862943611198906,0.5,0,36,0.785,1,5.698970004336019,0.64,1,crohn's disease,0.45054441541679846
2.0,4.804021044733257,1.0,0,48,0.785,5,5.698970004336019,0.36,1,crohn's disease,0.5978103156709988
3.0,6.413458957167357,1.0,0,60,0.785,5,5.698970004336019,0.58,1,crohn's disease,0.6879518843575103
0.0,4.110873864173311,0.5,0,24,0.785,1,5.698970004336019,0.64,1,crohn's disease,0.49141310796259974
0.0,5.869296913133774,0.5,0,24,0.785,1,5.698970004336019,0.64,1,crohn's disease,0.5177894536970067
1.0,3.1780538303479458,0.5,0,36,0.785,1,5.698970004336019,0.64,1,crohn's disease,0.47742080745521925
0.0,4.2626798770413155,0.5,0,24,0.785,1,5.698970004336019,0.64,1,crohn's disease,0.4936901981556198
3.0,4.127134385045092,0.5,0,60,0.785,1,5.698970004336019,0.58,1,crohn's disease,0.4736570157756764
0.0,3.4339872044851463,1.0,0,24,0.785,5,5.698970004336019,0.64,1,crohn's disease,0.6612598080672772
0.0,3.044522437723423,0.6,0,24,0.785,1,5.698970004336019,0.64,1,crohn's disease,0.4954178365658513
3.0,5.062595033026967,1.0,0,60,0.785,5,5.698970004336019,0.58,1,crohn's disease,0.6676889254954045
0.0,5.993961427306569,0.5,0,24,0.785,1,5.698970004336019,0.64,1,crohn's disease,0.5196594214095986
0.0,3.5263605246161616,1.0,0,24,0.785,5,5.698970004336019,0.64,1,crohn's disease,0.6626454078692424
2.0,1.3862943611198906,0.5,0,48,0.785,1,5.698970004336019,0.36,0,crohn's disease,0.3665444154167984
0.0,5.3230099791384085,0.5,0,24,0.785,1,5.698970004336019,0.64,1,crohn's disease,0.5095951496870762
4.0,4.61512051684126,1.0,0,36,0.785,5,5.698970004336019,0.8,1,crohn's disease,0.726976807752619
0.0,5.37989735354046,1.0,0,24,0.785,5,5.698970004336019,0.64,1,crohn's disease,0.6904484603031069
0.0,6.154858094016418,1.0,0,24,0.785,5,5.698970004336019,0.64,0,crohn's disease,0.7020728714102463
0.0,3.2188758248682006,0.5,0,24,0.785,1,5.698970004336019,0.64,1,crohn's disease,0.4780331373730231
0.0,3.367295829986474,0.5,0,24,0.785,1,5.698970004336019,0.64,1,crohn's disease,0.4802594374497972
0.0,4.897839799950911,0.5,0,24,0.785,1,5.698970004336019,0.64,1,crohn's disease,0.5032175969992637
0.0,2.772588722239781,0.5,0,24,0.785,1,5.698970004336019,0.64,1,crohn's disease,0.4713388308335968
0.0,3.044522437723423,0.5,0,24,0.785,1,5.698970004336019,0.64,1,crohn's disease,0.4754178365658514
0.0,4.919980925828125,0.5,0,24,0.785,1,5.698970004336019,0.64,1,crohn's disease,0.503549713887422
0.0,3.871201010907891,0.5,0,24,0.785,1,5.698970004336019,0.64,1,crohn's disease,0.48781801516361845
0.0,4.219507705176107,0.5,0,24,0.785,1,5.698970004336019,0.64,1,crohn's disease,0.4930426155776417
0.0,4.356708826689592,0.5,0,24,0.785,1,5.698970004336019,0.64,1,crohn's disease,0.49510063240034397
0.0,3.9512437185814275,0.5,0,24,0.785,1,5.698970004336019,0.64,1,crohn's disease,0.4890186557787215
2.0,4.189654742026425,1.0,0,48,0.785,5,5.698970004336019,0.36,1,crohn's disease,0.5885948211303964
2.0,5.3981627015177525,1.0,0,48,0.785,5,5.698970004336019,0.36,1,crohn's disease,0.6067224405227664
0.0,3.9512437185814275,0.5,0,24,0.785,1,5.698970004336019,0.64,1,crohn's disease,0.4890186557787215
0.0,6.874198495453294,0.5,0,24,0.785,1,5.698970004336019,0.64,1,crohn's disease,0.5328629774317994
3.0,5.327876168789581,1.0,0,60,0.785,5,5.698970004336019,0.58,1,crohn's disease,0.6716681425318437
2.0,4.3694478524670215,1.0,0,48,0.785,5,5.698970004336019,0.36,1,crohn's disease,0.5912917177870054
0.0,4.976733742420574,0.5,0,24,0.785,1,5.698970004336019,0.64,1,crohn's disease,0.5044010061363087
0.0,5.303304908059076,0.5,0,24,0.785,1,5.698970004336019,0.64,1,crohn's disease,0.5092995736208862
0.0,2.9444389791664403,1.0,0,24,0.785,5,5.698970004336019,0.64,1,crohn's disease,0.6539165846874966
0.0,5.717027701406222,1.0,0,24,0.785,5,5.698970004336019,0.64,1,crohn's disease,0.6955054155210934
0.0,2.9444389791664403,1.0,0,24,0.785,5,5.698970004336019,0.64,1,crohn's disease,0.6539165846874966
1.0,0.0,0.5,0,36,0.785,1,5.698970004336019,0.64,0,crohn's disease,0.4297500000000001
0.0,2.995732273553991,0.5,0,24,0.785,1,5.698970004336019,0.64,1,crohn's disease,0.4746859841033099
3.0,3.5263605246161616,1.0,0,60,0.785,5,5.698970004336019,0.58,1,crohn's disease,0.6446454078692424
0.0,2.772588722239781,0.5,0,24,0.785,1,5.698970004336019,0.64,0,crohn's disease,0.4713388308335968
2.0,3.2188758248682006,0.5,0,48,0.785,1,5.698970004336019,0.36,0,crohn's disease,0.39403313737302303
0.0,4.852030263919617,0.5,0,24,0.785,1,5.698970004336019,0.64,1,crohn's disease,0.5025304539587944
0.0,4.787491742782046,0.5,0,24,0.785,1,5.698970004336019,0.64,1,crohn's disease,0.5015623761417307
0.0,1.3862943611198906,0.5,0,24,0.785,1,5.698970004336019,0.64,0,crohn's disease,0.45054441541679846
0.0,7.850103545175582,1.0,0,24,0.785,5,5.698970004336019,0.64,1,crohn's disease,0.7275015531776338
0.0,4.110873864173311,0.6,0,24,0.785,1,5.698970004336019,0.64,1,crohn's disease,0.5114131079625996
4.0,2.772588722239781,0.5,0,36,0.785,1,5.698970004336019,0.8,0,crohn's disease,0.5193388308335967
0.0,1.9459101490553132,0.5,0,24,0.785,1,5.698970004336019,0.64,1,crohn's disease,0.45893865223582975
3.0,6.943122422819428,1.0,0,60,0.785,5,5.698970004336019,0.58,1,crohn's disease,0.6958968363422914
0.0,5.942799375126701,0.5,0,24,0.785,1,5.698970004336019,0.64,1,crohn's disease,0.5188919906269006
4.0,0.0,0.5,0,36,0.785,1,5.698970004336019,0.8,0,crohn's disease,0.47775
4.0,4.61512051684126,0.5,0,36,0.785,1,5.698970004336019,0.8,1,crohn's disease,0.5469768077526189
1.0,2.0794415416798357,0.5,0,36,0.785,1,5.698970004336019,0.64,0,crohn's disease,0.4609416231251976
1.0,3.871201010907891,1.0,0,36,0.785,5,5.698970004336019,0.64,1,crohn's disease,0.6678180151636184
0.0,3.9512437185814275,0.5,0,24,0.785,1,5.698970004336019,0.64,1,crohn's disease,0.4890186557787215
1.0,2.772588722239781,0.5,0,36,0.785,1,5.698970004336019,0.64,1,crohn's disease,0.4713388308335968
4.0,3.1354942159291497,0.6,0,36,0.785,1,5.698970004336019,0.8,1,crohn's disease,0.5447824132389373
0.0,6.2878585601617845,0.5,0,24,0.785,1,5.698970004336019,0.64,1,crohn's disease,0.5240678784024269
0.0,5.267858159063328,0.5,0,24,0.785,1,5.698970004336019,0.64,1,crohn's disease,0.50876787238595
0.0,4.174387269895637,0.5,0,24,0.785,1,5.698970004336019,0.64,1,crohn's disease,0.49236580904843463
0.5,4.0943445622221,0.5,0,24,0.785,1,5.698970004336019,0.64,1,crohn's disease,0.4911651684333316
0.0,3.6109179126442243,0.5,0,24,0.785,1,5.698970004336019,0.64,1,crohn's disease,0.48391376868966346
2.0,3.8501476017100584,1.0,0,48,0.785,5,5.698970004336019,0.36,1,crohn's disease,0.583502214025651
0.0,4.204692619390966,0.5,0,24,0.785,1,5.698970004336019,0.64,1,crohn's disease,0.4928203892908646
0.0,5.1298987149230735,1.0,0,24,0.785,5,5.698970004336019,0.64,1,crohn's disease,0.6866984807238461
0.0,3.9318256327243257,0.5,0,24,0.785,1,5.698970004336019,0.64,1,crohn's disease,0.48872738449086495
0.0,3.784189633918261,0.5,0,24,0.785,1,5.698970004336019,0.64,1,crohn's disease,0.48651284450877397
0.0,5.84354441703136,0.5,0,24,0.785,1,5.698970004336019,0.64,1,crohn's disease,0.5174031662554704
0.0,5.247024072160486,0.5,0,24,0.785,1,5.698970004336019,0.64,1,crohn's disease,0.5084553610824074
4.0,3.4339872044851463,0.5,0,36,0.785,1,5.698970004336019,0.8,1,crohn's disease,0.5292598080672772
0.0,4.442651256490317,1.0,0,24,0.785,5,5.698970004336019,0.64,1,crohn's disease,0.6763897688473548
0.0,4.127134385045092,0.5,0,24,0.785,1,5.698970004336019,0.64,1,crohn's disease,0.49165701577567644
0.0,5.771441123130016,0.5,0,24,0.785,1,5.698970004336019,0.64,1,crohn's disease,0.5163216168469503
0.0,1.791759469228055,0.5,0,24,0.785,1,5.698970004336019,0.64,0,crohn's disease,0.4566263920384209
0.0,5.572154032177765,0.5,0,24,0.785,1,5.698970004336019,0.64,1,crohn's disease,0.5133323104826666
0.0,3.091042453358316,0.5,0,24,0.785,1,5.698970004336019,0.64,1,crohn's disease,0.47611563680037483
2.0,4.248495242049359,1.0,0,48,0.785,5,5.698970004336019,0.36,1,crohn's disease,0.5894774286307405
0.0,4.290459441148391,0.5,0,24,0.785,1,5.698970004336019,0.64,1,crohn's disease,0.49410689161722593
0.0,3.2188758248682006,0.5,0,24,0.785,1,5.698970004336019,0.64,0,crohn's disease,0.4780331373730231
4.0,5.356586274672012,0.5,0,36,0.785,1,5.698970004336019,0.8,1,crohn's disease,0.5580987941200802
0.0,4.356708826689592,0.5,0,24,0.785,1,5.698970004336019,0.64,1,crohn's disease,0.49510063240034397
0.0,6.171700597410915,1.0,0,24,0.785,5,5.698970004336019,0.64,1,crohn's disease,0.7023255089611637
0.0,4.02535169073515,0.5,0,24,0.785,1,5.698970004336019,0.64,1,crohn's disease,0.4901302753610273
0.0,3.6635616461296463,0.5,0,24,0.785,1,5.698970004336019,0.64,1,crohn's disease,0.4847034246919448
0.0,4.442651256490317,0.5,0,24,0.785,1,5.698970004336019,0.64,1,crohn's disease,0.4963897688473548
0.0,8.57602797713713,1.0,0,24,0.785,5,5.698970004336019,0.64,1,crohn's disease,0.738390419657057
0.0,5.564520407322694,0.5,0,24,0.785,1,5.698970004336019,0.64,1,crohn's disease,0.5132178061098405
0.0,4.060443010546419,0.5,0,24,0.785,1,5.698970004336019,0.64,1,crohn's disease,0.49065664515819635
0.0,4.442651256490317,1.0,0,24,0.785,5,5.698970004336019,0.64,1,crohn's disease,0.6763897688473548
1.0,2.302585092994046,0.5,0,36,0.785,1,5.698970004336019,0.64,0,crohn's disease,0.4642887763949108
0.0,4.564348191467836,0.5,0,24,0.785,1,5.698970004336019,0.64,1,crohn's disease,0.49821522287201764
1.0,0.0,0.5,0,36,0.785,1,5.698970004336019,0.64,0,crohn's disease,0.4297500000000001
0.0,4.007333185232471,0.5,0,24,0.785,1,5.698970004336019,0.64,1,crohn's disease,0.48985999777848716
2.0,3.2188758248682006,0.5,0,48,0.785,1,5.698970004336019,0.36,0,crohn's disease,0.39403313737302303
4.0,4.394449154672439,0.5,0,36,0.785,1,5.698970004336019,0.8,1,crohn's disease,0.5436667373200866
0.0,3.367295829986474,0.5,0,24,0.785,1,5.698970004336019,0.64,1,crohn's disease,0.4802594374497972
0.0,4.465908118654584,1.0,0,24,0.785,5,5.698970004336019,0.64,1,crohn's disease,0.6767386217798188
0.0,4.007333185232471,0.5,0,24,0.785,1,5.698970004336019,0.64,1,crohn's disease,0.48985999777848716
0.0,3.9318256327243257,0.5,0,24,0.785,1,5.698970004336019,0.64,0,crohn's disease,0.48872738449086495
4.0,2.4849066497880004,0.5,0,36,0.785,1,5.698970004336019,0.8,0,crohn's disease,0.51502359974682
1.0,4.174387269895637,1.0,0,36,0.785,5,5.698970004336019,0.64,1,crohn's disease,0.6723658090484346
0.0,4.174387269895637,0.5,0,24,0.785,1,5.698970004336019,0.64,1,crohn's disease,0.49236580904843463
3.0,4.624972813284271,1.0,0,60,0.785,5,5.698970004336019,0.58,1,crohn's disease,0.661124592199264
0.0,4.969813299576001,1.0,0,24,0.785,5,5.698970004336019,0.64,1,crohn's disease,0.68429719949364
2.0,5.236441962829949,1.0,0,48,0.785,5,5.698970004336019,0.36,0,crohn's disease,0.6042966294424493
1.0,1.0986122886681098,0.5,0,36,0.785,1,5.698970004336019,0.64,1,crohn's disease,0.44622918433002173
0.0,2.9444389791664403,0.5,0,24,0.785,1,5.698970004336019,0.64,1,crohn's disease,0.4739165846874967
4.0,4.418840607796598,0.5,0,36,0.785,1,5.698970004336019,0.8,1,crohn's disease,0.544032609116949
4.0,5.564520407322694,0.5,0,36,0.785,1,5.698970004336019,0.8,1,crohn's disease,0.5612178061098404
1.0,1.3862943611198906,0.5,0,36,0.785,1,5.698970004336019,0.64,0,crohn's disease,0.45054441541679846
3.0,6.553933404025811,1.0,0,60,0.785,5,5.698970004336019,0.58,0,crohn's disease,0.6900590010603872
2.0,4.356708826689592,1.0,0,48,0.785,5,5.698970004336019,0.36,1,crohn's disease,0.5911006324003439
0.0,4.394449154672439,0.5,0,24,0.785,1,5.698970004336019,0.64,1,crohn's disease,0.49566673732008665
0.0,3.4657359027997265,0.5,0,24,0.785,1,5.698970004336019,0.64,1,crohn's disease,0.481736038541996
3.0,6.673297967767654,1.0,0,60,0.785,5,5.698970004336019,0.58,0,crohn's disease,0.6918494695165148
1.0,2.3978952727983707,0.5,0,36,0.785,1,5.698970004336019,0.64,1,crohn's disease,0.46571842909197564
1.0,2.3978952727983707,0.5,0,36,0.785,1,5.698970004336019,0.64,1,crohn's disease,0.46571842909197564
0.0,0.0,0.5,0,24,0.785,1,5.698970004336019,0.64,0,crohn's disease,0.4297500000000001
0.0,4.969813299576001,1.0,0,24,0.785,5,5.698970004336019,0.64,0,crohn's disease,0.68429719949364
3.0,0.0,0.5,0,60,0.785,1,5.698970004336019,0.58,0,crohn's disease,0.41175000000000006
4.0,3.7612001156935624,0.5,0,36,0.785,1,5.698970004336019,0.8,1,crohn's disease,0.5341680017354035
3.0,5.739792912179234,1.0,0,60,0.785,5,5.698970004336019,0.58,0,crohn's disease,0.6778468936826885
0.0,3.713572066704308,0.6,0,24,0.785,1,5.698970004336019,0.64,1,crohn's disease,0.5054535810005646
0.0,2.3978952727983707,0.5,0,24,0.785,1,5.698970004336019,0.64,1,crohn's disease,0.46571842909197564
4.0,4.406719247264253,0.5,0,36,0.785,1,5.698970004336019,0.8,1,crohn's disease,0.5438507887089639
0.0,4.2626798770413155,0.5,0,24,0.785,1,5.698970004336019,0.64,1,crohn's disease,0.4936901981556198
0.0,5.3706380281276624,0.5,0,24,0.785,1,5.698970004336019,0.64,1,crohn's disease,0.510309570421915
0.0,4.1588830833596715,0.6,0,24,0.785,1,5.698970004336019,0.64,1,crohn's disease,0.512133246250395
0.0,3.6888794541139363,0.5,0,24,0.785,1,5.698970004336019,0.64,0,crohn's disease,0.4850831918117091
0.0,9.074176947163311,0.5,0,24,0.785,1,5.698970004336019,0.64,1,crohn's disease,0.5658626542074497
0.0,5.170483995038151,0.5,0,24,0.785,1,5.698970004336019,0.64,1,crohn's disease,0.5073072599255724
0.0,3.9889840465642745,0.5,0,24,0.785,1,5.698970004336019,0.64,1,crohn's disease,0.4895847606984642
0.0,2.0794415416798357,1.0,0,24,0.785,5,5.698970004336019,0.64,0,crohn's disease,0.6409416231251975
0.0,2.995732273553991,0.5,0,24,0.785,1,5.698970004336019,0.64,1,crohn's disease,0.4746859841033099
2.0,4.68213122712422,1.0,0,48,0.785,5,5.698970004336019,0.36,1,crohn's disease,0.5959819684068633
0.0,4.77912349311153,0.5,0,24,0.785,1,5.698970004336019,0.64,1,crohn's disease,0.501436852396673
0.0,2.772588722239781,0.5,0,24,0.785,1,5.698970004336019,0.64,1,crohn's disease,0.4713388308335968
0.0,6.608000625296087,0.5,0,24,0.785,1,5.698970004336019,0.64,1,crohn's disease,0.5288700093794414
0.0,4.007333185232471,1.0,0,24,0.785,5,5.698970004336019,0.64,1,crohn's disease,0.669859997778487
0.5,2.1972245773362196,0.5,0,24,0.785,1,5.698970004336019,0.64,1,crohn's disease,0.4627083686600434
0.0,4.290459441148391,0.5,0,24,0.785,1,5.698970004336019,0.64,1,crohn's disease,0.49410689161722593
0.0,4.59511985013459,1.0,0,24,0.785,5,5.698970004336019,0.64,1,crohn's disease,0.6786767977520188
0.0,4.795790545596741,0.5,0,24,0.785,1,5.698970004336019,0.64,1,crohn's disease,0.5016868581839512
0.0,5.209486152841421,0.5,0,24,0.785,1,5.698970004336019,0.64,1,crohn's disease,0.5078922922926215
4.0,3.5553480614894135,1.0,0,36,0.785,5,5.698970004336019,0.8,1,crohn's disease,0.7110802209223412
0.0,5.638354669333745,0.5,0,24,0.785,1,5.698970004336019,0.64,1,crohn's disease,0.5143253200400062
0.0,5.017279836814924,0.5,0,24,0.785,1,5.698970004336019,0.64,1,crohn's disease,0.505009197552224
2.0,5.2574953720277815,1.0,0,48,0.785,5,5.698970004336019,0.36,1,crohn's disease,0.6046124305804168
0.0,4.110873864173311,0.5,0,24,0.785,1,5.698970004336019,0.64,1,crohn's disease,0.49141310796259974
4.0,0.0,1.0,0,36,0.785,5,5.698970004336019,0.8,0,crohn's disease,0.6577500000000001
0.0,0.6931471805599453,1.0,0,24,0.785,5,5.698970004336019,0.64,0,crohn's disease,0.6201472077083992
0.0,5.488937726156687,0.5,0,24,0.785,1,5.698970004336019,0.64,1,crohn's disease,0.5120840658923503
2.0,5.963579343618446,1.0,0,48,0.785,5,5.698970004336019,0.36,1,crohn's disease,0.6152036901542768
0.0,5.739792912179234,1.0,0,24,0.785,5,5.698970004336019,0.64,1,crohn's disease,0.6958468936826885
0.0,6.059123195581797,1.0,0,24,0.785,5,5.698970004336019,0.64,1,crohn's disease,0.7006368479337269
1.0,2.3978952727983707,0.5,0,36,0.785,1,5.698970004336019,0.64,1,crohn's disease,0.46571842909197564
1.0,4.2626798770413155,1.0,0,36,0.785,5,5.698970004336019,0.64,1,crohn's disease,0.6736901981556197
0.0,4.948759890378168,1.0,0,24,0.785,5,5.698970004336019,0.64,1,crohn's disease,0.6839813983556725
4.0,0.0,0.5,0,36,0.785,1,5.698970004336019,0.8,0,crohn's disease,0.47775
0.0,1.3862943611198906,0.5,0,24,0.785,1,5.698970004336019,0.64,0,crohn's disease,0.45054441541679846
3.0,4.997212273764115,1.0,0,60,0.785,5,5.698970004336019,0.58,1,crohn's disease,0.6667081841064617
0.0,7.094234845924755,0.5,0,24,0.785,1,5.698970004336019,0.64,1,crohn's disease,0.5361635226888714
0.0,5.652489180268651,0.5,0,24,0.785,1,5.698970004336019,0.64,1,crohn's disease,0.5145373377040299
0.0,3.6635616461296463,0.5,0,24,0.785,1,5.698970004336019,0.64,1,crohn's disease,0.4847034246919448
4.0,3.367295829986474,0.5,0,36,0.785,1,5.698970004336019,0.8,1,crohn's disease,0.5282594374497971
0.0,3.970291913552122,0.5,0,24,0.785,1,5.698970004336019,0.64,1,crohn's disease,0.4893043787032819
3.0,6.4692503167957724,1.0,0,60,0.785,5,5.698970004336019,0.58,1,crohn's disease,0.6887887547519366
0.0,6.0330862217988015,0.5,0,24,0.785,1,5.698970004336019,0.64,1,crohn's disease,0.5202462933269821
0.0,4.007333185232471,0.5,0,24,0.785,1,5.698970004336019,0.64,1,crohn's disease,0.48985999777848716
0.0,4.143134726391533,0.5,0,24,0.785,1,5.698970004336019,0.64,1,crohn's disease,0.49189702089587306
2.0,3.7612001156935624,1.0,0,48,0.785,5,5.698970004336019,0.36,0,crohn's disease,0.5821680017354035
2.0,6.42648845745769,0.5,0,48,0.785,1,5.698970004336019,0.36,1,crohn's disease,0.44214732686186536
2.0,2.9444389791664403,1.0,0,48,0.785,5,5.698970004336019,0.36,0,crohn's disease,0.5699165846874966
0.0,4.948759890378168,0.5,0,24,0.785,1,5.698970004336019,0.64,1,crohn's disease,0.5039813983556726
4.0,0.6931471805599453,0.5,0,36,0.785,1,5.698970004336019,0.8,0,crohn's disease,0.4881472077083992
4.0,3.9889840465642745,1.0,0,36,0.785,5,5.698970004336019,0.8,0,crohn's disease,0.7175847606984642
2.0,4.61512051684126,0.5,0,48,0.785,1,5.698970004336019,0.36,1,crohn's disease,0.4149768077526189
4.0,3.871201010907891,0.5,0,36,0.785,1,5.698970004336019,0.8,0,crohn's disease,0.5358180151636184
0.0,7.266827347520591,1.0,0,24,0.785,5,5.698970004336019,0.64,1,crohn's disease,0.7187524102128089
0.0,3.332204510175204,0.5,0,24,0.785,1,5.698970004336019,0.64,1,crohn's disease,0.47973306765262813
0.0,3.044522437723423,1.0,0,24,0.785,5,5.698970004336019,0.64,1,crohn's disease,0.6554178365658514
3.0,3.258096538021482,0.5,0,60,0.785,1,5.698970004336019,0.58,1,crohn's disease,0.4606214480703223
0.0,2.772588722239781,0.5,0,24,0.785,1,5.698970004336019,0.64,1,crohn's disease,0.4713388308335968
0.0,4.787491742782046,0.5,0,24,0.785,1,5.698970004336019,0.64,1,crohn's disease,0.5015623761417307
0.0,3.4339872044851463,0.5,0,24,0.785,1,5.698970004336019,0.64,0,crohn's disease,0.48125980806727725
4.0,5.805134968916488,1.0,0,36,0.785,5,5.698970004336019,0.8,0,crohn's disease,0.7448270245337474
0.0,2.772588722239781,0.5,0,24,0.785,1,5.698970004336019,0.64,1,crohn's disease,0.4713388308335968
0.0,5.849324779946859,0.5,0,24,0.785,1,5.698970004336019,0.64,1,crohn's disease,0.5174898716992029
0.0,5.303304908059076,1.0,0,24,0.785,5,5.698970004336019,0.64,1,crohn's disease,0.6892995736208861
3.0,7.20934025660291,1.0,0,60,0.785,5,5.698970004336019,0.58,1,crohn's disease,0.6998901038490436
0.0,5.0369526024136295,0.5,0,24,0.785,1,5.698970004336019,0.64,1,crohn's disease,0.5053042890362045
0.0,3.5263605246161616,0.5,0,24,0.785,1,5.698970004336019,0.64,1,crohn's disease,0.4826454078692425
3.0,7.224753405767971,1.0,0,60,0.785,5,5.698970004336019,0.58,1,crohn's disease,0.7001213010865196
2.0,2.1972245773362196,0.5,0,48,0.785,1,5.698970004336019,0.36,1,crohn's disease,0.3787083686600433
2.0,4.836281906951478,1.0,0,48,0.785,5,5.698970004336019,0.36,1,crohn's disease,0.5982942286042722
1.0,4.61512051684126,1.0,0,36,0.785,5,5.698970004336019,0.64,0,crohn's disease,0.6789768077526189
3.0,6.616065185132817,1.0,0,60,0.785,5,5.698970004336019,0.58,1,crohn's disease,0.6909909777769923
2.0,3.4011973816621555,1.0,0,48,0.785,5,5.698970004336019,0.36,0,crohn's disease,0.5767679607249324
0.0,5.3230099791384085,0.6,0,24,0.785,1,5.698970004336019,0.64,1,crohn's disease,0.5295951496870761
1.0,5.204006687076795,1.0,0,36,0.785,5,5.698970004336019,0.64,1,crohn's disease,0.687810100306152
0.0,6.90875477931522,1.0,0,24,0.785,5,5.698970004336019,0.64,1,crohn's disease,0.7133813216897283
3.0,5.726847747587197,0.5,0,60,0.785,1,5.698970004336019,0.58,1,crohn's disease,0.497652716213808
0.0,7.874739125171811,0.5,0,24,0.785,1,5.698970004336019,0.64,1,crohn's disease,0.5478710868775772
0.0,3.828641396489095,0.5,0,24,0.785,1,5.698970004336019,0.64,1,crohn's disease,0.4871796209473365
3.0,5.5254529391317835,1.0,0,60,0.785,5,5.698970004336019,0.58,1,crohn's disease,0.6746317940869767
0.0,5.521460917862246,0.5,0,24,0.785,1,5.698970004336019,0.64,1,crohn's disease,0.5125719137679338
0.0,6.0112671744041615,1.0,0,24,0.785,5,5.698970004336019,0.64,1,crohn's disease,0.6999190076160624
0.0,3.5263605246161616,0.5,0,24,0.785,1,5.698970004336019,0.64,1,crohn's disease,0.4826454078692425
3.0,0.0,0.5,0,60,0.785,1,5.698970004336019,0.58,0,crohn's disease,0.41175000000000006
0.0,3.7612001156935624,0.5,0,24,0.785,1,5.698970004336019,0.64,1,crohn's disease,0.48616800173540353
0.0,3.2188758248682006,0.5,0,24,0.785,1,5.698970004336019,0.64,1,crohn's disease,0.4780331373730231
0.0,5.402677381872279,1.0,0,24,0.785,5,5.698970004336019,0.64,1,crohn's disease,0.6907901607280842
0.0,1.0986122886681098,0.5,0,24,0.785,1,5.698970004336019,0.64,0,crohn's disease,0.44622918433002173
0.0,5.484796933490655,1.0,0,24,0.785,5,5.698970004336019,0.64,1,crohn's disease,0.6920219540023598
0.0,5.170483995038151,0.5,0,24,0.785,1,5.698970004336019,0.64,1,crohn's disease,0.5073072599255724
0.0,3.58351893845611,0.5,0,24,0.785,1,5.698970004336019,0.64,1,crohn's disease,0.4835027840768417
0.0,4.574710978503383,0.5,0,24,0.785,1,5.698970004336019,0.64,1,crohn's disease,0.4983706646775508
1.0,2.0794415416798357,0.5,0,36,0.785,1,5.698970004336019,0.64,1,crohn's disease,0.4609416231251976
0.0,4.61512051684126,0.5,0,24,0.785,1,5.698970004336019,0.64,1,crohn's disease,0.498976807752619
0.0,4.110873864173311,0.5,0,24,0.785,1,5.698970004336019,0.64,1,crohn's disease,0.49141310796259974
0.0,3.4657359027997265,0.5,0,24,0.785,1,5.698970004336019,0.64,1,crohn's disease,0.481736038541996
2.0,2.70805020110221,1.0,0,48,0.785,5,5.698970004336019,0.36,1,crohn's disease,0.5663707530165332
4.0,5.262690188904886,0.5,0,36,0.785,1,5.698970004336019,0.8,1,crohn's disease,0.5566903528335733
1.0,2.302585092994046,0.5,0,36,0.785,1,5.698970004336019,0.64,1,crohn's disease,0.4642887763949108
0.0,3.4965075614664802,0.5,0,24,0.785,1,5.698970004336019,0.64,1,crohn's disease,0.4821976134219973
0.0,4.007333185232471,0.6,0,24,0.785,1,5.698970004336019,0.64,0,crohn's disease,0.509859997778487
2.0,3.4339872044851463,0.5,0,48,0.785,1,5.698970004336019,0.36,1,crohn's disease,0.3972598080672772
1.0,4.204692619390966,0.5,0,36,0.785,1,5.698970004336019,0.64,1,crohn's disease,0.4928203892908646
0.0,6.2166061010848646,0.5,0,24,0.785,1,5.698970004336019,0.64,1,crohn's disease,0.522999091516273
2.0,3.6635616461296463,0.5,0,48,0.785,1,5.698970004336019,0.36,1,crohn's disease,0.4007034246919447
3.0,6.837332814685591,1.0,0,60,0.785,5,5.698970004336019,0.58,1,crohn's disease,0.6943099922202839
0.0,5.3471075307174685,0.5,0,24,0.785,1,5.698970004336019,0.64,1,crohn's disease,0.5099566129607621
0.0,2.3978952727983707,0.6,0,24,0.785,1,5.698970004336019,0.64,0,crohn's disease,0.48571842909197555
0.5,0.0,0.5,0,24,0.785,1,5.698970004336019,0.64,0,crohn's disease,0.4297500000000001
4.0,2.302585092994046,0.5,0,36,0.785,1,5.698970004336019,0.8,0,crohn's disease,0.5122887763949107
3.0,6.428105272684596,1.0,0,60,0.785,5,5.698970004336019,0.58,1,crohn's disease,0.6881715790902689
0.0,5.159055299214529,0.5,0,24,0.785,1,5.698970004336019,0.64,1,crohn's disease,0.507135829488218
0.0,4.382026634673881,0.5,0,24,0.785,1,5.698970004336019,0.64,1,crohn's disease,0.4954803995201083
0.0,4.127134385045092,1.0,0,24,0.785,5,5.698970004336019,0.64,1,crohn's disease,0.6716570157756764
2.0,0.6931471805599453,1.0,0,48,0.785,5,5.698970004336019,0.36,0,crohn's disease,0.5361472077083992
0.0,4.962844630259907,0.5,0,24,0.785,1,5.698970004336019,0.64,1,crohn's disease,0.5041926694538987
0.0,7.540090320145325,0.5,0,24,0.785,1,5.698970004336019,0.64,1,crohn's disease,0.5428513548021799
0.0,5.932245187448011,0.5,0,24,0.785,1,5.698970004336019,0.64,1,crohn's disease,0.5187336778117202
0.0,6.052089168924417,1.0,0,24,0.785,5,5.698970004336019,0.64,1,crohn's disease,0.7005313375338663
0.0,2.302585092994046,0.5,0,24,0.785,1,5.698970004336019,0.64,1,crohn's disease,0.4642887763949108
1.0,2.1972245773362196,1.0,0,36,0.785,5,5.698970004336019,0.64,0,crohn's disease,0.6427083686600433
0.0,4.143134726391533,1.0,0,24,0.785,5,5.698970004336019,0.64,0,crohn's disease,0.671897020895873
1.0,3.367295829986474,0.5,0,36,0.785,1,5.698970004336019,0.64,1,crohn's disease,0.4802594374497972
0.0,4.04305126783455,0.5,0,24,0.785,1,5.698970004336019,0.64,1,crohn's disease,0.49039576901751836
0.0,4.564348191467836,0.5,0,24,0.785,1,5.698970004336019,0.64,1,crohn's disease,0.49821522287201764
0.0,0.0,0.5,0,24,0.785,1,5.698970004336019,0.64,0,crohn's disease,0.4297500000000001
0.0,7.4570320891223805,1.0,0,24,0.785,5,5.698970004336019,0.64,1,crohn's disease,0.7216054813368358
0.0,6.416732282512326,0.5,0,24,0.785,1,5.698970004336019,0.64,1,crohn's disease,0.5260009842376849
0.0,5.303304908059076,0.5,0,24,0.785,1,5.698970004336019,0.64,1,crohn's disease,0.5092995736208862
1.0,1.791759469228055,0.5,0,36,0.785,1,5.698970004336019,0.64,1,crohn's disease,0.4566263920384209
2.0,4.3694478524670215,1.0,0,48,0.785,5,5.698970004336019,0.36,1,crohn's disease,0.5912917177870054
2.0,4.499809670330265,1.0,0,48,0.785,5,5.698970004336019,0.36,1,crohn's disease,0.593247145054954
0.0,2.302585092994046,0.5,0,24,0.785,1,5.698970004336019,0.64,0,crohn's disease,0.4642887763949108
2.0,4.941642422609304,1.0,0,48,0.785,5,5.698970004336019,0.36,0,crohn's disease,0.5998746363391396
3.0,7.080867896690782,1.0,0,60,0.785,5,5.698970004336019,0.58,0,crohn's disease,0.6979630184503617
0.0,3.6635616461296463,0.5,0,24,0.785,1,5.698970004336019,0.64,0,crohn's disease,0.4847034246919448
0.0,5.288267030694535,0.5,0,24,0.785,1,5.698970004336019,0.64,1,crohn's disease,0.5090740054604181
0.0,2.302585092994046,0.5,0,24,0.785,1,5.698970004336019,0.64,0,crohn's disease,0.4642887763949108
0.0,3.9318256327243257,1.0,0,24,0.785,5,5.698970004336019,0.64,1,crohn's disease,0.6687273844908649
3.0,6.2166061010848646,1.0,0,60,0.785,5,5.698970004336019,0.58,1,crohn's disease,0.6849990915162729
0.0,4.394449154672439,0.5,0,24,0.785,1,5.698970004336019,0.64,1,crohn's disease,0.49566673732008665
4.0,4.941642422609304,0.5,0,36,0.785,1,5.698970004336019,0.8,1,crohn's disease,0.5518746363391396
0.5,2.302585092994046,0.5,0,24,0.785,1,5.698970004336019,0.64,1,crohn's disease,0.4642887763949108
1.0,0.0,0.5,0,36,0.785,1,5.698970004336019,0.64,0,crohn's disease,0.4297500000000001
2.0,3.784189633918261,1.0,0,48,0.785,5,5.698970004336019,0.36,0,crohn's disease,0.5825128445087739
3.0,6.437751649736401,1.0,0,60,0.785,5,5.698970004336019,0.58,1,crohn's disease,0.6883162747460461
0.0,5.455321115357702,0.5,0,24,0.785,1,5.698970004336019,0.64,1,crohn's disease,0.5115798167303656
3.0,6.343880434126331,1.0,0,60,0.785,5,5.698970004336019,0.58,1,crohn's disease,0.686908206511895
3.0,4.2626798770413155,1.0,0,60,0.785,5,5.698970004336019,0.58,1,crohn's disease,0.6556901981556197
3.0,0.0,1.0,0,60,0.785,5,5.698970004336019,0.58,0,crohn's disease,0.59175
0.0,0.0,0.5,0,24,0.785,1,5.698970004336019,0.64,0,crohn's disease,0.4297500000000001
4.0,4.02535169073515,1.0,0,36,0.785,5,5.698970004336019,0.8,1,crohn's disease,0.7181302753610272
0.0,3.713572066704308,1.0,0,24,0.785,5,5.698970004336019,0.64,1,crohn's disease,0.6654535810005646
2.0,4.060443010546419,1.0,0,48,0.785,5,5.698970004336019,0.36,1,crohn's disease,0.5866566451581964
0.0,2.4849066497880004,0.5,0,24,0.785,1,5.698970004336019,0.64,1,crohn's disease,0.46702359974682006
0.0,5.730099782973574,0.5,0,24,0.785,1,5.698970004336019,0.64,1,crohn's disease,0.5157014967446036
0.0,3.9318256327243257,0.5,0,24,0.785,1,5.698970004336019,0.64,1,crohn's disease,0.48872738449086495
0.0,4.2626798770413155,0.5,0,24,0.785,1,5.698970004336019,0.64,1,crohn's disease,0.4936901981556198
0.0,4.3694478524670215,0.5,0,24,0.785,1,5.698970004336019,0.64,1,crohn's disease,0.4952917177870054
0.0,3.58351893845611,0.5,0,24,0.785,1,5.698970004336019,0.64,1,crohn's disease,0.4835027840768417
0.0,4.110873864173311,1.0,0,24,0.785,5,5.698970004336019,0.64,1,crohn's disease,0.6714131079625997
0.0,3.9318256327243257,0.5,0,24,0.785,1,5.698970004336019,0.64,1,crohn's disease,0.48872738449086495
1.0,1.9459101490553132,0.5,0,36,0.785,1,5.698970004336019,0.64,0,crohn's disease,0.45893865223582975
0.0,3.6375861597263857,0.5,0,24,0.785,1,5.698970004336019,0.64,1,crohn's disease,0.4843137923958959
1.0,3.828641396489095,1.0,0,36,0.785,5,5.698970004336019,0.64,1,crohn's disease,0.6671796209473364
0.5,3.6375861597263857,0.5,0,24,0.785,1,5.698970004336019,0.64,1,crohn's disease,0.4843137923958959
1.0,2.0794415416798357,0.5,0,36,0.785,1,5.698970004336019,0.64,1,crohn's disease,0.4609416231251976
0.0,7.734996194022781,0.5,0,24,0.785,1,5.698970004336019,0.64,1,crohn's disease,0.5457749429103418
0.0,3.5553480614894135,0.5,0,24,0.785,1,5.698970004336019,0.64,1,crohn's disease,0.48308022092234126
0.0,3.4657359027997265,0.5,0,24,0.785,1,5.698970004336019,0.64,1,crohn's disease,0.481736038541996
0.0,3.295836866004329,0.5,0,24,0.785,1,5.698970004336019,0.64,1,crohn's disease,0.479187552990065
0.0,8.294299608857235,0.5,0,24,0.785,1,5.698970004336019,0.64,1,crohn's disease,0.5541644941328586
0.0,0.0,0.5,0,24,0.785,1,5.698970004336019,0.64,0,crohn's disease,0.4297500000000001
0.0,5.236441962829949,1.0,0,24,0.785,5,5.698970004336019,0.64,1,crohn's disease,0.6882966294424493
0.0,2.5649493574615367,0.5,0,24,0.785,1,5.698970004336019,0.64,1,crohn's disease,0.4682242403619231
0.0,4.0943445622221,1.0,0,24,0.785,5,5.698970004336019,0.64,1,crohn's disease,0.6711651684333315
3.0,5.375278407684165,1.0,0,60,0.785,5,5.698970004336019,0.58,1,crohn's disease,0.6723791761152624
0.0,4.762173934797756,1.0,0,24,0.785,5,5.698970004336019,0.64,1,crohn's disease,0.6811826090219664
0.0,4.74493212836325,1.0,0,24,0.785,5,5.698970004336019,0.64,1,crohn's disease,0.6809239819254488
3.0,4.007333185232471,1.0,0,60,0.785,5,5.698970004336019,0.58,1,crohn's disease,0.651859997778487
4.0,2.4849066497880004,1.0,0,36,0.785,5,5.698970004336019,0.8,1,crohn's disease,0.69502359974682
3.0,6.267200548541362,1.0,0,60,0.785,5,5.698970004336019,0.58,1,crohn's disease,0.6857580082281205
0.0,6.7650389767805414,0.5,0,24,0.785,1,5.698970004336019,0.64,1,crohn's disease,0.5312255846517082
2.0,4.499809670330265,1.0,0,48,0.785,5,5.698970004336019,0.36,0,crohn's disease,0.593247145054954
3.0,5.375278407684165,1.0,0,60,0.785,5,5.698970004336019,0.58,1,crohn's disease,0.6723791761152624
1.0,3.367295829986474,1.0,0,36,0.785,5,5.698970004336019,0.64,0,crohn's disease,0.6602594374497971
2.0,5.480638923341991,1.0,0,48,0.785,5,5.698970004336019,0.36,0,crohn's disease,0.6079595838501299
0.0,5.5093883366279774,1.0,0,24,0.785,5,5.698970004336019,0.64,1,crohn's disease,0.6923908250494196
4.0,0.0,0.5,0,36,0.785,1,5.698970004336019,0.8,0,crohn's disease,0.47775
3.0,5.958424693029782,1.0,0,60,0.785,5,5.698970004336019,0.58,1,crohn's disease,0.6811263703954468
0.0,3.871201010907891,0.5,0,24,0.785,1,5.698970004336019,0.64,1,crohn's disease,0.48781801516361845
3.0,3.5553480614894135,1.0,0,60,0.785,5,5.698970004336019,0.58,0,crohn's disease,0.6450802209223412
0.0,5.998936561946683,0.5,0,24,0.785,1,5.698970004336019,0.64,1,crohn's disease,0.5197340484292003
0.0,5.860786223465865,0.5,0,24,0.785,1,5.698970004336019,0.64,1,crohn's disease,0.517661793351988
2.0,5.501258210544727,1.0,0,48,0.785,5,5.698970004336019,0.36,1,crohn's disease,0.6082688731581709
0.0,2.3978952727983707,0.5,0,24,0.785,1,5.698970004336019,0.64,0,crohn's disease,0.46571842909197564
2.0,0.0,0.5,0,48,0.785,1,5.698970004336019,0.36,0,crohn's disease,0.34575
2.0,5.123963979403259,1.0,0,48,0.785,5,5.698970004336019,0.36,0,crohn's disease,0.602609459691049
0.0,4.143134726391533,0.5,0,24,0.785,1,5.698970004336019,0.64,1,crohn's disease,0.49189702089587306
3.0,6.324358962381311,1.0,0,60,0.785,5,5.698970004336019,0.58,1,crohn's disease,0.6866153844357197
0.0,0.0,0.5,0,24,0.785,1,5.698970004336019,0.64,0,crohn's disease,0.4297500000000001
4.0,3.8918202981106265,0.5,0,36,0.785,1,5.698970004336019,0.8,1,crohn's disease,0.5361273044716595
0.0,4.290459441148391,0.5,0,24,0.785,1,5.698970004336019,0.64,1,crohn's disease,0.49410689161722593
0.0,4.77912349311153,1.0,0,24,0.785,5,5.698970004336019,0.64,1,crohn's disease,0.681436852396673
0.0,2.70805020110221,0.5,0,24,0.785,1,5.698970004336019,0.64,1,crohn's disease,0.47037075301653325
0.0,5.062595033026967,1.0,0,24,0.785,5,5.698970004336019,0.64,1,crohn's disease,0.6856889254954045
0.0,4.1588830833596715,0.6,0,24,0.785,1,5.698970004336019,0.64,1,crohn's disease,0.512133246250395
0.0,1.0986122886681098,0.5,0,24,0.785,1,5.698970004336019,0.64,0,crohn's disease,0.44622918433002173
2.0,5.170483995038151,0.5,0,48,0.785,1,5.698970004336019,0.36,1,crohn's disease,0.4233072599255723
0.0,4.110873864173311,0.6,0,24,0.785,1,5.698970004336019,0.64,1,crohn's disease,0.5114131079625996
0.0,4.007333185232471,0.5,0,24,0.785,1,5.698970004336019,0.64,1,crohn's disease,0.48985999777848716
0.0,3.044522437723423,0.5,0,24,0.785,1,5.698970004336019,0.64,1,crohn's disease,0.4754178365658514
1.0,2.833213344056216,1.0,0,36,0.785,5,5.698970004336019,0.64,1,crohn's disease,0.6522482001608433
0.0,2.6390573296152584,0.5,0,24,0.785,1,5.698970004336019,0.64,1,crohn's disease,0.46933585994422894
0.0,3.5263605246161616,0.5,0,24,0.785,1,5.698970004336019,0.64,1,crohn's disease,0.4826454078692425
0.5,2.3978952727983707,0.5,0,24,0.785,1,5.698970004336019,0.64,0,crohn's disease,0.46571842909197564
0.0,0.0,0.5,0,24,0.785,1,5.698970004336019,0.64,0,crohn's disease,0.4297500000000001
1.0,2.833213344056216,0.5,0,36,0.785,1,5.698970004336019,0.64,1,crohn's disease,0.47224820016084335
0.0,4.700480365792417,0.6,0,24,0.785,1,5.698970004336019,0.64,1,crohn's disease,0.5202572054868863
0.0,7.729735331385051,1.0,0,24,0.785,5,5.698970004336019,0.64,1,crohn's disease,0.7256960299707758
4.0,5.236441962829949,0.5,0,36,0.785,1,5.698970004336019,0.8,1,crohn's disease,0.5562966294424493
1.0,3.4965075614664802,0.5,0,36,0.785,1,5.698970004336019,0.64,1,crohn's disease,0.4821976134219973
2.0,0.0,0.5,0,48,0.785,1,5.698970004336019,0.36,0,crohn's disease,0.34575
0.0,3.828641396489095,0.5,0,24,0.785,1,5.698970004336019,0.64,1,crohn's disease,0.4871796209473365
2.0,7.351799869057777,1.0,0,48,0.785,5,5.698970004336019,0.36,1,crohn's disease,0.6360269980358667
0.0,3.4011973816621555,1.0,0,24,0.785,5,5.698970004336019,0.64,0,crohn's disease,0.6607679607249324
0.0,4.394449154672439,0.5,0,24,0.785,1,5.698970004336019,0.64,1,crohn's disease,0.49566673732008665
1.0,3.2188758248682006,1.0,0,36,0.785,5,5.698970004336019,0.64,0,crohn's disease,0.658033137373023
0.0,5.484796933490655,0.5,0,24,0.785,1,5.698970004336019,0.64,1,crohn's disease,0.5120219540023598
2.0,2.3978952727983707,0.5,0,48,0.785,1,5.698970004336019,0.36,1,crohn's disease,0.38171842909197556
1.0,2.8903717578961645,0.5,0,36,0.785,1,5.698970004336019,0.64,1,crohn's disease,0.4731055763684425
0.0,3.1780538303479458,0.5,0,24,0.785,1,5.698970004336019,0.64,1,crohn's disease,0.47742080745521925
0.0,4.634728988229636,0.5,0,24,0.785,1,5.698970004336019,0.64,1,crohn's disease,0.49927093482344465
2.0,6.484635235635252,0.5,0,48,0.785,1,5.698970004336019,0.36,1,crohn's disease,0.44301952853452875
3.0,6.439350371100098,1.0,0,60,0.785,5,5.698970004336019,0.58,0,crohn's disease,0.6883402555665015
3.0,6.408528791059498,1.0,0,60,0.785,5,5.698970004336019,0.58,1,crohn's disease,0.6878779318658925
0.0,8.68929604801586,1.0,0,24,0.785,5,5.698970004336019,0.64,1,crohn's disease,0.7400894407202379
2.0,4.543294782270004,1.0,0,48,0.785,5,5.698970004336019,0.36,1,crohn's disease,0.5938994217340501
0.0,4.718498871295094,1.0,0,24,0.785,5,5.698970004336019,0.64,1,crohn's disease,0.6805274830694265
0.0,3.9512437185814275,0.5,0,24,0.785,1,5.698970004336019,0.64,1,crohn's disease,0.4890186557787215
2.0,3.044522437723423,0.5,0,48,0.785,1,5.698970004336019,0.36,1,crohn's disease,0.39141783656585133
0.0,4.68213122712422,0.5,0,24,0.785,1,5.698970004336019,0.64,1,crohn's disease,0.4999819684068634
0.0,4.48863636973214,0.5,0,24,0.785,1,5.698970004336019,0.64,1,crohn's disease,0.49707954554598216
2.0,3.4965075614664802,0.5,0,48,0.785,1,5.698970004336019,0.36,1,crohn's disease,0.3981976134219972
3.0,6.75110146893676,1.0,0,60,0.785,5,5.698970004336019,0.58,0,crohn's disease,0.6930165220340514
0.0,3.58351893845611,0.5,0,24,0.785,1,5.698970004336019,0.64,1,crohn's disease,0.4835027840768417
0.0,4.962844630259907,0.5,0,24,0.785,1,5.698970004336019,0.64,1,crohn's disease,0.5041926694538987
4.0,1.3862943611198906,0.5,0,36,0.785,1,5.698970004336019,0.8,0,crohn's disease,0.4985444154167984
0.0,4.584967478670572,0.5,0,24,0.785,1,5.698970004336019,0.64,1,crohn's disease,0.49852451218005867
1.0,0.6931471805599453,0.5,0,36,0.785,1,5.698970004336019,0.64,1,crohn's disease,0.44014720770839927
3.0,3.4339872044851463,1.0,0,60,0.785,5,5.698970004336019,0.58,0,crohn's disease,0.6432598080672772
2.0,3.044522437723423,1.0,0,48,0.785,5,5.698970004336019,0.36,0,crohn's disease,0.5714178365658514
0.0,3.1354942159291497,0.5,0,24,0.785,1,5.698970004336019,0.64,1,crohn's disease,0.47678241323893733
3.0,2.302585092994046,0.5,0,60,0.785,1,5.698970004336019,0.58,0,crohn's disease,0.44628877639491077
1.0,3.4965075614664802,1.0,0,36,0.785,5,5.698970004336019,0.64,0,crohn's disease,0.6621976134219972
0.0,4.1588830833596715,0.6,0,24,0.785,1,5.698970004336019,0.64,1,crohn's disease,0.512133246250395
1.0,2.1972245773362196,1.0,0,36,0.785,5,5.698970004336019,0.64,1,crohn's disease,0.6427083686600433
0.0,5.5254529391317835,0.5,0,24,0.785,1,5.698970004336019,0.64,1,crohn's disease,0.5126317940869768
1.0,0.6931471805599453,0.5,0,36,0.785,1,5.698970004336019,0.64,1,crohn's disease,0.44014720770839927
2.0,4.0943445622221,1.0,0,48,0.785,5,5.698970004336019,0.36,1,crohn's disease,0.5871651684333316
0.0,7.596392304064196,1.0,0,24,0.785,5,5.698970004336019,0.64,1,crohn's disease,0.7236958845609629
0.0,6.70808408385307,0.5,0,24,0.785,1,5.698970004336019,0.64,1,crohn's disease,0.5303712612577961
0.0,2.9444389791664403,0.5,0,24,0.785,1,5.698970004336019,0.64,1,crohn's disease,0.4739165846874967
0.0,3.7376696182833684,1.0,0,24,0.785,5,5.698970004336019,0.64,0,crohn's disease,0.6658150442742505
3.0,6.311734809152915,1.0,0,60,0.785,5,5.698970004336019,0.58,0,crohn's disease,0.6864260221372938
4.0,4.634728988229636,0.5,0,36,0.785,1,5.698970004336019,0.8,1,crohn's disease,0.5472709348234446
0.0,4.110873864173311,1.0,0,24,0.785,5,5.698970004336019,0.64,1,crohn's disease,0.6714131079625997
0.0,3.5263605246161616,0.5,0,24,0.785,1,5.698970004336019,0.64,0,crohn's disease,0.4826454078692425
1.0,2.70805020110221,0.5,0,36,0.785,1,5.698970004336019,0.64,1,crohn's disease,0.47037075301653325
2.0,4.110873864173311,0.5,0,48,0.785,1,5.698970004336019,0.36,1,crohn's disease,0.40741310796259966
1.0,2.0794415416798357,0.5,0,36,0.785,1,5.698970004336019,0.64,0,crohn's disease,0.4609416231251976
0.0,3.6888794541139363,0.5,0,24,0.785,1,5.698970004336019,0.64,1,crohn's disease,0.4850831918117091
0.0,12.4945956143295,1.0,0,24,0.785,5,5.698970004336019,0.64,1,crohn's disease,0.7971689342149425
3.0,3.713572066704308,1.0,0,60,0.785,5,5.698970004336019,0.58,0,crohn's disease,0.6474535810005646
0.0,4.110873864173311,0.5,0,24,0.785,1,5.698970004336019,0.64,0,crohn's disease,0.49141310796259974
0.0,4.795790545596741,0.5,0,24,0.785,1,5.698970004336019,0.64,0,crohn's disease,0.5016868581839512
3.0,7.055312843339752,1.0,0,60,0.785,5,5.698970004336019,0.58,1,crohn's disease,0.6975796926500962
2.0,1.791759469228055,0.5,0,48,0.785,1,5.698970004336019,0.36,0,crohn's disease,0.37262639203842085
0.0,3.091042453358316,0.5,0,24,0.785,1,5.698970004336019,0.64,1,crohn's disease,0.47611563680037483
0.0,4.2626798770413155,0.5,0,24,0.785,1,5.698970004336019,0.64,1,crohn's disease,0.4936901981556198
0.0,5.356586274672012,0.5,0,24,0.785,1,5.698970004336019,0.64,1,crohn's disease,0.5100987941200803
0.0,6.716594773520978,0.5,0,24,0.785,1,5.698970004336019,0.64,1,crohn's disease,0.5304989216028148
1.0,0.0,0.5,0,36,0.785,1,5.698970004336019,0.64,0,crohn's disease,0.4297500000000001
0.0,1.9459101490553132,0.6,0,24,0.785,1,5.698970004336019,0.64,1,crohn's disease,0.47893865223582965
4.0,4.875197323201151,0.5,0,36,0.785,1,5.698970004336019,0.8,1,crohn's disease,0.5508779598480172
0.0,4.382026634673881,0.5,0,24,0.785,1,5.698970004336019,0.64,1,crohn's disease,0.4954803995201083
0.0,2.833213344056216,0.5,0,24,0.785,1,5.698970004336019,0.64,1,crohn's disease,0.47224820016084335
0.0,3.970291913552122,0.5,0,24,0.785,1,5.698970004336019,0.64,1,crohn's disease,0.4893043787032819
2.0,4.969813299576001,1.0,0,48,0.785,5,5.698970004336019,0.36,0,crohn's disease,0.60029719949364
0.0,4.61512051684126,0.5,0,24,0.785,1,5.698970004336019,0.64,1,crohn's disease,0.498976807752619
0.0,11.462221470595523,1.0,0,24,0.785,5,5.698970004336019,0.64,1,crohn's disease,0.7816833220589329
0.0,6.90875477931522,1.0,0,24,0.785,5,5.698970004336019,0.64,1,crohn's disease,0.7133813216897283
0.0,0.0,0.5,0,24,0.785,1,5.698970004336019,0.64,0,crohn's disease,0.4297500000000001
0.0,4.1588830833596715,1.0,0,24,0.785,5,5.698970004336019,0.64,1,crohn's disease,0.6721332462503951
0.0,4.465908118654584,0.5,0,24,0.785,1,5.698970004336019,0.64,1,crohn's disease,0.4967386217798188
2.0,3.8918202981106265,1.0,0,48,0.785,5,5.698970004336019,0.36,0,crohn's disease,0.5841273044716595
0.0,5.480638923341991,0.5,0,24,0.785,1,5.698970004336019,0.64,1,crohn's disease,0.51195958385013
4.0,3.2188758248682006,0.5,0,36,0.785,1,5.698970004336019,0.8,0,crohn's disease,0.526033137373023
0.0,2.70805020110221,0.5,0,24,0.785,1,5.698970004336019,0.64,1,crohn's disease,0.47037075301653325
0.0,2.3978952727983707,0.5,0,24,0.785,1,5.698970004336019,0.64,1,crohn's disease,0.46571842909197564
1.0,5.37989735354046,1.0,0,36,0.785,5,5.698970004336019,0.64,1,crohn's disease,0.6904484603031069
0.0,3.4339872044851463,0.5,0,24,0.785,1,5.698970004336019,0.64,1,crohn's disease,0.48125980806727725
2.0,4.727387818712341,1.0,0,48,0.785,5,5.698970004336019,0.36,1,crohn's disease,0.5966608172806852
1.0,2.302585092994046,1.0,0,36,0.785,5,5.698970004336019,0.64,1,crohn's disease,0.6442887763949107
0.0,4.31748811353631,0.5,0,24,0.785,1,5.698970004336019,0.64,1,crohn's disease,0.4945123217030447
0.0,2.70805020110221,1.0,0,24,0.785,5,5.698970004336019,0.64,1,crohn's disease,0.6503707530165331
0.0,0.0,0.5,0,24,0.785,1,5.698970004336019,0.64,0,crohn's disease,0.4297500000000001
4.0,3.5263605246161616,0.5,0,36,0.785,1,5.698970004336019,0.8,1,crohn's disease,0.5306454078692424
0.0,3.713572066704308,0.5,0,24,0.785,1,5.698970004336019,0.64,1,crohn's disease,0.4854535810005647
0.0,2.6390573296152584,0.5,0,24,0.785,1,5.698970004336019,0.64,0,crohn's disease,0.46933585994422894
0.0,5.707110264748875,0.5,0,24,0.785,1,5.698970004336019,0.64,1,crohn's disease,0.5153566539712332
0.0,6.489204931325317,0.5,0,24,0.785,1,5.698970004336019,0.64,1,crohn's disease,0.5270880739698798
2.0,3.044522437723423,0.6,0,48,0.785,1,5.698970004336019,0.36,0,crohn's disease,0.41141783656585135
0.0,3.044522437723423,0.5,0,24,0.785,1,5.698970004336019,0.64,1,crohn's disease,0.4754178365658514
0.0,3.6109179126442243,0.6,0,24,0.785,1,5.698970004336019,0.64,1,crohn's disease,0.5039137686896633
4.0,5.198497031265826,0.5,0,36,0.785,1,5.698970004336019,0.8,1,crohn's disease,0.5557274554689874
3.0,5.017279836814924,1.0,0,60,0.785,5,5.698970004336019,0.58,1,crohn's disease,0.6670091975522239
0.0,6.054439346269371,0.5,0,24,0.785,1,5.698970004336019,0.64,1,crohn's disease,0.5205665901940406
1.0,1.791759469228055,0.5,0,36,0.785,1,5.698970004336019,0.64,1,crohn's disease,0.4566263920384209
2.0,0.0,0.5,0,48,0.785,1,5.698970004336019,0.36,0,crohn's disease,0.34575
3.0,3.1354942159291497,1.0,0,60,0.785,5,5.698970004336019,0.58,1,crohn's disease,0.6387824132389373
0.0,4.219507705176107,0.5,0,24,0.785,1,5.698970004336019,0.64,1,crohn's disease,0.4930426155776417
0.0,6.061456918928017,1.0,0,24,0.785,5,5.698970004336019,0.64,1,crohn's disease,0.7006718537839203
0.0,6.144185634125646,0.5,0,24,0.785,1,5.698970004336019,0.64,1,crohn's disease,0.5219127845118847
0.0,8.017307507688582,1.0,0,24,0.785,5,5.698970004336019,0.64,1,crohn's disease,0.7300096126153287
0.0,3.9318256327243257,0.5,0,24,0.785,1,5.698970004336019,0.64,1,crohn's disease,0.48872738449086495
0.0,3.9318256327243257,0.5,0,24,0.785,1,5.698970004336019,0.64,1,crohn's disease,0.48872738449086495
0.0,5.303304908059076,0.5,0,24,0.785,1,5.698970004336019,0.64,1,crohn's disease,0.5092995736208862
0.0,6.530877627725885,1.0,0,24,0.785,5,5.698970004336019,0.64,1,crohn's disease,0.7077131644158883
0.0,4.356708826689592,0.5,0,24,0.785,1,5.698970004336019,0.64,1,crohn's disease,0.49510063240034397
0.0,4.919980925828125,0.5,0,24,0.785,1,5.698970004336019,0.64,1,crohn's disease,0.503549713887422
0.0,3.4339872044851463,0.5,0,24,0.785,1,5.698970004336019,0.64,1,crohn's disease,0.48125980806727725
2.0,2.772588722239781,1.0,0,48,0.785,5,5.698970004336019,0.36,1,crohn's disease,0.5673388308335967
0.0,5.560681631015528,0.5,0,24,0.785,1,5.698970004336019,0.64,1,crohn's disease,0.513160224465233
0.0,6.289715570908998,0.5,0,24,0.785,1,5.698970004336019,0.64,1,crohn's disease,0.524095733563635
2.0,3.332204510175204,1.0,0,48,0.785,5,5.698970004336019,0.36,1,crohn's disease,0.5757330676526281
0.0,4.382026634673881,0.5,0,24,0.785,1,5.698970004336019,0.64,0,crohn's disease,0.4954803995201083
0.0,5.365976015021851,0.5,0,24,0.785,1,5.698970004336019,0.64,1,crohn's disease,0.5102396402253279
0.0,5.278114659230517,0.5,0,24,0.785,1,5.698970004336019,0.64,1,crohn's disease,0.5089217198884578
0.0,6.90875477931522,0.5,0,24,0.785,1,5.698970004336019,0.64,0,crohn's disease,0.5333813216897284
0.5,3.1354942159291497,1.0,0,24,0.785,5,5.698970004336019,0.64,1,crohn's disease,0.6567824132389373
4.0,3.044522437723423,0.5,0,36,0.785,1,5.698970004336019,0.8,1,crohn's disease,0.5234178365658514
0.0,6.016157159698354,1.0,0,24,0.785,5,5.698970004336019,0.64,1,crohn's disease,0.6999923573954754
0.0,3.5263605246161616,0.5,0,24,0.785,1,5.698970004336019,0.64,0,crohn's disease,0.4826454078692425
2.0,3.258096538021482,1.0,0,48,0.785,5,5.698970004336019,0.36,1,crohn's disease,0.5746214480703222
0.0,3.784189633918261,0.5,0,24,0.785,1,5.698970004336019,0.64,1,crohn's disease,0.48651284450877397
1.0,2.0794415416798357,0.5,0,36,0.785,1,5.698970004336019,0.64,1,crohn's disease,0.4609416231251976
0.0,3.7376696182833684,0.5,0,24,0.785,1,5.698970004336019,0.64,1,crohn's disease,0.4858150442742506
0.0,5.19295685089021,0.5,0,24,0.785,1,5.698970004336019,0.64,1,crohn's disease,0.5076443527633532
0.0,4.624972813284271,0.5,0,24,0.785,1,5.698970004336019,0.64,1,crohn's disease,0.49912459219926414
3.0,5.983936280687191,1.0,0,60,0.785,5,5.698970004336019,0.58,1,crohn's disease,0.6815090442103079
0.0,4.30406509320417,0.5,0,24,0.785,1,5.698970004336019,0.64,1,crohn's disease,0.49431097639806265
0.0,3.6635616461296463,1.0,0,24,0.785,5,5.698970004336019,0.64,1,crohn's disease,0.6647034246919447
0.0,5.351858133476067,0.5,0,24,0.785,1,5.698970004336019,0.64,1,crohn's disease,0.5100278720021411
1.0,2.0794415416798357,0.5,0,36,0.785,1,5.698970004336019,0.64,0,crohn's disease,0.4609416231251976
0.0,5.700443573390687,0.5,0,24,0.785,1,5.698970004336019,0.64,0,crohn's disease,0.5152566536008604
2.0,2.5649493574615367,1.0,0,48,0.785,5,5.698970004336019,0.36,0,crohn's disease,0.5642242403619231
1.0,3.1354942159291497,1.0,0,36,0.785,5,5.698970004336019,0.64,1,crohn's disease,0.6567824132389373
0.0,9.133675287040697,1.0,0,24,0.785,5,5.698970004336019,0.64,1,crohn's disease,0.7467551293056105
0.0,2.772588722239781,0.5,0,24,0.785,1,5.698970004336019,0.64,1,crohn's disease,0.4713388308335968
0.0,10.858152485527174,1.0,0,24,0.785,5,5.698970004336019,0.64,1,crohn's disease,0.7726222872829076
0.0,6.371611847231857,0.5,0,24,0.785,1,5.698970004336019,0.64,1,crohn's disease,0.525324177708478
0.0,3.5263605246161616,0.5,0,24,0.785,1,5.698970004336019,0.64,1,crohn's disease,0.4826454078692425
0.0,6.733401891837359,0.5,0,24,0.785,1,5.698970004336019,0.64,1,crohn's disease,0.5307510283775605
2.0,2.9444389791664403,0.5,0,48,0.785,1,5.698970004336019,0.36,1,crohn's disease,0.3899165846874966
0.0,3.367295829986474,0.5,0,24,0.785,1,5.698970004336019,0.64,1,crohn's disease,0.4802594374497972
1.0,3.044522437723423,1.0,0,36,0.785,5,5.698970004336019,0.64,1,crohn's disease,0.6554178365658514
0.0,7.01211529430638,0.5,0,24,0.785,1,5.698970004336019,0.64,1,crohn's disease,0.5349317294145958
0.5,1.9459101490553132,0.5,0,24,0.785,1,5.698970004336019,0.64,0,crohn's disease,0.45893865223582975
0.0,2.1972245773362196,0.5,0,24,0.785,1,5.698970004336019,0.64,1,crohn's disease,0.4627083686600434
0.0,3.8918202981106265,0.5,0,24,0.785,1,5.698970004336019,0.64,0,crohn's disease,0.4881273044716595
2.0,5.181783550292085,0.5,0,48,0.785,1,5.698970004336019,0.36,0,crohn's disease,0.4234767532543813
2.0,3.5553480614894135,1.0,0,48,0.785,5,5.698970004336019,0.36,0,crohn's disease,0.5790802209223412
0.0,3.6635616461296463,0.5,0,24,0.785,1,5.698970004336019,0.64,0,crohn's disease,0.4847034246919448
4.0,3.9889840465642745,1.0,0,36,0.785,5,5.698970004336019,0.8,0,crohn's disease,0.7175847606984642
2.0,4.110873864173311,1.0,0,48,0.785,5,5.698970004336019,0.36,1,crohn's disease,0.5874131079625997
0.0,6.532334292222349,1.0,0,24,0.785,5,5.698970004336019,0.64,1,crohn's disease,0.7077350143833352
0.0,3.044522437723423,0.5,0,24,0.785,1,5.698970004336019,0.64,1,crohn's disease,0.4754178365658514
0.0,3.9512437185814275,0.5,0,24,0.785,1,5.698970004336019,0.64,1,crohn's disease,0.4890186557787215
0.0,0.0,1.0,0,24,0.785,5,5.698970004336019,0.64,0,crohn's disease,0.60975
3.0,4.6913478822291435,0.5,0,60,0.785,1,5.698970004336019,0.58,1,crohn's disease,0.4821202182334372
0.0,4.442651256490317,0.5,0,24,0.785,1,5.698970004336019,0.64,1,crohn's disease,0.4963897688473548
0.0,4.61512051684126,0.5,0,24,0.785,1,5.698970004336019,0.64,1,crohn's disease,0.498976807752619
0.0,0.0,0.5,0,24,0.785,1,5.698970004336019,0.64,0,crohn's disease,0.4297500000000001
0.0,3.4965075614664802,1.0,0,24,0.785,5,5.698970004336019,0.64,0,crohn's disease,0.6621976134219972
0.0,4.867534450455582,0.5,0,24,0.785,1,5.698970004336019,0.64,1,crohn's disease,0.5027630167568338
3.0,2.9444389791664403,1.0,0,60,0.785,5,5.698970004336019,0.58,0,crohn's disease,0.6359165846874966
0.0,4.110873864173311,0.5,0,24,0.785,1,5.698970004336019,0.64,1,crohn's disease,0.49141310796259974
0.0,5.153291594497779,0.5,0,24,0.785,1,5.698970004336019,0.64,1,crohn's disease,0.5070493739174667
3.0,3.6635616461296463,1.0,0,60,0.785,5,5.698970004336019,0.58,1,crohn's disease,0.6467034246919446
2.0,4.127134385045092,0.5,0,48,0.785,1,5.698970004336019,0.36,1,crohn's disease,0.40765701577567637
0.0,4.941642422609304,0.5,0,24,0.785,1,5.698970004336019,0.64,1,crohn's disease,0.5038746363391396
0.0,5.673323267171493,0.5,0,24,0.785,1,5.698970004336019,0.64,1,crohn's disease,0.5148498490075725
0.0,4.812184355372417,0.5,0,24,0.785,1,5.698970004336019,0.64,1,crohn's disease,0.5019327653305863
1.0,3.6635616461296463,0.5,0,36,0.785,1,5.698970004336019,0.64,1,crohn's disease,0.4847034246919448
0.0,6.810142450115136,0.5,0,24,0.785,1,5.698970004336019,0.64,1,crohn's disease,0.5319021367517272
0.0,3.58351893845611,0.6,0,24,0.785,1,5.698970004336019,0.64,1,crohn's disease,0.5035027840768417
1.0,3.258096538021482,0.5,0,36,0.785,1,5.698970004336019,0.64,0,crohn's disease,0.4786214480703223
4.0,4.795790545596741,0.5,0,36,0.785,1,5.698970004336019,0.8,1,crohn's disease,0.5496868581839511
0.0,4.1588830833596715,0.5,0,24,0.785,1,5.698970004336019,0.64,1,crohn's disease,0.4921332462503951
0.0,6.535241271013659,1.0,0,24,0.785,5,5.698970004336019,0.64,1,crohn's disease,0.7077786190652049
1.0,3.044522437723423,0.5,0,36,0.785,1,5.698970004336019,0.64,0,crohn's disease,0.4754178365658514
0.0,8.971321471503682,1.0,0,24,0.785,5,5.698970004336019,0.64,1,crohn's disease,0.7443198220725552
0.0,6.628041376179533,0.5,0,24,0.785,1,5.698970004336019,0.64,1,crohn's disease,0.529170620642693
0.0,6.626717749249025,1.0,0,24,0.785,5,5.698970004336019,0.64,1,crohn's disease,0.7091507662387354
0.0,4.61512051684126,0.5,0,24,0.785,1,5.698970004336019,0.64,0,crohn's disease,0.498976807752619
0.0,6.826545223556594,0.5,0,24,0.785,1,5.698970004336019,0.64,1,crohn's disease,0.5321481783533489
2.0,1.3862943611198906,1.0,0,48,0.785,5,5.698970004336019,0.36,0,crohn's disease,0.5465444154167984
0.0,6.9584483932976555,0.6,0,24,0.785,1,5.698970004336019,0.64,1,crohn's disease,0.5541267258994649
0.0,4.394449154672439,0.5,0,24,0.785,1,5.698970004336019,0.64,1,crohn's disease,0.49566673732008665
0.0,4.941642422609304,0.5,0,24,0.785,1,5.698970004336019,0.64,1,crohn's disease,0.5038746363391396
0.0,6.715383386334681,0.5,0,24,0.785,1,5.698970004336019,0.64,1,crohn's disease,0.5304807507950203
0.0,5.272999558563747,0.5,0,24,0.785,1,5.698970004336019,0.64,1,crohn's disease,0.5088449933784562
2.0,3.332204510175204,0.5,0,48,0.785,1,5.698970004336019,0.36,1,crohn's disease,0.39573306765262806
0.0,3.258096538021482,0.5,0,24,0.785,1,5.698970004336019,0.64,1,crohn's disease,0.4786214480703223
1.0,0.0,1.0,0,36,0.785,5,5.698970004336019,0.64,0,crohn's disease,0.60975
0.0,6.715383386334681,0.5,0,24,0.785,1,5.698970004336019,0.64,1,crohn's disease,0.5304807507950203
0.0,5.303304908059076,1.0,0,24,0.785,5,5.698970004336019,0.64,0,crohn's disease,0.6892995736208861
3.0,5.929589143389895,1.0,0,60,0.785,5,5.698970004336019,0.58,0,crohn's disease,0.6806938371508484
0.0,4.61512051684126,0.5,0,24,0.785,1,5.698970004336019,0.64,1,crohn's disease,0.498976807752619
1.0,3.2188758248682006,0.5,0,36,0.785,1,5.698970004336019,0.64,0,crohn's disease,0.4780331373730231
0.0,3.7612001156935624,0.5,0,24,0.785,1,5.698970004336019,0.64,0,crohn's disease,0.48616800173540353
0.0,3.367295829986474,0.5,0,24,0.785,1,5.698970004336019,0.64,0,crohn's disease,0.4802594374497972
0.0,6.803505257608338,0.5,0,24,0.785,1,5.698970004336019,0.64,1,crohn's disease,0.5318025788641252
0.0,4.110873864173311,0.5,0,24,0.785,1,5.698970004336019,0.64,1,crohn's disease,0.49141310796259974
3.0,6.396929655216146,0.5,0,60,0.785,1,5.698970004336019,0.58,1,crohn's disease,0.5077039448282422
0.0,4.61512051684126,0.5,0,24,0.785,1,5.698970004336019,0.64,1,crohn's disease,0.498976807752619
0.0,3.7612001156935624,0.5,0,24,0.785,1,5.698970004336019,0.64,1,crohn's disease,0.48616800173540353
0.0,2.6390573296152584,0.5,0,24,0.785,1,5.698970004336019,0.64,0,crohn's disease,0.46933585994422894
0.0,5.117993812416755,0.5,0,24,0.785,1,5.698970004336019,0.64,1,crohn's disease,0.5065199071862514
0.0,5.225746673713202,1.0,0,24,0.785,5,5.698970004336019,0.64,1,crohn's disease,0.6881362001056981
1.0,0.0,0.5,0,36,0.785,1,5.698970004336019,0.64,0,crohn's disease,0.4297500000000001
0.0,4.61512051684126,0.5,0,24,0.785,1,5.698970004336019,0.64,1,crohn's disease,0.498976807752619
0.0,5.817111159963204,1.0,0,24,0.785,5,5.698970004336019,0.64,1,crohn's disease,0.697006667399448
0.0,5.017279836814924,0.5,0,24,0.785,1,5.698970004336019,0.64,1,crohn's disease,0.505009197552224
0.0,4.394449154672439,0.5,0,24,0.785,1,5.698970004336019,0.64,1,crohn's disease,0.49566673732008665
2.0,0.0,1.0,0,48,0.785,5,5.698970004336019,0.36,0,crohn's disease,0.52575
0.0,2.772588722239781,1.0,0,24,0.785,5,5.698970004336019,0.64,1,crohn's disease,0.6513388308335968
0.0,3.713572066704308,0.5,0,24,0.785,1,5.698970004336019,0.64,1,crohn's disease,0.4854535810005647
0.0,1.6094379124341003,0.5,0,24,0.785,1,5.698970004336019,0.64,0,crohn's disease,0.4538915686865116
0.0,3.1780538303479458,0.5,0,24,0.785,1,5.698970004336019,0.64,1,crohn's disease,0.47742080745521925
0.0,3.4339872044851463,0.5,0,24,0.785,1,5.698970004336019,0.64,1,crohn's disease,0.48125980806727725
0.0,6.472346294500901,1.0,0,24,0.785,5,5.698970004336019,0.64,1,crohn's disease,0.7068351944175135
2.0,1.9459101490553132,0.5,0,48,0.785,1,5.698970004336019,0.36,0,crohn's disease,0.3749386522358297
0.0,3.4339872044851463,0.5,0,24,0.785,1,5.698970004336019,0.64,1,crohn's disease,0.48125980806727725
0.0,3.367295829986474,0.5,0,24,0.785,1,5.698970004336019,0.64,1,crohn's disease,0.4802594374497972
3.0,4.624972813284271,1.0,0,60,0.785,5,5.698970004336019,0.58,1,crohn's disease,0.661124592199264
0.0,4.605170185988092,1.0,0,24,0.785,5,5.698970004336019,0.64,1,crohn's disease,0.6788275527898214
0.0,4.0943445622221,0.5,0,24,0.785,1,5.698970004336019,0.64,1,crohn's disease,0.4911651684333316
0.0,1.3862943611198906,0.5,0,24,0.785,1,5.698970004336019,0.64,0,crohn's disease,0.45054441541679846
0.0,2.995732273553991,1.0,0,24,0.785,5,5.698970004336019,0.64,0,crohn's disease,0.6546859841033099
0.0,6.2166061010848646,0.5,0,24,0.785,1,5.698970004336019,0.64,0,crohn's disease,0.522999091516273
0.0,4.61512051684126,0.5,0,24,0.785,1,5.698970004336019,0.64,1,crohn's disease,0.498976807752619
1.0,1.6094379124341003,0.8,0,36,0.785,3,5.698970004336019,0.64,1,crohn's disease,0.5538915686865116
0.0,5.099866427824199,1.0,0,24,0.785,5,5.698970004336019,0.64,1,crohn's disease,0.686247996417363
0.0,3.5263605246161616,0.5,0,24,0.785,1,5.698970004336019,0.64,1,crohn's disease,0.4826454078692425
0.0,6.2166061010848646,1.0,0,24,0.785,5,5.698970004336019,0.64,1,crohn's disease,0.7029990915162729
0.0,4.61512051684126,0.5,0,24,0.785,1,5.698970004336019,0.64,1,crohn's disease,0.498976807752619
1.0,3.6888794541139363,1.0,0,36,0.785,5,5.698970004336019,0.64,1,crohn's disease,0.665083191811709
0.0,6.049733455231958,1.0,0,24,0.785,5,5.698970004336019,0.64,1,crohn's disease,0.7004960018284794
0.0,5.303304908059076,0.5,0,24,0.785,1,5.698970004336019,0.64,1,crohn's disease,0.5092995736208862
0.0,4.820281565605037,0.6,0,24,0.785,1,5.698970004336019,0.64,1,crohn's disease,0.5220542234840755
2.0,0.0,1.0,0,48,0.785,5,5.698970004336019,0.36,0,crohn's disease,0.52575
0.0,1.6094379124341003,0.5,0,24,0.785,1,5.698970004336019,0.64,0,crohn's disease,0.4538915686865116
0.0,5.209486152841421,0.5,0,24,0.785,1,5.698970004336019,0.64,1,crohn's disease,0.5078922922926215
4.0,5.209486152841421,1.0,0,36,0.785,5,5.698970004336019,0.8,1,crohn's disease,0.7358922922926214
2.0,3.332204510175204,1.0,0,48,0.785,5,5.698970004336019,0.36,0,crohn's disease,0.5757330676526281
0.0,5.472270673671475,1.0,0,24,0.785,5,5.698970004336019,0.64,1,crohn's disease,0.6918340601050721
2.0,4.219507705176107,1.0,0,48,0.785,5,5.698970004336019,0.36,1,crohn's disease,0.5890426155776416
4.0,2.995732273553991,0.5,0,36,0.785,1,5.698970004336019,0.8,0,crohn's disease,0.5226859841033099
0.0,4.61512051684126,0.5,0,24,0.785,1,5.698970004336019,0.64,1,crohn's disease,0.498976807752619
0.0,3.9318256327243257,0.5,0,24,0.785,1,5.698970004336019,0.64,1,crohn's disease,0.48872738449086495
0.0,5.303304908059076,1.0,0,24,0.785,5,5.698970004336019,0.64,0,crohn's disease,0.6892995736208861
1.0,5.37989735354046,1.0,0,36,0.785,5,5.698970004336019,0.64,1,crohn's disease,0.6904484603031069
1.0,3.9889840465642745,0.5,0,36,0.785,1,5.698970004336019,0.64,1,crohn's disease,0.4895847606984642
0.0,4.709530201312334,0.5,0,24,0.785,1,5.698970004336019,0.64,1,crohn's disease,0.5003929530196851
0.0,4.61512051684126,0.5,0,24,0.785,1,5.698970004336019,0.64,0,crohn's disease,0.498976807752619
0.0,5.056245805348308,0.5,0,24,0.785,1,5.698970004336019,0.64,1,crohn's disease,0.5055936870802247
0.0,2.4849066497880004,0.5,0,24,0.785,1,5.698970004336019,0.64,1,crohn's disease,0.46702359974682006
0.0,9.305741456739435,0.5,0,24,0.785,1,5.698970004336019,0.64,0,crohn's disease,0.5693361218510916
1.0,3.8918202981106265,1.0,0,36,0.785,5,5.698970004336019,0.64,1,crohn's disease,0.6681273044716594
1.0,3.8918202981106265,0.5,0,36,0.785,1,5.698970004336019,0.64,1,crohn's disease,0.4881273044716595
0.0,4.532599493153256,1.0,0,24,0.785,5,5.698970004336019,0.64,1,crohn's disease,0.6777389923972988
0.0,5.303304908059076,0.5,0,24,0.785,1,5.698970004336019,0.64,1,crohn's disease,0.5092995736208862
2.0,2.6390573296152584,0.5,0,48,0.785,1,5.698970004336019,0.36,0,crohn's disease,0.38533585994422886
0.0,3.4011973816621555,0.5,0,24,0.785,1,5.698970004336019,0.64,1,crohn's disease,0.4807679607249324
1.0,1.9459101490553132,0.5,0,36,0.785,1,5.698970004336019,0.64,0,crohn's disease,0.45893865223582975
2.0,1.3862943611198906,0.8,0,48,0.785,3,5.698970004336019,0.36,1,crohn's disease,0.46654441541679836
2.0,1.791759469228055,1.0,0,48,0.785,5,5.698970004336019,0.36,0,crohn's disease,0.5526263920384209
0.0,3.713572066704308,0.5,0,24,0.785,1,5.698970004336019,0.64,1,crohn's disease,0.4854535810005647
3.0,0.0,1.0,0,60,0.785,5,5.698970004336019,0.58,0,crohn's disease,0.59175
2.0,3.8066624897703196,0.5,0,48,0.785,1,5.698970004336019,0.36,1,crohn's disease,0.4028499373465548
0.0,6.436150368369428,1.0,0,24,0.785,5,5.698970004336019,0.64,1,crohn's disease,0.7062922555255414
0.0,2.3978952727983707,0.5,0,24,0.785,1,5.698970004336019,0.64,1,crohn's disease,0.46571842909197564
0.0,2.772588722239781,0.5,0,24,0.785,1,5.698970004336019,0.64,1,crohn's disease,0.4713388308335968
0.0,0.0,0.5,0,24,0.785,1,5.698970004336019,0.64,0,crohn's disease,0.4297500000000001
0.0,1.6094379124341003,0.5,0,24,0.785,1,5.698970004336019,0.64,0,crohn's disease,0.4538915686865116
4.0,1.6094379124341003,0.5,0,36,0.785,1,5.698970004336019,0.8,1,crohn's disease,0.5018915686865115
2.0,0.0,1.0,0,48,0.785,5,5.698970004336019,0.36,0,crohn's disease,0.52575
0.0,4.382026634673881,0.5,0,24,0.785,1,5.698970004336019,0.64,1,crohn's disease,0.4954803995201083
4.0,5.017279836814924,1.0,0,36,0.785,5,5.698970004336019,0.8,1,crohn's disease,0.7330091975522239
1.0,2.4849066497880004,0.5,0,36,0.785,1,5.698970004336019,0.64,1,crohn's disease,0.46702359974682006
2.0,3.912023005428146,1.0,0,48,0.785,5,5.698970004336019,0.36,0,crohn's disease,0.5844303450814222
0.0,5.117993812416755,0.5,0,24,0.785,1,5.698970004336019,0.64,1,crohn's disease,0.5065199071862514
0.0,3.8066624897703196,0.5,0,24,0.785,1,5.698970004336019,0.64,1,crohn's disease,0.48684993734655485
3.0,2.0794415416798357,1.0,0,60,0.785,5,5.698970004336019,0.58,0,crohn's disease,0.6229416231251975
2.0,4.02535169073515,1.0,0,48,0.785,5,5.698970004336019,0.36,1,crohn's disease,0.5861302753610272
2.0,4.962844630259907,0.5,0,48,0.785,1,5.698970004336019,0.36,1,crohn's disease,0.4201926694538986
0.0,4.962844630259907,0.5,0,24,0.785,1,5.698970004336019,0.64,1,crohn's disease,0.5041926694538987
0.0,0.0,0.5,0,24,0.785,1,5.698970004336019,0.64,0,crohn's disease,0.4297500000000001
0.0,5.905361848054571,0.5,0,24,0.785,1,5.698970004336019,0.64,1,crohn's disease,0.5183304277208186
0.0,3.332204510175204,0.5,0,24,0.785,1,5.698970004336019,0.64,1,crohn's disease,0.47973306765262813
0.0,4.700480365792417,0.5,0,24,0.785,1,5.698970004336019,0.64,1,crohn's disease,0.5002572054868863
0.0,0.0,0.5,0,24,0.785,1,5.698970004336019,0.64,0,crohn's disease,0.4297500000000001
0.0,5.056245805348308,1.0,0,24,0.785,5,5.698970004336019,0.64,1,crohn's disease,0.6855936870802246
0.0,2.8903717578961645,1.0,0,24,0.785,5,5.698970004336019,0.64,0,crohn's disease,0.6531055763684425
4.0,4.394449154672439,0.5,0,36,0.785,1,5.698970004336019,0.8,1,crohn's disease,0.5436667373200866
0.0,4.976733742420574,0.5,0,24,0.785,1,5.698970004336019,0.64,1,crohn's disease,0.5044010061363087
4.0,2.3978952727983707,0.5,0,36,0.785,1,5.698970004336019,0.8,0,crohn's disease,0.5137184290919756
1.0,0.0,1.0,0,36,0.785,5,5.698970004336019,0.64,0,crohn's disease,0.60975
0.0,5.303304908059076,0.5,0,24,0.785,1,5.698970004336019,0.64,1,crohn's disease,0.5092995736208862
0.0,4.7535901911063645,0.5,0,24,0.785,1,5.698970004336019,0.64,1,crohn's disease,0.5010538528665955
0.0,6.184148890937483,1.0,0,24,0.785,5,5.698970004336019,0.64,0,crohn's disease,0.7025122333640622
1.0,0.0,1.0,0,36,0.785,5,5.698970004336019,0.64,0,crohn's disease,0.60975
1.0,0.0,0.5,0,36,0.785,1,5.698970004336019,0.64,0,crohn's disease,0.4297500000000001
0.0,5.648974238161206,1.0,0,24,0.785,5,5.698970004336019,0.64,1,crohn's disease,0.6944846135724181
0.0,3.9318256327243257,0.5,0,24,0.785,1,5.698970004336019,0.64,0,crohn's disease,0.48872738449086495
0.0,5.111987788356544,1.0,0,24,0.785,5,5.698970004336019,0.64,1,crohn's disease,0.6864298168253482
0.0,3.828641396489095,0.5,0,24,0.785,1,5.698970004336019,0.64,1,crohn's disease,0.4871796209473365
4.0,2.5649493574615367,0.5,0,36,0.785,1,5.698970004336019,0.8,0,crohn's disease,0.516224240361923
1.0,1.3862943611198906,0.5,0,36,0.785,1,5.698970004336019,0.64,1,crohn's disease,0.45054441541679846
1.0,5.293304824724492,1.0,0,36,0.785,5,5.698970004336019,0.64,1,crohn's disease,0.6891495723708674
2.0,3.044522437723423,0.5,0,48,0.785,1,5.698970004336019,0.36,1,crohn's disease,0.39141783656585133
1.0,3.1780538303479458,0.5,0,36,0.785,1,5.698970004336019,0.64,1,crohn's disease,0.47742080745521925
0.0,3.713572066704308,1.0,0,24,0.785,5,5.698970004336019,0.64,1,crohn's disease,0.6654535810005646
0.0,0.0,0.5,0,24,0.785,1,5.698970004336019,0.64,0,crohn's disease,0.4297500000000001
0.0,1.0986122886681098,0.5,0,24,0.785,1,5.698970004336019,0.64,0,crohn's disease,0.44622918433002173
0.0,4.859812404361672,0.5,0,24,0.785,1,5.698970004336019,0.64,1,crohn's disease,0.5026471860654251
2.0,1.6094379124341003,0.5,0,48,0.785,1,5.698970004336019,0.36,0,crohn's disease,0.3698915686865115
0.0,5.017279836814924,0.5,0,24,0.785,1,5.698970004336019,0.64,1,crohn's disease,0.505009197552224
0.0,3.4657359027997265,0.5,0,24,0.785,1,5.698970004336019,0.64,1,crohn's disease,0.481736038541996
2.0,5.176149732573829,1.0,0,48,0.785,5,5.698970004336019,0.36,0,crohn's disease,0.6033922459886075
0.0,0.0,0.5,0,24,0.785,1,5.698970004336019,0.64,0,crohn's disease,0.4297500000000001
0.0,0.0,0.5,0,24,0.785,1,5.698970004336019,0.64,0,crohn's disease,0.4297500000000001
2.0,5.673323267171493,1.0,0,48,0.785,5,5.698970004336019,0.36,1,crohn's disease,0.6108498490075724
0.0,13.371421038879342,0.5,0,24,0.785,1,5.698970004336019,0.64,1,crohn's disease,0.6303213155831902
0.0,6.302618975744905,1.0,0,24,0.785,5,5.698970004336019,0.64,1,crohn's disease,0.7042892846361736
0.0,4.30406509320417,0.5,0,24,0.785,1,5.698970004336019,0.64,1,crohn's disease,0.49431097639806265
0.0,3.9318256327243257,0.5,0,24,0.785,1,5.698970004336019,0.64,1,crohn's disease,0.48872738449086495
2.0,0.0,0.5,0,48,0.785,1,5.698970004336019,0.36,0,crohn's disease,0.34575
0.0,3.713572066704308,0.5,0,24,0.785,1,5.698970004336019,0.64,1,crohn's disease,0.4854535810005647
0.0,0.0,0.5,0,24,0.785,1,5.698970004336019,0.64,0,crohn's disease,0.4297500000000001
0.0,0.0,0.5,0,24,0.785,1,5.698970004336019,0.64,0,crohn's disease,0.4297500000000001
3.0,5.017279836814924,0.5,0,60,0.785,1,5.698970004336019,0.58,1,crohn's disease,0.48700919755222394
1.0,4.727387818712341,1.0,0,36,0.785,5,5.698970004336019,0.64,1,crohn's disease,0.6806608172806852
2.0,2.6390573296152584,0.5,0,48,0.785,1,5.698970004336019,0.36,1,crohn's disease,0.38533585994422886
0.0,4.634728988229636,0.5,0,24,0.785,1,5.698970004336019,0.64,1,crohn's disease,0.49927093482344465
2.0,2.833213344056216,0.5,0,48,0.785,1,5.698970004336019,0.36,0,crohn's disease,0.38824820016084327
2.0,0.0,1.0,0,48,0.785,5,5.698970004336019,0.36,0,crohn's disease,0.52575
4.0,4.941642422609304,1.0,0,36,0.785,5,5.698970004336019,0.8,0,crohn's disease,0.7318746363391396
0.0,0.0,0.8,0,24,0.785,3,5.698970004336019,0.64,0,crohn's disease,0.52975
0.0,3.4965075614664802,1.0,0,24,0.785,5,5.698970004336019,0.64,1,crohn's disease,0.6621976134219972
0.0,3.912023005428146,0.5,0,24,0.785,1,5.698970004336019,0.64,1,crohn's disease,0.48843034508142225
1.0,1.0986122886681098,0.5,0,36,0.785,1,5.698970004336019,0.64,0,crohn's disease,0.44622918433002173
1.0,3.044522437723423,0.5,0,36,0.785,1,5.698970004336019,0.64,0,crohn's disease,0.4754178365658514
0.0,6.499787040655854,0.5,0,24,0.785,1,5.698970004336019,0.64,1,crohn's disease,0.5272468056098378
0.0,5.707110264748875,0.5,0,24,0.785,1,5.698970004336019,0.64,1,crohn's disease,0.5153566539712332
0.5,0.0,0.5,0,24,0.785,1,5.698970004336019,0.64,0,crohn's disease,0.4297500000000001
4.0,5.707110264748875,0.5,0,36,0.785,1,5.698970004336019,0.8,1,crohn's disease,0.5633566539712331
1.0,2.302585092994046,1.0,0,36,0.785,5,5.698970004336019,0.64,1,crohn's disease,0.6442887763949107
1.0,0.0,0.5,0,36,0.785,1,5.698970004336019,0.64,0,crohn's disease,0.4297500000000001
0.0,6.129050210060545,0.5,0,24,0.785,1,5.698970004336019,0.64,1,crohn's disease,0.5216857531509083
1.0,5.017279836814924,1.0,0,36,0.785,5,5.698970004336019,0.64,1,crohn's disease,0.6850091975522239
0.0,5.683579767338681,0.5,0,24,0.785,1,5.698970004336019,0.64,1,crohn's disease,0.5150036965100803
0.0,4.61512051684126,0.5,0,24,0.785,1,5.698970004336019,0.64,0,crohn's disease,0.498976807752619
0.0,9.876630098366245,1.0,0,24,0.785,5,5.698970004336019,0.64,1,crohn's disease,0.7578994514754938
0.0,3.044522437723423,1.0,0,24,0.785,5,5.698970004336019,0.64,1,crohn's disease,0.6554178365658514
0.0,5.424950017481403,0.5,0,24,0.785,1,5.698970004336019,0.64,1,crohn's disease,0.5111242502622211
0.0,4.795790545596741,1.0,0,24,0.785,5,5.698970004336019,0.64,1,crohn's disease,0.6816868581839511
0.0,3.7612001156935624,0.5,0,24,0.785,1,5.698970004336019,0.64,1,crohn's disease,0.48616800173540353
4.0,0.0,0.5,0,36,0.785,1,5.698970004336019,0.8,0,crohn's disease,0.47775
0.0,0.0,0.5,0,24,0.785,1,5.698970004336019,0.64,0,crohn's disease,0.4297500000000001
0.0,4.941642422609304,0.5,0,24,0.785,1,5.698970004336019,0.64,1,crohn's disease,0.5038746363391396
0.0,4.394449154672439,0.5,0,24,0.785,1,5.698970004336019,0.64,1,crohn's disease,0.49566673732008665
1.0,4.343805421853684,1.0,0,36,0.785,5,5.698970004336019,0.64,1,crohn's disease,0.6749070813278053
2.0,4.68213122712422,1.0,0,48,0.785,5,5.698970004336019,0.36,0,crohn's disease,0.5959819684068633
0.0,3.044522437723423,1.0,0,24,0.785,5,5.698970004336019,0.64,1,crohn's disease,0.6554178365658514
1.0,1.791759469228055,1.0,0,36,0.785,5,5.698970004336019,0.64,0,crohn's disease,0.6366263920384209
0.0,3.8501476017100584,0.5,0,24,0.785,1,5.698970004336019,0.64,1,crohn's disease,0.48750221402565097
0.0,0.0,1.0,0,24,0.785,5,5.698970004336019,0.64,0,crohn's disease,0.60975
0.0,3.828641396489095,0.5,0,24,0.785,1,5.698970004336019,0.64,1,crohn's disease,0.4871796209473365
2.0,1.791759469228055,1.0,0,48,0.785,5,5.698970004336019,0.36,0,crohn's disease,0.5526263920384209
0.0,7.699842407396986,1.0,0,24,0.785,5,5.698970004336019,0.64,1,crohn's disease,0.7252476361109548
0.0,1.3862943611198906,0.5,0,24,0.785,1,5.698970004336019,0.64,0,crohn's disease,0.45054441541679846
0.0,8.524367395164237,0.5,0,24,0.785,1,5.698970004336019,0.64,1,crohn's disease,0.5576155109274636
0.0,3.9318256327243257,0.5,0,24,0.785,1,5.698970004336019,0.64,1,crohn's disease,0.48872738449086495
0.0,7.1569563646156364,0.5,0,24,0.785,1,5.698970004336019,0.64,1,crohn's disease,0.5371043454692346
3.0,1.6094379124341003,1.0,0,60,0.785,5,5.698970004336019,0.58,0,crohn's disease,0.6158915686865115
0.0,5.783825182329737,1.0,0,24,0.785,5,5.698970004336019,0.64,1,crohn's disease,0.6965073777349461
0.0,1.3862943611198906,0.5,0,24,0.785,1,5.698970004336019,0.64,1,crohn's disease,0.45054441541679846
1.0,4.248495242049359,1.0,0,36,0.785,5,5.698970004336019,0.64,1,crohn's disease,0.6734774286307404
4.0,6.135564891081739,1.0,0,36,0.785,5,5.698970004336019,0.8,1,crohn's disease,0.7497834733662261
2.0,3.091042453358316,0.5,0,48,0.785,1,5.698970004336019,0.36,1,crohn's disease,0.39211563680037476
2.0,2.3978952727983707,1.0,0,48,0.785,5,5.698970004336019,0.36,1,crohn's disease,0.5617184290919757
0.0,0.0,0.5,0,24,0.785,1,5.698970004336019,0.64,0,crohn's disease,0.4297500000000001
0.0,4.02535169073515,0.5,0,24,0.785,1,5.698970004336019,0.64,1,crohn's disease,0.4901302753610273
0.0,4.9344739331306915,0.5,0,24,0.785,1,5.698970004336019,0.64,1,crohn's disease,0.5037671089969604
0.0,3.091042453358316,0.5,0,24,0.785,1,5.698970004336019,0.64,1,crohn's disease,0.47611563680037483
2.0,0.0,1.0,0,48,0.785,5,5.698970004336019,0.36,0,crohn's disease,0.52575
0.0,6.0112671744041615,0.5,0,24,0.785,1,5.698970004336019,0.64,1,crohn's disease,0.5199190076160625
1.0,1.3862943611198906,1.0,0,36,0.785,5,5.698970004336019,0.64,0,crohn's disease,0.6305444154167984
0.0,5.017279836814924,1.0,0,24,0.785,5,5.698970004336019,0.64,1,crohn's disease,0.6850091975522239
0.0,2.5649493574615367,0.5,0,24,0.785,1,5.698970004336019,0.64,0,crohn's disease,0.4682242403619231
0.0,0.0,0.5,0,24,0.785,1,5.698970004336019,0.64,0,crohn's disease,0.4297500000000001
0.0,4.812184355372417,0.5,0,24,0.785,1,5.698970004336019,0.64,1,crohn's disease,0.5019327653305863
0.0,3.9889840465642745,1.0,0,24,0.785,5,5.698970004336019,0.64,1,crohn's disease,0.6695847606984642
0.0,4.290459441148391,1.0,0,24,0.785,5,5.698970004336019,0.64,1,crohn's disease,0.6741068916172259
0.0,6.573680166960646,0.5,0,24,0.785,1,5.698970004336019,0.64,1,crohn's disease,0.5283552025044098
0.0,6.90875477931522,0.5,0,24,0.785,1,5.698970004336019,0.64,1,crohn's disease,0.5333813216897284
0.0,4.6913478822291435,0.6,0,24,0.785,1,5.698970004336019,0.64,1,crohn's disease,0.5201202182334371
2.0,4.290459441148391,0.5,0,48,0.785,1,5.698970004336019,0.36,1,crohn's disease,0.41010689161722585
0.0,5.5254529391317835,0.5,0,24,0.785,1,5.698970004336019,0.64,1,crohn's disease,0.5126317940869768
1.0,2.6390573296152584,1.0,0,36,0.785,5,5.698970004336019,0.64,1,crohn's disease,0.6493358599442289
1.0,2.1972245773362196,1.0,0,36,0.785,5,5.698970004336019,0.64,0,crohn's disease,0.6427083686600433
0.0,5.5254529391317835,0.5,0,24,0.785,1,5.698970004336019,0.64,1,crohn's disease,0.5126317940869768
0.0,3.713572066704308,0.5,0,24,0.785,1,5.698970004336019,0.64,1,crohn's disease,0.4854535810005647
0.0,5.303304908059076,1.0,0,24,0.785,5,5.698970004336019,0.64,1,crohn's disease,0.6892995736208861
