,IBB,IBB,IBB,IBB,IBB,IBB,IBB,IBB,XBI,XBI,XBI,XBI,XBI,XBI,XBI,XBI,XLV,XLV,XLV,XLV,XLV,XLV,XLV,XLV,BBH,BBH,BBH,BBH,BBH,BBH,BBH,BBH
,Open,High,Low,Close,Volume,Dividends,Stock Splits,Capital Gains,Open,High,Low,Close,Volume,Dividends,Stock Splits,Capital Gains,Open,High,Low,Close,Volume,Dividends,Stock Splits,Capital Gains,Open,High,Low,Close,Volume,Dividends,Stock Splits,Capital Gains
Date,,,,,,,,,,,,,,,,,,,,,,,,,,,,,,,,
2021-05-20 00:00:00-04:00,147.56100264385876,151.380038050673,147.37350213568266,150.1761016845703,4657200,0.0,0.0,0.0,125.0987486554232,127.79428418355873,123.97478231877906,126.88914489746094,4918500,0.0,0.0,0.0,113.49355574353305,115.20966076985567,113.49355574353305,114.72065734863281,7522700,0.0,0.0,0.0,174.25729344908422,179.54905854337076,174.25729344908422,178.81680297851562,11900,0.0,0.0,0.0
2021-05-21 00:00:00-04:00,151.27149570297178,151.6464967435823,149.2682276158877,149.38665771484375,1966100,0.0,0.0,0.0,128.06286608837377,128.36126803511834,125.95417771678139,125.99396514892578,5244400,0.0,0.0,0.0,115.09895594901974,115.93855892632293,114.64686582848168,114.73912811279297,8423300,0.0,0.0,0.0,180.105560561795,180.105560561795,177.42062377929688,177.42062377929688,6000,0.0,0.0,0.0
2021-05-24 00:00:00-04:00,150.08728579916485,150.58070183379255,148.46888180790052,148.478759765625,2235800,0.0,0.0,0.0,126.85932002111097,127.29697416979955,124.4223911161672,125.16838836669922,4975100,0.0,0.0,0.0,115.32962164443481,115.56028088772368,114.80371885130263,114.849853515625,4958800,0.0,0.0,0.0,179.03157383329864,179.15850288055668,177.6061248779297,177.6061248779297,4300,0.0,0.0,0.0
2021-05-25 00:00:00-04:00,148.9030981214069,149.30770290486612,147.32416070480974,147.71890258789062,3211100,0.0,0.0,0.0,125.58613511169403,126.41169951996284,123.51723453694545,123.59680938720703,5403400,0.0,0.0,0.0,115.01592174925553,115.0251430502534,114.37930002234876,114.50846862792969,6798500,0.0,0.0,0.0,178.7874918945361,178.7874918945361,176.98127066268836,177.10818481445312,8100,0.0,0.0,0.0
2021-05-26 00:00:00-04:00,148.10376146160587,148.61691836317806,147.2254815062668,148.60704040527344,2704200,0.0,0.0,0.0,123.97478439282871,126.42165423876504,123.71616991161326,126.28240203857422,4465200,0.0,0.0,0.0,114.48078367544514,114.51768999467248,113.35516557607357,113.84416198730469,6848800,0.0,0.0,0.0,177.98691101409904,177.98691101409904,177.08867936578298,177.44992065429688,15300,0.0,0.0,0.0
2021-05-27 00:00:00-04:00,148.78468322753906,149.19915091177253,147.72876562938515,148.78468322753906,3715300,0.0,0.0,0.0,127.05823223541596,128.00316651026074,125.64581278856319,127.90369415283203,4102700,0.0,0.0,0.0,114.08402805742038,114.17629031853278,113.53044745158662,113.59503173828125,8102900,0.0,0.0,0.0,176.86410741267352,178.40672746773996,176.70790422689922,178.0259552001953,7700,0.0,0.0,0.0
2021-05-28 00:00:00-04:00,149.69255628473437,151.9227913000473,149.54452244230848,149.94912719726562,3201400,0.0,0.0,0.0,128.29161381322126,130.59923897636094,127.01844654298938,127.41632080078125,6459400,0.0,0.0,0.0,114.02868212218667,114.97900396732518,113.96409782583359,114.03791046142578,10059900,0.0,0.0,0.0,178.3774606790041,181.81418445672097,178.3774606790041,179.79315185546875,4500,0.0,0.0,0.0
2021-06-01 00:00:00-04:00,150.99516481225405,150.99516481225405,147.7978386440756,148.91294860839844,3262100,0.0,0.0,0.0,128.03300491503276,128.03300491503276,125.28773328884931,125.77511596679688,5179000,0.0,0.0,0.0,114.17630363835578,114.21320995493811,112.07269286728442,112.16495513916016,13368300,0.0,0.0,0.0,180.76945578307942,180.76945578307942,177.59634883918466,178.16262817382812,8500,0.0,0.0,0.0
2021-06-02 00:00:00-04:00,149.1103170275207,150.11687479753832,148.22215921779463,149.090576171875,3364800,0.0,0.0,0.0,126.54102316572666,127.2671228779028,124.82025290345682,126.5609130859375,5226100,0.0,0.0,0.0,112.26646400411984,112.55247920518777,111.67597692111175,111.94354248046875,13245100,0.0,0.0,0.0,178.02596877759788,179.64669799804688,178.02596877759788,179.64669799804688,4400,0.0,0.0,0.0
2021-06-03 00:00:00-04:00,148.5675473973734,149.49517180412454,147.18597368553935,148.89320373535156,3041600,0.0,0.0,0.0,126.07353970917418,126.79964706387398,124.41245426170455,126.08348846435547,4886000,0.0,0.0,0.0,111.52834252668717,112.58014799738369,111.27923366853724,112.28490447998047,13244400,0.0,0.0,0.0,178.99256014856402,179.79315185546875,177.6842670557086,179.79315185546875,4600,0.0,0.0,0.0
2021-06-04 00:00:00-04:00,150.0280814690474,151.81424514305814,149.7123030302708,151.0050506591797,3746600,0.0,0.0,0.0,126.43161900893344,127.47601823134403,125.74529908628209,126.08348846435547,4303800,0.0,0.0,0.0,112.87538882670981,113.20753865577352,112.51556101841754,112.64472961425781,11228900,0.0,0.0,0.0,180.91593276941074,183.31772252316443,180.91593276941074,182.8783721923828,5400,0.0,0.0,0.0
2021-06-07 00:00:00-04:00,151.25174728510737,159.6990269315019,150.9852984246274,156.19577026367188,15198800,0.0,0.0,0.0,126.58080702163367,133.2450532282149,126.20283025021199,131.90225219726562,15591000,0.0,0.0,0.0,112.921528724826,114.04714686009011,112.72777582207476,113.05069732666016,13978500,0.0,0.0,0.0,183.93282398611737,195.043585925992,183.60087172338703,189.4882049560547,120600,0.0,0.0,0.0
2021-06-08 00:00:00-04:00,157.13329466580768,157.74514089904434,153.5412258846486,155.99844360351562,3986400,0.0,0.0,0.0,132.96653833031303,134.0009963167643,129.12715384255515,132.7477264404297,7540600,0.0,0.0,0.0,113.32748948939414,113.3920737893306,111.83281521194372,112.7000961303711,10799500,0.0,0.0,0.0,191.089406471166,191.089406471166,186.37367901666784,188.9707489013672,15300,0.0,0.0,0.0
2021-06-09 00:00:00-04:00,156.8174858242449,159.33391058168866,156.8174858242449,158.3964080810547,3466900,0.0,0.0,0.0,133.28484094715267,135.48305283782378,132.9665415045376,133.99105834960938,7129900,0.0,0.0,0.0,112.9860989405791,113.98254834978887,112.9860989405791,113.7887954711914,7965600,0.0,0.0,0.0,189.86898435577413,193.1104278564453,189.86898435577413,193.1104278564453,9300,0.0,0.0,0.0
2021-06-10 00:00:00-04:00,158.45857749794285,161.49845728344897,157.5110764367387,161.0740509033203,2778500,0.023,0.0,0.0,133.8318886188797,135.7018444439284,132.63829624223467,135.36366271972656,5077400,0.0,0.0,0.0,114.06558775136718,115.86473377747322,114.0194601337708,115.73556518554688,9350900,0.0,0.0,0.0,193.12018827265953,196.3909205914856,193.10065728780458,196.1273193359375,15900,0.0,0.0,0.0
2021-06-11 00:00:00-04:00,160.58058651132322,160.68915419944972,158.7843025605274,159.99827575683594,2534400,0.0,0.0,0.0,135.63224217743613,135.7217582014991,133.62301874347057,135.10507202148438,4139000,0.0,0.0,0.0,115.56027939754797,115.6156353626918,114.33317054967628,114.91443634033203,6958100,0.0,0.0,0.0,195.79536474691974,195.79536474691974,193.1983097100844,193.9989013671875,11300,0.0,0.0,0.0
2021-06-14 00:00:00-04:00,159.87985133366823,160.61020212475597,158.98170178568714,159.73179626464844,2314000,0.0,0.0,0.0,135.37363982425958,136.98498902099954,135.16475391706786,135.95053100585938,3745000,0.0,0.0,0.0,114.84985523655831,115.03437981828976,114.20400512217503,115.01593017578125,5156000,0.0,0.0,0.0,194.95571222089728,194.95571222089728,192.05599392297464,193.20806884765625,16300,0.0,0.0,0.0
2021-06-15 00:00:00-04:00,159.6035018365049,159.63310983865577,156.8202291541514,157.36306762695312,5075100,0.0,0.0,0.0,136.04997617265818,136.04997617265818,131.89229296592313,132.7178497314453,4379500,0.0,0.0,0.0,115.1358516445743,115.3111548959996,114.56381427198049,115.05281066894531,5409100,0.0,0.0,0.0,192.46605819211476,192.53439429825946,189.5858410407813,189.9080352783203,26600,0.0,0.0,0.0
2021-06-16 00:00:00-04:00,157.27426261710494,158.40927633003983,154.1159347793285,156.22805786132812,2406500,0.0,0.0,0.0,132.37969790812298,133.76227890111494,129.76374448179772,132.8770294189453,7164300,0.0,0.0,0.0,115.17277922996506,115.7540380100586,114.28704854827703,114.60997009277344,11653200,0.0,0.0,0.0,188.97074885148268,191.20656253953345,186.16864086177222,188.04322814941406,48300,0.0,0.0,0.0
2021-06-17 00:00:00-04:00,155.73456113427986,157.74799575606528,155.32991339501893,156.98802185058594,2273000,0.0,0.0,0.0,132.3100690682836,134.61767920627562,131.63369037410095,133.66281127929688,4056400,0.0,0.0,0.0,114.40696679479238,115.79092203827777,114.38851715544314,115.4864501953125,6527000,0.0,0.0,0.0,187.84793304633928,191.18703114286146,187.84793304633928,190.78672790527344,12300,0.0,0.0,0.0
2021-06-18 00:00:00-04:00,155.73453738165028,156.7609982252265,154.72783528432205,156.7017822265625,2918100,0.0,0.0,0.0,132.2106146723968,133.414163676323,131.03691952401383,132.86709594726562,5837100,0.0,0.0,0.0,114.62840217288024,114.78525578974194,114.01023716253334,114.16708374023438,11152600,0.0,0.0,0.0,189.80063478587056,190.26928906966538,188.53140373614772,189.59561157226562,12900,0.0,0.0,0.0
2021-06-21 00:00:00-04:00,156.9583867898268,158.82376601079173,156.02076502289032,158.11314392089844,3403200,0.0,0.0,0.0,133.21522205915622,134.55802331873974,131.4845179739693,134.0706329345703,5111700,0.0,0.0,0.0,114.5292535240855,115.7518865838077,114.11244246283883,115.53884887695312,6655400,0.481,0.0,0.0,190.3961858486544,191.93880587193817,189.0097839057028,191.17726135253906,11800,0.0,0.0,0.0
2021-06-22 00:00:00-04:00,158.25135211441577,159.11989374939807,157.31373015484505,158.81393432617188,2334900,0.0,0.0,0.0,133.91146406414435,134.17007094074174,131.18608239716173,132.96652221679688,4485000,0.0,0.0,0.0,115.61294544293013,115.94639145339123,115.22392745293554,115.78893280029297,7194000,0.0,0.0,0.0,191.98762248736531,193.47166442871094,191.27489799290248,193.47166442871094,25100,0.0,0.0,0.0
2021-06-23 00:00:00-04:00,158.7251100378732,159.73181232029566,157.32359419837942,158.40927124023438,2174600,0.0,0.0,0.0,132.5686686047423,134.33916733261375,131.8724076180543,133.59317016601562,4142400,0.0,0.0,0.0,115.63147844311429,115.90008814830462,115.2609891209781,115.30729675292969,6506600,0.0,0.0,0.0,193.2471160888672,194.17465171283266,191.91930698040602,193.2471160888672,20000,0.0,0.0,0.0
2021-06-24 00:00:00-04:00,158.90271548334573,160.72862227532957,158.77440412368733,159.66268920898438,3199900,0.0,0.0,0.0,134.48838070832807,136.69651843769645,134.39884951033,136.55726623535156,5967900,0.0,0.0,0.0,115.98342758675288,116.7151558497006,115.77038991358916,115.90006256103516,7029200,0.0,0.0,0.0,194.13555732177537,195.14118692719816,193.37401286131487,193.9012451171875,10300,0.0,0.0,0.0
2021-06-25 00:00:00-04:00,159.93908676725488,161.00502014160156,159.71208703920664,161.00502014160156,3590300,0.0,0.0,0.0,136.95515840186056,138.03933748869574,135.78144810533192,137.9398651123047,8477600,0.0,0.0,0.0,115.8537692877549,116.78000663658575,115.78893295600194,116.42803192138672,8344200,0.0,0.0,0.0,193.64742893307675,195.45366535573953,193.64742893307675,195.28768920898438,13200,0.0,0.0,0.0
2021-06-28 00:00:00-04:00,162.37688033900895,162.85062339024768,160.91614875265773,161.24185180664062,1804700,0.0,0.0,0.0,139.92918658372656,140.7448175465108,136.78606297047986,137.1143035888672,6027300,0.0,0.0,0.0,116.54843193396826,116.75220525450698,116.15941399473753,116.60400390625,4631400,0.0,0.0,0.0,197.2012995180452,197.2012995180452,195.64892130884905,196.02969360351562,12500,0.0,0.0,0.0
2021-06-29 00:00:00-04:00,161.21227978867728,162.228861490115,160.3042657961321,161.46890258789062,1461600,0.0,0.0,0.0,137.17396539689562,137.7210330322128,134.82656032500407,135.0155487060547,5204100,0.0,0.0,0.0,116.61328766835696,117.09492799710642,116.46508629543071,116.73369598388672,6165500,0.0,0.0,0.0,195.49270444918395,197.53326794158417,195.1705102135418,197.0743865966797,23600,0.0,0.0,0.0
2021-06-30 00:00:00-04:00,161.38002805075996,162.67297595803453,160.3634465726887,161.51820373535156,2428500,0.0,0.0,0.0,134.74698659459966,136.50754420753657,132.78749943371182,134.67735290527344,5367700,0.0,0.0,0.0,116.61325354171174,116.90038478443992,116.21497130181702,116.65956115722656,8542700,0.0,0.0,0.0,197.29892385456628,198.13857742443557,196.2444741460484,196.89862060546875,6900,0.0,0.0,0.0
2021-07-01 00:00:00-04:00,161.56757685312198,163.02829357828514,160.78787432807508,162.95921325683594,2886000,0.0,0.0,0.0,135.21447633401897,137.7608109160771,134.2794907846239,137.75086975097656,5590200,0.0,0.0,0.0,116.7429524011901,117.78034074127001,116.69663770864112,117.69697570800781,12021000,0.0,0.0,0.0,197.19153422997206,198.01165685023787,196.38116965359862,197.89450073242188,5200,0.0,0.0,0.0
2021-07-02 00:00:00-04:00,163.63033481607707,163.63033481607707,161.30107668424583,162.59402465820312,2354600,0.0,0.0,0.0,137.7011404325182,137.8602901461652,135.01555351847125,135.80133056640625,3533600,0.0,0.0,0.0,117.84517835108915,118.93813868079744,117.64140500826778,118.82698059082031,12327900,0.0,0.0,0.0,198.8024852701504,198.8024852701504,196.72288974412268,198.19715881347656,5700,0.0,0.0,0.0
2021-07-06 00:00:00-04:00,161.85377967828916,161.87350830385452,159.73177774849208,160.73849487304688,2256800,0.0,0.0,0.0,135.91075467043217,136.4379248577156,132.62836366353415,132.8770294189453,6243800,0.0,0.0,0.0,118.47501895613792,118.7250928565126,117.87296328500018,118.71583557128906,11413100,0.0,0.0,0.0,197.57230673248617,197.57230673248617,195.668445326954,196.1175537109375,29400,0.0,0.0,0.0
2021-07-07 00:00:00-04:00,161.14314509353665,161.14314509353665,157.97495397387013,159.3271026611328,2093500,0.0,0.0,0.0,133.08589250724305,133.57326759075784,129.02766625363785,130.6489715576172,6551800,0.0,0.0,0.0,118.72510222978195,119.46609497070312,118.28977659111855,119.46609497070312,18435700,0.0,0.0,0.0,196.50809122698587,196.50809122698587,192.9151498071425,193.36427307128906,25300,0.0,0.0,0.0
2021-07-08 00:00:00-04:00,156.61292882823318,160.1068230296904,156.53398421058975,159.6429443359375,2088100,0.0,0.0,0.0,127.77440950311448,131.89231351766006,127.5555824394672,131.20599365234375,6172600,0.0,0.0,0.0,118.35461027937278,118.90108693694351,117.73403293604083,118.8084716796875,8386600,0.0,0.0,0.0,190.84530153541564,194.2624936938163,190.84530153541564,193.8914794921875,7200,0.0,0.0,0.0
2021-07-09 00:00:00-04:00,159.8798414328746,161.4589899844791,158.84351625399708,161.02471923828125,3490200,0.0,0.0,0.0,131.82266566056683,133.31465992837136,130.48982109055893,133.0858917236328,3781800,0.0,0.0,0.0,119.23454087887735,119.57725833995273,118.94740953576186,119.21602630615234,5224200,0.0,0.0,0.0,194.4870614226536,195.67819824987077,192.89563623699908,195.47317504882812,5800,0.0,0.0,0.0
2021-07-12 00:00:00-04:00,161.40965732442268,161.85380749631145,160.0279002963882,160.4226837158203,1715900,0.0,0.0,0.0,133.18534799187583,133.92140395614385,130.94735660545808,131.12640380859375,3210300,0.0,0.0,0.0,119.21601908578306,120.04036978649071,119.12338969472167,119.44757843017578,9097900,0.0,0.0,0.0,195.4829299312361,196.25423250469387,194.2039260385411,194.21368408203125,8400,0.0,0.0,0.0
2021-07-13 00:00:00-04:00,159.88974136096942,160.23518818421556,158.596808207716,158.8435516357422,782700,0.0,0.0,0.0,130.62909547537788,131.03691095376217,128.7591241519402,128.93817138671875,5558600,0.0,0.0,0.0,119.29937487606482,119.72543614732969,119.04928683138121,119.33641815185547,9698800,0.0,0.0,0.0,193.68648340985854,194.03796667696295,192.53439357410284,192.55392456054688,16200,0.0,0.0,0.0
2021-07-14 00:00:00-04:00,159.18896684477033,159.18896684477033,156.46492510424514,156.8202362060547,2178400,0.0,0.0,0.0,129.37583126339365,129.4752884628,125.1485056774259,125.2778091430664,8016200,0.0,0.0,0.0,119.60502618509709,119.70691285267226,119.0122348828214,119.22526550292969,7487000,0.0,0.0,0.0,193.58883484195866,193.58883484195866,190.29857141561283,190.63052368164062,10600,0.0,0.0,0.0
2021-07-15 00:00:00-04:00,156.5142514465488,157.42226521298875,155.06339927081873,157.17552185058594,5134000,0.0,0.0,0.0,125.1186518248357,126.05363741450736,123.00996366531004,125.26785278320312,5935700,0.0,0.0,0.0,118.58616962240384,119.1048602894717,118.07674330771371,118.8084716796875,8750600,0.0,0.0,0.0,189.8592142158062,191.7240135827489,189.29293483657216,191.64590454101562,57300,0.0,0.0,0.0
2021-07-16 00:00:00-04:00,158.11314051520384,159.70216834031874,157.48147812223996,158.58688354492188,4890900,0.0,0.0,0.0,125.82486159985383,127.11792645413695,124.31297727379791,125.26785278320312,4536400,0.0,0.0,0.0,119.11411482566064,119.56796202838795,118.72508274723911,119.13262939453125,6511000,0.0,0.0,0.0,192.87610352200568,195.34624424044628,192.83704155221116,194.36990356445312,8200,0.0,0.0,0.0
2021-07-19 00:00:00-04:00,157.23475107389578,160.55098274593792,156.43530492206776,159.67257690429688,4554500,0.0,0.0,0.0,123.68634909981978,127.23729589482254,123.27854119427757,125.466796875,4617900,0.0,0.0,0.0,118.35460806622773,118.91961341798874,116.91894440625924,117.8822250366211,19460400,0.0,0.0,0.0,192.50511197554698,196.7326693883501,192.27078482250462,196.2152099609375,10700,0.0,0.0,0.0
2021-07-20 00:00:00-04:00,160.0081521082488,162.9690728507998,159.81076040408308,161.942626953125,6134800,0.0,0.0,0.0,125.47673526309293,128.39109807059478,124.86999024391268,128.37120056152344,4268600,0.0,0.0,0.0,118.26198453633492,119.99405091611722,118.26198453633492,119.31790161132812,15053700,0.0,0.0,0.0,196.30306189446685,199.80812148799677,196.0785077012569,198.0702362060547,36000,0.0,0.0,0.0
2021-07-21 00:00:00-04:00,161.53799154535602,162.74210072284765,159.29755692034794,162.6927490234375,2269300,0.0,0.0,0.0,128.3712039519881,129.80352109590555,126.66038238312585,129.5548553466797,3951000,0.0,0.0,0.0,119.79952142025428,119.8365788245381,118.22492093640035,119.51239013671875,8295700,0.0,0.0,0.0,197.23056761704953,199.0172727786446,195.24859730671872,198.9782257080078,8300,0.0,0.0,0.0
2021-07-22 00:00:00-04:00,162.85065461745236,163.81788459170718,162.14989668935505,163.1171417236328,1254200,0.0,0.0,0.0,128.8386973048376,129.54491471358014,127.0582496224134,127.28702545166016,4268600,0.0,0.0,0.0,119.61429037581102,120.39232635498047,119.29010165119361,120.39232635498047,9261100,0.0,0.0,0.0,198.75368023013135,201.389797097871,198.75368023013135,200.940673828125,13300,0.0,0.0,0.0
2021-07-23 00:00:00-04:00,163.82773135867455,164.57782577267295,162.15974378831683,164.5482177734375,3120200,0.0,0.0,0.0,127.46605507373104,127.88382688224586,124.80036556707161,125.8348159790039,4194600,0.0,0.0,0.0,120.90174705625553,121.90208498178669,120.75354570434155,121.78166961669922,8303800,0.0,0.0,0.0,201.8779485506202,203.2155303955078,200.4329537468352,203.2155303955078,8600,0.0,0.0,0.0
2021-07-26 00:00:00-04:00,164.19290406521384,164.67652647826586,161.00498403229054,161.4392547607422,1961400,0.0,0.0,0.0,125.6955642914695,126.78969205849722,123.4874112480323,123.55703735351562,5054300,0.0,0.0,0.0,121.43897471872053,121.79094942043686,120.59609537158919,120.994384765625,6626500,0.0,0.0,0.0,203.1374278861634,203.1374278861634,197.97259253919833,198.58767700195312,9800,0.0,0.0,0.0
2021-07-27 00:00:00-04:00,161.1925129241702,161.3899046044211,157.7578344357204,160.13644409179688,3123400,0.0,0.0,0.0,123.33819936243873,123.82558205767079,119.97624149883742,122.32364654541016,8602400,0.0,0.0,0.0,120.82765941569455,121.55939483642578,120.50348482332556,121.55939483642578,9551600,0.0,0.0,0.0,198.5681785828894,198.5681785828894,193.72552210100463,197.0255584716797,10900,0.0,0.0,0.0
2021-07-28 00:00:00-04:00,161.21224009995467,165.27858096463953,160.64967306329922,164.6370391845703,2673800,0.0,0.0,0.0,122.64195343673316,127.15771687079614,122.64195343673316,126.6007080078125,6516600,0.0,0.0,0.0,121.38340045172131,122.34668102080228,121.07774044808978,121.99472045898438,7432600,0.0,0.0,0.0,198.31432360992443,203.06911307872045,198.31432360992443,202.88360595703125,16500,0.0,0.0,0.0
2021-07-29 00:00:00-04:00,165.42664810385705,165.63391918928062,163.2651734788237,163.64022827148438,1858600,0.0,0.0,0.0,127.21739397143071,127.88382392134199,124.37265730165039,124.50196075439453,4917000,0.0,0.0,0.0,122.39303202281111,122.47639001218799,121.92991323747684,122.29114532470703,5662700,0.0,0.0,0.0,203.2741015193814,203.2741015193814,201.46788042287312,201.50692749023438,7400,0.0,0.0,0.0
2021-07-30 00:00:00-04:00,163.6204376220703,164.666626943415,162.92955930231605,163.6204376220703,2202600,0.0,0.0,0.0,123.54708383727171,125.12860187040671,122.403219929551,122.75135803222656,4390600,0.0,0.0,0.0,122.08735013023804,122.85612887262188,121.92063418125082,122.40226745605469,6634400,0.0,0.0,0.0,201.4483849790486,203.12769222955862,201.4483849790486,202.0927734375,5600,0.0,0.0,0.0
2021-08-02 00:00:00-04:00,165.02196511686273,165.25884417693254,163.3539775030861,163.68955993652344,2237800,0.0,0.0,0.0,123.56697949101874,124.72078454705103,123.00996308830487,123.2685775756836,4167800,0.0,0.0,0.0,122.8839175769094,123.05064766283854,122.20776821343256,122.56900024414062,8366300,0.0,0.0,0.0,203.57679716899176,203.57679716899176,201.95608290402382,202.62974548339844,10500,0.0,0.0,0.0
2021-08-03 00:00:00-04:00,164.02512196230987,167.19329833984375,163.17632418309142,167.19329833984375,1651200,0.0,0.0,0.0,123.89521698517487,124.1538314819336,121.74674891833475,124.1538314819336,3767900,0.0,0.0,0.0,122.6245606918792,124.31031943209547,122.54120272338767,124.27326202392578,7701700,0.0,0.0,0.0,203.70370762058837,206.74012756347656,202.10250958979762,206.74012756347656,30200,0.0,0.0,0.0
2021-08-04 00:00:00-04:00,166.729444986404,171.3780973236624,166.40375694738057,169.90750122070312,4682300,0.0,0.0,0.0,123.53713779764715,126.63054024041755,123.49735795689539,124.13394165039062,5945600,0.0,0.0,0.0,123.79162374487566,124.55114520229041,123.58785038475274,123.74532318115234,8322100,0.0,0.0,0.0,207.8531727413658,214.17985635816785,206.74014493009713,212.4615020751953,29300,0.0,0.0,0.0
2021-08-05 00:00:00-04:00,169.75944609332254,172.59205528741722,168.46651318674998,172.57232666015625,3481200,0.0,0.0,0.0,124.33286966432665,128.96800268797728,123.72612465327065,128.8486328125,5619200,0.0,0.0,0.0,123.65269726758159,123.67122597354916,122.30038439718116,123.23589324951172,8240900,0.0,0.0,0.0,211.9635831668594,213.93578075902082,210.1963938920352,213.5940704345703,12000,0.0,0.0,0.0
2021-08-06 00:00:00-04:00,170.98328917835448,171.24976117175015,168.02236877157637,169.87786865234375,1974200,0.0,0.0,0.0,128.44083290168518,128.44083290168518,125.70550217258028,126.61064910888672,4674100,0.0,0.0,0.0,123.1803402791678,123.29148426560634,122.34671798108731,123.13402557373047,6923700,0.0,0.0,0.0,211.39727472650728,211.39727472650728,207.101367069744,209.22979736328125,14700,0.0,0.0,0.0
2021-08-09 00:00:00-04:00,169.87787864542244,174.50678689658463,169.8384063307522,173.91461181640625,5510900,0.0,0.0,0.0,126.42165225719097,128.24187958506195,125.86464346515838,126.84935760498047,4894400,0.0,0.0,0.0,123.30998042187416,123.83792835134825,123.2173510354527,123.60636901855469,9852500,0.0,0.0,0.0,209.2591010049072,216.31803999286427,209.2591010049072,215.52720642089844,21600,0.0,0.0,0.0
2021-08-10 00:00:00-04:00,174.20080705252008,175.0594691009383,170.09499404809574,170.76614379882812,4075800,0.0,0.0,0.0,127.67494109293234,128.0131228645558,125.02913391583725,125.80497741699219,4159300,0.0,0.0,0.0,123.67121146114383,123.92128536268343,122.84686080809188,123.3192367553711,5832600,0.0,0.0,0.0,216.9624336052671,216.9624336052671,211.70971582211882,212.4810333251953,19900,0.0,0.0,0.0
2021-08-11 00:00:00-04:00,170.8549885344582,170.88459653558317,164.1929172009628,165.66351318359375,4647500,0.0,0.0,0.0,125.67565396599375,125.95415835952582,123.6266508518572,124.98934173583984,4663900,0.0,0.0,0.0,123.51375300020564,123.70825492392163,121.99472435182086,122.09661102294922,14512500,0.0,0.0,0.0,212.82273770341033,212.82273770341033,203.07886186785876,204.5140838623047,32100,0.0,0.0,0.0
2021-08-12 00:00:00-04:00,166.52213953053436,167.6275448282373,164.95285556825584,167.03536987304688,2459800,0.0,0.0,0.0,124.80035702474014,126.58080455131244,124.34281299497434,126.11331176757812,4011900,0.0,0.0,0.0,122.21701139493905,123.16177741747366,122.13365342822537,123.05989074707031,8220300,0.0,0.0,0.0,206.23242897420394,207.07208251953125,204.26023161011318,207.07208251953125,13700,0.0,0.0,0.0
2021-08-13 00:00:00-04:00,168.2000154872935,168.33819116949095,166.6899472961288,167.19329833984375,2036900,0.0,0.0,0.0,126.23268177181164,126.7399544251022,123.91511521929345,123.95490264892578,3932800,0.0,0.0,0.0,123.36554043694139,123.85644504419703,123.21733908634305,123.82865905761719,7922900,0.0,0.0,0.0,209.35673156380895,209.35673156380895,206.77919268200273,207.05258178710938,10400,0.0,0.0,0.0
2021-08-16 00:00:00-04:00,166.48271599661612,166.49259537200206,162.64338891733036,165.21939086914062,3303900,0.0,0.0,0.0,123.55703061777047,123.7161727407668,120.80181004668285,121.13999938964844,5176500,0.0,0.0,0.0,123.82867983582334,125.25507920821796,123.40260441467316,125.23656463623047,8404200,0.0,0.0,0.0,206.4765296150293,206.4765296150293,200.8821015063042,204.34811401367188,11300,0.0,0.0,0.0
2021-08-17 00:00:00-04:00,163.16647914909538,168.3382110595703,163.07764008145602,168.3382110595703,3034800,0.0,0.0,0.0,120.18512477233952,123.15916483590436,119.19046183307726,123.03980255126953,5030300,0.0,0.0,0.0,124.90311898837768,126.71853637695312,124.83827558644087,126.71853637695312,13874500,0.0,0.0,0.0,202.0048873078104,208.90762329101562,201.12618662632076,208.90762329101562,15000,0.0,0.0,0.0
2021-08-18 00:00:00-04:00,168.7822963360461,169.15735100419556,166.00890381003688,166.14707946777344,1636100,0.0,0.0,0.0,123.06965630916143,123.75596861875071,120.93112934177118,120.96096801757812,3637600,0.0,0.0,0.0,126.55181348311915,126.69074343212836,124.71785335663566,124.79195404052734,12427700,0.0,0.0,0.0,209.66916633051872,209.66916633051872,206.8963623046875,206.8963623046875,21600,0.0,0.0,0.0
2021-08-19 00:00:00-04:00,163.80800629464895,165.15029096599113,162.1301542204766,162.4755859375,1930800,0.0,0.0,0.0,119.93645370743764,120.89132917605272,117.857604310654,118.0565414428711,5558600,0.0,0.0,0.0,123.9676080358518,126.00532745323157,123.93056475914055,125.35696411132812,11669200,0.0,0.0,0.0,204.27000856426162,205.32445833957846,201.86820381529927,202.0537109375,17400,0.0,0.0,0.0
2021-08-20 00:00:00-04:00,162.9295763593839,165.61414530577701,162.30777827650022,164.98248291015625,1956300,0.0,0.0,0.0,118.5041473623081,122.22418479938543,117.86756365934332,121.47818756103516,5939000,0.0,0.0,0.0,125.47736100983252,126.44991294605194,125.0420283729844,126.07015228271484,7252700,0.0,0.0,0.0,203.9185248257697,205.49043399206323,203.9185248257697,204.7386474609375,9700,0.0,0.0,0.0
2021-08-23 00:00:00-04:00,166.7491914573787,169.9864637527816,166.59127206247555,169.69036865234375,2226700,0.0,0.0,0.0,123.20891684401631,127.16767160110727,122.99008975508302,127.05825805664062,8385700,0.0,0.0,0.0,126.78336997309685,126.87598522593633,126.0794205585648,126.1164779663086,8471300,0.0,0.0,0.0,207.91173595746886,210.68453979492188,207.120902424048,210.68453979492188,8600,0.0,0.0,0.0
2021-08-24 00:00:00-04:00,169.03895051485597,169.60151756184894,167.8940576746338,169.2165985107422,1425900,0.0,0.0,0.0,127.1577151857896,127.18756145049103,125.17833792647927,127.06819915771484,4274300,0.0,0.0,0.0,126.11647144096689,126.13498601062084,125.31063539672385,125.67186737060547,6548100,0.0,0.0,0.0,211.06533293834715,211.06533293834715,208.4389888753677,210.4404754638672,18100,0.0,0.0,0.0
2021-08-25 00:00:00-04:00,168.9007864873371,170.59838217860627,168.11120464441777,170.3516387939453,2245700,0.0,0.0,0.0,126.68026118316173,129.19675697947503,125.7751143470971,128.4706573486328,5395700,0.0,0.0,0.0,125.55147227309998,125.61630153657684,124.81047958619598,125.32917022705078,6918500,0.0,0.0,0.0,209.29815610510803,211.9440460205078,209.29815610510803,211.9440460205078,9800,0.0,0.0,0.0
2021-08-26 00:00:00-04:00,170.2628165044728,171.42745322602582,168.57510002072644,169.17715454101562,1921300,0.0,0.0,0.0,128.21203727645675,130.35057154343286,127.31684676855569,127.89375305175781,5666100,0.0,0.0,0.0,125.40329278585419,125.68116685857622,124.5974706948965,124.83828735351562,5972100,0.0,0.0,0.0,211.72924432169276,212.95942823772623,209.54223579541213,210.37213134765625,8000,0.0,0.0,0.0
2021-08-27 00:00:00-04:00,169.51272917935938,171.32875713229018,168.21979607091382,169.5719451904297,2498400,0.0,0.0,0.0,128.3413739664197,132.2802463788986,127.78436507881443,131.3253631591797,6466600,0.0,0.0,0.0,125.11616777208809,125.45887113697835,124.49559032038212,124.6993637084961,8679200,0.0,0.0,0.0,209.49342633219982,212.05143414008458,209.49342633219982,209.8644256591797,7700,0.0,0.0,0.0
2021-08-30 00:00:00-04:00,169.6212461361731,171.30897724682868,168.90075978367975,169.7495574951172,1989700,0.0,0.0,0.0,131.94202014848773,132.88696199190193,130.39034854066097,130.92747497558594,4893700,0.0,0.0,0.0,124.58819630324763,125.85715124065177,124.57893901657391,125.40328979492188,6417200,0.0,0.0,0.0,209.88394901263237,212.36384768840995,209.07358449200038,210.74313354492188,16500,0.0,0.0,0.0
2021-08-31 00:00:00-04:00,170.44045987745562,171.32873002300587,169.09817528549965,170.03579711914062,1916500,0.0,0.0,0.0,130.7981824649814,132.8770244600731,130.7981824649814,132.1310272216797,3680100,0.0,0.0,0.0,125.43106657492648,126.01460065753663,124.79196050983175,125.23656463623047,9299100,0.0,0.0,0.0,211.61208574084262,211.65113281327825,209.67892045530473,211.00674438476562,9700,0.0,0.0,0.0
2021-09-01 00:00:00-04:00,170.87470924876087,172.32556134890947,170.10487120297003,171.79258728027344,2075900,0.0,0.0,0.0,132.40950877443646,134.55798409250653,132.06138589638948,134.3590545654297,3888100,0.0,0.0,0.0,125.33843348040324,125.44957742955737,124.08800751938315,125.27359008789062,10571100,0.0,0.0,0.0,211.51443790409712,213.3694791807235,210.8993385270645,212.79344177246094,9000,0.0,0.0,0.0
2021-09-02 00:00:00-04:00,172.62167471253304,173.72709537315876,172.06897191223106,173.7073516845703,1830300,0.0,0.0,0.0,134.60773806875784,135.88090542322976,134.1899814534485,135.80133056640625,3158500,0.0,0.0,0.0,125.73671556065001,126.63516688721379,125.59778561664935,126.61663818359375,6847800,0.0,0.0,0.0,214.19938354191393,214.7363739013672,213.34997190827303,214.7363739013672,9300,0.0,0.0,0.0
2021-09-03 00:00:00-04:00,173.46060516231546,173.68760486691673,172.04924018411523,173.5198211669922,1235000,0.0,0.0,0.0,135.27415332427591,135.27415332427591,132.49905053337864,133.47381591796875,5092000,0.0,0.0,0.0,126.48696797551129,126.93155793818732,125.88491936216373,126.75558471679688,5632800,0.0,0.0,0.0,213.82836210099174,214.80470275878906,212.88131047110625,214.80470275878906,6100,0.0,0.0,0.0
2021-09-07 00:00:00-04:00,173.04606488138572,173.5099436293623,171.58534832393835,173.15463256835938,2406800,0.0,0.0,0.0,133.52356994986482,135.09513935076512,131.8326306653553,132.75767517089844,4519900,0.0,0.0,0.0,126.2831976461759,126.48697099502945,125.19024435074361,126.01459503173828,8739100,0.0,0.0,0.0,214.09199930083577,214.59970066418805,212.705597218177,214.58016967773438,9500,0.0,0.0,0.0
2021-09-08 00:00:00-04:00,172.81907701698466,173.08554903595143,170.58850712474955,171.49652099609375,1599400,0.0,0.0,0.0,132.96653469101517,133.14558191264953,130.30084529379772,131.60385131835938,4325800,0.0,0.0,0.0,125.76449884190505,126.16278822823199,125.43105285022231,125.95901489257812,6986200,0.0,0.0,0.0,213.9845797625509,213.9845797625509,211.36799395571202,212.04165649414062,22400,0.0,0.0,0.0
2021-09-09 00:00:00-04:00,171.29912096298563,173.31255536848062,171.29912096298563,171.61495971679688,2599600,0.0,0.0,0.0,131.17615938478275,134.0308372964212,130.85785994429276,132.11114501953125,5367800,0.0,0.0,0.0,125.7830107083917,126.07014197021732,124.43069821945393,124.50479888916016,8905600,0.0,0.0,0.0,213.36950261033047,214.55088148204558,212.5005599319798,212.84228515625,11300,0.0,0.0,0.0
2021-09-10 00:00:00-04:00,173.0065822374316,173.0065822374316,170.5391484296867,170.97341918945312,1441600,0.0,0.0,0.0,132.5786420317899,132.71789426301348,130.3903861794102,131.01702880859375,3750000,0.0,0.0,0.0,124.94942048952942,125.06057858893236,123.30071903654135,123.36556243896484,10561600,0.0,0.0,0.0,213.81859904280012,213.81859904280012,211.49490356445312,211.49490356445312,13200,0.0,0.0,0.0
2021-09-13 00:00:00-04:00,171.8616846405156,171.8616846405156,167.48938460458274,168.101318359375,2158900,0.0,0.0,0.0,131.30544609700715,132.55873108486017,128.52040207367074,130.3804168701172,4970200,0.0,0.0,0.0,124.01393348654273,124.08803417965233,121.98547117911127,122.60604858398438,11676700,0.0,0.0,0.0,212.77392466945707,212.77392466945707,206.47653004316876,207.15020751953125,59900,0.0,0.0,0.0
2021-09-14 00:00:00-04:00,168.4467659603575,170.1542259038487,167.42032014358225,167.71640014648438,2114300,0.0,0.0,0.0,130.7484525253043,131.5839658296474,128.08276288458472,128.3015899658203,3720800,0.0,0.0,0.0,123.18033877813446,123.46747016177768,122.37450248648324,122.5875473022461,10436300,0.0,0.0,0.0,208.30229038828028,209.32743618578735,206.98422450894762,207.2185516357422,8600,0.0,0.0,0.0
2021-09-15 00:00:00-04:00,168.36781288311673,169.94697657402259,167.73615041875857,169.5620574951172,1606700,0.0,0.0,0.0,128.5303529981435,130.4997814719968,128.04296266837684,129.73388671875,3543300,0.0,0.0,0.0,122.43002640140926,123.95832626247976,122.24478178792565,123.38406372070312,10299900,0.0,0.0,0.0,207.6676693888386,210.18663024902344,207.6676693888386,210.18663024902344,10000,0.0,0.0,0.0
2021-09-16 00:00:00-04:00,168.97974855376137,170.67732920888028,168.06185531870454,170.26280212402344,1827200,0.0,0.0,0.0,129.73387713664928,130.4898306679919,128.01311453780912,130.30084228515625,2794700,0.0,0.0,0.0,123.54151995231402,123.77307924799116,122.22626484885876,123.06912994384766,10525700,0.0,0.0,0.0,210.27450169272282,211.62185668945312,208.9662086685868,211.62185668945312,11600,0.0,0.0,0.0
2021-09-17 00:00:00-04:00,170.68719454720915,171.47677633630397,168.46650423664124,171.3484649658203,4448600,0.0,0.0,0.0,130.41023430150295,132.6780641667388,128.86850399712662,132.17079162597656,6551100,0.0,0.0,0.0,122.96729597642307,123.29148478257991,122.38377591191013,123.1895980834961,13541400,0.0,0.0,0.0,212.53959839651446,212.75439453125,209.5715144789557,212.75439453125,18000,0.0,0.0,0.0
2021-09-20 00:00:00-04:00,168.3283482843303,169.94698436470057,166.16687371907514,167.69668579101562,1968300,0.0,0.0,0.0,129.65432535364994,131.03690628704655,126.45150175914506,128.0727996826172,7072700,0.0,0.0,0.0,121.79251715088851,122.99158140560799,120.84442214207358,121.904052734375,17245000,0.467,0.0,0.0,209.3274405499905,211.01652069085227,207.51144624835683,208.6732940673828,12800,0.0,0.0,0.0
2021-09-21 00:00:00-04:00,168.50595982898326,170.3121229095633,168.16052818429372,169.3251495361328,1006200,0.0,0.0,0.0,128.3314241101472,130.79818409280907,128.31152660055034,129.5548553466797,4340700,0.0,0.0,0.0,122.46175290602376,123.34477599169443,122.07136420024491,122.08995819091797,11741800,0.0,0.0,0.0,209.8351213573956,211.5925374286184,209.67890328489236,210.7528839111328,5700,0.0,0.0,0.0
2021-09-22 00:00:00-04:00,169.65087022270663,170.39110032986136,167.95327463883012,169.36465454101562,1296000,0.0,0.0,0.0,130.19143006155446,131.13635680784904,128.76906935939502,129.92286682128906,2688500,0.0,0.0,0.0,122.45248523248165,122.90793171371,121.70888148421555,122.29447174072266,11964100,0.0,0.0,0.0,210.88959438378197,211.32894472585943,209.13217811769505,210.80172729492188,13900,0.0,0.0,0.0
2021-09-23 00:00:00-04:00,169.8483010369018,172.17755957978204,169.621301301882,171.6544647216797,2782600,0.0,0.0,0.0,130.28094520541921,132.47915693991848,129.78361374468062,132.35980224609375,3148900,0.0,0.0,0.0,122.57330600712935,123.8931958724245,122.48036440659551,123.177490234375,10366500,0.0,0.0,0.0,210.52835970217492,214.06270843330606,210.0304163874332,213.43785095214844,29900,0.0,0.0,0.0
2021-09-24 00:00:00-04:00,170.7892714054467,170.91767436317173,168.11267256766752,168.38922119140625,1508100,0.124,0.0,0.0,131.22588143607712,131.79284662745286,129.46533886542704,129.67420959472656,4252900,0.0,0.0,0.0,122.97300717874276,123.42845367322046,122.41530080555356,122.6755599975586,6962600,0.0,0.0,0.0,212.46149269800708,212.46149269800708,209.2298074806314,209.532470703125,9200,0.0,0.0,0.0
2021-09-27 00:00:00-04:00,167.84594159205173,168.2706357459139,164.9915537976109,165.4458770751953,1548300,0.0,0.0,0.0,129.68416054983902,132.0415068895322,128.91826582707353,131.20599365234375,4715500,0.0,0.0,0.0,122.32232910464703,122.47103847559099,120.66781856977855,120.9280776977539,11631400,0.0,0.0,0.0,209.12240438060206,209.12240438060206,203.0105024304087,203.51820373535156,29800,0.0,0.0,0.0
2021-09-28 00:00:00-04:00,163.41130008902826,163.41130008902826,159.90504064685226,160.13221740722656,3189300,0.0,0.0,0.0,130.0124161685631,130.1914482354973,126.96874202317353,127.05825805664062,4959400,0.0,0.0,0.0,120.15660378162882,120.15660378162882,118.44631817517273,118.85530090332031,17433400,0.0,0.0,0.0,201.05783959641758,201.12619059852494,196.27377597333057,196.58621215820312,44200,0.0,0.0,0.0
2021-09-29 00:00:00-04:00,161.6828726090875,162.11745330553106,159.1741773215757,159.4210968017578,2437200,0.0,0.0,0.0,127.81418856076628,128.35129987357038,124.63127016904252,124.95950317382812,4540300,0.0,0.0,0.0,119.38509996910511,120.35177468159436,119.14342065368899,119.79408264160156,11171400,0.0,0.0,0.0,197.91402955709728,199.05634638666183,196.5764326696023,196.73265075683594,9000,0.0,0.0,0.0
2021-09-30 00:00:00-04:00,160.5964210054774,161.61372796357048,159.60874317658948,159.687744140625,2822400,0.0,0.0,0.0,125.50656289866032,126.75984025625095,124.97939278478208,125.03907012939453,4949400,0.0,0.0,0.0,120.19376946414606,120.94666298871691,118.2232319249671,118.32547760009766,21653100,0.0,0.0,0.0,198.16789333813546,199.31021028623093,197.35752868652344,197.35752868652344,7700,0.0,0.0,0.0
2021-10-01 00:00:00-04:00,158.18647314414488,158.18647314414488,153.16906833117002,156.97161865234375,4672900,0.0,0.0,0.0,125.48667138396952,125.9044279682945,121.84620163540067,125.49661254882812,8160600,0.0,0.0,0.0,118.4835002464762,118.9110698794609,116.44789067307644,118.3533706665039,23188900,0.0,0.0,0.0,194.4284764819136,194.4284764819136,187.76984099449598,191.9680938720703,19600,0.0,0.0,0.0
2021-10-04 00:00:00-04:00,154.52214309816893,155.45056236692517,153.06038460627755,153.76162719726562,3367400,0.0,0.0,0.0,124.54175520482434,124.77053103730546,122.14462128464534,122.5623779296875,4099300,0.0,0.0,0.0,117.87003021845995,118.47420734149783,115.96455725076262,116.55014038085938,27580700,0.0,0.0,0.0,189.73230516129465,189.73230516129465,187.17429709042824,187.6136474609375,18200,0.0,0.0,0.0
2021-10-05 00:00:00-04:00,154.12710613698945,155.82591296502352,153.83079981660853,153.87030029296875,1895400,0.0,0.0,0.0,123.18901151513487,124.64121859018599,122.06504505265272,122.94034576416016,3987600,0.0,0.0,0.0,117.02419039745394,118.43702895508598,116.8661769117608,117.24726867675781,19151800,0.0,0.0,0.0,189.7127567048569,189.87873283408652,188.30682373046875,188.30682373046875,26300,0.0,0.0,0.0
2021-10-06 00:00:00-04:00,152.71473263388535,153.44561961231597,151.4900218390901,152.0233612060547,3641200,0.0,0.0,0.0,121.90587710405286,122.96022489085647,121.11015137310383,121.63732147216797,4261000,0.0,0.0,0.0,116.5966187665234,117.13572400808582,115.7228854743749,117.03348541259766,21322100,0.0,0.0,0.0,186.6861070842661,187.85771291510304,185.38757219834824,186.17840576171875,19800,0.0,0.0,0.0
2021-10-07 00:00:00-04:00,153.09991784106745,155.62838546188337,152.27027217385094,154.3048858642578,1771700,0.0,0.0,0.0,122.23412730221668,124.57158367842632,121.6671697336154,123.24868774414062,4035100,0.0,0.0,0.0,117.84213550004716,119.34792257961132,117.6190572459506,118.58573913574219,15806400,0.0,0.0,0.0,187.76008164331452,190.49383864125423,186.91066998346236,189.06837463378906,21500,0.0,0.0,0.0
2021-10-08 00:00:00-04:00,154.9962895834736,155.0851920505352,152.85303029406333,153.13946533203125,1290800,0.0,0.0,0.0,123.92506061270896,124.4025021959078,122.11477424040244,122.78120422363281,2860100,0.0,0.0,0.0,118.75306588406043,118.9761441687482,117.74920296566923,117.99087524414062,9552300,0.0,0.0,0.0,190.13259822149817,190.13259822149817,187.31097412109375,187.31097412109375,20300,0.0,0.0,0.0
2021-10-11 00:00:00-04:00,153.1098196932408,154.55182086908772,152.32954577674346,152.60609436035156,1763100,0.0,0.0,0.0,122.55241855872272,124.84014633065553,122.23412672502282,123.40782928466797,3349200,0.0,0.0,0.0,117.8886443432998,118.51140847409805,117.03350490176804,117.0706787109375,7843400,0.0,0.0,0.0,186.38342026737936,189.00977894515265,186.38342026737936,186.97898864746094,15500,0.0,0.0,0.0
2021-10-12 00:00:00-04:00,153.58386040550954,154.2949894535627,152.35913480702612,152.78384399414062,1308100,0.0,0.0,0.0,123.67639066555566,125.05897918235004,123.6167133154337,123.94495391845703,3440600,0.0,0.0,0.0,117.44245249610793,117.56329216732563,116.21551143297827,116.50365447998047,13007200,0.0,0.0,0.0,187.8870023000497,188.53139072245446,186.4810693412671,187.12545776367188,12100,0.0,0.0,0.0
2021-10-13 00:00:00-04:00,153.73203352136946,154.38390444386434,153.21845194979733,153.6727752685547,1197200,0.0,0.0,0.0,124.332862830617,125.27778955265941,123.32825117411642,124.34281158447266,3201400,0.0,0.0,0.0,116.69885693243428,117.21937523896035,115.97384017352002,116.68955993652344,10609000,0.0,0.0,0.0,188.30683408781235,189.00004256945402,187.94559278066558,188.6290283203125,17000,0.0,0.0,0.0
2021-10-14 00:00:00-04:00,155.19378034803694,156.8432000702995,155.08513521324056,155.92465209960938,1293400,0.0,0.0,0.0,125.68559773748122,127.37652153899795,125.15842764366748,126.42164611816406,4004100,0.0,0.0,0.0,117.89790513295934,118.82740614633755,117.89790513295934,118.36265563964844,8857900,0.0,0.0,0.0,191.0015269202,192.35863983342634,190.65980173217008,191.15773010253906,16500,0.0,0.0,0.0
2021-10-15 00:00:00-04:00,156.90248726280547,157.27780962876423,154.86787351827041,155.12466430664062,1006900,0.0,0.0,0.0,127.56553265835844,127.59537133485048,124.23341305012494,124.4124526977539,4530600,0.0,0.0,0.0,118.97614134477185,119.48736978872492,118.7251791668962,118.94825744628906,8976100,0.0,0.0,0.0,192.64178750702055,192.64178750702055,189.92756146304097,190.21070861816406,12900,0.0,0.0,0.0
2021-10-18 00:00:00-04:00,154.6505814327761,154.6505814327761,152.9221453978898,153.80117797851562,1764900,0.0,0.0,0.0,123.45756342631965,123.82558384717694,121.58759229414446,121.81636810302734,6325300,0.0,0.0,0.0,118.4277146191621,118.54854718478927,117.62834326740295,118.13956451416016,11660700,0.0,0.0,0.0,189.34174829312053,189.97637869849453,188.6290237403494,189.8982696533203,10600,0.0,0.0,0.0
2021-10-19 00:00:00-04:00,154.8184799986738,156.2703674282461,154.76909309935363,155.46046447753906,1553000,0.0,0.0,0.0,122.5424863690904,124.362721596301,122.22419449236588,123.01992797851562,4899500,0.0,0.0,0.0,118.78095736088869,119.99860873628728,118.78095736088869,119.6918716430664,9487000,0.0,0.0,0.0,190.9331819397113,192.5050910381822,190.9331819397113,191.8411865234375,15200,0.0,0.0,0.0
2021-10-20 00:00:00-04:00,155.52961324441068,156.79383953230118,155.51974189259312,155.75677490234375,1928200,0.0,0.0,0.0,123.19896151279225,124.3428254965501,122.30376328251755,122.60216522216797,2900600,0.0,0.0,0.0,120.40756478361918,121.57874523248157,120.2960291915603,121.40213775634766,13665700,0.0,0.0,0.0,190.94295235928874,192.79799367683555,190.94295235928874,191.54827880859375,29300,0.0,0.0,0.0
2021-10-21 00:00:00-04:00,156.29013023258034,157.08026036407205,155.81603406876587,156.94198608398438,821600,0.0,0.0,0.0,122.57232444314087,124.24335858142726,122.57232444314087,123.17906188964844,2678000,0.0,0.0,0.0,121.65311020714884,121.96913718163184,120.77007280335603,121.894775390625,8267500,0.0,0.0,0.0,192.98348389967077,193.2470851316231,192.35862652023272,193.18850708007812,14000,0.0,0.0,0.0
2021-10-22 00:00:00-04:00,157.39631730610014,157.39631730610014,154.86786483062312,156.48765563964844,1179800,0.0,0.0,0.0,123.00996221464413,123.59681728698828,121.30908952213626,123.51724243164062,6441700,0.0,0.0,0.0,121.7832201837926,122.43386802149595,121.59732282774294,122.38739013671875,8009700,0.0,0.0,0.0,192.7979857777695,192.7979857777695,190.33760321394487,191.51898193359375,5300,0.0,0.0,0.0
2021-10-25 00:00:00-04:00,156.63584054854275,158.47292211579673,155.62841990287745,158.26551818847656,816100,0.0,0.0,0.0,123.4177769183348,124.40249108417353,122.61209479294325,123.72611999511719,4376400,0.0,0.0,0.0,122.4431922756567,122.66627767533653,121.49511123890939,122.53614807128906,10629700,0.0,0.0,0.0,191.284670118914,195.19003295898438,190.72816366104797,195.19003295898438,13900,0.0,0.0,0.0
2021-10-26 00:00:00-04:00,159.15441435215612,159.55936590343092,157.68276887279504,158.06796264648438,2157400,0.0,0.0,0.0,124.47211854040954,125.576195000578,123.21884112290125,123.34815216064453,4662100,0.0,0.0,0.0,122.81495724589072,123.49348892495112,122.1457154698379,123.14027404785156,9271600,0.0,0.0,0.0,196.35188279024973,196.73265507512923,194.80926266495467,195.44387817382812,9400,0.0,0.0,0.0
2021-10-27 00:00:00-04:00,158.23586788637405,158.44327178594665,155.49999614470036,155.5987548828125,1935300,0.0,0.0,0.0,123.0596976264626,123.6664426145095,121.40855353737074,121.56770324707031,5205900,0.0,0.0,0.0,123.33548694919972,123.46561651870142,122.12713284207851,122.164306640625,11851400,0.0,0.0,0.0,195.10217241288277,195.78560795325723,192.13408821214583,192.31959533691406,19100,0.0,0.0,0.0
2021-10-28 00:00:00-04:00,155.67775601891537,158.31485369936502,155.3024487367748,158.21609497070312,2093400,0.0,0.0,0.0,121.97550507664161,125.55629748135702,121.5676972458507,125.49661254882812,8976800,0.0,0.0,0.0,122.38741130290073,123.66082330428205,122.38741130290073,123.18678283691406,9282500,0.0,0.0,0.0,193.04207749325357,195.0240478515625,193.04207749325357,195.0240478515625,5800,0.0,0.0,0.0
2021-10-29 00:00:00-04:00,157.9494261227012,157.9494261227012,156.44815170243996,157.6333770751953,2016100,0.0,0.0,0.0,125.04902969595761,126.13320868976854,123.89521700917689,124.14388275146484,5094800,0.0,0.0,0.0,123.02874845957538,124.54383957313448,122.5547080726915,124.38582611083984,15415100,0.0,0.0,0.0,193.86220562661575,194.77996826171875,193.03232497619675,194.77996826171875,8900,0.0,0.0,0.0
2021-11-01 00:00:00-04:00,157.86054365550504,159.7568832118773,156.9913823739634,159.63836669921875,2370400,0.0,0.0,0.0,124.52186527000372,128.95805381736426,124.29308943754747,128.89837646484375,7144500,0.0,0.0,0.0,124.497418984685,125.00864758801059,123.7631049408903,124.2371597290039,14356700,0.0,0.0,0.0,194.05747059731127,196.55691528320312,193.93055643782725,196.55691528320312,9800,0.0,0.0,0.0
2021-11-02 00:00:00-04:00,160.00383069056832,160.7248313868276,157.68278143927995,160.6655731201172,1719200,0.0,0.0,0.0,128.92821674328087,130.7186132279111,127.028414307229,130.55946350097656,6563100,0.0,0.0,0.0,124.7204742319778,125.64068559983824,123.6329594425412,125.0179214477539,20851500,0.0,0.0,0.0,197.62112007182517,197.62112007182517,194.94594125276862,197.1524658203125,7800,0.0,0.0,0.0
2021-11-03 00:00:00-04:00,160.80383089413752,162.79894440255302,159.87541128910948,162.7495574951172,991200,0.0,0.0,0.0,130.36053120727388,133.71254068252262,129.5150767581363,133.4340362548828,7042900,0.0,0.0,0.0,124.77622488931917,125.79866752490727,124.31147436867175,125.75218963623047,14610000,0.0,0.0,0.0,197.05484841685478,198.0702362060547,195.60986832914747,198.0702362060547,10500,0.0,0.0,0.0
2021-11-04 00:00:00-04:00,160.9321992629938,160.9321992629938,158.69016676986863,159.83587646484375,1872400,0.0,0.0,0.0,132.90685421657935,134.07060800909596,131.205989126498,132.49905395507812,6299700,0.0,0.0,0.0,125.46406542943075,125.65926691797159,124.02333576239104,124.88777923583984,15818500,0.0,0.0,0.0,194.9459352824933,194.9459352824933,192.41721658114338,193.68646240234375,12900,0.0,0.0,0.0
2021-11-05 00:00:00-04:00,156.0727969845768,156.42836147422742,152.70481321743668,155.006103515625,3119600,0.0,0.0,0.0,131.53424404659717,132.6184231025744,129.10726383432842,130.61915588378906,8646700,0.0,0.0,0.0,123.76308702753539,124.27431555686626,122.60121045317602,123.49353790283203,14867300,0.0,0.0,0.0,189.1952936452545,189.1952936452545,183.75708386581832,186.93019104003906,31100,0.0,0.0,0.0
2021-11-08 00:00:00-05:00,155.42097536866834,156.25062108317454,154.6900883892604,155.68765258789062,1415100,0.0,0.0,0.0,130.92747878288182,131.76299195333854,129.33601211571101,129.81344604492188,4292500,0.0,0.0,0.0,123.71655388494692,124.38579555086442,123.23320952999413,124.22776794433594,8948800,0.0,0.0,0.0,188.19944021696287,188.29708025242806,186.66659296504793,188.22872924804688,20700,0.0,0.0,0.0
2021-11-09 00:00:00-05:00,155.68766914381672,156.25063769896707,153.2678462796979,153.60366821289062,3014800,0.0,0.0,0.0,129.425534746583,129.70403915096952,127.32679537094423,127.94349670410156,6167500,0.0,0.0,0.0,124.26498851162832,124.37652409085229,123.53067479357875,123.77235412597656,7287000,0.0,0.0,0.0,189.35150092351586,189.35150092351586,186.3541280898085,186.5884552001953,7400,0.0,0.0,0.0
2021-11-10 00:00:00-05:00,152.83323194231102,154.81845842389853,151.4307316075048,151.61837768554688,2693700,0.0,0.0,0.0,127.26712666894983,129.47527972326162,125.1286073091406,125.51652526855469,7136200,0.0,0.0,0.0,123.73517583427946,124.62750308713036,123.71659602499336,124.12556457519531,8445400,0.0,0.0,0.0,185.32900218556617,188.16038430779784,184.3038414524212,184.43075561523438,16700,0.0,0.0,0.0
2021-11-11 00:00:00-05:00,152.18141204405467,152.5073475582695,150.85792728022622,151.529541015625,1329700,0.0,0.0,0.0,125.9243250466924,126.93888548194109,125.21811527912858,125.63587188720703,3792900,0.0,0.0,0.0,124.10698656305784,124.19063825523818,123.4656285568872,123.7630615234375,8597300,0.0,0.0,0.0,184.6846211612962,185.0751515049676,183.19082099497547,184.40147399902344,12700,0.0,0.0,0.0
2021-11-12 00:00:00-05:00,152.10240173339844,152.57648292158325,150.76903049509016,152.10240173339844,1037100,0.0,0.0,0.0,126.22273382131135,126.4813483212308,124.58153838473527,125.86465454101562,4247400,0.0,0.0,0.0,124.5531638981674,124.66469950636169,123.68873456853548,124.37655639648438,8317600,0.0,0.0,0.0,184.6162644328837,185.58284711549894,184.57721735883837,185.53402709960938,7900,0.0,0.0,0.0
2021-11-15 00:00:00-05:00,152.54682012832475,152.5962070282476,151.00604530363393,151.29246520996094,972200,0.0,0.0,0.0,126.2625230845204,126.46145264816145,122.91050605756612,123.22879791259766,6208500,0.0,0.0,0.0,124.6646951823716,124.72976707360333,123.48423888175789,123.60506439208984,6268900,0.0,0.0,0.0,186.85208110273692,186.85208110273692,185.58283525958004,185.94407653808594,11300,0.0,0.0,0.0
2021-11-16 00:00:00-05:00,151.29245991199522,152.43816963871464,150.5319589487252,152.16162109375,1448800,0.0,0.0,0.0,123.16912596116792,124.12400156812576,122.08493930236543,123.84549713134766,5473400,0.0,0.0,0.0,123.5771623569845,124.79480646906836,123.36338108571022,124.12556457519531,6150900,0.0,0.0,0.0,186.0319316063784,187.44763739640524,185.62187034158814,187.20355224609375,21900,0.0,0.0,0.0
2021-11-17 00:00:00-05:00,152.10239805574716,152.7542690929706,151.48015615014577,152.201171875,1855100,0.0,0.0,0.0,123.66644009930678,124.08419669575783,122.12470956982108,122.27391052246094,5894400,0.0,0.0,0.0,124.2649807446176,124.78549899254106,123.72586850696585,124.30215454101562,8229000,0.0,0.0,0.0,186.6958667805319,187.91629263549416,186.59822675302428,187.3011932373047,13900,0.0,0.0,0.0
2021-11-18 00:00:00-05:00,153.12955831860418,153.58389673429332,151.22334741304064,151.78631591796875,1113900,0.0,0.0,0.0,123.65649386048433,124.04441179203225,121.19967523489693,121.56770324707031,9026300,0.0,0.0,0.0,124.43229976100486,124.66467502114452,123.92108553514586,124.34864807128906,9029300,0.0,0.0,0.0,188.66808660127697,188.66808660127697,186.46154703359025,187.27191162109375,14200,0.0,0.0,0.0
2021-11-19 00:00:00-05:00,152.55668257062365,153.74189262864098,151.98382777724984,152.6554412841797,1949700,0.0,0.0,0.0,121.37873116990117,122.55243387624448,120.74214742293634,121.26931762695312,6297300,0.0,0.0,0.0,124.72044486582396,125.13873168740403,123.48422094263933,123.59575653076172,10166100,0.0,0.0,0.0,188.62902186836385,189.83968970988352,187.87723535157792,188.75595092773438,10400,0.0,0.0,0.0
2021-11-22 00:00:00-05:00,153.12955831860418,153.31721951050258,150.99618574057962,151.78631591796875,2015800,0.0,0.0,0.0,122.00536791545552,122.00536791545552,118.47431120993143,118.64340209960938,6991900,0.0,0.0,0.0,123.77236155263763,124.19992408735732,122.8800343161257,123.03804779052734,11146200,0.0,0.0,0.0,190.513365139023,190.65981028458998,187.47694497279423,189.4491424560547,30800,0.0,0.0,0.0
2021-11-23 00:00:00-05:00,151.51963761246202,151.51963761246202,148.35907202753077,151.1245574951172,2807800,0.0,0.0,0.0,118.42456704989081,118.96168594741471,114.78410464046345,118.74285888671875,12926800,0.0,0.0,0.0,122.4617742474098,123.29831959371201,122.08997946751143,123.1681900024414,12075200,0.0,0.0,0.0,188.28731484646244,188.28731484646244,185.32900364041748,187.31097412109375,11100,0.0,0.0,0.0
2021-11-24 00:00:00-05:00,149.78129933827245,151.78628362482468,148.99116932898667,151.50973510742188,1445500,0.0,0.0,0.0,117.8675559386176,119.85688177724406,116.65406596286732,119.40928649902344,5775700,0.0,0.0,0.0,122.93579256205912,123.34477525607188,122.50823006054335,123.1217041015625,6760800,0.0,0.0,0.0,185.7585704139234,188.11155500286006,184.87986977049314,187.8577117919922,31100,0.0,0.0,0.0
2021-11-26 00:00:00-05:00,153.2283200496506,155.90493328751842,152.6455938149845,152.99127197265625,2969900,0.0,0.0,0.0,118.6633009631342,119.88673222438082,114.3961957095787,116.15674591064453,7779400,0.0,0.0,0.0,123.56786158503623,124.29287120912687,122.23866781883052,122.66624450683594,11896900,0.0,0.0,0.0,191.46040772526248,195.33648130368132,191.46040772526248,191.9876251220703,16600,0.0,0.0,0.0
2021-11-29 00:00:00-05:00,156.21109186609254,156.47775396549181,153.9295590355367,154.136962890625,5072800,0.0,0.0,0.0,118.21568873455803,118.81248497998124,114.22708822595344,114.43597412109375,7826100,0.0,0.0,0.0,123.33551363070534,123.82814812061044,122.87076304150715,123.00089263916016,17137100,0.0,0.0,0.0,195.3071925445803,196.01993200194724,193.3154640158031,193.7841033935547,18400,0.0,0.0,0.0
2021-11-30 00:00:00-05:00,152.655478466116,154.29502723227552,150.49246167124258,152.31967163085938,3236600,0.0,0.0,0.0,113.80933486757614,116.04732654341892,112.00899732560788,115.64945983886719,12705700,0.0,0.0,0.0,122.29444471972052,122.85213677040147,120.40754477489351,120.58415222167969,19467000,0.0,0.0,0.0,192.00715660205526,193.49118366982108,189.761570118172,191.15773010253906,17200,0.0,0.0,0.0
2021-12-01 00:00:00-05:00,152.39868356523107,153.35673221181625,148.74427881503584,148.88255310058594,3139400,0.0,0.0,0.0,116.38552324759767,117.62885203491038,111.42214926479812,111.53156280517578,9952200,0.0,0.0,0.0,121.16048112943317,122.77780406066472,120.35180548075533,120.37039947509766,22241400,0.0,0.0,0.0,190.7379323182419,190.96248652266334,186.41273498535156,186.41273498535156,17700,0.0,0.0,0.0
2021-12-02 00:00:00-05:00,148.16156307375454,150.4332253609451,147.27265895174358,149.3665313720703,1916400,0.0,0.0,0.0,111.40225821288641,114.33651108570162,110.5567961638275,113.95854187011719,8127400,0.0,0.0,0.0,120.33319920037333,121.44859750350967,119.75689896702339,120.95596313476562,17531100,0.0,0.0,0.0,185.24109768823257,187.58432406464118,184.04020292276616,185.36802673339844,18100,0.0,0.0,0.0
2021-12-03 00:00:00-05:00,150.76899448553004,150.76899448553004,145.4157831739106,146.56149291992188,2243600,0.0,0.0,0.0,114.58516379980973,114.58516379980973,108.12980366108887,108.94542694091797,14164100,0.0,0.0,0.0,121.80182596590383,122.26657654666715,120.17519893323221,121.17906188964844,22111900,0.0,0.0,0.0,186.96923475984062,186.96923475984062,181.20883087517527,182.92718505859375,38200,0.0,0.0,0.0
2021-12-06 00:00:00-05:00,145.18864366731913,145.38617622278093,141.48485173703037,143.47996520996094,3973500,0.0,0.0,0.0,108.6072450379661,109.93014093437651,106.34935599369491,108.99516296386719,10917500,0.0,0.0,0.0,121.49510279245206,122.39670586870285,121.30919121411206,121.86689758300781,15230900,0.0,0.0,0.0,181.33574772239666,181.33574772239666,176.40522437960684,177.79164123535156,40100,0.0,0.0,0.0
2021-12-07 00:00:00-05:00,145.5935654258429,149.54427601016852,145.46516250920757,149.1096954345703,2613000,0.0,0.0,0.0,111.10384722890895,116.26615030967675,111.10384722890895,114.426025390625,12772900,0.0,0.0,0.0,122.69413286934973,123.7351694581469,122.52682949603295,123.43773651123047,11974700,0.0,0.0,0.0,180.52539356468574,185.4168701171875,180.52539356468574,185.4168701171875,39000,0.0,0.0,0.0
2021-12-08 00:00:00-05:00,149.91958200716144,151.4307426580651,148.07262964716162,150.79861450195312,2223600,0.0,0.0,0.0,114.88357125091993,116.51481788929344,113.12302116037786,116.06722259521484,9950100,0.0,0.0,0.0,123.79095580958047,124.45090786375131,123.16819174376226,124.36725616455078,15144700,0.0,0.0,0.0,185.3094612598679,187.6429148541041,183.7082631646319,186.85208129882812,31200,0.0,0.0,0.0
2021-12-09 00:00:00-05:00,150.40359803968562,150.73940492797684,147.52945156872167,147.6776123046875,1241000,0.0,0.0,0.0,115.4405742918823,116.14678404358297,110.95465005550166,111.18341827392578,8398700,0.0,0.0,0.0,124.24636712040541,125.06433234248523,124.15342555256852,124.65534973144531,9095800,0.0,0.0,0.0,186.53964765300495,186.53964765300495,183.4153604613194,183.51300048828125,21100,0.0,0.0,0.0
2021-12-10 00:00:00-05:00,145.73185212355463,147.27262697153847,145.02072295205957,145.42567443847656,2472900,0.0,0.0,0.0,111.83990611933447,112.71520679587817,108.92554333077759,109.32341003417969,7918000,0.0,0.0,0.0,124.33004937697713,125.35250615614576,124.27428158594243,125.09224700927734,8554300,0.0,0.0,0.0,181.98016094198348,182.59526041268407,180.0860574081511,180.72068786621094,15000,0.0,0.0,0.0
2021-12-13 00:00:00-05:00,145.80209863590127,148.2127062535988,145.4760723523636,147.56065368652344,3927100,0.041,0.0,0.0,109.91024678611764,111.75037157204153,107.83140503698061,110.20864868164062,9148900,0.0,0.0,0.0,125.09225761807532,126.62592873383575,125.09225761807532,126.2727279663086,12201800,0.0,0.0,0.0,180.49608389851855,183.66919088269051,180.49608389851855,182.9369354248047,32900,0.0,0.0,0.0
2021-12-14 00:00:00-05:00,146.20714403843914,147.6297834438559,145.08087842063188,146.8295440673828,2649900,0.0,0.0,0.0,108.68681510797114,110.0395573009342,107.00583991524239,108.18948364257812,11527600,0.0,0.0,0.0,125.68712808517304,126.42142764473701,125.13872589155667,125.76148986816406,11070800,0.0,0.0,0.0,180.84759395398265,182.69287738580425,180.84759395398265,182.5269012451172,21100,0.0,0.0,0.0
2021-12-15 00:00:00-05:00,146.31581404568163,150.22809864720094,145.6835248638723,150.0700225830078,3485100,0.0,0.0,0.0,108.49784075742215,113.05339907235613,106.30957762647974,112.78483581542969,16049400,0.0,0.0,0.0,126.03102444072985,128.40125458764382,125.91948887058838,128.33619689941406,14996300,0.0,0.0,0.0,181.34552096424304,186.91065979003906,181.34552096424304,186.91065979003906,26900,0.0,0.0,0.0
2021-12-16 00:00:00-05:00,150.8801483169986,152.01628797309024,147.93605328189352,148.57821655273438,3414900,0.0,0.0,0.0,113.60044671370893,113.86900994120259,108.88574678320651,109.7510986328125,16622800,0.0,0.0,0.0,128.32690116770087,129.7490365118233,128.09452592607224,129.098388671875,19227500,0.0,0.0,0.0,187.45740798571885,189.03907509830995,185.12395438847435,186.00265502929688,19100,0.0,0.0,0.0
2021-12-17 00:00:00-05:00,147.9755999992553,152.99440307759755,146.74065874203427,152.59922790527344,4605100,0.0,0.0,0.0,108.81613234498971,115.93791538903469,108.45805306241286,114.99298858642578,17272000,0.0,0.0,0.0,128.44776187587152,129.2378293170122,127.69486823893564,128.19679260253906,21504200,0.0,0.0,0.0,184.1964501162583,190.28880688304042,184.07927909535874,189.82992553710938,11500,0.0,0.0,0.0
2021-12-20 00:00:00-05:00,152.91533721732247,153.24136345893018,150.25774170312687,151.16665649414062,1674300,0.0,0.0,0.0,113.90879380547142,116.48497470411712,111.55144755121766,115.1720199584961,17397400,0.0,0.0,0.0,127.93364896770963,128.32553794789882,126.31943654602352,127.42045593261719,16185700,0.528,0.0,0.0,191.34339991828327,191.40209782574132,186.43213764144414,186.51040649414062,41500,0.397,0.0,0.0
2021-12-21 00:00:00-05:00,151.34449818160763,152.34232512440522,149.7440194025752,152.0953369140625,1413700,0.0,0.0,0.0,115.44058805586162,116.02744318572068,113.77950262823244,115.95781707763672,10794500,0.0,0.0,0.0,127.78436334527382,128.00830602381896,126.5993564740175,127.95232391357422,10773400,0.0,0.0,0.0,187.38112717635948,187.38112717635948,184.48525426444002,186.46148681640625,11400,0.0,0.0,0.0
2021-12-22 00:00:00-05:00,151.6112647279285,152.03607725592803,149.92185856840678,151.9076385498047,1034200,0.0,0.0,0.0,114.8239020247035,116.53472364174763,113.33190748732919,115.89813232421875,11493100,0.0,0.0,0.0,127.8869906537593,129.51986850018127,127.66306223257727,129.44522094726562,7246000,0.0,0.0,0.0,186.65716601507242,186.65716601507242,185.22880039317945,186.0603790283203,24300,0.0,0.0,0.0
2021-12-23 00:00:00-05:00,152.28305418304694,153.30064442916884,151.04811310037823,152.82643127441406,1922500,0.0,0.0,0.0,115.80860277556893,118.57376444785527,115.02281816697287,117.58905029296875,10137500,0.0,0.0,0.0,129.78116016147075,130.39699194833264,129.39859669652003,129.97711181640625,7743800,0.0,0.0,0.0,186.71587451509532,186.82349232752466,183.8591134811998,186.29518127441406,22400,0.0,0.0,0.0
2021-12-27 00:00:00-05:00,152.72765805036056,152.72765805036056,151.03826678050515,151.52235412597656,1718100,0.0,0.0,0.0,116.75354032000128,116.94252871855892,114.33650892413715,114.55533599853516,7124600,0.0,0.0,0.0,130.44362702713792,131.3487091064453,130.30365751444842,131.3487091064453,6968900,0.0,0.0,0.0,185.00377956400564,185.00377956400564,183.79063469086427,184.2406768798828,40700,0.0,0.0,0.0
2021-12-28 00:00:00-05:00,151.235797220511,153.0338632491098,150.0008563773937,150.36639404296875,1561400,0.0,0.0,0.0,114.27683095001201,116.88285073023928,112.42675717122135,112.60579681396484,7311000,0.0,0.0,0.0,131.47001563032694,131.70328394353731,130.65824645637667,131.00347900390625,6065900,0.0,0.0,0.0,184.01563825628642,186.14842340857635,182.99817304252676,183.3112335205078,9300,0.0,0.0,0.0
2021-12-29 00:00:00-05:00,149.99100364997247,151.67052042093536,149.022799037036,150.98883056640625,2033200,0.0,0.0,0.0,112.20791650297804,112.91412623360337,111.01432408842054,112.13829040527344,8392500,0.0,0.0,0.0,130.87281752465833,132.02050759789017,130.77951876458033,131.74990844726562,7103600,0.0,0.0,0.0,182.96882761706428,185.44402224836244,182.30354983010963,185.31683349609375,11100,0.0,0.0,0.0
2021-12-30 00:00:00-05:00,150.81101018396632,153.19198038614164,150.44547242034204,151.9076385498047,1792800,0.0,0.0,0.0,111.93937431527472,115.16208029272906,111.55145635450134,112.63563537597656,10186600,0.0,0.0,0.0,131.99253201622852,132.47771979565513,131.85256250335974,132.02052307128906,7931700,0.0,0.0,0.0,184.21133174004035,187.3126776212809,184.21133174004035,186.19737243652344,10700,0.0,0.0,0.0
2021-12-31 00:00:00-05:00,151.86811095970495,153.02401396733586,150.66280729534506,150.78135681152344,1873700,0.0,0.0,0.0,112.75497140230844,114.31659163641572,111.19335116820118,111.36244201660156,7066400,0.0,0.0,0.0,131.8619069664539,132.36576021276173,131.41402159466176,131.46067810058594,7882800,0.0,0.0,0.0,186.64738071533003,187.43005434532415,185.2385711669922,185.2385711669922,9200,0.0,0.0,0.0
2022-01-03 00:00:00-05:00,150.47510328994798,150.65294265034228,147.5408819806433,150.5343780517578,3753900,0.0,0.0,0.0,111.99905146980971,114.94325301781095,109.76105973604439,114.82389831542969,8180600,0.0,0.0,0.0,130.9008614182211,131.14346961500135,128.9880723324797,130.10775756835938,15122300,0.0,0.0,0.0,184.85702127319584,184.85702127319584,180.66973448742016,182.4503173828125,22000,0.0,0.0,0.0
2022-01-04 00:00:00-05:00,150.04038224445253,150.17869502915124,145.32785838902657,146.50350952148438,3000900,0.0,0.0,0.0,114.5155390085241,115.02281922149393,109.65163794697587,110.76566314697266,12518100,0.0,0.0,0.0,129.8184698989436,129.96775078007423,127.8403451701263,128.390869140625,14304500,0.0,0.0,0.0,181.1295530721985,181.48175545889862,177.12815299014534,178.5565185546875,21900,0.0,0.0,0.0
2022-01-05 00:00:00-05:00,146.00954329912764,147.08642334955042,140.58569186633258,140.7832794189453,3551300,0.0,0.0,0.0,110.55678330828576,111.69069841186402,104.51917978395477,104.66838073730469,17299100,0.0,0.0,0.0,128.67075743879172,129.44520971583503,127.42978291224242,127.47642517089844,15370700,0.0,0.0,0.0,177.21619120727908,179.59356093356288,171.57117528666132,171.74728393554688,25400,0.0,0.0,0.0
2022-01-06 00:00:00-05:00,140.35847967068378,141.94906941227285,138.14545968570565,140.70425415039062,2724800,0.0,0.0,0.0,104.89715667421737,106.60797820934202,101.91316774235149,104.63854217529297,11808500,0.0,0.0,0.0,126.68335861575493,127.45781111856421,125.77827642798793,126.00220489501953,15182000,0.0,0.0,0.0,171.218981070623,173.13653071334818,169.24274844648426,171.8744659423828,34400,0.0,0.0,0.0
2022-01-07 00:00:00-05:00,140.63508375969892,142.06761227057976,138.76785361517963,138.8567657470703,2718400,0.0,0.0,0.0,104.61865248826597,106.82680551696335,102.23145981970997,102.44033813476562,11708400,0.0,0.0,0.0,125.70360038677586,125.93686864547496,125.09710860918406,125.35836791992188,9619400,0.0,0.0,0.0,171.4733658479571,173.79202294775166,170.65155029296875,170.65155029296875,20800,0.0,0.0,0.0
2022-01-10 00:00:00-05:00,138.0762616911185,140.80302074697866,136.66349658895692,140.44735717773438,3270800,0.0,0.0,0.0,101.48546206552238,102.64921592430733,99.51603362583651,102.58953857421875,19260500,0.0,0.0,0.0,124.8078787120637,126.72068181277012,124.50930266144245,126.64603424072266,15589900,0.0,0.0,0.0,169.6340861905424,174.59426879882812,169.25253483054033,174.59426879882812,39800,0.0,0.0,0.0
2022-01-11 00:00:00-05:00,140.44738385771137,142.01822530571002,139.14327883109513,141.79100036621094,3373600,0.0,0.0,0.0,102.34086263734841,104.48933809066196,101.09753404316479,103.33552551269531,11792500,0.0,0.0,0.0,126.8326385521941,127.67241300989404,125.96488727389533,127.65374755859375,12168300,0.0,0.0,0.0,174.14423102887463,176.4335392472586,173.4398262034859,176.3552703857422,15700,0.0,0.0,0.0
2022-01-12 00:00:00-05:00,141.59343827803713,142.33440306509783,139.64716956469366,140.2201690673828,1855800,0.0,0.0,0.0,103.83286081177768,104.14120388622592,99.93378401669835,100.0630874633789,11990200,0.0,0.0,0.0,126.92595794502424,127.48580761160508,126.73934613535343,127.28985595703125,10831800,0.0,0.0,0.0,176.3846045643747,176.6976799842093,174.45729185801662,174.7605743408203,14300,0.0,0.0,0.0
2022-01-13 00:00:00-05:00,139.94350761975002,139.96327089667335,136.16953577541298,136.3868865966797,2373700,0.0,0.0,0.0,100.15261219230601,101.15721628116142,97.21835201487174,97.57643127441406,14518800,0.0,0.0,0.0,127.06589730714417,127.2245322749163,125.08778674509168,125.31172943115234,13804900,0.0,0.0,0.0,174.3888104765222,174.3888104765222,169.47754779118407,169.55581665039062,20800,0.0,0.0,0.0
2022-01-14 00:00:00-05:00,135.11242757956978,137.3550847906511,133.9565245434524,137.2760467529297,2697900,0.0,0.0,0.0,96.39279420167274,100.15261909741568,95.25887140915884,99.95368194580078,18307300,0.0,0.0,0.0,124.97583337266019,125.22776713665834,123.80949181025679,125.09713745117188,14341800,0.0,0.0,0.0,167.7165218904692,169.89822697349885,166.76754750579147,169.8590850830078,22200,0.0,0.0,0.0
2022-01-18 00:00:00-05:00,134.91486399014514,135.3199283523147,131.44715426576013,131.8522186279297,2897900,0.0,0.0,0.0,98.27270498499398,98.44179586949527,93.7071979827253,94.01554107666016,19901000,0.0,0.0,0.0,123.86545230552115,124.06140391832984,123.0256922222048,123.34293365478516,16471400,0.0,0.0,0.0,166.49359026035026,166.75774575830766,163.38248190226545,163.54879760742188,47300,0.0,0.0,0.0
2022-01-19 00:00:00-05:00,132.67217676971782,133.63049220537178,130.18254653221192,130.2418212890625,2332700,0.0,0.0,0.0,94.52282501872192,96.46242244948414,92.87168836137555,93.00099182128906,16458400,0.0,0.0,0.0,123.57621660993769,124.54660647124027,122.7177909763635,122.83908081054688,14639600,0.0,0.0,0.0,164.20429500902117,165.01631758110318,161.42581784823338,161.4453887939453,20900,0.0,0.0,0.0
2022-01-20 00:00:00-05:00,131.59531734251016,133.03773514457814,128.78953485077702,129.07603454589844,2573900,0.0,0.0,0.0,94.16473568092859,96.41267597788197,91.17080579163628,91.4791488647461,15863800,0.0,0.0,0.0,123.13766242292063,124.39731684669819,121.96199540161005,122.03662872314453,15127800,0.0,0.0,0.0,162.60961690815185,164.3608359128373,159.93874257622255,160.40835571289062,35800,0.0,0.0,0.0
2022-01-21 00:00:00-05:00,128.47339259093715,129.91581050404284,126.65556281480383,127.12977600097656,4331500,0.0,0.0,0.0,90.70333529929694,92.76228772129873,89.39038024162446,89.54952239990234,21247000,0.0,0.0,0.0,122.4098797763473,122.79244321908438,120.60904103222373,120.80499267578125,25804800,0.0,0.0,0.0,159.46914258111264,160.91707908230507,157.51246598502536,157.6103057861328,43900,0.0,0.0,0.0
2022-01-24 00:00:00-05:00,125.20327291565235,128.47338702814375,121.45893056255652,128.29556274414062,5791700,0.0,0.0,0.0,87.53033543658674,92.10578327121863,84.85468979997849,91.61840057373047,24123000,0.0,0.0,0.0,119.71328257090619,120.60902478130241,116.5594909107147,120.40374755859375,37938000,0.0,0.0,0.0,155.72208988498065,158.6571044921875,150.06729626935595,158.6571044921875,70400,0.0,0.0,0.0
2022-01-25 00:00:00-05:00,126.87290490728742,128.01893384680892,124.65001096466449,126.05290222167969,4125000,0.0,0.0,0.0,90.21593988650382,92.61308159347857,88.4156021088301,90.8923110961914,18764500,0.0,0.0,0.0,118.80820928586921,120.65569018903226,117.81914687789316,119.62931823730469,19326800,0.0,0.0,0.0,156.28954319191146,157.85489044088,154.22524878485982,154.96878051757812,72200,0.0,0.0,0.0
2022-01-26 00:00:00-05:00,126.73458993655517,129.4909868201294,123.75097565676954,124.69940948486328,4106700,0.0,0.0,0.0,92.32461938317,95.10967881944653,88.69409791438412,89.11185455322266,19190600,0.0,0.0,0.0,119.82525219976212,120.907620470645,118.0710772407397,119.004150390625,29557400,0.0,0.0,0.0,156.0547402768092,158.33427035712745,152.6207781427698,153.3349609375,56400,0.0,0.0,0.0
2022-01-27 00:00:00-05:00,125.89483329715007,126.38880972732998,122.01217825443673,122.19001007080078,3501000,0.0,0.0,0.0,90.40491070376187,91.18074655440451,84.94421348766689,85.05362701416016,15297200,0.0,0.0,0.0,119.58266483640328,121.15022097977874,118.9201765992788,119.31207275390625,18483600,0.0,0.0,0.0,154.89053718779851,155.44818229342556,151.61309769214884,151.7109375,36500,0.0,0.0,0.0
2022-01-28 00:00:00-05:00,122.63458654285,126.527130784359,121.0242260847667,126.42832946777344,4197900,0.0,0.0,0.0,85.10336739363926,88.26639616883207,83.44228193578697,88.10725402832031,15047300,0.0,0.0,0.0,119.20941513679777,121.79402435900752,118.36964796610026,121.74736785888672,20906800,0.0,0.0,0.0,151.1337098200402,157.25811767578125,150.4390979252047,157.25811767578125,42100,0.0,0.0,0.0
2022-01-31 00:00:00-05:00,126.67530634995398,130.47893057370175,126.55675684063007,130.27145385742188,4046900,0.0,0.0,0.0,88.36585151881525,93.11039796928176,88.20670939529796,92.93135833740234,12783600,0.0,0.0,0.0,121.52345599560527,122.67113201960714,121.2808478569484,122.44718933105469,19044400,0.0,0.0,0.0,157.7276947962843,161.49430305246366,157.7276947962843,161.32797241210938,26400,0.0,0.0,0.0
2022-02-01 00:00:00-05:00,131.2791996418431,132.7018543757651,129.7478694747752,132.6326904296875,3956600,0.0,0.0,0.0,93.51821569804883,95.08978512280461,91.38963739917273,94.43331146240234,13146800,0.0,0.0,0.0,122.88572214847741,122.99770059994987,121.79402835018716,122.77375793457031,14674800,0.0,0.0,0.0,162.50199074012278,164.57606307150854,161.47473258284427,164.37060546875,32700,0.0,0.0,0.0
2022-02-02 00:00:00-05:00,132.29676415562662,132.29676415562662,129.9849582025771,131.37796020507812,2377200,0.0,0.0,0.0,94.40346854315455,94.48303581539851,90.88236062852972,91.35979461669922,11750300,0.0,0.0,0.0,122.68979162721172,124.72388422715731,122.43785789428317,124.42530822753906,13595200,0.0,0.0,0.0,163.1281468569213,164.3119279369075,161.85630397725743,164.03799438476562,26800,0.0,0.0,0.0
2022-02-03 00:00:00-05:00,129.42181825085137,130.53820975135469,128.4141021625649,128.64134216308594,4006500,0.0,0.0,0.0,89.7683209531966,91.59849692895807,88.69408326898433,88.962646484375,13122200,0.0,0.0,0.0,124.25734582368918,124.35998443650895,123.66017959571036,123.89344787597656,13805600,0.0,0.0,0.0,161.06385099520423,162.54113656307942,160.39857313940175,160.69207763671875,11900,0.0,0.0,0.0
2022-02-04 00:00:00-05:00,127.77193280558377,130.12326520841577,127.53481871518433,129.0562744140625,2459000,0.0,0.0,0.0,88.64435015063047,91.1608457830463,87.9580304004535,90.30543518066406,11088100,0.0,0.0,0.0,122.7644552962916,124.31334608284905,122.54051258901639,123.44559478759766,12004100,0.0,0.0,0.0,159.43980231081142,161.87587017980078,159.43980231081142,160.731201171875,22600,0.0,0.0,0.0
2022-02-07 00:00:00-05:00,129.30328412601637,131.17051455817082,129.02665851199092,130.0541229248047,2191100,0.0,0.0,0.0,90.3452368377241,93.67735617548907,90.3452368377241,92.7523193359375,14329300,0.0,0.0,0.0,123.4922316214486,123.92143727837895,122.88572555830338,123.23097229003906,9229200,0.0,0.0,0.0,160.82903884779776,162.5215599932685,160.3105207227214,161.12254333496094,36300,0.0,0.0,0.0
2022-02-08 00:00:00-05:00,129.63918368753906,130.47894970159246,127.95966673439753,129.9652099609375,2404300,0.0,0.0,0.0,92.48375715207258,92.94130116242535,90.38501788563732,92.4439697265625,11722300,0.0,0.0,0.0,122.57780146665739,124.4532874006946,122.29789094297851,124.2386703491211,11071600,0.0,0.0,0.0,160.0757196851789,161.44540236323868,158.63756108375853,160.69207763671875,20700,0.0,0.0,0.0
2022-02-09 00:00:00-05:00,130.94327054364038,133.7095416746327,130.83459512179897,133.47244262695312,3348900,0.0,0.0,0.0,93.57789252357955,96.92990182144783,93.3093292763697,96.74092102050781,16571600,0.0,0.0,0.0,124.83583201424655,125.46100346135961,124.70520236206568,125.1997299194336,10811000,0.0,0.0,0.0,162.10086444298733,164.8695634376743,162.10086444298733,164.55648803710938,22000,0.0,0.0,0.0
2022-02-10 00:00:00-05:00,130.65674917758255,133.887358841375,129.1353085989707,130.21217346191406,3406400,0.0,0.0,0.0,94.38356970210982,98.63078488253367,92.61307080932805,93.85639953613281,21113000,0.0,0.0,0.0,123.75347313473374,124.83582696434976,122.75507821822391,123.24028015136719,14393300,0.0,0.0,0.0,161.11274256514992,164.41953076513266,159.44957045642315,160.34963989257812,45500,0.0,0.0,0.0
2022-02-11 00:00:00-05:00,130.2912287742445,131.73363151642712,128.0189341677625,128.50303649902344,2839700,0.0,0.0,0.0,94.29405731377118,96.31322202980392,91.86707711705023,92.85179138183594,18381900,0.0,0.0,0.0,123.07235630928768,124.0054295617844,121.38349600027954,121.53279113769531,13072300,0.0,0.0,0.0,160.33986842994236,161.81715393520608,158.15817813227596,158.22665405273438,34500,0.0,0.0,0.0
2022-02-14 00:00:00-05:00,128.11772876748665,128.32520551583792,125.37122836468615,126.14183044433594,2150900,0.0,0.0,0.0,92.8517892502068,93.58783774314148,90.97187679301156,91.32000732421875,12490900,0.0,0.0,0.0,121.2808414334953,121.51410971596185,119.38670411887212,120.29178619384766,14386900,0.0,0.0,0.0,157.09179544120866,157.1309224066295,153.59912037912562,154.2448272705078,29800,0.0,0.0,0.0
2022-02-15 00:00:00-05:00,127.4261402768598,128.98710741619024,126.76421374957403,128.41409301757812,2114900,0.0,0.0,0.0,92.82194467514826,95.45780296735347,92.70258239117344,95.12956237792969,11219600,0.0,0.0,0.0,121.3368366278729,122.12062896203254,121.028934990872,121.6447525024414,8969900,0.0,0.0,0.0,156.14280409953318,157.04287357554801,154.675296598328,156.63197326660156,40500,0.0,0.0,0.0
2022-02-16 00:00:00-05:00,127.80159356838111,128.8389471756257,126.43822121777296,128.344970703125,1667000,0.0,0.0,0.0,94.12495417549972,94.8013252990515,92.52354618574736,94.14485168457031,12218900,0.0,0.0,0.0,121.01959175276637,122.17660765164715,120.68368482970855,121.83137512207031,8779200,0.0,0.0,0.0,154.5481087254992,156.93525666302492,154.28395319385277,156.43629455566406,11400,0.0,0.0,0.0
2022-02-17 00:00:00-05:00,127.42617428431653,127.42617428431653,124.35364737517028,124.4820785522461,1894400,0.0,0.0,0.0,93.08056164420555,93.53810569529283,89.72854473614139,90.12641143798828,12283000,0.0,0.0,0.0,121.33681210873046,121.40213405569699,119.69460868044773,119.87189483642578,11906800,0.0,0.0,0.0,154.91009780872625,154.91009780872625,151.84790878503142,151.92616271972656,12200,0.0,0.0,0.0
2022-02-18 00:00:00-05:00,124.47216722764973,125.39096360411109,122.5752997205945,123.53361511230469,1579900,0.0,0.0,0.0,89.65891528316214,91.18074834135133,88.14703097903342,88.91291809082031,11517800,0.0,0.0,0.0,119.75994328190127,120.40375178931053,118.57493640691112,118.97615814208984,13505600,0.0,0.0,0.0,151.6424470974094,152.89471901466277,149.77381723103983,150.56626892089844,20000,0.0,0.0,0.0
2022-02-22 00:00:00-05:00,122.75315012074549,124.18567883754385,122.00230379220798,122.66423797607422,2584300,0.0,0.0,0.0,87.74918194816057,90.19605232073818,87.49056741128337,88.20672607421875,12712000,0.0,0.0,0.0,118.5562624727119,119.64795626049201,117.88444872060641,118.67756652832031,13682100,0.0,0.0,0.0,150.02817224485227,151.62285339475216,149.07918297569546,149.74444580078125,33200,0.0,0.0,0.0
2022-02-23 00:00:00-05:00,123.66206311771681,123.66206311771681,119.91772070908661,120.0362777709961,2177200,0.0,0.0,0.0,88.38574769292978,88.82340180617852,84.54634821399995,84.64581298828125,13611600,0.0,0.0,0.0,119.2840642492914,119.69461870012091,117.96843485179781,118.08040618896484,12022800,0.0,0.0,0.0,151.48591628848138,151.48591628848138,147.15188428438887,147.4453887939453,37200,0.0,0.0,0.0
2022-02-24 00:00:00-05:00,117.3589133492476,123.20759208299903,117.20083728415514,123.08903503417969,3820000,0.0,0.0,0.0,81.27390779362366,88.69409240414049,81.27390779362366,88.5250015258789,21651200,0.0,0.0,0.0,115.97165740864013,118.79886778592572,115.75704746160771,118.55626678466797,23220000,0.0,0.0,0.0,144.59840181179854,151.67178344726562,144.59840181179854,151.67178344726562,34200,0.0,0.0,0.0
2022-02-25 00:00:00-05:00,123.68181572435418,124.84760035134738,122.32831764990591,124.76856231689453,3024200,0.0,0.0,0.0,88.58468366792758,89.32073974609375,86.50584165653676,89.32073974609375,13228400,0.0,0.0,0.0,119.08811084377734,122.48450329605649,118.95748118624151,122.1859130859375,17012300,0.0,0.0,0.0,152.0337833294785,154.02960205078125,151.07501586515198,154.02960205078125,24000,0.0,0.0,0.0
2022-02-28 00:00:00-05:00,123.51386261276929,125.32181814637343,122.9803747040658,124.55121612548828,2506300,0.0,0.0,0.0,88.33601780756659,90.85251396075745,87.92820992734416,89.35057830810547,14049000,0.0,0.0,0.0,120.22648001556367,121.40214704870397,119.85324221630513,121.26219177246094,17987700,0.0,0.0,0.0,152.15118713732346,153.9904531175371,151.73049387648277,153.65782165527344,26200,0.0,0.0,0.0
2022-03-01 00:00:00-05:00,124.14615970943926,126.18134018419003,123.12856193458175,123.88928985595703,2158300,0.0,0.0,0.0,89.28095483234402,90.87241414718473,87.87847633107164,88.6145248413086,13447200,0.0,0.0,0.0,120.62767920519835,121.61673433100036,119.65728952636368,120.59036254882812,14064200,0.0,0.0,0.0,153.81435481749563,155.1155465994661,151.75006032553623,152.39576721191406,17300,0.0,0.0,0.0
2022-03-02 00:00:00-05:00,124.02760231834746,125.3316997854182,122.68398583257976,124.55121612548828,1680300,0.0,0.0,0.0,88.73388632738559,89.68876190759191,87.59002234665589,88.84329986572266,8616100,0.0,0.0,0.0,121.12225105277577,123.07237096571318,120.96363028946966,122.40989685058594,12395600,0.0,0.0,0.0,152.2685827890306,153.99045294016997,150.39995292593773,153.20779418945312,14700,0.0,0.0,0.0
2022-03-03 00:00:00-05:00,125.27240297575402,125.29215871288405,122.2690259207775,122.94083404541016,1929200,0.0,0.0,0.0,89.24116071660549,89.4898264530701,85.32218628154699,86.18754577636719,13351400,0.0,0.0,0.0,122.95106100770839,123.75350453872146,121.98999673932343,123.0350341796875,11172600,0.0,0.0,0.0,154.59703781514662,154.59703781514662,150.60541536034737,151.32937622070312,15300,0.0,0.0,0.0
2022-03-04 00:00:00-05:00,121.75531040741991,122.86182034275761,120.65868211134371,121.0933837890625,1415800,0.0,0.0,0.0,85.18293617505286,86.70476930552469,83.13393288447523,83.45222473144531,14854800,0.0,0.0,0.0,121.79405789564927,123.76284314731798,121.43015987460952,123.65087890625,12160400,0.0,0.0,0.0,149.33357846540466,150.78151517262864,148.89332915429208,149.3531494140625,19800,0.0,0.0,0.0
2022-03-07 00:00:00-05:00,120.26350603393418,122.04181667526146,119.07795806890044,119.16687774658203,2657300,0.0,0.0,0.0,83.41243016385593,85.03372793488433,82.97477606597134,83.3129653930664,13242300,0.0,0.0,0.0,122.87638934651245,123.10965760353369,120.94492134434572,121.49544525146484,15704000,0.0,0.0,0.0,147.51385085074293,149.95969665331958,146.0756923245672,146.15396118164062,22700,0.0,0.0,0.0
2022-03-08 00:00:00-05:00,118.56422804494528,122.19001333018694,117.17121085668816,118.87049102783203,4737800,0.0,0.0,0.0,83.0543489856262,86.58540518156312,81.50267734912117,83.8699722290039,14786800,0.0,0.0,0.0,120.69300789250698,121.5887500710714,118.9388259562676,119.01347351074219,21794600,0.0,0.0,0.0,144.6473281735167,149.6564156499427,143.69833879842315,145.9093780517578,51700,0.0,0.0,0.0
2022-03-09 00:00:00-05:00,121.05386915090753,123.34591960618631,120.89580060441375,122.76303100585938,2811700,0.0,0.0,0.0,85.5410220558854,88.46533384291666,85.30230504939615,87.96800231933594,12568500,0.0,0.0,0.0,120.95427592715998,121.88734906895694,120.05851944650577,121.26219177246094,15576500,0.0,0.0,0.0,148.59982726690492,150.0379859893778,148.20849785638254,149.41184997558594,20100,0.0,0.0,0.0
2022-03-10 00:00:00-05:00,121.23168888543704,121.78494004920982,119.61144687368949,121.51819610595703,2496900,0.0,0.0,0.0,86.8440223068863,87.62980697128828,85.75984330185688,87.51045227050781,9797200,0.0,0.0,0.0,119.79727037072104,121.47680501738091,119.66664068917902,121.21554565429688,10708800,0.0,0.0,0.0,147.41600743180265,148.1204121999291,145.42020387428286,147.78778076171875,21700,0.0,0.0,0.0
2022-03-11 00:00:00-05:00,122.41723864766817,122.97048981986103,119.01867850423915,119.1965103149414,2069000,0.0,0.0,0.0,88.00778829703668,88.55484841072614,84.0291361741606,84.15843963623047,10773900,0.0,0.0,0.0,121.54210448782068,122.25124920024818,120.18915125565219,120.31045532226562,9869100,0.0,0.0,0.0,148.7172048085789,149.4901004524268,144.8136444091797,144.8136444091797,19500,0.0,0.0,0.0
2022-03-14 00:00:00-04:00,119.5422999856279,121.91338843498808,117.54663845938488,118.15916442871094,3091700,0.0,0.0,0.0,84.21809844723843,84.83479212242922,79.91120665119921,80.63731384277344,17167200,0.0,0.0,0.0,121.28085099212358,122.90440349157328,120.80498878391099,121.15956115722656,14373200,0.0,0.0,0.0,145.8800310395879,149.6564176437458,144.60818820700982,145.06800842285156,16300,0.0,0.0,0.0
2022-03-15 00:00:00-04:00,118.83096456779377,119.76952427389698,117.88253076042895,119.67072296142578,1395700,0.0,0.0,0.0,80.93572684037356,81.97017721731416,80.09025726332257,81.82097625732422,11277200,0.0,0.0,0.0,122.13927694143005,123.70684733067355,121.93399969715333,123.57621765136719,14374100,0.0,0.0,0.0,146.44747316901558,146.47682212588998,144.71581007213152,146.4279022216797,28800,0.0,0.0,0.0
2022-03-16 00:00:00-04:00,121.3008584935753,124.51170548839214,120.7970003931243,124.45243072509766,3287300,0.0,0.0,0.0,83.13393241194026,85.82946813566959,81.93039113527946,85.7300033569336,11811400,0.0,0.0,0.0,124.20137356339256,125.07846464475583,122.93239344861387,125.05979919433594,13840400,0.0,0.0,0.0,148.07151235236702,152.70882648672736,148.07151235236702,152.5914306640625,23500,0.0,0.0,0.0
2022-03-17 00:00:00-04:00,124.12640767342963,127.1001406172797,123.44471772792083,127.07050323486328,3403100,0.0,0.0,0.0,85.27246976576245,89.2312246013528,84.6557759200561,89.08202362060547,11201200,0.0,0.0,0.0,124.69592432161232,127.09392971124416,124.5279779494171,127.03793334960938,10973100,0.0,0.0,0.0,151.54459441130055,155.36012268066406,151.54459441130055,155.36012268066406,27600,0.0,0.0,0.0
2022-03-18 00:00:00-04:00,126.823524871938,129.48112091859846,126.44810543629708,129.41197204589844,3153300,0.0,0.0,0.0,88.84329740607834,92.28483041925384,88.58468290547084,91.66814422607422,14491300,0.0,0.0,0.0,126.96329058233724,127.98033706085727,126.58072711287124,127.82171630859375,11364200,0.0,0.0,0.0,155.40905479170195,158.41254580067016,155.40905479170195,158.39297485351562,16300,0.0,0.0,0.0
2022-03-21 00:00:00-04:00,129.1451734881571,129.6391498203257,126.9420432676743,127.6731185913086,2507100,0.0,0.0,0.0,91.2006471679463,91.35978929183513,87.987882540797,88.54489135742188,12897100,0.0,0.0,0.0,127.7617983051183,128.85689771961023,127.12533612861924,127.724365234375,11473100,0.426,0.0,0.0,158.01141841238882,158.75496509778353,155.8003791592469,156.68087768554688,10800,0.0,0.0,0.0
2022-03-22 00:00:00-04:00,127.91024405004336,130.51843871319363,127.36686702126983,130.10350036621094,2368100,0.0,0.0,0.0,88.72392753993468,91.98642822257615,88.39569455071515,91.71786499023438,10096600,0.0,0.0,0.0,127.85537729486549,128.03320219844787,127.2844266747938,127.7524185180664,8892100,0.0,0.0,0.0,157.31681256936326,159.9094032734132,156.10366761879828,159.79200744628906,8400,0.0,0.0,0.0
2022-03-23 00:00:00-04:00,129.43167312961825,129.55023770031406,126.704929202996,126.82347869873047,1791700,0.0,0.0,0.0,90.87238808456279,92.59315036660412,89.3803939819336,89.3803939819336,10564200,0.0,0.0,0.0,127.14402495431182,127.37802088404898,125.42181833912103,125.4592514038086,10013400,0.0,0.0,0.0,159.4202153797597,159.4202153797597,155.55578226511423,155.6927490234375,12300,0.0,0.0,0.0
2022-03-24 00:00:00-04:00,127.49395669695488,128.61137546513035,126.25788687439425,128.5817108154297,1382800,0.118,0.0,0.0,90.02694259285357,91.44931086534629,88.53494821983361,91.28021240234375,9739100,0.0,0.0,0.0,125.9272677699234,126.95685577392578,125.65583872267601,126.95685577392578,7189200,0.0,0.0,0.0,155.91777163617675,157.84509930050103,155.83950278001166,157.76683044433594,5500,0.0,0.0,0.0
2022-03-25 00:00:00-04:00,128.78938624853092,128.78938624853092,125.7535728088165,126.73255157470703,2271200,0.0,0.0,0.0,91.28020449770402,91.32994067463464,88.87312227229471,89.14168548583984,8676300,0.0,0.0,0.0,127.38739326642587,127.76178105122047,126.57307769743095,127.5465087890625,7040100,0.0,0.0,0.0,158.24621246152344,158.24621246152344,154.50895316858436,155.6927490234375,11900,0.0,0.0,0.0
2022-03-28 00:00:00-04:00,126.73254022373305,128.29494378089612,125.34813210402423,127.63240814208984,1820400,0.0,0.0,0.0,89.05217678789691,90.74310843373702,87.3115165454793,89.23121643066406,10342800,0.0,0.0,0.0,127.76181708550892,128.51060714826738,127.3031797800985,128.47315979003906,8467000,0.0,0.0,0.0,157.22876405481884,157.49290466308594,154.75355427551847,157.49290466308594,16000,0.0,0.0,0.0
2022-03-29 00:00:00-04:00,129.01680141586155,131.4790727520327,128.82891525795486,131.2318572998047,2719900,0.0,0.0,0.0,90.464605358445,93.40881479454568,90.27562453089672,93.05073547363281,13391200,0.0,0.0,0.0,129.54010893091686,130.0549027053323,128.46373363330017,129.2312469482422,12327700,0.0,0.0,0.0,158.70604834789376,162.19870849506538,158.70604834789376,161.8269500732422,8900,0.0,0.0,0.0
2022-03-30 00:00:00-04:00,131.49888372316346,132.19108420640055,129.04650983019252,129.5112762451172,2145100,0.0,0.0,0.0,92.90152175115364,94.0553268357783,89.85784794080826,90.19603729248047,12124100,0.0,0.0,0.0,129.24998235255427,129.99877214952608,128.8287925548756,129.48397827148438,10752900,0.0,0.0,0.0,161.89542333590342,163.08899729768459,159.91919064950227,160.22247314453125,13900,0.0,0.0,0.0
2022-03-31 00:00:00-04:00,129.98589426048898,130.6286635513775,128.7597151564075,128.8487091064453,2023100,0.0,0.0,0.0,90.5740016024364,91.54877458729379,89.39035790707295,89.40029907226562,8287400,0.0,0.0,0.0,129.21256902951427,129.92391159022233,127.99578720879344,128.22042846679688,15843000,0.0,0.0,0.0,160.711639618437,160.711639618437,158.6179962158203,158.6179962158203,17900,0.0,0.0,0.0
2022-04-01 00:00:00-04:00,129.43209870013405,131.77569594482094,129.07610790825987,131.5779266357422,2234600,0.0,0.0,0.0,89.89764133138746,92.96120526502875,89.71860168361162,92.76227569580078,10971000,0.0,0.0,0.0,128.5760470815455,129.278034697028,127.71494398705724,129.2312469482422,20785700,0.0,0.0,0.0,159.35175802329445,162.36504198559942,159.35175802329445,162.33567810058594,11700,0.0,0.0,0.0
2022-04-04 00:00:00-04:00,132.28993755278935,133.50623340770844,131.94382986853407,133.25901794433594,2733200,0.0,0.0,0.0,93.14024982507148,95.77610849408025,92.84184786681499,95.5771713256836,12653600,0.0,0.0,0.0,128.94111488170358,129.16575612081726,127.85538459760033,128.15489196777344,16769500,0.0,0.0,0.0,163.64667012587594,163.95973065458242,162.78572754747913,163.7053680419922,19500,0.0,0.0,0.0
2022-04-05 00:00:00-04:00,132.98214871355862,134.06001968957233,130.9450955429034,131.2021942138672,2556800,0.0,0.0,0.0,95.54731977441355,96.67129375555879,92.453917417885,92.7523193359375,15294600,0.0,0.0,0.0,127.82733194116157,129.95200517534076,127.76180621083061,128.42636108398438,15025100,0.0,0.0,0.0,163.01073207054324,164.38041472565362,160.87796162040857,161.13232421875,8200,0.0,0.0,0.0
2022-04-06 00:00:00-04:00,129.99581187943687,131.8054161548111,129.15527310044916,131.0044403076172,3131200,0.0,0.0,0.0,91.43937180347145,93.85640324750383,90.79283932223181,92.83190155029297,13644000,0.0,0.0,0.0,128.0987652140478,130.69144477971665,128.0145300854042,130.382568359375,23197800,0.0,0.0,0.0,159.44957264957068,160.5942266741725,158.85278568683734,160.5061798095703,15800,0.0,0.0,0.0
2022-04-07 00:00:00-04:00,130.8560690120013,133.0018970647656,130.6879643356648,132.41847229003906,2031800,0.0,0.0,0.0,92.52353874708518,93.68730009651198,90.53421296583164,91.93669128417969,10320300,0.0,0.0,0.0,129.91456923992232,133.22794598897516,129.91456923992232,132.8909912109375,18160200,0.0,0.0,0.0,160.7703387329735,163.64665579689338,160.45726330342063,163.01072692871094,10300,0.0,0.0,0.0
2022-04-08 00:00:00-04:00,131.9141724398915,133.51613899063074,131.49885224935474,131.85484313964844,2095900,0.0,0.0,0.0,91.28021747259334,92.13562823440014,89.58929345805032,89.85784912109375,13225600,0.0,0.0,0.0,132.9003462416261,134.23879623375225,132.70378335757607,133.6865692138672,19102700,0.0,0.0,0.0,163.088997538092,164.8304385809775,163.088997538092,163.26510620117188,13100,0.0,0.0,0.0
2022-04-11 00:00:00-04:00,130.98465603073313,131.47908698872666,128.65094130545026,128.8190460205078,2090300,0.0,0.0,0.0,88.66425196780476,89.20137085455585,86.49588650144328,86.85396575927734,12835200,0.0,0.0,0.0,133.3028307201619,133.84570311797467,130.831833695417,131.0283966064453,16570700,0.0,0.0,0.0,161.94435668088286,162.26721014930413,159.68439733019346,160.01702880859375,23200,0.0,0.0,0.0
2022-04-12 00:00:00-04:00,129.5606933007641,130.37155223095667,126.85120620134369,127.83018493652344,4622400,0.0,0.0,0.0,87.72927472832455,89.4301551589233,85.7697949668188,86.68488311767578,13785100,0.0,0.0,0.0,130.70078594700934,131.46829956936787,129.19385135758026,129.7554473876953,14085400,0.0,0.0,0.0,161.03448070614022,161.35731918933794,157.59072591221477,158.57884216308594,13300,0.0,0.0,0.0
2022-04-13 00:00:00-04:00,127.8301807592746,131.44940380955924,127.8301807592746,131.02420043945312,1969500,0.0,0.0,0.0,87.00316366855603,90.4347475825264,86.92358881656222,89.92747497558594,17147300,0.0,0.0,0.0,129.746060419,130.52292863075303,129.07215098909325,130.3918914794922,15496400,0.0,0.0,0.0,159.12672994636742,162.7857208251953,158.53973588118558,162.7857208251953,14100,0.0,0.0,0.0
2022-04-14 00:00:00-04:00,130.68797386773082,131.21206939360388,129.2738937042528,129.40245056152344,2211500,0.0,0.0,0.0,89.370475723207,89.66887768101819,87.11259388318271,87.30157470703125,10950700,0.0,0.0,0.0,130.51356027176178,131.17810065430882,129.67116643157752,129.7647705078125,10993400,0.0,0.0,0.0,162.13021939216142,162.58024663679686,160.77032979320745,160.9366455078125,7700,0.0,0.0,0.0
2022-04-18 00:00:00-04:00,129.05635646448175,129.2936887438697,125.01191506123283,125.68434143066406,2532900,0.0,0.0,0.0,86.9036916242031,86.99320763369711,82.8056781536262,83.14385986328125,17419900,0.0,0.0,0.0,129.6337345883282,129.93325620951302,127.7898456685931,128.3327178955078,10125000,0.0,0.0,0.0,160.42791233981848,160.42791233981848,156.2014985915647,156.6710968017578,18600,0.0,0.0,0.0
2022-04-19 00:00:00-04:00,125.63488842226953,127.45439042192001,125.16023146247316,126.8907470703125,1998300,0.0,0.0,0.0,83.20356406177233,85.40176844966454,82.37799192475111,84.14849090576172,11876000,0.0,0.0,0.0,128.66970185995962,130.01752089806297,128.62289981075153,129.5588836669922,11733100,0.0,0.0,0.0,156.377594019068,158.3636196211772,155.84929789290072,157.92337036132812,9700,0.0,0.0,0.0
2022-04-20 00:00:00-04:00,127.61261749417024,128.54214999445736,125.9117740019073,127.56317138671875,2287700,0.0,0.0,0.0,84.49662077527645,85.1630507681351,82.6465469452513,84.33747863769531,9212900,0.0,0.0,0.0,129.9145526796928,131.80524393111858,129.76479184588143,131.2998046875,13674800,0.0,0.0,0.0,158.86259388367887,159.4398099558598,157.346166380751,158.4614715576172,17600,0.0,0.0,0.0
2022-04-21 00:00:00-04:00,128.31470784578892,128.86848315477744,124.39882338107894,124.55703735351562,1979500,0.0,0.0,0.0,84.9839927632233,85.75982853945175,80.50801012620536,80.72683715820312,15371100,0.0,0.0,0.0,131.66482493947225,131.81458575866273,129.55886162128112,129.84901428222656,11409700,0.0,0.0,0.0,159.73329921344393,159.73329921344393,154.82203674316406,154.82203674316406,19300,0.0,0.0,0.0
2022-04-22 00:00:00-04:00,124.26037627234673,124.86357502396405,121.50145097026068,121.6695556640625,2557200,0.0,0.0,0.0,80.31903395940749,81.60215008748065,79.23485497638994,79.41388702392578,13859300,0.0,0.0,0.0,128.67902564843914,128.71647299160287,124.98189316073207,125.11293029785156,17525300,0.0,0.0,0.0,154.75355374820296,154.9198844053344,150.95761108398438,150.95761108398438,13900,0.0,0.0,0.0
2022-04-25 00:00:00-04:00,120.86857472187177,122.92540142300724,120.1269284112136,122.7968521118164,2552800,0.0,0.0,0.0,78.90660844765964,81.36342698653137,78.73751757857893,81.13465118408203,13657700,0.0,0.0,0.0,124.74791051362746,126.2267665223086,123.34393491725682,125.95533752441406,16501900,0.0,0.0,0.0,150.43909743181857,152.21966552734375,149.0792076756931,152.21966552734375,26200,0.0,0.0,0.0
2022-04-26 00:00:00-04:00,122.04533096552308,122.45076795613718,118.04044489305228,118.06021881103516,2954600,0.0,0.0,0.0,80.23945479950798,81.0351881597165,76.16133840295976,76.28070068359375,19188100,0.0,0.0,0.0,125.19716989099966,125.87107927236922,123.55919847722204,123.7370376586914,20087700,0.0,0.0,0.0,151.3000245859674,151.3000245859674,146.61379031140538,146.68226623535156,26100,0.0,0.0,0.0
2022-04-27 00:00:00-04:00,118.29754846055131,119.72151203579666,117.33835873800057,117.72401428222656,4230500,0.0,0.0,0.0,76.35032947128519,77.68317416957859,75.2263554912718,75.51480865478516,21570300,0.0,0.0,0.0,123.71832728192997,124.71983676647402,122.85722393141354,123.46562194824219,16726700,0.0,0.0,0.0,146.89749854240733,148.60959066960675,146.05612695705327,146.77032470703125,24200,0.0,0.0,0.0
2022-04-28 00:00:00-04:00,118.10966982645256,118.42610533823846,114.18388680733477,117.72401428222656,4727900,0.0,0.0,0.0,76.64872286296062,76.83771124780401,72.19263719171089,75.78337097167969,20320900,0.0,0.0,0.0,124.3360578101281,125.58091771010103,123.18480198280551,125.16908264160156,15510700,0.0,0.0,0.0,146.53551518634836,146.65291100995782,142.5438929727856,146.21266174316406,24000,0.0,0.0,0.0
2022-04-29 00:00:00-04:00,117.7437746499894,120.21592915892882,115.20240011657637,115.3507308959961,4313700,0.0,0.0,0.0,75.33576875607798,77.50413426322123,73.24697810521131,73.43596649169922,13947700,0.0,0.0,0.0,123.95231485460947,124.5981458943878,121.76211641864825,121.94931030273438,17430200,0.0,0.0,0.0,146.5257181625828,149.59769955053355,143.2091522216797,143.2091522216797,19100,0.0,0.0,0.0
2022-05-02 00:00:00-04:00,114.90574183377777,117.22957317396829,114.06521078565763,117.04168701171875,3763000,0.0,0.0,0.0,73.14751800076343,76.53931488790319,73.08784064908268,76.37022399902344,15625900,0.0,0.0,0.0,121.84635549541376,122.52963390346551,119.22560532784766,121.19116973876953,23615100,0.0,0.0,0.0,142.97434568881053,145.30279541015625,141.8394697802339,145.30279541015625,27300,0.0,0.0,0.0
2022-05-03 00:00:00-04:00,117.41744949226559,118.92052367199123,116.84391537482884,118.10965728759766,2267100,0.0,0.0,0.0,76.37021612478028,77.70306835474443,75.38550198019584,76.4398422241211,10767900,0.0,0.0,0.0,121.56557358773699,122.74490796702895,121.14436947615262,121.5749282836914,13585300,0.0,0.0,0.0,146.22244262695312,147.29860575393016,145.14626457171897,146.22244262695312,12800,0.0,0.0,0.0
2022-05-04 00:00:00-04:00,118.68319866582691,120.92791934218197,115.38040363166367,120.5027084350586,3208500,0.0,0.0,0.0,76.58904478002042,78.52863443703113,73.1176733167682,78.16061401367188,19159300,0.0,0.0,0.0,121.37835324723436,124.71982174328528,120.35813449329399,124.27055358886719,19053500,0.0,0.0,0.0,145.43977540858012,150.04774044643847,143.6102726345057,149.78359985351562,17400,0.0,0.0,0.0
2022-05-05 00:00:00-04:00,119.62261776697531,119.62261776697531,114.64864392823482,116.05282592773438,3228600,0.0,0.0,0.0,77.24553529360202,77.50414222003636,72.12301912221174,73.45586395263672,18579200,0.0,0.0,0.0,123.66216221059045,123.79319935766824,120.60150578627807,121.85572052001953,16119800,0.0,0.0,0.0,147.77799991152284,148.1302022888141,143.38525566812038,144.13858032226562,18000,0.0,0.0,0.0
2022-05-06 00:00:00-04:00,114.48053176481801,114.76730260341631,111.07885216935694,111.90949249267578,4535500,0.0,0.0,0.0,72.52086810532586,72.74963629876811,69.25836775967095,69.75569915771484,22560500,0.0,0.0,0.0,120.67637012692357,121.80891667430369,120.0586317466939,121.47196197509766,21742300,0.0,0.0,0.0,142.6906562228038,142.6906562228038,138.67946296297683,139.49148559570312,33400,0.0,0.0,0.0
2022-05-09 00:00:00-04:00,110.25807270027943,110.91072500305347,105.63019993000677,106.08507537841797,4404000,0.0,0.0,0.0,68.61185568410514,69.23849062944181,63.71810805620331,64.02645874023438,27086300,0.0,0.0,0.0,120.1148046573524,120.14288302923575,117.86844207381714,118.32707214355469,17289800,0.0,0.0,0.0,137.68154158579893,138.6109599635911,133.17140153027364,133.7681884765625,33300,0.0,0.0,0.0
2022-05-10 00:00:00-04:00,108.88358913300044,110.53498676693353,107.01464066452904,108.91325378417969,6190700,0.0,0.0,0.0,67.1894830860114,68.82072966297193,64.7525543858951,67.33867645263672,28347900,0.0,0.0,0.0,119.56255410561718,120.01182941714063,117.65314652837293,118.74825286865234,21850200,0.0,0.0,0.0,135.5781360823208,137.44676599282474,134.2378172630398,136.26296997070312,52900,0.0,0.0,0.0
2022-05-11 00:00:00-04:00,107.48927937410497,109.6845538738516,104.95779546887786,105.27423095703125,4390000,0.0,0.0,0.0,66.43353910817393,67.63708036281226,62.186327871247364,62.47478103637695,28143200,0.0,0.0,0.0,118.15858423005601,120.8261364358424,117.82162951553676,117.96202850341797,19987300,0.0,0.0,0.0,134.35519607842042,136.3803485296213,131.69411479633695,131.91912841796875,44600,0.0,0.0,0.0
2022-05-12 00:00:00-04:00,104.28536984282462,108.49792343816623,104.21614981507001,108.23092651367188,4709200,0.0,0.0,0.0,61.72878405975489,65.74721949515119,61.45027585352925,64.5635757446289,25991000,0.0,0.0,0.0,117.531482215737,119.17881565745681,117.26004606435781,119.10393524169922,17497100,0.0,0.0,0.0,130.8723296733664,136.03795514132767,130.55925422524317,135.95968627929688,42800,0.0,0.0,0.0
2022-05-13 00:00:00-04:00,109.60545160214441,112.51270806144097,109.60545160214441,111.87983703613281,3217700,0.0,0.0,0.0,66.11524227581279,69.09923088999774,65.63780075852598,68.23387145996094,18755300,0.0,0.0,0.0,119.89015471258023,120.7419033499329,119.36600609943352,120.36751556396484,9841500,0.0,0.0,0.0,138.18051550212246,140.5382996070024,137.9163599647012,140.0393524169922,15600,0.0,0.0,0.0
2022-05-16 00:00:00-04:00,111.65238770371882,113.36311436594626,110.84151379782871,112.02815246582031,3030300,0.0,0.0,0.0,67.90563898390683,70.13368954521026,66.99055085444813,68.0946273803711,14149900,0.0,0.0,0.0,120.22708806878914,122.08033155937937,120.1990097039299,121.25667572021484,8839800,0.0,0.0,0.0,138.92405500128012,141.26228321719944,138.92405500128012,139.7654266357422,42700,0.0,0.0,0.0
2022-05-17 00:00:00-04:00,113.58067642571203,115.38040475005694,112.98736080510487,115.22218322753906,2321800,0.0,0.0,0.0,69.62640628928602,71.12834946406991,68.84062165052295,71.07861328125,14807400,0.0,0.0,0.0,122.5202643211805,122.97890148955781,121.61235896217494,122.92274475097656,9058700,0.0,0.0,0.0,141.9275334235621,143.57113447550384,140.8513554050836,143.3656768798828,24900,0.0,0.0,0.0
2022-05-18 00:00:00-04:00,113.24445724006,114.66842073710473,111.65239658136957,112.29515075683594,2081900,0.0,0.0,0.0,69.18874950862094,70.03421905205218,66.86124194456407,67.50777435302734,15242500,0.0,0.0,0.0,122.08971508976148,122.38922244462253,119.36599911791697,119.749755859375,10005000,0.0,0.0,0.0,141.9275431287926,142.612376947265,139.62844217221632,140.15673828125,51100,0.0,0.0,0.0
2022-05-19 00:00:00-04:00,112.1369296491788,114.69807809032227,111.88971419913405,113.74877166748047,2253300,0.0,0.0,0.0,67.43814303749504,69.70597308001228,67.08006381092125,69.02960205078125,14974700,0.0,0.0,0.0,118.7950590559376,120.74190702254164,118.36450737618681,120.0118408203125,9672800,0.0,0.0,0.0,139.76540834343547,143.6885395019709,139.76540834343547,142.3482208251953,36000,0.0,0.0,0.0
2022-05-20 00:00:00-04:00,114.93542376378691,115.09363774717752,111.34585018191726,114.32232666015625,1845000,0.0,0.0,0.0,69.97453316840094,70.51165204251768,66.60262656034216,69.95464324951172,13521900,0.0,0.0,0.0,120.81677624941307,121.7340362653715,119.17880479421274,121.47196197509766,12833700,0.0,0.0,0.0,143.48310415445033,143.5711510220396,139.73606653059315,142.67108154296875,28200,0.0,0.0,0.0
2022-05-23 00:00:00-04:00,115.51883881549898,115.76605427329147,114.32231690511337,115.14307403564453,2201200,0.0,0.0,0.0,70.85979094388624,71.18803155956329,69.25838288535147,69.76566314697266,11879700,0.0,0.0,0.0,122.28626660414963,123.01633275900596,122.03356128422264,122.53898620605469,9196500,0.0,0.0,0.0,144.27553629738983,144.27553629738983,142.65149129417574,143.35589599609375,31900,0.0,0.0,0.0
2022-05-24 00:00:00-04:00,114.19377205261004,114.60909222729703,112.2457129618512,113.30379486083984,1780600,0.0,0.0,0.0,68.76105365280972,69.09924303463423,66.58274674190257,67.04029083251953,12688300,0.0,0.0,0.0,122.1833183250294,123.10994742366627,121.39709536484136,122.9040298461914,9031300,0.0,0.0,0.0,142.7297789976783,142.7297789976783,140.19588629455615,141.22314453125,13900,0.0,0.0,0.0
2022-05-25 00:00:00-04:00,112.84892213457152,114.08499950289634,111.84027877714468,113.4916763305664,2062900,0.0,0.0,0.0,66.89108868063973,68.09463003473569,65.71738600321676,67.3685302734375,12392800,0.0,0.0,0.0,122.81979036274203,123.67153901363265,121.71532209721794,122.86659240722656,8532400,0.0,0.0,0.0,140.67527400327936,142.47542803080643,139.9121712344972,141.81015014648438,17300,0.0,0.0,0.0
2022-05-26 00:00:00-04:00,113.86745398889134,115.04419456820702,113.48179843554331,114.51021575927734,2095200,0.0,0.0,0.0,67.53761094444411,69.03955401528697,67.10990560329054,68.10456848144531,12254800,0.0,0.0,0.0,123.17548240960177,123.85874663244567,122.81980397048669,123.39075469970703,9090100,0.0,0.0,0.0,142.30910428661156,143.62985211447375,141.8590620729807,143.17982482910156,17500,0.0,0.0,0.0
2022-05-27 00:00:00-04:00,114.77718723078392,118.16898345947266,114.075096267861,118.16898345947266,2204500,0.0,0.0,0.0,67.81611394836943,70.73047642527125,66.75182499407016,70.71057891845703,15010900,0.0,0.0,0.0,123.60599468862944,125.46860723569725,123.09120084074873,125.4405288696289,13696000,0.0,0.0,0.0,143.8157331940017,148.33565146019916,143.8157331940017,148.1986846923828,20300,0.0,0.0,0.0
2022-05-31 00:00:00-04:00,117.49655293036763,117.64488370187355,114.31241688562841,115.37049865722656,3178900,0.0,0.0,0.0,70.41218493967135,70.99903238592094,67.39835768079878,68.41291046142578,10648300,0.0,0.0,0.0,124.33607209196711,124.56071332294555,122.76362632105186,123.76512145996094,11740800,0.0,0.0,0.0,147.7486658452764,147.7486658452764,143.95270816622315,144.7843017578125,15900,0.0,0.0,0.0
2022-06-01 00:00:00-04:00,116.26048594984847,116.92302157040882,112.75991413926407,114.15421295166016,1727200,0.0,0.0,0.0,68.87045887453672,69.78555453389193,65.98593487127062,67.16958618164062,12979200,0.0,0.0,0.0,124.214401111466,124.23311050214078,121.01332434085646,121.98675537109375,9259900,0.0,0.0,0.0,145.39085550568714,146.3594157978296,141.88840259678977,143.05262756347656,21300,0.0,0.0,0.0
2022-06-02 00:00:00-04:00,113.85755218620463,115.06396484375,111.86993776607794,115.06396484375,1955000,0.0,0.0,0.0,66.94082116354294,68.69142253335737,66.05557172406967,68.40296936035156,9380400,0.0,0.0,0.0,122.14587435962397,122.97889929164036,119.96503059783316,122.95082092285156,9575400,0.0,0.0,0.0,141.7710153815544,143.71789916457158,140.215460971375,143.62985229492188,17100,0.0,0.0,0.0
2022-06-03 00:00:00-04:00,114.50030923175652,116.2604820364042,113.94654903553032,115.20240020751953,1719900,0.0,0.0,0.0,69.00972082171353,71.1482479324198,68.65164151068007,70.8299560546875,15058100,0.0,0.0,0.0,122.09908237737086,122.64195468864482,121.3502924900282,121.5094223022461,5852600,0.0,0.0,0.0,142.49497940433793,144.02119982039545,142.17214087506127,142.5928192138672,13800,0.0,0.0,0.0
2022-06-06 00:00:00-04:00,116.00337209472384,116.44836441891043,113.30378368120827,113.95642852783203,1495500,0.0,0.0,0.0,71.79478020522075,72.3716866031584,68.35324691719488,68.810791015625,12268600,0.0,0.0,0.0,122.37987055530759,122.6325901569378,121.20053621766337,121.52812194824219,7729000,0.0,0.0,0.0,143.93312307182475,143.93312307182475,141.2329147914102,141.9960174560547,41900,0.0,0.0,0.0
2022-06-07 00:00:00-04:00,113.13568767361323,116.66592416990214,113.0664601015989,116.51759338378906,1576300,0.0,0.0,0.0,68.15431239623025,72.3020632981256,68.08468628265143,72.21253967285156,10797200,0.0,0.0,0.0,121.52810218314723,123.23159912022459,121.08818876673607,123.10991668701172,7219100,0.0,0.0,0.0,141.4677231690202,144.82341634915616,140.9687610853998,144.2951202392578,54600,0.0,0.0,0.0
2022-06-08 00:00:00-04:00,116.36926991882476,118.3371030081037,116.04294367772921,116.81425476074219,1269100,0.0,0.0,0.0,71.63562354325501,74.27148192350097,71.63562354325501,72.81927490234375,11029300,0.0,0.0,0.0,122.76362776236104,123.21289594761463,121.7901966986705,122.13652038574219,5372000,0.0,0.0,0.0,144.2951282133705,146.85836990618134,144.2951282133705,145.51805114746094,10300,0.0,0.0,0.0
2022-06-09 00:00:00-04:00,116.40969045776275,116.40969045776275,112.66091975286936,112.74005126953125,1537000,0.031,0.0,0.0,72.44130864987258,72.67007689191463,69.85518634838044,69.88502502441406,10305900,0.0,0.0,0.0,121.72469516071526,122.13653031483541,119.34729546909469,119.37537384033203,7772900,0.0,0.0,0.0,144.60819332869133,144.60819332869133,139.6480255126953,139.6480255126953,21100,0.0,0.0,0.0
2022-06-10 00:00:00-04:00,110.85082889480302,111.04865014535578,108.52639524202166,109.27812957763672,2227700,0.0,0.0,0.0,68.65164147561164,68.87046856431775,66.194830077105,66.6722640991211,12884600,0.0,0.0,0.0,117.96202844604477,118.55170276666122,116.99796634591272,117.45659637451172,11289000,0.0,0.0,0.0,137.74026131249354,137.769625199461,134.90308583018077,135.33355712890625,23200,0.0,0.0,0.0
2022-06-13 00:00:00-04:00,106.44925158456927,107.03282960913022,104.23361413607263,104.81719970703125,2998300,0.0,0.0,0.0,64.62325491059492,65.12058639971612,62.29574338973426,62.982059478759766,16753000,0.0,0.0,0.0,115.13536245434915,115.83735026299198,113.42251048742324,113.89986419677734,14886200,0.0,0.0,0.0,131.6843474562872,132.75073267156338,129.53199115062722,129.61026000976562,49800,0.0,0.0,0.0
2022-06-14 00:00:00-04:00,105.24252016746848,105.57881782662422,103.53133679744205,105.07437133789062,2611000,0.0,0.0,0.0,63.43959933610994,63.777788672423625,61.798407807319265,63.081520080566406,13769400,0.0,0.0,0.0,113.76883252574612,114.05898521551632,112.00917843039242,112.81412506103516,9299500,0.0,0.0,0.0,129.88420518954317,130.56905403629835,128.7199949922309,130.24620056152344,16700,0.0,0.0,0.0
2022-06-15 00:00:00-04:00,106.0041394600259,108.57585361095933,105.07437046826841,107.47793579101562,2455400,0.0,0.0,0.0,63.69821358094194,66.00583122547576,63.15114974004897,65.32946014404297,14007800,0.0,0.0,0.0,113.43188313734804,115.15408996438121,112.21510129664725,113.9560317993164,10301600,0.0,0.0,0.0,132.2224316646498,134.22802841392516,130.76471697102917,133.03445434570312,20100,0.0,0.0,0.0
2022-06-16 00:00:00-04:00,105.00512077875423,105.4304356930048,103.1554612319589,104.66881561279297,2992300,0.0,0.0,0.0,63.29040407798734,63.91704279402151,61.82824833868693,63.62858963012695,10351500,0.0,0.0,0.0,111.86878159958238,112.35549717873778,111.14807720939693,112.2806167602539,9383300,0.0,0.0,0.0,130.03094892408004,130.41250026949058,128.27971498182444,129.84506225585938,14700,0.0,0.0,0.0
2022-06-17 00:00:00-04:00,105.16338245866469,109.77269160824929,105.16338245866469,108.36813354492188,5617100,0.0,0.0,0.0,64.09608839667771,68.55217454332522,64.0662497198193,67.2491683959961,26512800,0.0,0.0,0.0,112.31803903495828,113.99345064081503,112.17764005796685,112.21508026123047,13724900,0.0,0.0,0.0,130.3635898790393,134.9715702435729,130.3635898790393,133.8660430908203,85100,0.0,0.0,0.0
2022-06-21 00:00:00-04:00,109.98040469132135,111.57289065941052,109.98040469132135,110.65300750732422,2132700,0.0,0.0,0.0,68.293559040707,71.38695370911398,68.293559040707,69.65624237060547,16491200,0.0,0.0,0.0,113.78852980535461,115.75299770161102,113.41256153895809,115.23603057861328,7987200,0.504,0.0,0.0,135.84228634661085,137.1434632198201,135.84228634661085,136.14556884765625,55500,0.0,0.0,0.0
2022-06-22 00:00:00-04:00,109.10010008197318,113.55114665301002,109.10010008197318,112.01800537109375,2563500,0.0,0.0,0.0,68.5919548063514,72.68002005957132,68.28361172613911,71.40685272216797,15564600,0.0,0.0,0.0,114.50288886228991,118.12163741348533,114.44649505338431,116.83393096923828,10188900,0.0,0.0,0.0,134.99111107302338,139.364284358751,134.99111107302338,137.95547485351562,29200,0.0,0.0,0.0
2022-06-23 00:00:00-04:00,112.90822470795291,117.0229663686394,112.61148522895024,116.72623443603516,1920100,0.0,0.0,0.0,71.8246090479652,75.93256420454823,71.58589207031466,75.82315826416016,16820600,0.0,0.0,0.0,117.3790964570477,119.55035148379888,117.3790964570477,119.45635223388672,11943300,0.0,0.0,0.0,138.64032879952012,143.43418055831592,138.64032879952012,143.25807189941406,31000,0.0,0.0,0.0
2022-06-24 00:00:00-04:00,117.93294495980538,119.06054272453197,116.0733919435637,118.734130859375,4176000,0.0,0.0,0.0,76.8078847828521,77.23559021375641,73.89352163475458,76.64873504638672,18564200,0.0,0.0,0.0,120.33048167735757,121.4584007991694,119.52213701064296,121.4395980834961,10448100,0.0,0.0,0.0,144.55925826885496,146.4278879585546,143.14067075449026,146.28114318847656,41200,0.0,0.0,0.0
2022-06-27 00:00:00-04:00,118.97152607575931,119.19902732829215,117.29002263953448,118.81327056884766,1763300,0.0,0.0,0.0,76.60894859679179,77.24553996215721,74.80861081478399,76.39012908935547,13735100,0.0,0.0,0.0,121.43961275312017,122.40774476433151,121.05423591774866,121.89077758789062,8963600,0.0,0.0,0.0,146.6137830697768,146.6137830697768,144.823422130348,145.86045837402344,45300,0.0,0.0,0.0
2022-06-28 00:00:00-04:00,118.6747753298459,119.10998356455855,115.59860752368934,116.0832748413086,1821000,0.0,0.0,0.0,76.45973395079663,76.86754176219486,73.02814265757448,73.66472625732422,13455500,0.0,0.0,0.0,122.13516566811259,122.74611772859281,119.54094285897528,119.76652526855469,7518700,0.0,0.0,0.0,145.88980810477366,146.16374164500138,142.4167189494025,142.67108154296875,12700,0.0,0.0,0.0
2022-06-29 00:00:00-04:00,115.74699472325516,117.408719146743,114.89635717510609,116.7064437866211,1300400,0.0,0.0,0.0,73.56528166559708,74.94786276186922,72.39157890883257,74.40080261230469,9562100,0.0,0.0,0.0,119.92632649257644,121.41142580199354,119.73834232453167,120.80986785888672,9157700,0.0,0.0,0.0,141.7710127663375,143.96248109901745,141.692743907562,143.57115173339844,10000,0.0,0.0,0.0
2022-06-30 00:00:00-04:00,115.7371065673373,117.69556287310047,114.6985259940643,116.35035705566406,2387500,0.0,0.0,0.0,73.18730675680337,74.85834093221337,72.1628050614566,73.87361907958984,11339100,0.0,0.0,0.0,120.18010491624638,121.22343347226352,119.26836670322818,120.53728485107422,10697600,0.0,0.0,0.0,143.57115414182627,144.2266390507761,140.8905016647666,142.63194274902344,9900,0.0,0.0,0.0
2022-07-01 00:00:00-04:00,116.31078165493398,119.05065215541143,115.69753121741284,118.86271667480469,2046900,0.0,0.0,0.0,73.97309095808536,76.2906500093944,73.30666097243748,76.13150787353516,13420300,0.0,0.0,0.0,120.58426836503358,122.05057917701268,119.2401680485588,121.89077758789062,9366600,0.0,0.0,0.0,142.6906638474151,145.91916867540172,142.48520621176127,145.85069274902344,10100,0.0,0.0,0.0
2022-07-05 00:00:00-04:00,117.566965053876,121.53334380699135,117.29001228144048,121.47399139404297,3539400,0.0,0.0,0.0,75.30593507309433,80.60749070223973,74.78871365036925,80.55775451660156,15288200,0.0,0.0,0.0,120.71586919842869,121.21404804249693,118.59162083873987,121.18583679199219,9987000,0.0,0.0,0.0,144.07008462625686,149.21615335053184,144.07008462625686,149.15745544433594,20600,0.0,0.0,0.0
2022-07-06 00:00:00-04:00,121.41466549619241,122.75987135509631,120.64315192490307,121.45423126220703,2279300,0.0,0.0,0.0,80.57765197753906,82.72612011736548,79.79186729472605,80.57765197753906,17502100,0.0,0.0,0.0,121.35501308695557,122.6333253097676,121.13883204448402,122.00357055664062,9033300,0.0,0.0,0.0,149.49008686495063,149.81294027728495,148.20846615215052,149.15745544433594,24900,0.0,0.0,0.0
2022-07-07 00:00:00-04:00,121.69162107278532,124.73811720744402,121.51357889487933,124.4512710571289,2689700,0.0,0.0,0.0,80.91583262986636,83.85009300034845,80.41850113541275,83.01457214355469,13858600,0.0,0.0,0.0,121.82499640869135,122.68034084466319,121.75919406333706,122.52055358886719,6805500,0.0,0.0,0.0,149.7640502930909,153.2958526611328,149.64665445725058,153.2958526611328,20400,0.0,0.0,0.0
2022-07-08 00:00:00-04:00,123.57092888877351,125.76677946354638,123.22473793022753,125.28211212158203,2101500,0.0,0.0,0.0,82.1591579892015,84.17832255950584,81.65187776087902,83.9793930053711,12031900,0.0,0.0,0.0,122.17274048045599,124.10900417786372,122.05055869000373,122.88710021972656,6505800,0.0,0.0,0.0,152.41532512070836,154.64595029479378,152.23923138310764,153.59912109375,18100,0.0,0.0,0.0
2022-07-11 00:00:00-04:00,124.44136185974965,124.98538165242061,122.69062028893143,122.95767974853516,1623200,0.0,0.0,0.0,83.25328357030489,83.80035121310112,80.06041650000766,80.25935363769531,9835900,0.0,0.0,0.0,122.20094457849146,123.26307572142244,122.06935425176046,122.5769271850586,7027300,0.0,0.0,0.0,153.20778834880517,153.20778834880517,150.7228006324106,151.09457397460938,23900,0.0,0.0,0.0
2022-07-12 00:00:00-04:00,122.70052159808083,123.28409964418479,120.3958667576,122.15650177001953,2027400,0.0,0.0,0.0,80.27923948889803,82.0298482684563,77.67322003232125,81.43305206298828,15157600,0.0,0.0,0.0,122.19155854160347,123.01870598895023,120.47147565029147,121.01663970947266,9280400,0.0,0.0,0.0,150.9967248886624,151.41741810712088,148.47261036268344,150.0673065185547,10900,0.0,0.0,0.0
2022-07-13 00:00:00-04:00,120.17825355845945,123.28409424012675,120.09912203304684,122.2059555053711,2097600,0.0,0.0,0.0,79.53324510076835,83.59147158096188,79.25474070110963,82.79573822021484,13154100,0.0,0.0,0.0,119.99212127230952,120.80986023998327,119.53154789871427,119.84172821044922,9296500,0.0,0.0,0.0,148.0127930357474,150.4292898015747,147.53341682867125,149.07919311523438,34800,0.0,0.0,0.0
2022-07-14 00:00:00-04:00,121.11789417034221,121.34539537849399,119.09020013356383,120.1485595703125,1953000,0.0,0.0,0.0,81.8906057011841,82.47745322209742,80.19967406677054,80.88599395751953,11131000,0.0,0.0,0.0,118.46941648178941,119.67253221789872,117.70807137371861,119.49394226074219,7784800,0.0,0.0,0.0,147.23992508895012,147.23992508895012,145.18540853501005,146.3789825439453,25400,0.0,0.0,0.0
2022-07-15 00:00:00-04:00,120.98932701891617,122.07735902870841,119.2781437094159,121.90921020507812,2054000,0.0,0.0,0.0,81.9303970336914,82.16911403757898,79.31442839141384,81.9303970336914,9674500,0.0,0.0,0.0,121.27043814597451,122.4359485632725,120.73466822142508,122.37955474853516,9684800,0.0,0.0,0.0,147.2399259804294,149.47053628939378,145.70392756045132,149.32379150390625,13800,0.0,0.0,0.0
2022-07-18 00:00:00-04:00,122.88844876980464,123.29399219296059,118.58577190384145,119.20891571044922,1439200,0.0,0.0,0.0,82.86536908458886,84.1683827274476,78.86682730918889,79.31442260742188,11163300,0.0,0.0,0.0,122.50174894225493,122.61453656991917,119.39055874168912,119.79473114013672,7047700,0.0,0.0,0.0,150.46844126234063,150.46844126234063,145.01908948558568,145.4202117919922,21400,0.0,0.0,0.0
2022-07-19 00:00:00-04:00,120.52445064719075,122.56204602447245,119.84196195856934,122.27519989013672,1486900,0.0,0.0,0.0,80.58759984090361,83.01458019768079,79.63272418955121,82.89521789550781,12016900,0.0,0.0,0.0,121.07304356130142,122.0411756118992,120.54668217561004,121.83438873291016,6585700,0.0,0.0,0.0,147.34754879438137,149.73469690763093,146.535526121218,149.4901123046875,9300,0.0,0.0,0.0
2022-07-20 00:00:00-04:00,122.39386890284486,124.20396271300206,121.52344486591963,122.5916976928711,1958500,0.0,0.0,0.0,83.00461964482842,85.94882863722744,82.51723692707716,84.06890869140625,14969100,0.0,0.0,0.0,121.66520574410121,121.82499299542032,120.14250824911211,120.63127136230469,7599500,0.0,0.0,0.0,149.92055765319168,151.25109826010706,148.8248086703893,149.75424194335938,20800,0.0,0.0,0.0
2022-07-21 00:00:00-04:00,122.68073789673656,124.33256898331888,122.35432599203999,123.73909759521484,1555600,0.0,0.0,0.0,83.9794014504209,84.69556005920529,82.89521478193429,83.75062561035156,7802900,0.0,0.0,0.0,120.98844994517124,122.53933715820312,120.6782696341105,122.53933715820312,9507700,0.0,0.0,0.0,149.7933790273691,151.34893335526633,149.66619027020815,151.08477783203125,14000,0.0,0.0,0.0
2022-07-22 00:00:00-04:00,123.81821242029828,124.97548260292058,120.76182348701707,121.28606414794922,1534700,0.0,0.0,0.0,84.21810784398237,84.44688365522144,80.12010145919848,80.24940490722656,10633300,0.0,0.0,0.0,122.82131079568275,123.05629455728977,121.28921208047842,122.03176879882812,8657100,0.0,0.0,0.0,150.65433555897008,152.22946097977422,147.82693818068606,148.28675842285156,13100,0.0,0.0,0.0
2022-07-25 00:00:00-04:00,121.5531235953247,121.70149330893203,120.1287864189298,121.28606414794922,1287300,0.0,0.0,0.0,80.36876629312177,80.78652289471351,78.98618545308544,80.50801849365234,8097500,0.0,0.0,0.0,122.1257572617748,122.89651090662652,122.01296964243883,122.6709213256836,5489000,0.0,0.0,0.0,147.25948757351748,148.99113564530646,147.25948757351748,148.84439086914062,12200,0.0,0.0,0.0
2022-07-26 00:00:00-04:00,121.03878738777381,122.76974982280178,120.02987934251784,121.5333480834961,1249900,0.0,0.0,0.0,80.55775343876326,82.55702817357933,79.22490867467013,80.86610412597656,9194200,0.0,0.0,0.0,123.01868255810373,124.06201085600841,122.68969961085874,123.30065155029297,7482400,0.0,0.0,0.0,148.6193664237787,150.2336185571935,147.49426848474866,149.15745544433594,8200,0.0,0.0,0.0
2022-07-27 00:00:00-04:00,121.60260323483513,123.3434516931086,120.50467773352942,122.65106964111328,1961400,0.0,0.0,0.0,81.45293679482276,83.23338413298154,80.29913188287755,82.95487976074219,10237800,0.0,0.0,0.0,123.22551331705957,124.62600761851134,122.65215225806054,124.07144927978516,7680700,0.0,0.0,0.0,149.54881976038308,150.56628520509636,147.87585440109962,150.41954040527344,12300,0.0,0.0,0.0
2022-07-28 00:00:00-04:00,122.96758140817707,123.50170790997566,119.87163390969047,122.76976013183594,1756500,0.0,0.0,0.0,83.05435532078599,83.48206068766162,79.98085048501238,82.0596923828125,11298400,0.0,0.0,0.0,124.23119959444121,125.77269232601974,122.11634597440712,124.86095428466797,11052600,0.0,0.0,0.0,150.25322021666045,151.61311005846173,147.59213845125282,151.15328979492188,17100,0.0,0.0,0.0
2022-07-29 00:00:00-04:00,122.60159584930479,122.88844196400262,121.45421893691093,122.73018646240234,1328700,0.0,0.0,0.0,81.68172033410218,81.86075996020635,79.57303224761708,80.6969985961914,9467700,0.0,0.0,0.0,124.23122189441696,124.67299254394956,123.57327018519977,124.44740295410156,8309500,0.0,0.0,0.0,150.56625443376544,151.45654584610284,149.75424680301523,150.96737670898438,12700,0.0,0.0,0.0
2022-08-01 00:00:00-04:00,122.10702861650464,122.81919720162963,120.59367414631255,120.93986511230469,1740700,0.0,0.0,0.0,79.91121985232205,81.39327315046548,78.5684263524061,79.04586791992188,11546100,0.0,0.0,0.0,123.75185759055152,124.42861200382153,123.24428460946338,123.5262680053711,7665400,0.0,0.0,0.0,150.6347769751687,150.85001263505143,149.1770472656468,149.27488708496094,17100,0.0,0.0,0.0
2022-08-02 00:00:00-04:00,120.06945100002578,122.61149279901512,119.92108127474359,121.29595947265625,1261900,0.0,0.0,0.0,78.49879503135246,81.44299633414013,78.29986548483434,80.54780578613281,9963500,0.0,0.0,0.0,123.82705228741645,124.82338117491854,123.01870754698194,123.0844955444336,7935100,0.0,0.0,0.0,148.7172045028068,150.93803669680202,148.7172045028068,149.45095825195312,28600,0.0,0.0,0.0
2022-08-03 00:00:00-04:00,124.11495873582295,127.21090605458546,123.95669568681907,125.94483184814453,2761100,0.0,0.0,0.0,82.54706967244061,85.04367560750167,82.3580888869455,83.61135864257812,14260700,0.0,0.0,0.0,123.7518509819523,124.70118021046517,123.41347379338733,124.21240997314453,6825700,0.0,0.0,0.0,153.57955247749638,156.66132728660375,153.57955247749638,155.75146484375,23000,0.0,0.0,0.0
2022-08-04 00:00:00-04:00,126.73612252492053,129.11989349134006,126.42948977700034,128.76380920410156,1562500,0.0,0.0,0.0,85.6603685730482,88.39569144883889,85.04367486549225,88.23654174804688,15934500,0.0,0.0,0.0,124.50379962235257,124.53199652569836,123.40406302278578,123.60145568847656,5493000,0.0,0.0,0.0,154.5480975832029,158.30491295423224,154.5480975832029,157.8450927734375,14800,0.0,0.0,0.0
2022-08-05 00:00:00-04:00,127.06252417845221,130.09911860982405,126.18219931105571,130.01010131835938,2406200,0.0,0.0,0.0,86.83407382732203,91.81732947077427,85.6703124719965,91.80738830566406,19812500,0.0,0.0,0.0,122.83072737283449,123.61087532464965,122.53934975009201,123.55448150634766,8883400,0.0,0.0,0.0,155.7612409900556,157.6983465655284,155.50686348829424,157.59072875976562,12700,0.0,0.0,0.0
2022-08-08 00:00:00-04:00,130.49475554675846,131.8004028040669,129.26825489112068,130.5936737060547,2668200,0.0,0.0,0.0,92.86173062452409,94.59244197688346,91.42941359433657,93.38890075683594,19237400,0.0,0.0,0.0,123.78943901838285,124.663586043218,123.21607808363684,123.84583282470703,7075100,0.0,0.0,0.0,157.57116774428223,159.62568419167445,156.95480982441296,157.9722900390625,14400,0.0,0.0,0.0
2022-08-09 00:00:00-04:00,129.83205455826447,130.54422309156024,127.41861129853218,128.4967498779297,1769600,0.0,0.0,0.0,91.55873576235334,92.80206456092588,88.6642626767116,90.26567077636719,14747800,0.0,0.0,0.0,124.0056270535752,124.5977907379314,123.1784939437005,123.4698715209961,5802500,0.0,0.0,0.0,157.25810304297485,157.29723000637395,154.10785253619997,154.5676727294922,13900,0.0,0.0,0.0
2022-08-10 00:00:00-04:00,130.18813154837858,131.60258275645913,129.1693378882331,131.59268188476562,1499100,0.0,0.0,0.0,92.29477355224267,93.36901133055613,90.9121926961206,93.24964904785156,8989600,0.0,0.0,0.0,124.78579082357872,124.90798698796505,124.09024796112814,124.8139877319336,6736300,0.0,0.0,0.0,155.79058875338094,158.28533935546875,155.79058875338094,158.28533935546875,11100,0.0,0.0,0.0
2022-08-11 00:00:00-04:00,131.65207796786044,133.6105343160538,129.3869812760643,129.86175537109375,2117200,0.0,0.0,0.0,93.28943932399598,94.67202022233492,89.65891802580714,90.29550170898438,12314800,0.0,0.0,0.0,124.43798398049998,125.6599022498182,123.74242697371423,124.00560760498047,8471400,0.0,0.0,0.0,159.19520436114445,160.1246227312485,156.65151888987904,156.84719848632812,16000,0.0,0.0,0.0
2022-08-12 00:00:00-04:00,130.04968959534762,131.42456786607787,129.66393281702173,131.07838439941406,1346200,0.0,0.0,0.0,91.13101964448026,93.60772819540159,90.86245640588497,93.27948760986328,9744000,0.0,0.0,0.0,124.30641733908726,125.65051765173378,124.09963046909988,125.59412384033203,7515500,0.0,0.0,0.0,157.06243631735992,157.5124785387617,156.08409794134275,157.0037384033203,13200,0.0,0.0,0.0
2022-08-15 00:00:00-04:00,130.52446011091914,133.46213663784147,130.52446011091914,133.3533477783203,1555800,0.0,0.0,0.0,92.5036628730595,94.63224117508737,92.12569364915774,94.39352416992188,7253200,0.0,0.0,0.0,125.52831899071921,126.3930574481005,125.07715421779626,126.22386169433594,7486100,0.0,0.0,0.0,157.7179427151918,160.1050759120588,157.32659839157955,159.96810913085938,26900,0.0,0.0,0.0
2022-08-16 00:00:00-04:00,132.77964499831137,133.18517324934433,130.6728118590732,131.54324340820312,1453200,0.0,0.0,0.0,94.05532845480839,94.21447817331747,91.26032792440995,91.89691162109375,9355200,0.0,0.0,0.0,125.95131565335602,126.30849561563164,125.39675733255015,125.88551330566406,7138400,0.0,0.0,0.0,159.66481632559388,159.6746092632156,157.21897044153678,157.63966369628906,14000,0.0,0.0,0.0
2022-08-17 00:00:00-04:00,130.0892563323159,130.96957381235285,128.58578751386338,128.98143005371094,1453600,0.0,0.0,0.0,90.414868334673,91.54878354904544,88.62447189688682,89.09196472167969,10681100,0.0,0.0,0.0,125.15235900878906,125.87611308736794,124.96437484795969,125.15235900878906,7251800,0.0,0.0,0.0,156.4656437766633,156.93525692888772,154.10785971933367,154.3426513671875,39600,0.0,0.0,0.0
2022-08-18 00:00:00-04:00,128.77373619395087,128.7836219759813,126.49875362479665,127.51754760742188,1725300,0.0,0.0,0.0,89.01239239838661,89.19143204727035,86.8440266902065,88.39570617675781,8030600,0.0,0.0,0.0,125.11476074848088,125.36854723931643,123.93044769503388,124.59779357910156,7053600,0.0,0.0,0.0,154.27419197779312,154.27419197779312,151.7207280359484,152.1511993408203,24700,0.0,0.0,0.0
2022-08-19 00:00:00-04:00,126.40972226341815,127.22079399091407,125.80635758506342,126.2613525390625,1498000,0.0,0.0,0.0,87.22200159646034,88.12714098759291,86.27706718569166,86.80423736572266,7734600,0.0,0.0,0.0,124.59779527372575,125.5377303791006,124.41920530894109,124.93617248535156,5946500,0.0,0.0,0.0,151.0065130670252,151.39784239107905,150.31188634933426,150.89889526367188,6600,0.0,0.0,0.0
2022-08-22 00:00:00-04:00,125.41070914126858,126.5580860953925,123.70941904540416,124.24354553222656,1342100,0.0,0.0,0.0,85.86924881345129,87.32145571711078,84.77512115602845,85.47138214111328,9359600,0.0,0.0,0.0,124.16540426723385,124.56017519856695,122.88709224765937,123.30065155029297,6420400,0.0,0.0,0.0,149.49010724397758,149.90100757162116,147.86606195262985,148.27696228027344,11500,0.0,0.0,0.0
2022-08-23 00:00:00-04:00,124.02592839904416,124.55016151948935,122.65105029381719,124.00614929199219,1186300,0.0,0.0,0.0,85.99855345379332,88.06745410780765,84.99394179960859,87.31150817871094,9315800,0.0,0.0,0.0,122.75550796043211,122.88709827733318,121.24221214493527,121.5805892944336,7501900,0.0,0.0,0.0,147.7290889640968,147.7290889640968,146.17353459023698,147.30841064453125,4600,0.0,0.0,0.0
2022-08-24 00:00:00-04:00,124.2435438303531,126.13276184367464,123.46213699254236,125.68766021728516,1874900,0.0,0.0,0.0,87.38113544424377,89.84790280905175,86.44615746573555,89.1516342163086,8727500,0.0,0.0,0.0,121.70279827132103,122.20096274961267,121.28922451373428,121.73099517822266,6719500,0.0,0.0,0.0,146.64312965710494,149.15746629597174,146.64312965710494,148.84439086914062,4200,0.0,0.0,0.0
2022-08-25 00:00:00-04:00,126.38992657043339,126.83502816527285,124.7183090519349,126.06351470947266,770500,0.0,0.0,0.0,90.01701008331551,90.56407782095017,87.93816785765813,88.8930435180664,6417600,0.0,0.0,0.0,122.24797144203373,123.11271011645422,121.39262695651985,123.07511901855469,5636600,0.0,0.0,0.0,149.19659982015895,149.81295776367188,148.41392614692606,149.81295776367188,4800,0.0,0.0,0.0
2022-08-26 00:00:00-04:00,125.93494364893074,126.11298581311105,121.2168376177494,121.61248016357422,1689700,0.0,0.0,0.0,88.87313063308389,88.88307938714098,84.25789527845663,84.58613586425781,12074700,0.0,0.0,0.0,123.11269618024822,123.12210471036293,119.55034843875455,119.64434051513672,9044500,0.0,0.0,0.0,149.66619144711868,149.66619144711868,144.61797708050509,144.75494384765625,8400,0.0,0.0,0.0
2022-08-29 00:00:00-04:00,120.1287980586289,121.92899881037926,119.90130434926584,120.771728515625,1031300,0.0,0.0,0.0,83.28314123105682,85.39182205842067,83.03447546642036,83.51190948486328,13047200,0.0,0.0,0.0,118.92058028091088,119.5503422192939,118.18743208368106,118.80779266357422,6727700,0.0,0.0,0.0,143.49288142219717,144.57883756829514,142.54389204550534,143.81573486328125,9500,0.0,0.0,0.0
2022-08-30 00:00:00-04:00,121.18715898188603,121.57292329722881,119.19903026390807,119.82217407226562,1308200,0.0,0.0,0.0,84.31757953654434,84.71544625600461,81.53252767767553,82.656494140625,10608200,0.0,0.0,0.0,119.23077436571685,119.23077436571685,117.72687953443436,118.01825714111328,7910500,0.0,0.0,0.0,144.265767077519,144.265767077519,142.5341041691309,142.9352264404297,4100,0.0,0.0,0.0
2022-08-31 00:00:00-04:00,120.5739106317956,121.88944401908327,119.59468247381666,120.1386947631836,1569900,0.0,0.0,0.0,83.60141872117782,84.39714447788997,82.72611052351618,83.25328063964844,9687600,0.0,0.0,0.0,118.40364002299894,119.14618970239488,117.24751655479093,117.26631927490234,8954500,0.0,0.0,0.0,144.6571216112054,144.931055178773,142.66131777203313,142.81784057617188,4600,0.0,0.0,0.0
2022-09-01 00:00:00-04:00,119.70345290672432,122.09713211801994,118.61542101780618,121.87952423095703,2233000,0.0,0.0,0.0,82.6067571196097,85.19287914936116,81.63198413577051,85.06356811523438,11499700,0.0,0.0,0.0,117.07830715507318,119.24956198993203,116.91851991816176,119.19316101074219,11212400,0.0,0.0,0.0,141.67317222775242,144.8821207796514,141.262271917501,144.71580505371094,11300,0.0,0.0,0.0
2022-09-02 00:00:00-04:00,122.79942631753424,122.85877118813603,119.36717376830923,119.87162780761719,1855800,0.0,0.0,0.0,86.30689532817595,86.30689532817595,82.80568530648652,83.28312683105469,11508800,0.0,0.0,0.0,119.87934357283476,119.99213838531652,116.97493989887727,117.48250579833984,9730300,0.0,0.0,0.0,145.9484868719518,145.9484868719518,141.6242337790027,142.21124267578125,14700,0.0,0.0,0.0
2022-09-06 00:00:00-04:00,120.30684620424536,120.30684620424536,118.04175704718557,118.23958587646484,2808300,0.0,0.0,0.0,83.4323286888398,83.70089194521775,80.72685173637902,80.9058837890625,11303800,0.0,0.0,0.0,117.94305443256303,119.07097363561601,117.26630004227708,117.59527587890625,9663400,0.0,0.0,0.0,142.30909232843374,142.45583709866796,140.4600335821954,140.54808044433594,24900,0.0,0.0,0.0
2022-09-07 00:00:00-04:00,118.13077188452473,121.9191087468334,118.01207459702766,121.55313110351562,1345200,0.0,0.0,0.0,80.80642187028643,84.50656953033672,80.65722089908893,84.33747863769531,11022100,0.0,0.0,0.0,117.56708335919325,119.71013422760076,117.19110788710836,119.51274871826172,9038300,0.0,0.0,0.0,140.88073048857868,144.79408411326142,140.88073048857868,144.54949951171875,4500,0.0,0.0,0.0
2022-09-08 00:00:00-04:00,121.89932832564226,125.94483907786083,121.4344400255039,125.59864807128906,5006300,0.0,0.0,0.0,83.61136951168382,87.02306391176201,83.61136951168382,86.95343780517578,13108600,0.0,0.0,0.0,119.07097763610739,121.62759506033254,118.82659250448552,121.59000396728516,9394800,0.0,0.0,0.0,143.0428574436262,149.0205053894155,143.0428574436262,148.9128875732422,17400,0.0,0.0,0.0
2022-09-09 00:00:00-04:00,125.86570544807722,127.54720890701695,125.58875264744223,127.00318908691406,1350300,0.0,0.0,0.0,87.39108986806056,88.35591417106208,86.73460865991163,87.54029083251953,9010600,0.0,0.0,0.0,121.89076829961077,122.9905049103612,121.66519307055052,122.6615219116211,8880400,0.0,0.0,0.0,149.54877628453636,151.1239013671875,149.54877628453636,151.1239013671875,4400,0.0,0.0,0.0
2022-09-12 00:00:00-04:00,127.43841232734434,127.49775720337688,126.29103529445845,127.23070526123047,1175600,0.0,0.0,0.0,87.71934326865116,88.2863009453621,86.46606560851424,88.20672607421875,9544400,0.0,0.0,0.0,123.13150714144342,124.11844193736749,122.8025240953779,123.47927856445312,7982400,0.0,0.0,0.0,150.81084921213585,150.83042015885758,149.6759880826671,150.3021240234375,12100,0.0,0.0,0.0
2022-09-13 00:00:00-04:00,124.49082842409734,125.01506159411532,121.2959627656889,121.50367736816406,2106800,0.0,0.0,0.0,85.70016428602337,86.39642532263301,83.19360937687638,83.6909408569336,14698700,0.0,0.0,0.0,121.5148019802437,121.78739117610935,119.0803736456208,119.39994812011719,11928500,0.0,0.0,0.0,146.66270302589712,146.96598552048812,143.31678771972656,143.31678771972656,9300,0.0,0.0,0.0
2022-09-14 00:00:00-04:00,121.78063728877066,122.96758002627455,121.12781350066501,122.57192993164062,2036500,0.0,0.0,0.0,83.71083502693061,85.0237897783665,82.68632584438804,84.6358642578125,8738900,0.0,0.0,0.0,119.79471220306996,120.49966344907736,118.67619443577664,119.46573638916016,8080100,0.0,0.0,0.0,144.02120291967276,144.17772571872524,142.64174218822367,143.6005096435547,7200,0.0,0.0,0.0
2022-09-15 00:00:00-04:00,122.55215364426152,123.98637678063146,121.68172190674768,122.70052337646484,1918900,0.0,0.0,0.0,84.22806758666648,86.51579564281712,83.9396143908091,85.73995208740234,9008200,0.0,0.0,0.0,119.98272415035142,121.2798320845924,119.8605279904906,120.13311004638672,8624200,0.0,0.0,0.0,143.56136893506957,145.35172983315562,143.05262883412922,144.40274047851562,4400,0.0,0.0,0.0
2022-09-16 00:00:00-04:00,121.3355293553695,122.00813225927338,120.15847993333618,121.62237548828125,1988200,0.0,0.0,0.0,84.44688995329705,84.71544562343844,81.8508189243323,82.8255844116211,15649800,0.0,0.0,0.0,119.757140045006,120.05791900400402,118.8735987155773,119.79473114013672,10810100,0.0,0.0,0.0,142.60258973436055,143.86465454101562,142.0253737019255,143.86465454101562,14100,0.0,0.0,0.0
2022-09-19 00:00:00-04:00,120.48489951548933,120.62337593558702,118.19013770850052,120.47501373291016,2139100,0.0,0.0,0.0,81.94033871014227,82.36804412196912,79.92117394803299,81.79114532470703,15561800,0.0,0.0,0.0,119.03599420466107,119.17754788193719,117.4506088585506,119.14923858642578,9430100,0.506,0.0,0.0,142.85697872497255,142.85697872497255,140.16654809903832,141.9569091796875,14500,0.0,0.0,0.0
2022-09-20 00:00:00-04:00,119.32760372849312,120.25738024871387,118.21978505645131,119.23858642578125,1928200,0.0,0.0,0.0,80.9655740112689,82.37799372488594,80.51797108432704,81.55242156982422,8090500,0.0,0.0,0.0,118.34712570361562,118.5264203311859,117.0259698808724,117.75260162353516,9010600,0.0,0.0,0.0,140.50894582969,141.8981844634596,140.16653637199266,140.87094116210938,6600,0.0,0.0,0.0
2022-09-21 00:00:00-04:00,119.79251294429437,120.70250296994621,116.41960479653886,116.62732696533203,3179200,0.0,0.0,0.0,81.99007065441533,82.34814993828141,78.58832504636405,78.70767974853516,12765100,0.0,0.0,0.0,118.22444851664076,119.00770609726311,115.77087740599138,115.79918670654297,11642400,0.0,0.0,0.0,141.21335180808205,142.2699590021482,137.95548335844262,138.08267211914062,8300,0.0,0.0,0.0
2022-09-22 00:00:00-04:00,115.79644934744228,116.36024827937896,114.49080931841006,115.46015167236328,1978800,0.0,0.0,0.0,78.00147365620691,78.37945046758188,76.5293766089176,77.67323303222656,11197400,0.0,0.0,0.0,115.6198783983904,117.20526393802243,115.12916708361571,116.4125747680664,9505600,0.0,0.0,0.0,137.4956716330575,137.7109072744815,136.47820626944693,137.1630401611328,5700,0.0,0.0,0.0
2022-09-23 00:00:00-04:00,114.48091228304503,114.94580056292533,112.6609324727195,114.06548309326172,2058100,0.0,0.0,0.0,76.83772499621517,77.10628069601889,74.65941036406224,76.24092864990234,11898900,0.0,0.0,0.0,115.78974532896349,116.02566576133687,114.37422273472325,115.81806182861328,16611100,0.0,0.0,0.0,136.1162164925446,136.41949898601715,134.59978909692367,135.6857452392578,13800,0.0,0.0,0.0
2022-09-26 00:00:00-04:00,113.59897980417695,115.11442401666231,112.29153699763883,112.34105682373047,1560200,0.159,0.0,0.0,75.88283199140898,78.01140994654908,74.56987729395175,74.65939331054688,11763200,0.0,0.0,0.0,115.1291733843332,115.68594216040805,114.20436210238536,114.71395111083984,10450600,0.0,0.0,0.0,135.66616073234786,136.18467880063568,133.7975311279297,133.7975311279297,14400,0.0,0.0,0.0
2022-09-27 00:00:00-04:00,113.55934118400897,115.31249992809462,113.12352446616819,113.72772216796875,3592900,0.0,0.0,0.0,76.03204067612525,77.59366125233964,75.59438653622333,76.80787658691406,14256100,0.0,0.0,0.0,115.51608473979479,116.26158697535297,113.90238263575797,114.36479187011719,13239900,0.0,0.0,0.0,135.73467609656848,136.7032215663773,134.4921821385281,134.8737335205078,13000,0.0,0.0,0.0
2022-09-28 00:00:00-04:00,116.6793802063555,118.90797612030427,116.18413666992244,118.19482421875,3228100,0.0,0.0,0.0,78.62812014123173,81.31370744333906,78.47891916029752,80.76663970947266,19367800,0.0,0.0,0.0,115.96904480586055,117.45062480308198,115.2235353907374,116.86553955078125,16360000,0.0,0.0,0.0,138.92404679008152,141.02746828778282,138.41530666417725,140.63613891601562,22500,0.0,0.0,0.0
2022-09-29 00:00:00-04:00,117.56091229744939,117.84815445344582,114.94602704740488,116.48127746582031,1735200,0.0,0.0,0.0,79.89133213546567,80.18973407197839,77.12617019999685,78.43912506103516,10324100,0.0,0.0,0.0,116.51637447462224,116.79947464978358,115.10085199965665,115.88410949707031,10791700,0.0,0.0,0.0,139.80454609949143,139.80454609949143,137.51523791288471,138.4446563720703,10700,0.0,0.0,0.0
2022-09-30 00:00:00-04:00,116.40205200363596,118.67026859036027,115.83747460392328,115.84738159179688,2590600,0.0,0.0,0.0,78.37945364788555,81.7115734442566,78.23025266832448,78.89667510986328,13485500,0.0,0.0,0.0,115.89353192064267,116.69566701915963,114.15716127852576,114.28927612304688,12389800,0.0,0.0,0.0,138.65988717681495,140.51873895870307,137.3684883453451,137.73046875,8800,0.0,0.0,0.0
2022-10-03 00:00:00-04:00,117.45196480173036,118.59102650398859,115.58984417503504,118.10568237304688,1663900,0.0,0.0,0.0,80.30910014692304,81.05509750515706,78.34961253843996,79.55316162109375,10681600,0.0,0.0,0.0,115.1197403352243,117.08260019981095,114.77058267835235,116.63906860351562,9326800,0.0,0.0,0.0,138.738165172577,140.83180873721767,138.53272246979844,140.3035125732422,61500,0.0,0.0,0.0
2022-10-04 00:00:00-04:00,120.02723612321574,121.8695428725619,119.5121861174109,121.4832534790039,1775600,0.0,0.0,0.0,81.03519653496109,82.61670707626807,80.87604681100045,82.5570297241211,11933100,0.0,0.0,0.0,117.61103423599107,119.39459186915028,117.33736571030538,119.347412109375,13717900,0.0,0.0,0.0,143.36569866936554,144.52014571267026,143.12111407601594,144.33425903320312,10300,0.0,0.0,0.0
2022-10-05 00:00:00-04:00,120.33427199412935,122.46382070556332,119.27445113171571,121.7011489868164,1940600,0.0,0.0,0.0,81.50267540208284,82.79573253872174,79.87142895429672,82.22877502441406,8983400,0.0,0.0,0.0,118.58304235994558,120.36660014405642,118.13951082214831,119.74376678466797,9913400,0.0,0.0,0.0,143.8450754054788,145.84089384667047,142.71999236032457,145.23431396484375,9100,0.0,0.0,0.0
2022-10-06 00:00:00-04:00,121.33466501952775,122.32515208091165,120.47293855566978,121.10684967041016,1348500,0.0,0.0,0.0,81.75134111166824,83.06429575473207,81.22417102153526,82.22877502441406,8021700,0.0,0.0,0.0,119.30025476638598,119.66829010270686,117.90360969514799,118.21501922607422,9399300,0.0,0.0,0.0,144.80384996939395,145.30281206874784,143.4733092515471,144.0113983154297,11700,0.0,0.0,0.0
2022-10-07 00:00:00-04:00,119.92817677304305,120.22531836125088,117.29347752806356,117.70948028564453,1433700,0.0,0.0,0.0,81.23411689634295,81.35347917578811,78.52863260499137,78.6778335571289,9281500,0.0,0.0,0.0,117.31851234720786,117.52612347969513,115.0536747560052,115.7142562866211,10068700,0.0,0.0,0.0,141.25249468654468,141.91775759397177,139.67736935777353,139.98065185546875,9700,0.0,0.0,0.0
2022-10-10 00:00:00-04:00,117.65006330732204,117.88777810910926,116.20395296482236,116.82795715332031,1821800,0.0,0.0,0.0,78.52862998338932,78.63804350539247,76.66861528668665,77.2355728149414,10523300,0.0,0.0,0.0,115.98791732767023,116.1483414833776,114.54407832714458,114.98760986328125,8377800,0.0,0.0,0.0,140.4404498494431,140.4404498494431,138.60116927927035,139.5599365234375,8300,0.0,0.0,0.0
2022-10-11 00:00:00-04:00,116.63975690095363,119.03673374373588,115.57993606175211,117.04585266113281,2639000,0.0,0.0,0.0,77.02669238904964,79.78190510363619,75.85298993992419,77.85225677490234,11871200,0.0,0.0,0.0,114.75169817740287,116.82780232583838,114.45915914182837,115.60101318359375,10792900,0.0,0.0,0.0,139.9806622814134,141.37967905001665,138.7088193556089,139.7654266357422,9800,0.0,0.0,0.0
2022-10-12 00:00:00-04:00,117.85805417098683,118.51177926350253,117.0953824532018,117.89767456054688,1323700,0.0,0.0,0.0,78.08103871447702,78.677834944878,76.41995347011365,78.27996826171875,7620200,0.0,0.0,0.0,115.96905589387087,116.65794677615105,115.00650362518486,115.0348129272461,9292800,0.0,0.0,0.0,141.13508565136812,141.69274567901846,140.67526543047492,140.73397827148438,9000,0.0,0.0,0.0
2022-10-13 00:00:00-04:00,115.55022928164303,120.83942679438755,114.94603154312573,120.25504302978516,1911400,0.0,0.0,0.0,76.2011364540527,79.96096154845993,75.92263201575243,79.64266967773438,12423600,0.0,0.0,0.0,113.38335590080038,118.27162731743867,113.19461524395496,117.71485137939453,14063600,0.0,0.0,0.0,137.89680213140673,144.10925728677125,137.89680213140673,143.87445068359375,14300,0.0,0.0,0.0
2022-10-14 00:00:00-04:00,121.23560923110067,121.99828088930585,118.3433890305075,118.44243621826172,1456500,0.0,0.0,0.0,80.61744333928182,81.52258276980734,77.30521355733693,77.40467834472656,9679500,0.0,0.0,0.0,118.40374490873677,119.28136918408356,116.56356126057347,116.92216491699219,11442300,0.0,0.0,0.0,145.77240834263188,145.77240834263188,142.07429072122036,142.30909729003906,8300,0.0,0.0,0.0
2022-10-17 00:00:00-04:00,119.79940189196398,121.64170835133628,119.49235333434069,121.32475280761719,1609500,0.0,0.0,0.0,79.01601741110828,80.6671537579395,78.26007153770325,80.269287109375,9481800,0.0,0.0,0.0,117.6676718308273,119.0360073967973,117.52611813786353,118.80008697509766,8420400,0.0,0.0,0.0,144.43209543235864,145.68436732648652,144.26577970419805,145.4202117919922,20900,0.0,0.0,0.0
2022-10-18 00:00:00-04:00,123.10764263614332,123.75146076287447,120.95828744155155,121.54267120361328,2407700,0.0,0.0,0.0,82.08952838020248,82.51723373313263,79.92116294257364,80.64727020263672,11298500,0.0,0.0,0.0,120.56478360151957,120.60253173586348,118.8755923881619,119.4606704711914,10016700,0.0,0.0,0.0,147.10297305650352,147.4160336044426,144.931060457216,145.4789276123047,10600,0.0,0.0,0.0
2022-10-19 00:00:00-04:00,120.45313739863164,120.74037956579244,116.87747834637103,117.40243530273438,1841300,0.0,0.0,0.0,79.72222396697342,80.07035442499932,76.13149069560306,76.69844818115234,13573300,0.0,0.0,0.0,119.0926300478869,119.10206888099775,116.76174224991804,117.79035186767578,7676200,0.0,0.0,0.0,144.03096458377837,144.03096458377837,140.42089389674254,140.70462036132812,9600,0.0,0.0,0.0
2022-10-20 00:00:00-04:00,117.18453056399294,118.73959506420537,116.27328421311549,116.46147918701172,1306200,0.0,0.0,0.0,76.63877982536481,78.53858202680304,76.00219617359406,76.31053924560547,9272300,0.0,0.0,0.0,117.58272816577438,118.44148189404099,116.63904654775097,116.7900390625,7196600,0.0,0.0,0.0,140.2154496891695,141.1644240883564,139.28601637901244,139.40342712402344,3000,0.0,0.0,0.0
2022-10-21 00:00:00-04:00,116.75861788250786,120.02722837036676,116.184141101514,119.74989318847656,1413000,0.0,0.0,0.0,76.81781967149637,78.56842092453657,75.66400705643848,78.41921997070312,9275400,0.0,0.0,0.0,116.7051136068185,119.73433098676374,116.08228743136395,119.41348266601562,8433100,0.0,0.0,0.0,139.8045322691638,143.38525390625,139.8045322691638,143.38525390625,7400,0.0,0.0,0.0
2022-10-24 00:00:00-04:00,120.12626797015999,121.27523657309095,118.73958459162196,121.01770782470703,1652700,0.0,0.0,0.0,78.80713908769657,79.0558047943376,76.25085592697364,78.06114196777344,7864200,0.0,0.0,0.0,120.41377117333266,122.08408444374379,120.41377117333266,121.71604919433594,7411300,0.0,0.0,0.0,143.56137202924768,146.00721785613666,143.32656545569338,145.9093780517578,70900,0.0,0.0,0.0
2022-10-25 00:00:00-04:00,121.33466979865878,123.7811741457306,121.33466979865878,123.44440460205078,1070000,0.0,0.0,0.0,78.3595516453576,80.89594538648758,78.34960289030988,80.14994812011719,10365000,0.0,0.0,0.0,121.34803063313143,122.78243089963746,121.28198039950733,122.64088439941406,7174200,0.0,0.0,0.0,146.67247905357905,148.9813580845016,146.67247905357905,148.74655151367188,7900,0.0,0.0,0.0
2022-10-26 00:00:00-04:00,123.72174240608068,127.33701413296473,123.66230804379056,125.39566040039062,2391700,0.0,0.0,0.0,80.43839652827185,83.79040585593476,80.16983327867484,81.4827880859375,12482000,0.0,0.0,0.0,123.0183484740619,125.1510639580271,122.98060754135957,123.99977111816406,8277100,0.0,0.0,0.0,151.41743491919254,152.28815547834543,150.97718563481348,151.36851501464844,3500,0.0,0.0,0.0
2022-10-27 00:00:00-04:00,126.28710310942432,126.33663048631158,123.40478207000778,123.69202423095703,1492400,0.0,0.0,0.0,82.39787206856003,82.87531360580698,80.1499393490756,80.47817993164062,8451900,0.0,0.0,0.0,124.282883789609,124.30176145648196,123.15990020144106,123.34864807128906,6496800,0.0,0.0,0.0,151.7207155945329,151.7207155945329,148.5117669482319,148.619384765625,13900,0.0,0.0,0.0
2022-10-28 00:00:00-04:00,124.77166652221835,128.65437430632343,124.03870815283928,128.4463653564453,2768800,0.0,0.0,0.0,80.90587544337671,83.47210750859453,80.04052358996474,83.3129653930664,10388600,0.0,0.0,0.0,123.5373868618238,125.47193741555071,123.15047387119014,125.3775634765625,6267100,0.0,0.0,0.0,150.78148744113957,154.61657161844371,150.21404946050302,154.548095703125,9200,0.0,0.0,0.0
2022-10-31 00:00:00-04:00,127.47567628353553,128.5553035066431,126.79223782245363,127.3667221069336,2360300,0.0,0.0,0.0,82.91510437289443,83.43232576946015,81.41316118896773,81.71156311035156,10764700,0.0,0.0,0.0,124.72641317101315,125.76446883915617,124.44330577066137,125.27375030517578,7852800,0.0,0.0,0.0,153.32518003691982,154.0197918722096,153.1784352627763,153.82412719726562,4900,0.0,0.0,0.0
2022-11-01 00:00:00-04:00,128.65436888347435,129.3873347787757,127.64406780911492,128.5157012939453,2435400,0.0,0.0,0.0,82.55702272319641,83.71083535803683,82.02985258746534,82.37798309326172,9908500,0.0,0.0,0.0,125.42473942873318,126.04757281268618,124.00921686489825,125.3492431640625,8033300,0.0,0.0,0.0,154.8513895771396,155.50687446642107,154.01979602587872,154.68507385253906,9400,0.0,0.0,0.0
2022-11-02 00:00:00-04:00,128.31758585559612,130.6452210919889,126.35641839312844,126.36632537841797,3065900,0.0,0.0,0.0,82.31831938001443,84.62593744321491,80.6771237652387,80.74674987792969,12934500,0.0,0.0,0.0,125.05671407490053,126.48166838525361,123.15047283895966,123.21653747558594,10228700,0.0,0.0,0.0,154.77312930576744,156.48522147713268,152.16096761284695,152.21966552734375,17500,0.0,0.0,0.0
2022-11-03 00:00:00-04:00,124.40517765663574,127.41625933312508,123.85050730145663,126.80216217041016,2480800,0.0,0.0,0.0,79.71229375904775,81.89060819967595,79.03592260238143,80.19967651367188,10138700,0.0,0.0,0.0,122.32003601773485,123.37696947468977,121.45185044914336,122.69751739501953,7916600,0.0,0.0,0.0,150.15535522633792,153.41322349429132,149.94011961020232,152.8653564453125,5900,0.0,0.0,0.0
2022-11-04 00:00:00-04:00,127.45587974195638,127.45587974195638,124.89052163997053,127.1191177368164,2544300,0.0,0.0,0.0,81.31370430008367,81.56237006246924,77.62350529692293,79.53325653076172,13883800,0.0,0.0,0.0,123.62231026072804,123.88654000093311,121.70663744452088,123.44300842285156,8082200,0.0,0.0,0.0,153.6382504328742,154.52854192874338,151.57395588342115,154.2056884765625,8000,0.0,0.0,0.0
2022-11-07 00:00:00-05:00,127.14881360757451,128.33741011955024,126.14842716074848,127.85206604003906,1360500,0.0,0.0,0.0,79.66254765214254,80.17977660742268,78.37943919507696,78.6977310180664,9308100,0.0,0.0,0.0,123.6411766629713,125.09444010169459,123.17876746002138,124.76416015625,6054400,0.0,0.0,0.0,153.76541722118617,156.1721358260824,153.76541722118617,155.92755126953125,7400,0.0,0.0,0.0
2022-11-08 00:00:00-05:00,127.82239456007588,130.88299682083394,127.10924246445337,129.1100311279297,2054800,0.0,0.0,0.0,79.3144221979019,80.83625531044784,78.45901144636902,79.43378448486328,10745500,0.0,0.0,0.0,124.79247608564157,126.34954516697282,123.9337222628621,125.3869857788086,8930700,0.0,0.0,0.0,156.5439107375921,159.9191899171563,156.2015012792035,157.77662658691406,19700,0.0,0.0,0.0
2022-11-09 00:00:00-05:00,128.60481994719643,129.9023554132002,127.58461961375995,127.82234191894531,2525300,0.0,0.0,0.0,78.92649821177714,79.28457745658542,76.69845547971774,76.78797149658203,11783600,0.0,0.0,0.0,125.18881415494185,126.0286902676585,123.88652883880876,124.03752136230469,8963500,0.0,0.0,0.0,157.688553063672,158.97996672819676,156.51455014117673,156.64173889160156,10200,0.0,0.0,0.0
2022-11-10 00:00:00-05:00,131.5366864282169,132.78469470034295,130.011327870874,132.30926513671875,2655600,0.0,0.0,0.0,80.33892005817422,83.07424306600234,79.65260780923688,82.67638397216797,21049000,0.0,0.0,0.0,126.89689118644212,127.44422835142426,125.18882945404411,127.1894302368164,12416800,0.0,0.0,0.0,160.02681465744843,161.31821354566344,158.8332406494682,161.19102478027344,5500,0.0,0.0,0.0
2022-11-11 00:00:00-05:00,132.13096510230787,133.44831467926107,130.45705470001045,132.97288513183594,2964300,0.0,0.0,0.0,82.60675973907156,85.21277177049998,82.04974333549657,84.30763244628906,14700300,0.0,0.0,0.0,127.02898425217994,127.04786191654289,123.99975989695868,125.63233947753906,10487200,0.0,0.0,0.0,159.43001430508858,161.7682422210327,158.34405820607014,161.4453887939453,11200,0.0,0.0,0.0
2022-11-14 00:00:00-05:00,133.28984938588906,135.41939049494573,133.22050803794258,133.39878845214844,2801800,0.0,0.0,0.0,84.06891030035615,85.58080225389375,83.41243669083612,83.6213150024414,11365900,0.0,0.0,0.0,126.00982758717517,127.24604842149762,125.69841087022166,125.74559783935547,10552600,0.0,0.0,0.0,161.89542937647073,164.4391151111692,161.89542937647073,162.28677368164062,27900,0.0,0.0,0.0
2022-11-15 00:00:00-05:00,135.459004631745,135.5877727856671,132.4083026790057,133.82470703125,2368900,0.0,0.0,0.0,85.46144075758231,86.03834710279082,82.32825087714427,83.4024887084961,13946800,0.0,0.0,0.0,126.54773401987218,127.07619351928484,124.53768719583913,125.58517456054688,8184100,0.0,0.0,0.0,164.30213265626517,164.72281094988426,161.5725605031398,163.3335723876953,84000,0.0,0.0,0.0
2022-11-16 00:00:00-05:00,134.15156815222494,134.7260524534993,132.48754205307975,132.9332733154297,1702600,0.0,0.0,0.0,83.21350083296407,83.69093476943283,80.89593448319005,81.0550765991211,10411700,0.0,0.0,0.0,125.89658449727405,126.74589230422644,125.31149202635248,125.52854919433594,6122200,0.0,0.0,0.0,163.4216204769984,164.51736950687064,162.58024895518497,162.6389617919922,4400,0.0,0.0,0.0
2022-11-17 00:00:00-05:00,131.9031765424674,132.55690171149115,130.63535415543436,132.0121307373047,1212500,0.0,0.0,0.0,79.94106232162407,80.7566856197139,78.99612798603437,80.11015319824219,10604700,0.0,0.0,0.0,124.53766619871443,125.9814979445508,124.43386064315709,125.47191619873047,6498700,0.0,0.0,0.0,160.95622976305862,162.5411331153904,160.62358337808377,161.7780303955078,6800,0.0,0.0,0.0
2022-11-18 00:00:00-05:00,133.06201075186047,133.2997330563302,131.8338166295113,132.4677276611328,1058700,0.0,0.0,0.0,81.29381055370669,81.61210241103936,80.0007456146622,80.57765197753906,7246400,0.0,0.0,0.0,126.5382715158439,127.20829183645756,126.12304927765398,126.99124908447266,6720700,0.0,0.0,0.0,162.51177903251045,162.51177903251045,161.23993623007482,162.11065673828125,5900,0.0,0.0,0.0
2022-11-21 00:00:00-05:00,132.46775289716487,132.7946154604687,131.46735123303174,131.7347869873047,851400,0.0,0.0,0.0,80.29913625506299,80.56769188900918,79.1154850199224,79.4437255859375,5159800,0.0,0.0,0.0,126.72704216311907,127.59524222474771,126.58549563102949,127.04790496826172,7995200,0.0,0.0,0.0,162.25742178812632,162.49221343872,161.33778134794494,161.72911071777344,9000,0.0,0.0,0.0
2022-11-22 00:00:00-05:00,131.85366499850778,132.82435343770442,130.43727540912417,132.7748260498047,1301400,0.0,0.0,0.0,80.09024660586138,80.66715286042742,78.24018074966953,80.53784942626953,7885500,0.0,0.0,0.0,127.34984233554353,128.24633706925064,127.33096466972991,128.1519775390625,5931100,0.0,0.0,0.0,162.01285054443088,162.23786420420302,160.339885254861,162.07154846191406,14600,0.0,0.0,0.0
2022-11-23 00:00:00-05:00,132.87385479827736,133.60682078353477,131.7744133772091,132.27957153320312,1865200,0.0,0.0,0.0,80.56770324707031,81.68172854241013,79.95100945325562,80.56770324707031,7289500,0.0,0.0,0.0,128.17084073955118,128.85027823832053,127.84997805469207,128.6615447998047,5340600,0.0,0.0,0.0,162.26719425344874,162.6878725652285,161.66062927246094,161.66062927246094,6400,0.0,0.0,0.0
2022-11-25 00:00:00-05:00,132.05175349754398,132.8441311230661,131.33860154366656,132.5469970703125,469800,0.0,0.0,0.0,80.55774664181786,80.94566456811054,79.60287116258388,80.62737274169922,2701200,0.0,0.0,0.0,128.81256170547766,129.5297546674383,128.79368403821942,129.4259490966797,3256000,0.0,0.0,0.0,161.76827028633508,161.8367462158203,161.73892132680425,161.8367462158203,1100,0.0,0.0,0.0
2022-11-28 00:00:00-05:00,132.12106750150815,134.3298493996594,131.24943405780374,131.62582397460938,3242300,0.0,0.0,0.0,80.28918826174655,81.41315457545942,78.84692254378706,79.22489929199219,7277000,0.0,0.0,0.0,129.02961071734808,129.79399068467885,128.1991805105827,128.45396423339844,5026800,0.0,0.0,0.0,161.72911658657378,163.95972691770908,160.62358943071618,160.7507781982422,8300,0.0,0.0,0.0
2022-11-29 00:00:00-05:00,131.80412671792678,132.0715473552741,130.71458485365818,131.01173400878906,1579000,0.0,0.0,0.0,79.42385055557955,80.37872626347779,78.93646773969637,79.55316162109375,6806700,0.0,0.0,0.0,128.1803199115597,128.38793109075806,127.44424914874506,128.1331329345703,5439600,0.0,0.0,0.0,161.4453936165342,161.4453936165342,159.82134842385776,160.11485290527344,19900,0.0,0.0,0.0
2022-11-30 00:00:00-05:00,131.7149689800834,135.231201171875,131.19001203153906,135.231201171875,2633200,0.0,0.0,0.0,80.57764293126765,83.3328558005436,79.88137435430586,83.17371368408203,12840800,0.0,0.0,0.0,128.3218277493972,131.27555594506364,127.64237580407175,131.1906280517578,9377400,0.0,0.0,0.0,161.68996754284882,164.7423781206342,160.29093607585915,164.51736450195312,10700,0.0,0.0,0.0
2022-12-01 00:00:00-05:00,135.23119766378815,136.23158415770484,134.56757314442166,135.85520935058594,2087700,0.0,0.0,0.0,83.09414831543488,83.62131849368788,81.91049691157716,82.64654541015625,9124800,0.0,0.0,0.0,131.94555068750174,132.26639893299415,130.86030835207285,131.5680694580078,15140200,0.0,0.0,0.0,164.5956531334184,165.77943420410156,164.5956531334184,165.77943420410156,5700,0.0,0.0,0.0
2022-12-02 00:00:00-05:00,134.48835873168608,137.4202076664459,134.11196873714388,137.11314392089844,2947200,0.0,0.0,0.0,81.56236490913308,85.38186713548393,81.482790048915,85.20283508300781,10969100,0.0,0.0,0.0,130.24696217944526,132.08713875462027,130.24696217944526,131.9078369140625,7779800,0.0,0.0,0.0,163.852096659218,166.464258166373,163.39227645734815,166.4447021484375,5600,0.0,0.0,0.0
2022-12-05 00:00:00-05:00,136.0533015245436,136.271209884205,133.36907497433256,134.2010955810547,1811800,0.0,0.0,0.0,84.9342662755424,85.04367980402176,81.55241082408004,82.43766021728516,9022600,0.0,0.0,0.0,131.05851753502606,131.3604881877026,130.1997637424399,130.64329528808594,6921500,0.0,0.0,0.0,165.1435132568964,165.1435132568964,162.31611607746333,162.86398315429688,7100,0.0,0.0,0.0
2022-12-06 00:00:00-05:00,133.46813727230338,133.83461266444337,130.98202008201687,131.98240661621094,1491700,0.0,0.0,0.0,81.64192704544935,81.94032134174779,79.75206614752527,80.15987396240234,9204500,0.0,0.0,0.0,130.39793755089616,130.8131598255952,129.01073862324736,129.65243530273438,8171500,0.0,0.0,0.0,163.49012551772617,163.49012551772617,159.498503178935,160.7899169921875,6800,0.0,0.0,0.0
2022-12-07 00:00:00-05:00,131.42773063678118,133.20069582724753,131.42773063678118,132.85403442382812,1591500,0.0,0.0,0.0,80.61743146555553,81.3435311363655,79.96095030585538,80.65721130371094,7224400,0.0,0.0,0.0,129.6524005572178,131.09623209857233,129.61465963301424,130.71876525878906,7427000,0.0,0.0,0.0,161.23018045834618,162.24764588367145,160.81928009841135,161.98350524902344,15600,0.0,0.0,0.0
2022-12-08 00:00:00-05:00,133.23041301866724,134.94396656597345,132.50736167487324,134.5972900390625,1269500,0.0,0.0,0.0,81.33358834941286,81.87070726802457,79.76202661200409,81.14460754394531,6416700,0.0,0.0,0.0,130.94526401640735,132.0493698480324,130.69048033179826,131.8983917236328,6765000,0.0,0.0,0.0,163.92058451557637,164.3412628173828,163.57816014059992,164.3412628173828,8100,0.0,0.0,0.0
2022-12-09 00:00:00-05:00,134.0723252532209,134.33976098367236,131.7050618513364,131.7446746826172,2417700,0.0,0.0,0.0,80.69701206620479,80.92578791112146,79.10555267333984,79.10555267333984,7940800,0.0,0.0,0.0,131.71907905443078,132.11542359729003,130.1714418111258,130.2091827392578,6203000,0.0,0.0,0.0,163.93037353962887,163.93037353962887,160.90731158398899,160.98558044433594,5000,0.0,0.0,0.0
2022-12-12 00:00:00-05:00,131.50694655072448,132.8044819380552,130.99188914420114,132.78466796875,1636700,0.0,0.0,0.0,78.93644724999197,81.22417492355022,78.42916705323894,81.09486389160156,7911800,0.0,0.0,0.0,130.29414923372664,131.59642028808594,130.29414923372664,131.59642028808594,5669700,0.0,0.0,0.0,160.38879849304678,161.1519012451172,159.91920024444786,161.1519012451172,11600,0.0,0.0,0.0
2022-12-13 00:00:00-05:00,135.6007903785212,136.85966157214716,133.88596009509638,134.80780029296875,1888600,0.101,0.0,0.0,83.17371646823275,83.55168564757227,80.79647268606853,82.37798309326172,9379400,0.0,0.0,0.0,133.38942589854116,133.78577051980014,131.08684004218213,132.00221252441406,9886500,0.0,0.0,0.0,166.37622205582701,166.56210873603624,163.33358910528065,164.13583374023438,17900,0.0,0.0,0.0
2022-12-14 00:00:00-05:00,134.96639195275264,136.98850216156578,133.79672825474194,135.53138732910156,2061300,0.0,0.0,0.0,82.33820230710484,83.73073203128867,81.52257894687489,82.64654541015625,9443900,0.0,0.0,0.0,131.94556340442637,133.32333042641795,131.0962413557847,132.2097930908203,10882200,0.0,0.0,0.0,163.2944681130795,166.4055771011687,163.05966151976241,164.65435791015625,9000,0.0,0.0,0.0
2022-12-15 00:00:00-05:00,134.45096912715047,134.98622879221543,132.39912276520062,133.06324768066406,1607300,0.0,0.0,0.0,81.59219831116124,82.10942728047328,80.00073915303929,80.25935363769531,7662000,0.0,0.0,0.0,131.03021268151704,131.36049264410428,129.322136671487,129.7845458984375,8746700,0.0,0.0,0.0,163.93036638534042,164.05755514388576,161.2692849627144,162.15957641601562,22300,0.0,0.0,0.0
2022-12-16 00:00:00-05:00,131.82418429384995,132.71628863532692,130.84285741820372,131.83409118652344,1874100,0.0,0.0,0.0,79.70234383935811,80.86610532231943,78.89666923388037,80.52791595458984,9165000,0.0,0.0,0.0,128.8031347774511,128.88806268405438,127.18943255478094,127.8971939086914,10843900,0.0,0.0,0.0,161.4845234458421,161.543221357515,159.69416249852665,160.6235809326172,5800,0.0,0.0,0.0
2022-12-19 00:00:00-05:00,132.13148318367107,132.22069060553414,128.75137192169822,129.41549682617188,2158400,0.0,0.0,0.0,81.59219545293075,81.81102250238358,78.389379740777,78.87677001953125,9267100,0.0,0.0,0.0,127.85551335022876,128.09240566530033,126.84162176027732,127.41963958740234,6801600,0.556,0.0,0.0,158.8731889018771,159.41374406449893,157.30068251577546,157.66432189941406,22500,0.749,0.0,0.0
2022-12-20 00:00:00-05:00,128.7216246239614,131.17988026549003,128.38460875476548,130.9221649169922,1195000,0.0,0.0,0.0,78.49881059610031,80.69701515229147,78.33966844506625,80.34888458251953,6843600,0.0,0.0,0.0,127.46699683673336,127.88392954581421,126.6994681944512,127.39118957519531,4815500,0.0,0.0,0.0,156.73063623300231,159.9248079509312,156.5832189216139,159.2466583251953,14700,0.0,0.0,0.0
2022-12-21 00:00:00-05:00,131.26910161093016,133.3903567334187,130.59506980100363,132.55770874023438,1647200,0.0,0.0,0.0,80.79648102835152,82.95489797582272,79.97090889459655,82.13927459716797,10908300,0.0,0.0,0.0,128.16820285790845,129.4663824743266,127.77022553494905,129.0684051513672,5937500,0.0,0.0,0.0,160.24912191505862,162.03785006543407,159.1974952303642,161.4481658935547,36000,0.0,0.0,0.0
2022-12-22 00:00:00-05:00,131.63589044677275,132.7956325194456,130.68429906340856,132.6568603515625,1326500,0.0,0.0,0.0,81.38332016888586,82.41777052087785,80.35881857096686,82.37798309326172,6886300,0.0,0.0,0.0,128.34819973019876,128.92621731555803,127.22059046869839,128.88832092285156,5483300,0.0,0.0,0.0,160.27861645088143,161.6152549948601,159.26631097235423,161.43833923339844,7800,0.0,0.0,0.0
2022-12-23 00:00:00-05:00,132.51804074507157,132.86496347807253,130.13907070079722,130.87258911132812,1357600,0.0,0.0,0.0,82.25861993989366,82.57691176877852,79.85153750965976,80.44833374023438,6954700,0.0,0.0,0.0,128.76516123655986,129.0873312524916,128.01658802792358,128.9641571044922,3766900,0.0,0.0,0.0,161.74302480077492,161.74302480077492,158.95179890496948,159.37442016601562,3500,0.0,0.0,0.0
2022-12-27 00:00:00-05:00,130.87262600234186,131.0906986959974,127.82954543638084,128.13682556152344,1245200,0.0,0.0,0.0,80.20962517081705,80.54781454307583,78.03131073284698,78.12083435058594,8818800,0.0,0.0,0.0,129.21052506255265,129.31475824352293,128.12082636411924,128.63250732421875,7050500,0.0,0.0,0.0,157.34982104452502,157.79208798129645,155.87558792417033,156.23922729492188,7500,0.0,0.0,0.0
2022-12-28 00:00:00-05:00,128.14673166088065,129.13796567132994,126.93742495813008,127.26453399658203,1690500,0.0,0.0,0.0,78.19044420754872,79.4337727217399,77.69311280187226,78.40927124023438,10239900,0.0,0.0,0.0,129.0588828896413,129.68428184150235,127.75124762336856,127.79861450195312,5054200,0.0,0.0,0.0,156.55371394403525,156.55371394403525,154.5782470703125,154.5782470703125,7600,0.0,0.0,0.0
2022-12-29 00:00:00-05:00,128.02777697831337,131.07085725342895,127.58172473847921,130.18865966796875,1318100,0.0,0.0,0.0,78.95633468559859,82.76589524093343,78.5485268612237,81.8309097290039,12613900,0.0,0.0,0.0,128.59458498916072,129.85483893389934,128.3008264774784,129.19154357910156,6297300,0.0,0.0,0.0,156.14092756966443,158.59798258899787,156.14092756966443,157.50704956054688,12200,0.0,0.0,0.0
2022-12-30 00:00:00-05:00,129.1379582729072,130.28779328916073,128.02778108481684,130.13909912109375,1629500,0.0,0.0,0.0,81.12471256318155,82.68633318333171,80.44834141370193,82.5570297241211,10351500,0.0,0.0,0.0,128.75569031979822,128.88834941172334,127.4196144562088,128.72726440429688,6369500,0.0,0.0,0.0,156.72081321856234,157.1335966866173,154.77481473057878,156.99600219726562,12900,0.0,0.0,0.0
2023-01-03 00:00:00-05:00,130.6049939794399,131.3484195226119,128.4143751822441,128.9000701904297,1120200,0.0,0.0,0.0,83.48205633603722,83.64119845170596,80.58758369484853,81.09486389160156,9332300,0.0,0.0,0.0,128.8314810089574,129.18207689421405,127.38168721109491,128.35769653320312,7239200,0.0,0.0,0.0,157.87071124113476,157.87071124113476,155.50210649317054,155.88540649414062,4300,0.0,0.0,0.0
2023-01-04 00:00:00-05:00,130.0895387920836,130.89243580831135,129.30645556327312,130.555419921875,1292200,0.0,0.0,0.0,81.74139796759941,83.13392755456884,81.41315738714059,82.79573822021484,9338000,0.0,0.0,0.0,129.07784381884326,129.40949873559836,127.86495671678911,128.69882202148438,8469800,0.0,0.0,0.0,157.68396752856933,158.31297302246094,157.49722894501693,158.31297302246094,28400,0.0,0.0,0.0
2023-01-05 00:00:00-05:00,130.04988392892707,131.22945468334618,129.38575903463837,130.66445922851562,1035400,0.0,0.0,0.0,82.40782280481623,82.55702376308713,81.32364384615462,82.07958221435547,6577500,0.0,0.0,0.0,127.84600498412907,128.15870448242703,126.87948057654953,127.3816909790039,6714200,0.0,0.0,0.0,157.25153013701225,158.41125297336893,157.25153013701225,157.6053466796875,3800,0.0,0.0,0.0
2023-01-06 00:00:00-05:00,131.73496831180788,133.50928531536485,129.54435004488118,131.97286987304688,2929000,0.0,0.0,0.0,82.3183045827859,83.54173571281918,80.7168966900791,82.71617126464844,9968000,0.0,0.0,0.0,128.23453162724064,128.90729761016692,126.60471157292261,128.55670166015625,7175700,0.0,0.0,0.0,158.13605254208665,160.82899019944517,156.64217391158743,159.82650756835938,20600,0.0,0.0,0.0
2023-01-09 00:00:00-05:00,132.01252704825137,132.11165649089585,128.9198820381197,129.13795471191406,2555500,0.0,0.0,0.0,83.27317895618201,83.36269497435323,80.67710818775728,80.83625030517578,12849200,0.0,0.0,0.0,128.68935324465315,128.72726410440436,126.23515282037758,126.40570831298828,7719500,0.0,0.0,0.0,159.4726847680123,160.19015559163537,158.54884472897442,158.66677856445312,18700,0.0,0.0,0.0
2023-01-10 00:00:00-05:00,128.60269138824424,132.10174583863667,128.60269138824424,132.0620880126953,1089700,0.0,0.0,0.0,80.71690266641644,83.1339340209961,80.66716648174771,83.1339340209961,8036900,0.0,0.0,0.0,126.3583109111779,127.66594608167193,126.16878557570496,127.46696472167969,7675200,0.0,0.0,0.0,157.959160478108,162.1656376364592,157.959160478108,162.1361541748047,13500,0.0,0.0,0.0
2023-01-11 00:00:00-05:00,131.98276659108078,132.9740003322831,130.98162595747598,132.81541442871094,1055500,0.0,0.0,0.0,83.61138034291633,84.07887322855973,81.79115258102894,83.92967224121094,8987700,0.0,0.0,0.0,127.55224910779674,128.20607395656114,126.96476102166241,128.18711853027344,7307200,0.0,0.0,0.0,162.48996715462295,164.37698364257812,161.9592348631104,164.37698364257812,8500,0.0,0.0,0.0
2023-01-12 00:00:00-05:00,132.7262137242089,133.99499191160015,130.7734817229055,133.9256134033203,1115200,0.0,0.0,0.0,84.2678490115823,87.50050370163815,82.89520924028268,87.45076751708984,13978900,0.0,0.0,0.0,127.91234505633214,128.31032230296526,126.53835843351459,127.7796859741211,7580500,0.0,0.0,0.0,163.80695916508515,164.26888675621177,161.0648920785471,163.9543914794922,3900,0.0,0.0,0.0
2023-01-13 00:00:00-05:00,133.48945948912973,135.40254866636664,133.37051626827517,135.03578186035156,1110500,0.0,0.0,0.0,86.54562828604834,89.15164044506832,85.87919831996433,87.41098022460938,18809400,0.0,0.0,0.0,127.07849691674778,128.73674289834642,127.02164508220845,128.34823608398438,6334100,0.0,0.0,0.0,163.26639441620733,165.3794708251953,163.26639441620733,165.3794708251953,10100,0.0,0.0,0.0
2023-01-17 00:00:00-05:00,134.9168497142968,135.68010406916508,134.0247452346019,135.08535766601562,1147400,0.0,0.0,0.0,87.32146017506771,87.46071237919381,85.8294657691372,86.39642333984375,12748100,0.0,0.0,0.0,128.2818951739134,128.4998319943187,127.58068891243951,127.75125885009766,6664100,0.0,0.0,0.0,164.6423513664443,165.6251734006335,164.6423513664443,165.14358520507812,6800,0.0,0.0,0.0
2023-01-18 00:00:00-05:00,135.5512544618084,136.91916227188997,133.93553814265587,134.07431030273438,1705900,0.0,0.0,0.0,87.01312095265536,88.42554056497347,85.23267330529252,85.32218933105469,14982700,0.0,0.0,0.0,127.75126416938721,128.08290465620314,125.82768572732839,125.95087432861328,10629100,0.0,0.0,0.0,166.36229636614803,166.36229636614803,164.22957426900084,164.3966522216797,8000,0.0,0.0,0.0
2023-01-19 00:00:00-05:00,133.00377384392468,133.8562357080509,132.2107987261587,132.8749237060547,1350500,0.0,0.0,0.0,85.01384942635391,85.37192872019637,83.710843300174,84.43694305419922,8904000,0.0,0.0,0.0,125.58131664249763,126.75630739108125,125.32546896765375,126.25409698486328,9902300,0.0,0.0,0.0,163.15827844025114,163.68901073016065,162.3523721806454,163.07965087890625,15800,0.0,0.0,0.0
2023-01-20 00:00:00-05:00,133.330864260904,134.55009282796192,132.6667393737815,134.28245544433594,1271700,0.0,0.0,0.0,85.3122438496876,86.68488367345022,84.53640790860956,86.5257339477539,9741900,0.0,0.0,0.0,126.53835905622421,126.98371764700056,125.57184907768269,126.88896942138672,5962200,0.0,0.0,0.0,163.3646810699126,164.6128692626953,162.64722517810645,164.6128692626953,6000,0.0,0.0,0.0
2023-01-23 00:00:00-05:00,134.22297371735732,135.92789707897492,133.99497905124932,135.5908660888672,1759900,0.0,0.0,0.0,86.55556442761488,87.480601251766,85.72999996694254,86.69482421875,9306200,0.0,0.0,0.0,126.96478557317572,128.03552879604518,126.68051195890475,127.3248519897461,7211000,0.0,0.0,0.0,164.8782325108346,166.58834838867188,164.48510966374977,166.58834838867188,9000,0.0,0.0,0.0
2023-01-24 00:00:00-05:00,135.50166261273213,135.82877159423478,134.4905998630901,135.58096313476562,982000,0.0,0.0,0.0,86.67492847226339,88.82340407731827,85.79962781206105,88.34596252441406,10480200,0.0,0.0,0.0,126.68997268481178,127.42907534972478,125.6665964275271,126.48150634765625,5754800,0.0,0.0,0.0,165.92003022005485,166.00848060777358,165.2222199469215,165.73329162597656,5100,0.0,0.0,0.0
2023-01-25 00:00:00-05:00,134.96639907416636,135.60078810697564,133.84630002989857,135.5908660888672,1102900,0.0,0.0,0.0,87.58009023884819,88.43550112413548,86.51580101022476,88.42555236816406,7401600,0.0,0.0,0.0,125.63817012136062,126.54784272235477,125.27810373365408,126.51941680908203,5999000,0.0,0.0,0.0,164.80942396520396,165.32049560546875,163.87574606235341,165.32049560546875,107700,0.0,0.0,0.0
2023-01-26 00:00:00-05:00,136.3937869255295,136.66140918112222,134.5500913174145,135.9576416015625,1133500,0.0,0.0,0.0,89.12180692528938,89.51967365928823,87.21205570850698,88.11719512939453,6976000,0.0,0.0,0.0,126.81313843757562,126.92684207053932,125.77080693956516,126.75628662109375,6861100,0.0,0.0,0.0,166.74560179194322,166.74560179194322,164.39665756285436,166.1264190673828,22400,0.0,0.0,0.0
2023-01-27 00:00:00-05:00,135.44219894678648,136.53256228241696,135.2241262796604,136.0270233154297,957500,0.0,0.0,0.0,88.08734604334649,89.52961183507954,87.91825516769788,88.91291809082031,7826500,0.0,0.0,0.0,126.56681578430612,126.69947488431305,125.73295032211546,125.89403533935547,5854600,0.0,0.0,0.0,165.59568713821963,166.58833197715703,165.59568713821963,166.1657257080078,4800,0.0,0.0,0.0
2023-01-30 00:00:00-05:00,135.24395489000972,135.5016702573872,133.12271496227993,133.6183319091797,1401000,0.0,0.0,0.0,88.23653961524062,88.52499274944726,86.07812307397997,86.6351318359375,7239000,0.0,0.0,0.0,125.65712275702151,126.44360674385025,124.56742421577076,124.7569351196289,7055400,0.0,0.0,0.0,165.27135993015156,165.27135993015156,162.9518992866295,163.16812133789062,4900,0.0,0.0,0.0
2023-01-31 00:00:00-05:00,133.2714145371388,135.57108478521016,133.2714145371388,135.35301208496094,1508800,0.0,0.0,0.0,86.93355769689698,88.63443071150017,86.93355769689698,88.42555236816406,6684700,0.0,0.0,0.0,125.04119198440166,126.3867380182511,124.9180034069267,126.36778259277344,6290600,0.0,0.0,0.0,164.22957600993803,164.86840436499233,163.3646877782677,164.85858154296875,4500,0.0,0.0,0.0
2023-02-01 00:00:00-05:00,134.9862135842438,136.3342921768216,132.90463164903176,135.51158142089844,1633300,0.0,0.0,0.0,88.44543164081439,90.18609188101534,87.15237430129952,89.26105499267578,10961500,0.0,0.0,0.0,126.3678095841899,127.74178182035156,125.42024053045685,126.96478271484375,11843000,0.0,0.0,0.0,164.9470253229012,165.39911506467138,162.07718675613117,164.95684814453125,9900,0.0,0.0,0.0
2023-02-02 00:00:00-05:00,135.6106997668513,136.04684507818112,134.26262113411738,135.96754455566406,3452100,0.0,0.0,0.0,90.04683184882171,92.10578376487514,89.4798742947976,91.4791488647461,13400100,0.0,0.0,0.0,126.03616413656039,126.27305641785824,125.20231313834695,126.10250091552734,11274600,0.0,0.0,0.0,165.34997728602295,165.50721740722656,164.18041671640665,165.50721740722656,11900,0.0,0.0,0.0
2023-02-03 00:00:00-05:00,135.65035437469456,137.04798256646777,134.877193204768,135.3926239013672,1945200,0.0,0.0,0.0,90.19603831564031,91.48910321056955,89.45998984354696,89.90758514404297,7437100,0.0,0.0,0.0,126.18775445942661,126.59521662364715,125.31599276653604,125.73292541503906,10046800,0.0,0.0,0.0,164.77011476838638,166.09693056744712,164.2590580873231,164.4359588623047,14100,0.0,0.0,0.0
2023-02-06 00:00:00-05:00,134.5005193926364,136.0666706425042,134.07428098522215,134.4212188720703,1478200,0.0,0.0,0.0,89.31078367889172,90.29549783583741,88.55483774179086,89.22126007080078,6568400,0.0,0.0,0.0,125.5528811878612,125.81819932725597,124.86115992863586,125.0317153930664,7328300,0.0,0.0,0.0,163.62020348184438,164.73079714838826,163.0108586366055,163.18775939941406,6700,0.0,0.0,0.0
2023-02-07 00:00:00-05:00,133.88595773969348,135.38271534513382,132.7262008740223,135.125,1413500,0.0,0.0,0.0,89.20135286883375,90.00702724217388,87.68946887623541,89.83793640136719,7517500,0.0,0.0,0.0,124.59585275847759,126.20671716340802,124.15996465752312,125.83716583251953,7551000,0.0,0.0,0.0,162.3327072716377,164.63250714296157,162.00837421337303,164.2885284423828,3500,0.0,0.0,0.0
2023-02-08 00:00:00-05:00,134.12384786579025,134.55008628008343,132.1017374963179,132.1612091064453,1365100,0.0,0.0,0.0,89.63901756614672,89.68874615477151,86.63513154996225,86.72465515136719,9722300,0.0,0.0,0.0,125.38235072978077,126.16882036207024,125.27811755003347,125.4676284790039,5614100,0.0,0.0,0.0,163.79711935157152,163.79711935157152,161.28109741210938,161.28109741210938,5800,0.0,0.0,0.0
2023-02-09 00:00:00-05:00,132.52797174175018,133.64807090850923,130.78340549200013,131.23936462402344,1531100,0.0,0.0,0.0,87.39108901484498,87.93815668296129,85.31223946467918,85.63053131103516,8771200,0.0,0.0,0.0,125.78032182066569,126.26357683454242,124.1694428568972,124.36843872070312,8085700,0.0,0.0,0.0,162.4703211662203,162.4703211662203,159.64962649970647,159.87567138671875,5400,0.0,0.0,0.0
2023-02-10 00:00:00-05:00,130.93208489656183,131.55656710633227,129.9705867839115,131.19972229003906,1430200,0.0,0.0,0.0,85.17298132627829,85.72004895630667,84.18826718090288,85.16304016113281,7801700,0.0,0.0,0.0,124.53898362397192,125.67607796261879,124.36842814842797,125.54341888427734,6198600,0.0,0.0,0.0,159.4530581309401,160.25896443055112,159.41373684997876,159.93463134765625,13500,0.0,0.0,0.0
2023-02-13 00:00:00-05:00,131.0609587792401,133.13263417902945,130.4860412526183,133.00376892089844,1283900,0.0,0.0,0.0,84.924315781932,85.8791912565486,83.78045951636597,85.10335540771484,6890900,0.0,0.0,0.0,125.56236288153357,126.5952240793379,125.56236288153357,126.58573913574219,6300300,0.0,0.0,0.0,159.82651502711906,162.6668701171875,159.80686938396366,162.6668701171875,4900,0.0,0.0,0.0
2023-02-14 00:00:00-05:00,132.46850108279628,133.7571082098235,131.15015814803243,132.5973663330078,1119100,0.0,0.0,0.0,84.74528261953496,86.3268006993492,83.98934422073161,85.4216537475586,8631800,0.0,0.0,0.0,126.75630891732649,126.9837162232545,125.20229633887806,125.83716583251953,6905900,0.0,0.0,0.0,162.39168948391648,162.40152730267343,160.92729416992225,162.0771942138672,4100,0.0,0.0,0.0
2023-02-15 00:00:00-05:00,131.70524672582155,132.656837948481,131.04112181132174,132.5973663330078,1146300,0.0,0.0,0.0,84.81491565163256,85.66038532222288,84.31758412242739,85.60070037841797,5765300,0.0,0.0,0.0,125.34442818779632,125.51499812910413,124.78536593886797,125.2117691040039,6491900,0.0,0.0,0.0,160.79951329748133,161.93959045410156,160.46535740571562,161.93959045410156,15200,0.0,0.0,0.0
2023-02-16 00:00:00-05:00,131.25919213415696,132.32972656859178,130.91226934176615,130.9320831298828,1323500,0.0,0.0,0.0,85.05362958211856,85.60068964242613,84.07885656811408,84.31757354736328,10302400,0.0,0.0,0.0,124.06520198575691,125.06963726913577,123.69565065483405,123.96098327636719,8008000,0.0,0.0,0.0,160.41621685155783,161.57593967685924,160.1508506979124,160.347412109375,5600,0.0,0.0,0.0
2023-02-17 00:00:00-05:00,130.22830967390786,132.5180574759029,129.6533922187487,132.19094848632812,1350900,0.0,0.0,0.0,84.32753027947662,86.5555733368341,83.77052141230641,86.33675384521484,8704300,0.0,0.0,0.0,123.37347693165444,125.29704078295337,123.25977328212112,125.06963348388672,10798800,0.0,0.0,0.0,159.21717087479394,160.49484252929688,159.21717087479394,160.49484252929688,2800,0.0,0.0,0.0
2023-02-21 00:00:00-05:00,131.16997676582486,131.46734994487906,128.4837263859071,128.50355529785156,1456700,0.0,0.0,0.0,85.37192078507084,85.63052768206056,82.30835715080401,82.3282470703125,9188000,0.0,0.0,0.0,124.15996416024036,124.67165951403989,123.26924699224189,123.44928741455078,9066200,0.0,0.0,0.0,158.85353804742587,159.2466608818896,156.58322143554688,156.58322143554688,2800,0.0,0.0,0.0
2023-02-22 00:00:00-05:00,128.50352651496257,129.10817963109577,127.80966600260273,128.265625,1070300,0.0,0.0,0.0,82.44761393303803,83.52185177438722,82.27852304745797,83.18366241455078,6949700,0.0,0.0,0.0,123.58195568418306,123.87569978084153,122.77653065443504,123.03236389160156,7318900,0.0,0.0,0.0,156.82892092169536,156.82892092169536,155.25639965099916,155.76747131347656,4700,0.0,0.0,0.0
2023-02-23 00:00:00-05:00,128.28547990496736,128.6819825102575,126.66977149160812,127.8691635131836,1111600,0.0,0.0,0.0,83.7108407645454,83.8799316513279,81.84086948919314,83.02452087402344,8283100,0.0,0.0,0.0,123.00393281559144,123.9894126984446,122.46382598992197,123.364013671875,9955500,0.0,0.0,0.0,153.9099334101113,155.41364989198345,153.90009559209886,155.37432861328125,4200,0.0,0.0,0.0
2023-02-24 00:00:00-05:00,126.70943019405684,126.70943019405684,125.07389276020969,125.3018798828125,1264200,0.0,0.0,0.0,81.97017231145925,82.169101853756,80.94566316147166,81.03518676757812,8666500,0.0,0.0,0.0,122.32167118889741,122.5585634242739,121.41201310195432,121.77207946777344,9008000,0.0,0.0,0.0,153.49714238788007,153.860796748424,152.317758913252,152.4946746826172,6300,0.0,0.0,0.0
2023-02-27 00:00:00-05:00,126.36250394554935,127.15548654715596,125.61907850262864,125.75785064697266,1172900,0.0,0.0,0.0,82.15916612486154,82.6465488928271,81.42311759526585,81.6916732788086,8233500,0.0,0.0,0.0,122.43540336788101,122.77652880438596,121.12775345148594,121.40254211425781,6463900,0.0,0.0,0.0,153.8902767431182,154.9418885271031,153.42834918482342,153.4774932861328,11700,0.0,0.0,0.0
2023-02-28 00:00:00-05:00,125.52985731177343,126.64994886790026,125.31178464929411,126.06512451171875,2838700,0.0,0.0,0.0,81.57231599453485,82.86537336098039,81.48279237706255,82.40782928466797,7071500,0.0,0.0,0.0,121.12774887326277,121.20355612948265,120.39811668355776,120.50234985351562,10282800,0.0,0.0,0.0,153.34972678688194,154.19495436917853,153.32024332443817,153.60525512695312,5600,0.0,0.0,0.0
2023-03-01 00:00:00-05:00,126.34266963085734,127.2645174431702,126.18407614232183,126.93740844726562,1753000,0.0,0.0,0.0,82.37798971360577,83.30302661116336,82.02985917983173,82.656494140625,7193700,0.0,0.0,0.0,119.92433093754508,120.56867815000277,119.78220137032321,120.30335998535156,11101000,0.0,0.0,0.0,154.24408060134587,155.10896872395685,154.24408060134587,154.9713592529297,4200,0.0,0.0,0.0
2023-03-02 00:00:00-05:00,126.31292398799023,127.60152339610809,125.77765682615157,127.23477172851562,1340500,0.0,0.0,0.0,81.84085797673325,82.3879255789876,81.31368788111104,81.98011016845703,6494500,0.0,0.0,0.0,119.76324847229064,121.38359786663469,119.76324847229064,121.04246520996094,10203100,0.0,0.0,0.0,154.55857709415946,156.07213132110957,154.55857709415946,155.6986541748047,16500,0.0,0.0,0.0
2023-03-03 00:00:00-05:00,127.53214376862867,129.7227619868331,127.20503480108577,129.37583923339844,1050800,0.0,0.0,0.0,82.25861057780195,83.84012837693712,81.6319757453191,83.14385986328125,6070800,0.0,0.0,0.0,121.60152177011136,122.44485753424699,120.99507823701106,122.39747619628906,10048000,0.0,0.0,0.0,156.5144183600422,158.6471405029297,156.5144183600422,158.6471405029297,2400,0.0,0.0,0.0
2023-03-06 00:00:00-05:00,129.3659188617212,129.3659188617212,127.80968964787903,128.16653442382812,1102600,0.0,0.0,0.0,83.56164451986335,83.62132187417576,81.13466426213452,81.73146057128906,7358600,0.0,0.0,0.0,122.48276677705925,122.89969946081585,122.0563636082194,122.34063720703125,8153400,0.0,0.0,0.0,158.53902287320577,158.53902287320577,157.05496697288427,157.14341735839844,3500,0.0,0.0,0.0
2023-03-07 00:00:00-05:00,128.17646102317423,128.28549736383974,126.134521484375,126.134521484375,1630500,0.0,0.0,0.0,81.66182719989342,82.74601376844367,81.27390925400486,81.63198852539062,6256700,0.0,0.0,0.0,122.58699018030929,122.72913419776715,120.16121598674394,120.36968231201172,9604400,0.0,0.0,0.0,157.05496687367935,157.05496687367935,154.22443456561894,154.2834014892578,4400,0.0,0.0,0.0
2023-03-08 00:00:00-05:00,126.07502976671789,126.28318795775236,124.60800041143342,125.27212524414062,1498800,0.0,0.0,0.0,81.50268808597002,81.63199154315424,80.17978448381632,80.79647827148438,7125500,0.0,0.0,0.0,120.12333435164322,120.49289296005665,119.24209477947296,119.72535705566406,10793200,0.0,0.0,0.0,154.02787563956804,154.02787563956804,152.7600267741805,153.22195434570312,3100,0.0,0.0,0.0
2023-03-09 00:00:00-05:00,125.35144072618216,125.8867079509557,122.31826734831343,122.86344146728516,1940000,0.0,0.0,0.0,81.10480690763751,81.35347261157729,77.75279048660634,78.30980682373047,11851600,0.0,0.0,0.0,120.18966054800343,120.38865641982024,118.02920416795469,118.51246643066406,13270300,0.0,0.0,0.0,153.51680752258883,153.5462909855671,150.4405845773469,150.63714599609375,4100,0.0,0.0,0.0
2023-03-10 00:00:00-05:00,123.19054277701906,123.19054277701906,119.66175265925568,120.90079498291016,3341300,0.0,0.0,0.0,78.01142364840416,78.16062462427709,73.47576254939904,75.25621032714844,24423500,0.0,0.0,0.0,118.31347446501944,119.29894716373285,117.18586496016287,117.64070129394531,20483200,0.0,0.0,0.0,150.60765865524124,150.60765865524124,147.74764284658858,148.72064208984375,4900,0.0,0.0,0.0
2023-03-13 00:00:00-04:00,121.26754359546973,125.76774610836345,121.25763670214194,124.27098846435547,2798500,0.0,0.0,0.0,74.58976525703042,78.28991228613404,74.58976525703042,77.44445037841797,20813600,0.0,0.0,0.0,117.26166284882365,120.36021027408457,117.11952605404045,118.7398681640625,21294200,0.0,0.0,0.0,149.8803653144123,154.93207014219175,149.8803653144123,153.22195434570312,5800,0.0,0.0,0.0
2023-03-14 00:00:00-04:00,125.41091205682694,126.42197488883183,124.70713688210552,125.83714294433594,2748700,0.0,0.0,0.0,78.9364559418781,79.50341354585153,77.48424887887026,78.60821533203125,9655200,0.0,0.0,0.0,119.54529940196161,120.17069113503668,118.60720095828323,119.80113983154297,14582900,0.0,0.0,0.0,155.2367449783762,155.60039934674984,153.91976698663083,154.67654418945312,5800,0.0,0.0,0.0
2023-03-15 00:00:00-04:00,124.49898171904861,125.08381367788289,123.438361702618,124.95494842529297,2095000,0.0,0.0,0.0,77.44444974137038,78.27996288884982,76.62882651177962,77.63343811035156,9601300,0.0,0.0,0.0,118.51246854171012,119.86749266096575,118.29452446503633,119.69692993164062,17244600,0.0,0.0,0.0,152.97625479373747,154.03770446777344,152.58313195002424,154.03770446777344,4000,0.0,0.0,0.0
2023-03-16 00:00:00-04:00,124.26108248254017,126.06512788055906,122.64537394578895,125.62898254394531,1954800,0.0,0.0,0.0,77.19578342068158,78.55847423989513,75.61426556304355,77.8124771118164,9459100,0.0,0.0,0.0,118.79673634029733,120.871907677695,118.46508138388093,120.81505584716797,16011400,0.0,0.0,0.0,153.38904546397617,155.4234793214352,152.494673793898,155.27606201171875,51600,0.0,0.0,0.0
2023-03-17 00:00:00-04:00,124.67739323839679,125.09370964304937,122.82379076708048,123.40861511230469,2630700,0.0,0.0,0.0,76.74820181294619,77.12617102639257,75.33577456548537,76.09172058105469,11341500,0.0,0.0,0.0,120.71081920572566,120.80557466367615,118.88201067270668,119.26103973388672,15071400,0.0,0.0,0.0,154.38168301880413,154.38168301880413,152.337411439881,152.77967834472656,14600,0.0,0.0,0.0
2023-03-20 00:00:00-04:00,123.60685993827542,124.88555253160418,123.08150719983713,124.74678039550781,1905400,0.0,0.0,0.0,76.48958629106139,76.68851585578152,75.29598613671128,76.37022399902344,7987800,0.0,0.0,0.0,119.45984769006328,120.95333329033795,119.45984769006328,120.77259063720703,10592100,0.489,0.0,0.0,153.02539873784917,154.64706420898438,152.72072628478975,154.64706420898438,12400,0.0,0.0,0.0
2023-03-21 00:00:00-04:00,125.3811798113424,125.57943113820835,124.35029559918414,124.89547729492188,1177500,0.0,0.0,0.0,76.90733016396268,76.9769562589248,75.43522582789548,75.61426544189453,7662100,0.0,0.0,0.0,121.2387208814168,121.64776512014912,120.5062500275629,121.50508117675781,8816300,0.0,0.0,0.0,155.79695085909944,155.79695085909944,154.7649847384359,155.4529571533203,8000,0.0,0.0,0.0
2023-03-22 00:00:00-04:00,125.04416191962179,125.1730196081583,122.16958200695518,122.21914672851562,1705000,0.0,0.0,0.0,75.62421651828652,75.71374012237384,72.67006659088722,72.73969268798828,10854300,0.0,0.0,0.0,121.57166598606491,122.01876168287193,119.65010668373384,119.66913604736328,10480000,0.0,0.0,0.0,155.51191696434407,155.51191696434407,152.34722900390625,152.34722900390625,5000,0.0,0.0,0.0
2023-03-23 00:00:00-04:00,123.9299157319103,124.9811754076066,122.28360355235763,123.32494354248047,1479700,0.065,0.0,0.0,73.64485284533227,74.57983853706122,72.22248438583425,73.3265609741211,12002600,0.0,0.0,0.0,120.16378214434646,120.8867455020718,118.75590689588921,119.4408187866211,10092300,0.0,0.0,0.0,154.93206783921644,155.64952373885689,152.6715741179208,153.97872924804688,5700,0.0,0.0,0.0
2023-03-24 00:00:00-04:00,123.38444891336792,125.12002305726737,122.40260437836564,124.83241271972656,1227000,0.0,0.0,0.0,73.03809855027747,74.11233632561753,72.05338438388699,73.7940444946289,8176200,0.0,0.0,0.0,119.32667779915346,121.21017833825873,118.8795821108841,121.09603118896484,8163700,0.0,0.0,0.0,152.94675800218715,155.4529571533203,152.94675800218715,155.4529571533203,6900,0.0,0.0,0.0
2023-03-27 00:00:00-04:00,125.03076004100225,125.81424869921257,124.64397555443679,124.9910888671875,964300,0.0,0.0,0.0,74.29138848328837,75.1965279474048,73.82389561766331,74.54999542236328,6279700,0.0,0.0,0.0,121.95216869591275,122.50390413139232,121.44799941291708,121.59069061279297,9455400,0.0,0.0,0.0,155.93455638643292,156.2294060127449,155.09915161132812,155.09915161132812,6300,0.0,0.0,0.0
2023-03-28 00:00:00-04:00,125.03077082118855,125.69524601524581,124.63406661533978,125.0208511352539,818500,0.0,0.0,0.0,74.60966684033835,75.15672688643339,73.98302435165985,74.05265045166016,5125800,0.0,0.0,0.0,121.46701665427587,121.90459037709287,120.56331065030435,120.85820770263672,8037400,0.0,0.0,0.0,154.85344685179516,155.58074060072468,154.7748192846129,155.48245239257812,25600,0.0,0.0,0.0
2023-03-29 00:00:00-04:00,125.98284441023759,126.97460104741683,125.82416728287029,126.77625274658203,1448600,0.0,0.0,0.0,74.81853873362512,75.96240249740312,74.13221895762331,75.91266632080078,6896900,0.0,0.0,0.0,121.45749985508617,121.60969846155413,120.66794826490685,121.19114685058594,8183100,0.0,0.0,0.0,156.92718452419692,157.58567345445735,156.77976722513614,157.1925506591797,3800,0.0,0.0,0.0
2023-03-30 00:00:00-04:00,127.25229721357191,127.40106979540361,125.57623356927714,126.18120574951172,1344200,0.0,0.0,0.0,76.23096386814724,76.31053872124072,73.70451919749686,74.27147674560547,8545600,0.0,0.0,0.0,121.8475341796875,121.88559290936368,121.07701182799765,121.8475341796875,6820400,0.0,0.0,0.0,157.9394969632531,157.9394969632531,156.81908045075323,157.1335906982422,7200,0.0,0.0,0.0
2023-03-31 00:00:00-04:00,126.5680151592164,128.2738306289965,126.52834397622088,128.09532165527344,891600,0.0,0.0,0.0,74.79864159321488,76.12154497508403,74.50024729816724,75.80325317382812,7645200,0.0,0.0,0.0,122.25656553296109,123.21733782916445,122.1899700245841,123.1507568359375,9202500,0.0,0.0,0.0,158.31295827689044,159.30560302734375,158.28347481872558,159.30560302734375,5500,0.0,0.0,0.0
2023-04-03 00:00:00-04:00,127.74816336697968,128.70025634765625,127.51015147156396,128.70025634765625,1504000,0.0,0.0,0.0,75.70380814932415,77.13612542280411,75.62423328109145,76.64873504638672,7563900,0.0,0.0,0.0,123.24589202488859,124.67278953585624,122.90343604165027,124.53010559082031,8937300,0.0,0.0,0.0,158.26383625814026,159.35476935243835,158.26383625814026,159.2466583251953,7300,0.0,0.0,0.0
2023-04-04 00:00:00-04:00,128.5514819266618,128.75975746515238,127.32171346339824,127.7977523803711,947200,0.0,0.0,0.0,76.76808735072905,76.93717823219387,74.35105606085585,75.16667938232422,8889500,0.0,0.0,0.0,124.66327971097496,125.27208872332642,124.32082373433028,124.54911804199219,9052600,0.0,0.0,0.0,159.34494770814942,159.5415091236781,158.58817051185548,159.02061462402344,2500,0.0,0.0,0.0
2023-04-05 00:00:00-04:00,127.53991102243543,128.90852490662266,127.43081718580406,128.44239807128906,1247200,0.0,0.0,0.0,74.74891581173722,75.83309469186713,74.49030134204529,74.9776840209961,8013100,0.0,0.0,0.0,125.24355555415302,126.91777675771317,125.10085709258881,126.69898986816406,12325800,0.0,0.0,0.0,159.85601074538172,160.19018166141,159.85601074538172,159.87567138671875,71900,0.0,0.0,0.0
2023-04-06 00:00:00-04:00,128.6109642115972,130.18786840735746,128.5217097664604,129.9696807861328,1128000,0.0,0.0,0.0,74.86827297765369,76.61888180259369,74.51020131603082,76.4597396850586,8640300,0.0,0.0,0.0,127.1936516109187,127.57415181106305,126.58484258159645,127.01290893554688,8276300,0.0,0.0,0.0,160.9371085639351,162.4113416194826,160.9371085639351,162.32289123535156,2700,0.0,0.0,0.0
2023-04-10 00:00:00-04:00,129.39450950154972,129.57301845976755,128.33332247322937,129.28541564941406,1454500,0.0,0.0,0.0,76.3304311656599,76.3304311656599,75.15672860406261,75.74358367919922,7567000,0.0,0.0,0.0,126.67045313706315,126.99387975918032,126.0045705282477,126.92728424072266,8024300,0.0,0.0,0.0,162.1361496504898,162.1361496504898,160.38672765665916,161.1336669921875,7700,0.0,0.0,0.0
2023-04-11 00:00:00-04:00,129.1861895571219,130.23746410444434,129.12668659148153,129.6324920654297,2455100,0.0,0.0,0.0,75.86293581189497,76.93717356189072,75.84304589297312,76.46968078613281,7462700,0.0,0.0,0.0,127.22219304144686,127.82148015277957,127.14609009561119,127.3553695678711,8887500,0.0,0.0,0.0,160.7110530830047,161.95922619001476,160.7110530830047,161.76266479492188,9300,0.0,0.0,0.0
2023-04-12 00:00:00-04:00,130.1482245475949,130.77303609696506,129.31515257043867,129.48374938964844,1145800,0.0,0.0,0.0,77.31514549956121,77.47428760704186,75.50485944350201,75.64411163330078,7329200,0.0,0.0,0.0,127.85000521759432,128.3256376990811,127.16509328304119,127.39340209960938,8988600,0.0,0.0,0.0,162.91257135130832,163.04034301183606,161.41869269029755,161.66439819335938,5300,0.0,0.0,0.0
2023-04-13 00:00:00-04:00,129.65233889383052,132.70695110406714,129.65233889383052,132.47885131835938,1667200,0.0,0.0,0.0,75.91267082882398,79.57303053707652,75.69384378065894,79.00607299804688,14018600,0.0,0.0,0.0,127.93560592974684,129.1912678958086,127.65973101411029,129.048583984375,9373500,0.0,0.0,0.0,162.86344564634146,164.50475664144116,162.71601334342378,164.4949188232422,7400,0.0,0.0,0.0
2023-04-14 00:00:00-04:00,132.0226476773563,132.58795626283663,130.60444285358304,131.3383331298828,1264400,0.0,0.0,0.0,78.99612861120949,79.01602611960197,76.90733796188056,77.77269744873047,7304100,0.0,0.0,0.0,128.7537041771103,129.02956459892317,127.5360863215883,128.01171875,6632100,0.0,0.0,0.0,164.34750866737787,164.34750866737787,162.41134797887904,163.17794799804688,5900,0.0,0.0,0.0
2023-04-17 00:00:00-04:00,132.35985452302347,132.67720879470127,131.84413680691512,132.4689483642578,1756900,0.0,0.0,0.0,79.02596227451369,81.69165907939183,78.72756796562969,81.39326477050781,12173000,0.0,0.0,0.0,128.04977316723847,128.1924571010785,127.24119216840907,127.90708923339844,7187000,0.0,0.0,0.0,163.47278716850138,163.47278716850138,162.25408247397684,162.61773681640625,8700,0.0,0.0,0.0
2023-04-18 00:00:00-04:00,132.716893470271,132.73671770919543,130.82263447551662,131.5664520263672,1838800,0.0,0.0,0.0,81.9403342728624,82.0596965634236,80.1300479370709,80.89594268798828,11116300,0.0,0.0,0.0,128.16391366146925,128.16391366146925,126.8606854162095,127.03190612792969,7194200,0.0,0.0,0.0,162.69634185050828,162.69634185050828,161.02554750561566,161.37936401367188,5000,0.0,0.0,0.0
2023-04-19 00:00:00-04:00,130.90196969223993,132.4292683215142,130.6837820119142,132.121826171875,1207200,0.0,0.0,0.0,80.22950925500999,82.35808715040336,80.13003689890677,81.91048431396484,6871700,0.0,0.0,0.0,127.0699954765447,127.61220904281956,126.6799732967614,127.42195892333984,7048100,0.0,0.0,0.0,160.71105618273427,161.77250573271644,160.71105618273427,161.69387817382812,2800,0.0,0.0,0.0
2023-04-20 00:00:00-04:00,131.26893779610262,131.47721339395903,130.51520803497246,130.85240173339844,1370800,0.0,0.0,0.0,81.12470577284402,81.1943318740798,79.96095197132796,80.18972778320312,7835400,0.0,0.0,0.0,126.81311706262161,127.08899200246005,126.29944042124825,126.89872741699219,6672000,0.0,0.0,0.0,160.3474196922548,160.65210714060615,160.0231015961753,160.32777404785156,7000,0.0,0.0,0.0
2023-04-21 00:00:00-04:00,130.99121901473936,132.4887660954019,130.95154027459952,132.35984802246094,1623000,0.0,0.0,0.0,80.23945067898848,82.01989809980039,80.14993466461667,81.8309097290039,8059200,0.0,0.0,0.0,127.5931771361952,128.182956782293,127.19364758414652,127.75489044189453,6535900,0.0,0.0,0.0,160.5636171407264,161.5857603666605,160.5636171407264,161.4481658935547,2600,0.0,0.0,0.0
2023-04-24 00:00:00-04:00,132.35985568998248,132.35985568998248,131.43751409086823,131.95323181152344,1274200,0.0,0.0,0.0,81.75134613832472,81.86075966436383,79.91121370330819,80.7865219116211,5920100,0.0,0.0,0.0,127.88805060640625,128.50636696179072,127.5646240363636,128.46832275390625,6299800,0.0,0.0,0.0,161.26145023201553,161.46783447265625,161.01574470965994,161.46783447265625,3600,0.0,0.0,0.0
2023-04-25 00:00:00-04:00,131.6953561346803,132.3201676536462,129.21596456164767,129.4242401123047,1769600,0.0,0.0,0.0,80.83625478014659,81.562362074215,79.08565344825412,79.5829849243164,5793900,0.0,0.0,0.0,128.2780768072233,128.66808438238664,126.91776046044514,127.09850311279297,7752000,0.0,0.0,0.0,160.83882566447727,160.83882566447727,157.66431457926896,157.68397521972656,3400,0.0,0.0,0.0
2023-04-26 00:00:00-04:00,128.85894211689828,128.85894211689828,126.76634241916211,127.67876434326172,1461800,0.0,0.0,0.0,79.32436508485165,80.01068490393064,78.18050124927855,78.92649841308594,6016500,0.0,0.0,0.0,125.97600455623508,126.0616294293044,124.53959977337927,125.29110717773438,10128800,0.0,0.0,0.0,157.03530040264204,157.03530040264204,153.929579235137,155.0696563720703,6400,0.0,0.0,0.0
2023-04-27 00:00:00-04:00,127.79775512092388,128.40272724769773,126.3597110883317,128.13494873046875,1409000,0.0,0.0,0.0,78.95634671330913,79.07570900599643,77.78264406225168,78.37944793701172,6321900,0.0,0.0,0.0,125.34818457975888,126.12821427877057,124.25422119515152,125.94747161865234,10008900,0.0,0.0,0.0,155.66917981869315,155.66917981869315,153.9000971757356,155.49227905273438,3500,0.0,0.0,0.0
2023-04-28 00:00:00-04:00,127.49032371489407,130.1680637132512,126.9349348311622,129.4341583251953,2189000,0.0,0.0,0.0,78.29987560885478,80.49808001340936,77.55387832994218,79.77197265625,6369800,0.0,0.0,0.0,125.79528968937221,127.383900508464,125.59551765133338,127.02241516113281,7917300,0.0,0.0,0.0,154.6273783510455,157.27117178161586,154.6273783510455,156.98614501953125,15800,0.0,0.0,0.0
2023-05-01 00:00:00-04:00,129.4242528801633,130.95155158129896,129.16640157901242,130.45567321777344,1220300,0.0,0.0,0.0,79.87143843164073,82.22878478147486,79.503410405862,81.63198852539062,9141700,0.0,0.0,0.0,127.2031471387784,128.1924562757186,126.95582348333107,127.67877960205078,6793900,0.0,0.0,0.0,156.61269814476097,158.3522823587563,156.61269814476097,157.9394989013672,15700,0.0,0.0,0.0
2023-05-02 00:00:00-04:00,129.83088296300355,130.74329737945112,128.46225377182841,128.7399444580078,1754900,0.0,0.0,0.0,81.2241813315672,81.63198920094041,79.04586701072307,79.30448150634766,10490100,0.0,0.0,0.0,127.46951593306913,128.27809702676532,126.2138391073507,127.12705993652344,14365800,0.0,0.0,0.0,157.03530047157207,157.7822398047146,155.8362564126631,156.0229949951172,9600,0.0,0.0,0.0
2023-05-03 00:00:00-04:00,129.02756233254297,131.15983334314154,128.87878973665934,129.60276794433594,2744800,0.0,0.0,0.0,80.6472778303342,83.99928728229494,80.46823818685584,82.76590728759766,14800700,0.0,0.0,0.0,127.71682614869975,128.325635132219,126.7750831438902,126.95582580566406,8961500,0.0,0.0,0.0,156.07215087524196,157.2908406688443,155.94437920461914,156.052490234375,8200,0.0,0.0,0.0
2023-05-04 00:00:00-04:00,129.05730954207004,129.52343642095596,128.392834341596,129.2259063720703,1673100,0.0,0.0,0.0,82.68633727560034,83.99929220854949,81.61210694040695,83.53180694580078,8997200,0.0,0.0,0.0,126.42310408626832,126.499207022905,125.4147655773466,125.94747161865234,9625300,0.0,0.0,0.0,155.64952763489006,156.02300482332433,155.31537172769876,155.89523315429688,7700,0.0,0.0,0.0
2023-05-05 00:00:00-04:00,129.92012049261646,131.31850099396212,129.027545565335,130.83253479003906,1271300,0.0,0.0,0.0,84.46677237892483,85.61063624157563,84.10869312472673,84.92431640625,8658100,0.0,0.0,0.0,126.77508579168494,127.51707130224746,126.35652688518272,127.07948303222656,7650300,0.0,0.0,0.0,156.89770896671578,157.86087036132812,155.51192629905444,157.86087036132812,4100,0.0,0.0,0.0
2023-05-08 00:00:00-04:00,130.89205240720526,130.96148264396209,129.1068872199734,129.77137756347656,1349500,0.0,0.0,0.0,85.14314480866648,85.14314480866648,83.68098909564877,84.54634857177734,6058400,0.0,0.0,0.0,126.88922974571568,126.92727395664313,126.21382525175716,126.80361938476562,5305700,0.0,0.0,0.0,158.32280141650088,158.32280141650088,155.777295890427,156.22940063476562,7100,0.0,0.0,0.0
2023-05-09 00:00:00-04:00,128.79942900381434,129.74160991097358,128.28372645074379,129.52342224121094,1030700,0.0,0.0,0.0,83.91971055214553,86.1477532953654,83.49200520696408,85.45149230957031,7112100,0.0,0.0,0.0,126.31845625551867,126.91775777109925,125.91892675018164,125.95698547363281,6452700,0.0,0.0,0.0,155.31536790355125,156.1016285456288,155.31536790355125,155.88540649414062,7900,0.0,0.0,0.0
2023-05-10 00:00:00-04:00,130.24738961093212,130.58458320622725,129.11678774852768,129.94985961914062,1044500,0.0,0.0,0.0,87.11258037834759,87.50049831015802,85.89909040143257,86.81417846679688,9594900,0.0,0.0,0.0,126.31848264500054,126.6228944356051,125.56698962406931,126.30897521972656,6556600,0.0,0.0,0.0,156.31785506985784,157.16308265985782,156.21956686303292,156.8878936767578,5600,0.0,0.0,0.0
2023-05-11 00:00:00-04:00,129.6820788352024,129.74159693891838,128.27378637399872,129.35479736328125,1100000,0.0,0.0,0.0,86.53568629023295,86.95344295448955,85.1630539982426,85.55097198486328,7088600,0.0,0.0,0.0,126.04261440922191,126.11871735219292,125.12939360872208,125.9189453125,8764800,0.0,0.0,0.0,156.77977526168533,156.77977526168533,155.16794772374706,156.6028594970703,6500,0.0,0.0,0.0
2023-05-12 00:00:00-04:00,129.32504494618013,129.81101109183518,128.3134641853525,129.1068572998047,1173400,0.0,0.0,0.0,85.91898686939844,86.04829791564164,84.23801156632454,84.97406005859375,5848900,0.0,0.0,0.0,126.1091888421302,126.37554184041855,125.1864607712206,125.7477035522461,6626800,0.0,0.0,0.0,156.4456032251611,156.95667487881113,155.73798516191167,156.1802520751953,5000,0.0,0.0,0.0
2023-05-15 00:00:00-04:00,129.20605089695223,130.84244326236805,129.10686918201583,130.65402221679688,1295600,0.0,0.0,0.0,85.26252077741924,88.05752161517275,85.113319797079,87.08275604248047,8743200,0.0,0.0,0.0,125.76672397281209,125.85233432007234,124.98667987959985,125.5289077758789,5725600,0.0,0.0,0.0,157.00582084184774,158.54885864257812,157.00582084184774,158.54885864257812,6100,0.0,0.0,0.0
2023-05-16 00:00:00-04:00,129.07713077453232,129.42425167898125,127.4903291057817,127.97628021240234,2784000,0.0,0.0,0.0,85.30230210153658,85.4415543162328,83.91972112085526,84.5761947631836,13491000,0.0,0.0,0.0,125.26255070007127,125.31011684644396,124.45398427233529,124.4825210571289,7106000,0.0,0.0,0.0,157.6348373658917,157.6348373658917,155.23674902193554,155.3350372314453,7900,0.0,0.0,0.0
2023-05-17 00:00:00-04:00,127.99612220030201,128.40274609485226,126.31013877210181,128.26390075683594,1474300,0.0,0.0,0.0,84.77512179707159,85.3221818355819,83.2234425220876,85.28239440917969,7569600,0.0,0.0,0.0,124.69180868075863,124.79644840359293,123.24588192390735,124.63473510742188,15512700,0.0,0.0,0.0,155.96403523235767,155.96403523235767,153.84113598176603,155.65936279296875,3800,0.0,0.0,0.0
2023-05-18 00:00:00-04:00,127.9663556981942,128.0556101622336,126.43904959266601,127.90685272216797,1566600,0.0,0.0,0.0,84.95416498412766,85.02379108608244,82.75595321810717,84.27779388427734,11373100,0.0,0.0,0.0,124.36838099094759,124.53009428569163,123.369549920916,124.330322265625,12196900,0.0,0.0,0.0,155.6298719348241,155.6298719348241,154.00820661351918,155.37432861328125,6200,0.0,0.0,0.0
2023-05-19 00:00:00-04:00,128.20437006670363,129.57298377908208,128.0357732736209,129.0076904296875,1398300,0.0,0.0,0.0,84.92430884013524,85.7100933785805,84.506552277015,84.91436767578125,7618300,0.0,0.0,0.0,124.61571655302659,125.74772423955858,124.55864297473963,124.91060638427734,9277000,0.0,0.0,0.0,155.65935262151416,157.0451202392578,155.65935262151416,157.0451202392578,4100,0.0,0.0,0.0
2023-05-22 00:00:00-04:00,129.20603957611058,130.604419915963,129.20603957611058,130.06886291503906,1238800,0.0,0.0,0.0,85.43159697518948,87.43087155479097,85.39180954803551,87.00316619873047,6478600,0.0,0.0,0.0,125.09134481658573,125.90943327964247,124.73938141898455,125.03427124023438,12856100,0.0,0.0,0.0,157.4185957885225,157.84121704101562,157.4185957885225,157.84121704101562,4900,0.0,0.0,0.0
2023-05-23 00:00:00-04:00,129.75152991774806,131.36809816935929,129.75152991774806,130.0292205810547,1330300,0.0,0.0,0.0,87.0926897660525,89.35057902349288,86.90370895653817,87.02306365966797,9984100,0.0,0.0,0.0,124.53009087835045,124.71083353081038,123.38857590746977,123.66443634033203,8723100,0.0,0.0,0.0,157.33997569386293,159.41373078375653,157.33997569386293,158.16554260253906,7500,0.0,0.0,0.0
2023-05-24 00:00:00-04:00,129.2853933975724,129.60274764634104,127.61923440927059,128.21429443359375,1844000,0.0,0.0,0.0,86.28702132753241,86.43622230577651,84.5960971439046,85.33214569091797,7244700,0.0,0.0,0.0,123.4266420068989,123.45517879759576,122.53245052465566,122.81783294677734,7952900,0.0,0.0,0.0,157.2416918610238,157.2416918610238,155.41364240297992,155.6986541748047,5900,0.0,0.0,0.0
2023-05-25 00:00:00-04:00,127.7184210408707,127.73826041124653,124.94150694197575,125.7944107055664,1673800,0.0,0.0,0.0,85.15309878036783,85.21277613111062,82.16910982440683,83.10409545898438,9143200,0.0,0.0,0.0,122.22803119739594,122.38974448721639,120.7250309262319,121.56214141845703,13737000,0.0,0.0,0.0,154.3128789067253,154.3128789067253,152.31775141949518,152.81900024414062,4900,0.0,0.0,0.0
2023-05-26 00:00:00-04:00,125.9729357304302,126.5084852692737,125.25887724514216,126.0423583984375,1337600,0.0,0.0,0.0,83.23338862716149,84.01917319907949,82.62664367401817,83.86002349853516,4570000,0.0,0.0,0.0,121.4479805743545,122.58949548114215,121.08650254730587,121.31480407714844,8794900,0.0,0.0,0.0,152.86813014166628,153.31041204728035,152.64208527650553,153.20230102539062,3400,0.0,0.0,0.0
2023-05-30 00:00:00-04:00,125.89359308518036,126.34980024168239,124.51505193043424,125.12993621826172,1448300,0.0,0.0,0.0,84.15842173260681,85.13318704568371,82.20888351777796,82.6962661743164,6058600,0.0,0.0,0.0,120.70600753758998,121.63825037120876,120.25891185501646,120.56331634521484,12114500,0.0,0.0,0.0,153.27110157795684,153.27110157795684,151.93446293881368,152.1998291015625,4300,0.0,0.0,0.0
2023-05-31 00:00:00-04:00,124.91174741921219,126.28037644291905,124.29686313691168,125.23902893066406,1357300,0.0,0.0,0.0,82.74600728202398,85.04367610273937,82.49734156242532,83.47210693359375,6271500,0.0,0.0,0.0,120.23036548350385,121.8094686401078,119.90693891364035,121.60018920898438,15099100,0.0,0.0,0.0,151.97378540039062,152.51432555548416,151.24649165104066,151.97378540039062,5000,0.0,0.0,0.0
2023-06-01 00:00:00-04:00,125.4572122575612,126.11177525778272,124.20759679945806,125.72498321533203,1675300,0.0,0.0,0.0,83.85009485184217,85.043687429416,82.6763921954681,84.62593078613281,7106300,0.0,0.0,0.0,121.7143419509441,122.63707007197135,120.77259172510945,122.39925384521484,9751900,0.0,0.0,0.0,151.88531133960072,152.62242786900154,151.88531133960072,152.52415466308594,4600,0.0,0.0,0.0
2023-06-02 00:00:00-04:00,126.32996931265292,127.98620879926952,125.96302416578548,127.91677856445312,1840900,0.0,0.0,0.0,85.41171065613932,85.96871948242188,84.27779549482062,85.96871948242188,5284200,0.0,0.0,0.0,122.7892905900233,124.18765133139401,122.50390818083804,123.96886444091797,10293000,0.0,0.0,0.0,153.7231948279604,155.37432861328125,153.7231948279604,155.37432861328125,4700,0.0,0.0,0.0
2023-06-05 00:00:00-04:00,127.89695001208091,128.78952498414364,127.50023825438153,128.40274047851562,1106500,0.0,0.0,0.0,85.5410131213093,86.81418047450808,85.47138701882737,86.24722290039062,5653700,0.0,0.0,0.0,124.24471860332638,124.97719669618449,124.09251272413348,124.41593933105469,7880200,0.0,0.0,0.0,155.099141959248,155.81659784117454,155.03035221550525,155.57089233398438,6100,0.0,0.0,0.0
2023-06-06 00:00:00-04:00,128.42256927786144,128.8192658698984,127.84734862630435,128.0159454345703,937500,0.0,0.0,0.0,86.515788796502,87.80884610918184,85.81952016166554,87.64970397949219,5971200,0.0,0.0,0.0,124.92011017410016,124.95815438237986,122.83683777839748,123.3790512084961,9413500,0.0,0.0,0.0,155.7871202196108,155.7871202196108,154.99103674594193,155.08932495117188,2800,0.0,0.0,0.0
2023-06-07 00:00:00-04:00,127.99214648268983,128.2599374596332,127.09951493744826,127.7739486694336,1580600,0.006,0.0,0.0,87.67954993991412,88.41559847682495,86.54563466270557,87.73922729492188,6099700,0.0,0.0,0.0,123.27440576537049,123.44564098254996,122.7131629996282,122.89390563964844,7519600,0.0,0.0,0.0,155.0008820956566,155.34486083732543,154.30307179663785,154.76499938964844,6500,0.0,0.0,0.0
2023-06-08 00:00:00-04:00,127.77397063090231,128.2500317899634,127.17888283179241,127.97232818603516,991800,0.0,0.0,0.0,87.63975522492525,88.19676406185343,86.82413188999062,87.64970397949219,4840700,0.0,0.0,0.0,122.91295698184999,123.85470004173273,122.50390548415339,123.68347930908203,6583100,0.0,0.0,0.0,154.69618346273094,155.56107165890958,154.69618346273094,155.42347717285156,4500,0.0,0.0,0.0
2023-06-09 00:00:00-04:00,128.06157045076466,128.14091648942042,126.81190439278268,127.78386688232422,2017400,0.0,0.0,0.0,88.16692704299328,88.35591543993377,86.7445586602537,87.1921615600586,7334300,0.0,0.0,0.0,123.71200908809307,124.49203879566815,123.03660458999715,124.06397247314453,10446100,0.0,0.0,0.0,155.7281472874655,155.7281472874655,153.88045207315471,155.22691345214844,5300,0.0,0.0,0.0
2023-06-12 00:00:00-04:00,128.0913358963791,128.9442869785133,127.63511504646483,128.80543518066406,1247100,0.0,0.0,0.0,87.96799408003994,89.69870549516874,87.27172545903505,88.1370849609375,7391100,0.0,0.0,0.0,123.99740115675252,124.53961467024574,123.51224670687974,124.51107788085938,7321100,0.0,0.0,0.0,155.06966351848837,156.30801391601562,154.80429736306306,156.30801391601562,4000,0.0,0.0,0.0
2023-06-13 00:00:00-04:00,128.76574063763198,130.5212355760961,128.76574063763198,130.27328491210938,1463900,0.0,0.0,0.0,88.49516612976387,90.42481473029063,88.44542994552661,89.74844360351562,8260600,0.0,0.0,0.0,124.23520957729541,125.3291584751929,124.11154048765171,125.13890838623047,8362700,0.0,0.0,0.0,156.89771803000963,157.6544952392578,156.76012353711678,157.6544952392578,4300,0.0,0.0,0.0
2023-06-14 00:00:00-04:00,130.35262990770443,130.83861870982452,128.3095186368352,129.23190307617188,1802100,0.0,0.0,0.0,90.02695284661363,90.36513463378483,87.36125562632387,88.41559600830078,7813000,0.0,0.0,0.0,124.50155824978415,124.60619797232587,123.37905808841377,123.85469055175781,12401600,0.0,0.0,0.0,157.98863928093306,157.98863928093306,155.93454486397832,156.67166137695312,5800,0.0,0.0,0.0
2023-06-15 00:00:00-04:00,128.78559772082573,130.93780794881704,128.66657109567086,130.72952270507812,1327300,0.0,0.0,0.0,87.89835839856399,89.06211210664675,87.44081440022397,88.71398162841797,6896000,0.0,0.0,0.0,123.86420791069857,125.94746583038787,123.8451785486262,125.7762451171875,10598600,0.0,0.0,0.0,155.9837004749016,158.91250610351562,155.9837004749016,158.91250610351562,2900,0.0,0.0,0.0
2023-06-16 00:00:00-04:00,131.36430704416253,132.09824672750096,129.90635539326743,130.22373962402344,2449900,0.0,0.0,0.0,89.37046046748087,89.60917743977411,87.03300415922538,87.20209503173828,7856700,0.0,0.0,0.0,126.09968819689496,126.75606338035077,125.63357762875845,125.76675415039062,10535000,0.0,0.0,0.0,159.30562698752414,159.61029943216676,158.4014324755711,158.7552490234375,3600,0.0,0.0,0.0
2023-06-20 00:00:00-04:00,129.73773201131826,129.78732518194573,128.56741187980649,129.31126403808594,2272000,0.0,0.0,0.0,86.87682744422115,87.70242772906617,85.92191928867594,87.17523956298828,7364800,0.003,0.0,0.0,124.5651377757802,126.17939573946079,124.54603007786419,125.6253890991211,8585100,0.542,0.0,0.0,158.16553985956028,158.16553985956028,156.6323399138443,156.97633361816406,7600,0.0,0.0,0.0
2023-06-21 00:00:00-04:00,128.7855969889032,129.32116383107316,128.0219046111467,128.75584411621094,1304000,0.0,0.0,0.0,86.78731113835534,87.33439751061837,85.42457354949555,86.69779205322266,6781700,0.0,0.0,0.0,125.31971225582265,126.07431321490886,124.73705141174281,125.64447021484375,9444800,0.0,0.0,0.0,156.62252807536927,156.62252807536927,155.5512556018535,155.669189453125,9400,0.0,0.0,0.0
2023-06-22 00:00:00-04:00,128.44838952239803,129.13273595220565,128.0615869925561,128.78561401367188,1293100,0.0,0.0,0.0,86.5585259648286,87.02603474941982,85.83240143513478,86.13080596923828,4725300,0.0,0.0,0.0,125.83551914117253,126.68562943843943,125.67314016022287,126.50414276123047,8036400,0.0,0.0,0.0,154.85343633867038,156.43578040368334,154.85343633867038,156.1802520751953,8300,0.0,0.0,0.0
2023-06-23 00:00:00-04:00,127.93265939328695,128.09133635302967,127.06978059370172,127.44667053222656,5288400,0.0,0.0,0.0,85.5538970328641,85.61357642854675,84.50946207479961,84.66861724853516,7666600,0.0,0.0,0.0,126.33223463691927,126.59968415267102,125.74002707702687,126.08389282226562,8096500,0.0,0.0,0.0,155.07949293067583,155.14829767624414,154.15565275167748,154.30307006835938,6100,0.0,0.0,0.0
2023-06-26 00:00:00-04:00,127.33756073946884,127.33756073946884,125.58207311491405,126.02838134765625,1380800,0.0,0.0,0.0,84.24089424204658,84.42988151803928,82.53996322449558,82.72895050048828,7183300,0.0,0.0,0.0,125.76864394192982,125.96923830654649,124.15438618944248,125.36746978759766,7092800,0.0,0.0,0.0,154.6765408828972,154.6765408828972,152.5634644520515,153.44801330566406,5500,0.0,0.0,0.0
2023-06-27 00:00:00-04:00,126.03829675787742,126.05812948369304,124.114196979015,124.5009994506836,2867700,0.0,0.0,0.0,82.7786825103435,82.92788857264416,81.59499069541002,82.48027038574219,7836500,0.0,0.0,0.0,125.36746685393592,125.50119156891742,124.21169179417376,125.0809097290039,8578200,0.0,0.0,0.0,153.26127404116323,153.26127404116323,151.20717954025517,151.50201416015625,9900,0.0,0.0,0.0
2023-06-28 00:00:00-04:00,124.33239926523392,125.24485602263398,123.56870687393344,125.21510314941406,1209000,0.0,0.0,0.0,82.48027632176725,83.54460184567158,81.92324841062066,83.53466033935547,5504300,0.0,0.0,0.0,125.05225315941361,125.08090741388637,124.27855913884801,124.67973327636719,10897800,0.0,0.0,0.0,150.9516235984761,152.34722900390625,150.9516235984761,152.34722900390625,5700,0.0,0.0,0.0
2023-06-29 00:00:00-04:00,124.92749216918753,125.46306664232368,124.20348029082511,124.91757202148438,2065000,0.0,0.0,0.0,83.24618727329823,83.5048030072534,82.04260491640856,82.1818618774414,6458100,0.0,0.0,0.0,124.39317925619378,125.56806201845319,124.18303833489051,125.49164581298828,7843300,0.0,0.0,0.0,152.3963850789168,152.72071815588046,151.84600712892066,152.07205200195312,5500,0.0,0.0,0.0
2023-06-30 00:00:00-04:00,125.60190441650109,126.30608348767556,125.39362673912736,125.91928100585938,1465700,0.0,0.0,0.0,82.78863634781854,83.48492122653082,82.25149904612506,82.7587890625,5054100,0.0,0.0,0.0,125.9978949311081,127.07723925654417,125.92147872290798,126.78113555908203,8260900,0.0,0.0,0.0,152.64207585929577,153.67404191427198,152.64207585929577,153.36936950683594,5000,0.0,0.0,0.0
2023-07-03 00:00:00-04:00,125.55231760687846,125.91928738093777,125.0960892095063,125.77051544189453,624500,0.0,0.0,0.0,82.70904564777109,83.07707863003614,82.06249116925665,82.50016021728516,3696400,0.0,0.0,0.0,126.41817496304358,126.41817496304358,125.2050913596004,125.739990234375,5240300,0.0,0.0,0.0,153.3792126057095,153.3792126057095,152.36690705512098,153.15316772460938,3000,0.0,0.0,0.0
2023-07-05 00:00:00-04:00,125.65150678509751,126.3953589302769,125.28453700274109,125.98871612548828,2273200,0.0,0.0,0.0,82.44049347915812,83.04725932141804,81.92325432275682,82.56980895996094,4866300,0.0,0.0,0.0,125.47253948670134,125.94058328469204,125.18598235680706,125.67313385009766,7942100,0.0,0.0,0.0,153.21212651761752,153.84113202048445,153.10401549384315,153.43817138671875,4800,0.0,0.0,0.0
2023-07-06 00:00:00-04:00,125.00682897850277,125.09608760066767,123.5389574679987,124.42166137695312,1598800,0.0,0.0,0.0,81.82377361875082,81.99287027970576,80.40135666996845,81.28663635253906,6326400,0.0,0.0,0.0,124.83258315229979,125.1382334344148,124.35499274438673,124.67020416259766,8213100,0.0,0.0,0.0,152.20965619182374,152.20965619182374,150.76490648265332,151.60031127929688,5700,0.0,0.0,0.0
2023-07-07 00:00:00-04:00,124.24313173105075,124.5902687597973,123.09264443351586,123.36042785644531,1172000,0.0,0.0,0.0,81.4358325084485,82.41063115568805,81.11752982521637,81.34630584716797,4560600,0.0,0.0,0.0,123.98246262941144,124.42183760667035,123.15144547694109,123.21831512451172,8749700,0.0,0.0,0.0,151.83618605505873,151.83618605505873,149.91967103305925,149.97865295410156,6100,0.0,0.0,0.0
2023-07-10 00:00:00-04:00,123.15214232330597,125.98869871699726,123.15214232330597,125.61181640625,2499000,0.0,0.0,0.0,81.31648829572303,83.9623862364753,81.09765371849551,83.78334045410156,7450600,0.0,0.0,0.0,123.22785461816181,124.34541426784206,123.2183080582998,124.19259643554688,7476500,0.0,0.0,0.0,149.9982906885861,153.1924622279286,149.9982906885861,153.12367248535156,4800,0.0,0.0,0.0
2023-07-11 00:00:00-04:00,125.5324872134642,125.99863576660069,124.9274868658005,125.68125915527344,1372500,0.0,0.0,0.0,83.46502985274869,83.6938059155213,82.7190070943463,83.38545227050781,6084700,0.0,0.0,0.0,124.02068093349456,124.622449546877,123.67681523654794,124.22127532958984,7278300,0.0,0.0,0.0,152.74037518478022,153.00572633510689,152.23912635192625,152.7108917236328,3500,0.0,0.0,0.0
2023-07-12 00:00:00-04:00,126.95076005667312,127.60535354530572,126.30608671488933,126.91108703613281,1424100,0.0,0.0,0.0,84.73823558106776,84.83770375825966,83.6739101483499,84.33040618896484,5869700,0.0,0.0,0.0,124.53647048951547,124.65108751521615,123.68636020746523,123.8869400024414,11900400,0.0,0.0,0.0,153.73301909656934,155.12862457015964,153.71335845703317,154.2342529296875,6700,0.0,0.0,0.0
2023-07-13 00:00:00-04:00,127.50616191754476,127.96239785139171,126.98050765920263,127.24829864501953,1415300,0.0,0.0,0.0,84.54923684882222,84.95706622219363,84.08172808966381,84.2309341430664,4414600,0.0,0.0,0.0,124.20214180539223,124.51735317662559,123.81051423129318,123.9346923828125,7526200,0.0,0.0,0.0,154.83377466682944,155.28587939525087,154.81412902400487,155.14828491210938,5900,0.0,0.0,0.0
2023-07-14 00:00:00-04:00,127.21855750166435,127.6648657633677,126.23666721894845,127.18880462646484,1500400,0.0,0.0,0.0,84.61887513703965,84.61887513703965,82.88810444818084,83.97232055664062,5012000,0.0,0.0,0.0,124.87079089616262,126.1984917207869,124.73706615752792,125.79731750488281,13298600,0.0,0.0,0.0,154.52909699407726,154.71583557128906,154.52909699407726,154.71583557128906,2200,0.0,0.0,0.0
2023-07-17 00:00:00-04:00,127.55574721807795,129.1029570252505,127.37721486063816,128.1805877685547,1566900,0.0,0.0,0.0,84.70838969039828,86.36953165369076,84.34034911388132,85.30520629882812,8746300,0.0,0.0,0.0,125.46297727821775,125.73042667945468,124.756138389292,125.22418212890625,7905000,0.0,0.0,0.0,155.84609368195186,157.39893926424458,155.84609368195186,156.93701171875,5600,0.0,0.0,0.0
2023-07-18 00:00:00-04:00,128.17065796012378,129.37074587918167,128.14090508998837,128.65664672851562,1168500,0.0,0.0,0.0,85.35495099728826,86.24023076016422,84.98691794758201,85.12617492675781,5447000,0.0,0.0,0.0,125.27193206618291,126.62830136798107,125.04269804608145,126.15071105957031,8130300,0.0,0.0,0.0,157.15323560949602,158.3227962173048,156.9468513826321,157.70362854003906,9100,0.0,0.0,0.0
2023-07-19 00:00:00-04:00,128.8847522780306,130.22369191875057,128.8847522780306,129.3409881591797,2513200,0.0,0.0,0.0,85.55388051808514,86.31979377426538,85.18583994156819,85.30520629882812,5443900,0.0,0.0,0.0,126.77157567806263,127.52616197053567,126.5136728243491,126.73336029052734,12484000,0.0,0.0,0.0,159.45305831821238,159.65944255514034,158.67662048339844,158.67662048339844,6700,0.0,0.0,0.0
2023-07-20 00:00:00-04:00,129.39057233166136,130.09474369449623,129.003769927563,129.19219970703125,2146800,0.0,0.0,0.0,84.98691148423296,85.25547632680843,83.67391178833321,83.88279724121094,6492500,0.0,0.0,0.0,127.58352366477772,129.360146200563,127.48799974192924,128.83480834960938,12650200,0.0,0.0,0.0,158.65695233741542,159.95428460914655,158.65695233741542,159.00094604492188,4200,0.0,0.0,0.0
2023-07-21 00:00:00-04:00,130.06503719749733,130.84855486277763,129.13274001070252,130.392333984375,1601800,0.0,0.0,0.0,84.44977306694297,85.22563547825322,83.71369944453778,84.51940155029297,5811200,0.0,0.0,0.0,128.95896710544054,130.53502432369194,128.7392795810432,130.13385009765625,11308900,0.0,0.0,0.0,159.5710027121348,161.005929630233,159.29581371359689,160.83883666992188,3500,0.0,0.0,0.0
2023-07-24 00:00:00-04:00,130.1344665440278,130.3824172716499,128.16077330401959,128.359130859375,1494600,0.0,0.0,0.0,84.62882366976532,84.89738852408759,82.59964085299548,82.97762298583984,6626300,0.0,0.0,0.0,130.1338625080346,130.71652349127487,129.73268824374043,129.84730529785156,12034000,0.0,0.0,0.0,159.74788674892875,160.00343007554596,158.39160254024716,158.47023010253906,5300,0.0,0.0,0.0
2023-07-25 00:00:00-04:00,128.00207309064325,128.84511156459257,127.5557648359626,128.05166625976562,745300,0.0,0.0,0.0,82.93782872369293,83.49486417458877,82.57973721559398,82.71900177001953,4973500,0.0,0.0,0.0,128.97803815155345,130.31528519165627,128.80611263564006,129.78994750976562,7802900,0.0,0.0,0.0,158.2933252739255,159.37443558428518,158.2933252739255,158.76507568359375,2600,0.0,0.0,0.0
2023-07-26 00:00:00-04:00,127.6846956842866,128.01199241860058,126.93092345076633,127.78386688232422,928000,0.0,0.0,0.0,82.60958862304688,82.89804407386663,82.18186861084871,82.60958862304688,4680900,0.0,0.0,0.0,129.16909583359202,130.1242766360365,128.8347912976779,129.70399475097656,8205300,0.0,0.0,0.0,157.89035905550045,158.29331970214844,157.3891252001631,158.29331970214844,1600,0.0,0.0,0.0
2023-07-27 00:00:00-04:00,128.3888733002453,128.46821934268033,126.65321834796853,126.86150360107422,1179700,0.0,0.0,0.0,83.1168809604809,83.1168809604809,80.97828842839587,81.33637237548828,7208500,0.0,0.0,0.0,129.89505379513884,130.36308310083976,128.72017081268513,128.7488250732422,8800800,0.0,0.0,0.0,159.33511707224977,159.33511707224977,157.39895629882812,157.39895629882812,5800,0.0,0.0,0.0
2023-07-28 00:00:00-04:00,127.37723104188905,128.88477559097805,127.02019654907062,128.79551696777344,1646100,0.0,0.0,0.0,82.06250414195753,83.60428755838083,81.91329807118495,83.36555480957031,8988400,0.0,0.0,0.0,129.14043645325904,129.35057738745397,128.39539662289596,129.13088989257812,6897600,0.0,0.0,0.0,158.99113672881796,159.49237060546875,158.71594773810673,159.49237060546875,4100,0.0,0.0,0.0
2023-07-31 00:00:00-04:00,128.77565420097562,128.88475309931252,127.77393895894251,128.25,1388100,0.0,0.0,0.0,83.51475052213604,83.99220837160271,83.07708145920283,83.84300231933594,4838100,0.0,0.0,0.0,128.90162914424334,128.94939109296158,127.65989135207178,128.13748168945312,9735900,0.0,0.0,0.0,159.32526717787988,159.32526717787988,157.9493224442733,158.0181121826172,3400,0.0,0.0,0.0
2023-08-01 00:00:00-04:00,127.66486467820147,127.68470497273606,126.48461685961752,127.00035858154297,1322000,0.0,0.0,0.0,83.19646975850429,83.28599644904742,82.21172169615221,82.8582763671875,6814700,0.0,0.0,0.0,127.84140729458943,128.30945117939368,127.15367588524202,127.46888732910156,10555300,0.0,0.0,0.0,157.55619286127003,157.55619286127003,155.8264315352338,156.47509765625,3900,0.0,0.0,0.0
2023-08-02 00:00:00-04:00,126.83173600511337,127.37722299065783,125.91927926915,126.31600189208984,1859900,0.0,0.0,0.0,82.2017505425939,82.65931020221291,81.11753457307091,81.62482452392578,5613800,0.0,0.0,0.0,127.49753919673255,128.36675729152321,127.21098201906597,127.55484771728516,13873000,0.0,0.0,0.0,155.9640429951586,155.9640429951586,154.75517599923933,155.03036499023438,7000,0.0,0.0,0.0
2023-08-03 00:00:00-04:00,126.37550777568336,126.76231025258875,125.75067475149497,125.849853515625,1282100,0.0,0.0,0.0,81.23689241601701,81.94312629056003,80.79923094903545,80.8390121459961,5236300,0.0,0.0,0.0,127.13457329891523,127.29695228974451,126.6665294489466,126.91487121582031,11863400,0.0,0.0,0.0,155.45296216347617,155.84609998227634,155.2367401123047,155.2367401123047,3100,0.0,0.0,0.0
2023-08-04 00:00:00-04:00,126.13747140188632,127.68468880489381,126.11763867671829,126.30607604980469,2167700,0.0,0.0,0.0,81.32642867136205,81.85361686600737,80.69976470578032,80.78929138183594,5883800,0.0,0.0,0.0,126.9530709820484,127.73631158109211,126.15072268793509,126.4659194946289,12631200,0.0,0.0,0.0,155.74780220424853,158.01811860531356,155.74780220424853,156.6618194580078,4200,0.0,0.0,0.0
2023-08-07 00:00:00-04:00,125.83993871498006,126.0085509447041,125.07625387519649,125.51264953613281,1446400,0.0,0.0,0.0,80.57046044737395,80.66992863384273,78.12350663334827,78.27271270751953,9728800,0.0,0.0,0.0,126.84801611640295,128.05153870553582,126.78114646288867,127.92736053466797,8165600,0.0,0.0,0.0,155.68883607893267,156.45543603653854,155.25639200096555,156.39646911621094,62400,0.0,0.0,0.0
2023-08-08 00:00:00-04:00,125.20518587428072,126.44493939924308,125.20518587428072,126.2862548828125,1463700,0.0,0.0,0.0,78.27271909393069,79.1977877225471,77.88478782279512,78.9093246459961,8215600,0.0,0.0,0.0,128.73925374249083,129.0735728178731,128.03241477663443,128.91119384765625,12601200,0.0,0.0,0.0,157.2711832897136,158.03778326289998,156.82891638159438,157.92967224121094,6900,0.0,0.0,0.0
2023-08-09 00:00:00-04:00,126.36560286295195,127.55576323843134,126.2961694003081,126.70281219482422,1179000,0.0,0.0,0.0,79.23757150420755,79.83438822288666,78.33239353621079,78.83969116210938,6415400,0.0,0.0,0.0,128.79655438064063,129.57024836934545,128.71059162076233,128.8729705810547,9833600,0.0,0.0,0.0,158.92232795181698,159.54151066354964,158.62747832734073,158.83387756347656,10500,0.0,0.0,0.0
2023-08-10 00:00:00-04:00,127.33755970210842,128.7756707219886,126.82182558032211,127.1193618774414,1235000,0.0,0.0,0.0,78.96899636326926,80.5406194872113,78.80984878520233,79.51608276367188,7304100,0.0,0.0,0.0,129.18819197441803,130.41082212618753,128.6532931048815,128.78701782226562,9541700,0.0,0.0,0.0,159.33509397710702,160.9960655162954,158.56849403543137,158.9812774658203,3700,0.0,0.0,0.0
2023-08-11 00:00:00-04:00,126.64329152872874,127.75410573050476,126.58377822016628,127.51608276367188,725500,0.0,0.0,0.0,79.27734502824369,80.09299623550598,78.97894049228076,79.44644927978516,4316300,0.0,0.0,0.0,128.74879184295105,129.74218786887707,128.4431416175968,129.58935546875,7674400,0.0,0.0,0.0,158.38176470045812,159.11888122558594,158.38176470045812,159.11888122558594,3600,0.0,0.0,0.0
2023-08-14 00:00:00-04:00,127.13921440271584,127.46651117120547,126.40527481879565,127.36732482910156,1169200,0.0,0.0,0.0,78.80984541552444,79.82443300051136,77.86487872695444,79.60559844970703,6561500,0.0,0.0,0.0,129.60845245481772,130.39169293468626,129.4938354516415,129.98097229003906,8723300,0.0,0.0,0.0,158.49972089212184,159.56117053712802,158.49972089212184,159.40391540527344,4300,0.0,0.0,0.0
2023-08-15 00:00:00-04:00,126.79207343117473,127.34748060893176,126.48461696732427,126.96067810058594,827300,0.0,0.0,0.0,79.51607962738008,79.86422205529749,78.64074142126117,79.39671325683594,5217600,0.0,0.0,0.0,129.65623512189023,130.0383015768125,129.36011685818934,129.50340270996094,9118500,0.0,0.0,0.0,159.0697569964846,159.65944123665528,158.89284122676122,159.51202392578125,2700,0.0,0.0,0.0
2023-08-16 00:00:00-04:00,126.73256632725138,126.73256632725138,125.1258505610899,125.14568328857422,1448100,0.0,0.0,0.0,79.02866928955997,79.29724171466634,77.41726509466345,77.66593933105469,7103600,0.0,0.0,0.0,129.29327112716044,129.7135530028758,128.49092276892316,128.5195770263672,9462400,0.0,0.0,0.0,158.29331447823452,158.36211921905357,157.21221923828125,157.21221923828125,5500,0.0,0.0,0.0
2023-08-17 00:00:00-04:00,125.19526769985124,125.55230973757932,124.50100121678268,124.53075408935547,1088900,0.0,0.0,0.0,77.85492312916766,77.85492312916766,76.50214232515829,76.54192352294922,6465300,0.0,0.0,0.0,128.06108815744057,128.51000969405155,127.4402119346526,127.49752044677734,11163800,0.0,0.0,0.0,157.95916454244107,157.95916454244107,156.7699432373047,156.7699432373047,6700,0.0,0.0,0.0
2023-08-18 00:00:00-04:00,123.72740265693459,124.79855152604185,123.54887784541671,124.38199615478516,1638000,0.0,0.0,0.0,75.76607728582412,77.62616361939584,75.50746150044456,77.11886596679688,6872600,0.0,0.0,0.0,127.24918437682172,127.87960718810811,127.13456734746127,127.5452880859375,9463000,0.0,0.0,0.0,156.28837006687374,156.49475430382734,155.95419916496724,156.1212921142578,3400,0.0,0.0,0.0
2023-08-21 00:00:00-04:00,124.36215919805151,126.46478397159072,124.36215919805151,126.18708038330078,1160700,0.0,0.0,0.0,77.05918469868793,78.55123033218074,76.42257916884593,77.97430419921875,5762600,0.0,0.0,0.0,127.49750657318346,127.8318256240675,127.09633245706246,127.67899322509766,6872400,0.0,0.0,0.0,156.66182995775586,158.65695753463132,156.34733469764478,158.4800567626953,40000,0.0,0.0,0.0
2023-08-22 00:00:00-04:00,126.23665425552257,126.72263548987091,125.92919782089365,126.24657440185547,1025300,0.0,0.0,0.0,78.19313189373526,78.66064069866226,77.27801247371502,77.95440673828125,5176000,0.0,0.0,0.0,127.4879901927232,127.79364048811648,127.16323219921058,127.23008728027344,6939400,0.0,0.0,0.0,158.59798810481956,158.9321589965429,158.48987708034198,158.58816528320312,2800,0.0,0.0,0.0
2023-08-23 00:00:00-04:00,126.93092129879453,127.67476580630337,126.89124828013925,126.98050689697266,1387400,0.0,0.0,0.0,78.54127115686268,79.42655084534188,78.35227630574839,78.44180297851562,4803700,0.0,0.0,0.0,127.99422621610601,128.2807833688837,127.23963980286356,127.6121597290039,7276800,0.0,0.0,0.0,159.18768967483706,159.8560014747853,159.05009518680805,159.73806762695312,4200,0.0,0.0,0.0
2023-08-24 00:00:00-04:00,126.921000547109,127.44665479978883,125.73083269369084,125.82009887695312,1143400,0.0,0.0,0.0,78.42190568829966,78.52138145672238,77.15864387204884,77.40731811523438,5394700,0.0,0.0,0.0,127.36379961917613,128.36674233671394,126.50414276123047,126.50414276123047,10241700,0.0,0.0,0.0,159.25648968891142,160.24914962775088,158.04762268066406,158.04762268066406,3400,0.0,0.0,0.0
2023-08-25 00:00:00-04:00,125.93911481772432,126.90115711602922,125.18534261921998,126.53419494628906,1220800,0.0,0.0,0.0,77.64604871378747,78.76011213347188,76.88013533014805,78.27271270751953,6600700,0.0,0.0,0.0,126.91487350590971,127.87961548193654,126.4850450430289,127.43067932128906,8509100,0.0,0.0,0.0,158.41126778533098,159.1680450439453,157.75277874091233,159.1680450439453,3700,0.0,0.0,0.0
2023-08-28 00:00:00-04:00,127.00036410375303,127.75412885802643,126.6135615789177,127.04995727539062,1751900,0.0,0.0,0.0,78.75016162342605,79.38676711211328,78.04392764656791,78.51143646240234,4429300,0.0,0.0,0.0,127.87960090856274,128.29032162687048,127.25872468857726,127.72676849365234,6768400,0.0,0.0,0.0,159.7675457258281,160.66191736633164,159.73806226485976,159.91497802734375,4800,0.0,0.0,0.0
2023-08-29 00:00:00-04:00,126.96069812617012,128.45833035996296,126.96069812617012,128.4087371826172,1345700,0.0,0.0,0.0,78.44180210256852,79.27734389807605,77.91461393317417,78.86952209472656,5864100,0.0,0.0,0.0,127.8986822444005,128.8729705810547,127.72675672464385,128.8729705810547,10737000,0.0,0.0,0.0,160.524319291207,161.8511199951172,160.524319291207,161.8511199951172,5500,0.0,0.0,0.0
2023-08-30 00:00:00-04:00,128.27978484361682,129.16248882883107,128.27978484361682,128.78561401367188,890900,0.0,0.0,0.0,78.91925300648433,79.43649967445775,78.59100877792929,79.25745391845703,5459800,0.0,0.0,0.0,129.18823243768026,129.5798601522894,128.66287996380282,128.7775115966797,7892700,0.0,0.0,0.0,162.13616093326578,162.38186645507812,161.95924515928994,162.38186645507812,4000,0.0,0.0,0.0
2023-08-31 00:00:00-04:00,128.62691557006855,128.86493857132913,127.65495300292969,127.65495300292969,1180100,0.0,0.0,0.0,79.43649474413681,79.72495775473058,78.72031176458468,78.77999114990234,5015900,0.0,0.0,0.0,128.79657405695414,128.8634437081196,127.21097044965408,127.23963928222656,7540200,0.0,0.0,0.0,162.30323129390254,162.30323129390254,160.7995147705078,160.7995147705078,3900,0.0,0.0,0.0
2023-09-01 00:00:00-04:00,128.76577290251086,129.62863658660626,128.72609231145398,128.9442901611328,1626100,0.0,0.0,0.0,79.3171322902137,80.78928710833164,79.3171322902137,80.69976043701172,7991900,0.0,0.0,0.0,128.22347309646833,128.22347309646833,127.24918462033415,127.58350372314453,10183900,0.0,0.0,0.0,162.6668784689627,162.6668784689627,161.93959972134408,162.0771942138672,3800,0.0,0.0,0.0
2023-09-05 00:00:00-04:00,128.60706427687487,128.94427358896286,127.069766945791,127.08960723876953,1376600,0.0,0.0,0.0,80.42124868755516,80.85891778379874,79.08835838744702,79.22761535644531,6794900,0.0,0.0,0.0,127.65035956551249,127.74588347400409,126.26535034179688,126.26535034179688,11042600,0.0,0.0,0.0,161.79215589137226,161.79215589137226,159.53167724609375,159.53167724609375,7000,0.0,0.0,0.0
2023-09-06 00:00:00-04:00,126.93091677848479,127.21854047835158,125.4630454079326,126.26640319824219,1820000,0.0,0.0,0.0,79.33703123922177,79.8144815277187,78.46169306208488,79.46633911132812,5194800,0.0,0.0,0.0,126.11251271629085,126.23669087722742,124.9662987361811,125.5776138305664,12840000,0.0,0.0,0.0,159.01077679411722,159.01077679411722,157.43827047332456,158.06727600097656,3000,0.0,0.0,0.0
2023-09-07 00:00:00-04:00,125.71101128564742,126.24658573287518,125.49281344786701,125.8399429321289,1160100,0.0,0.0,0.0,78.79989060157357,79.01872513649514,77.95439974395993,78.34233093261719,5004600,0.0,0.0,0.0,125.95969525055123,126.68564203154942,125.86418590956423,126.14118194580078,11055700,0.0,0.0,0.0,157.48740489720578,158.22452140758898,157.47756707919612,157.58567810058594,5900,0.0,0.0,0.0
2023-09-08 00:00:00-04:00,125.8101806640625,126.64329893094396,125.64157600813157,125.8101806640625,1314800,0.0,0.0,0.0,78.32243686977182,78.80984384647232,77.80519778729781,78.23291778564453,4977800,0.0,0.0,0.0,125.87373247119196,126.52326303445858,125.84507821140552,126.14118194580078,8716900,0.0,0.0,0.0,157.65447256435593,158.401411847391,157.20236786891837,157.36944580078125,5500,0.0,0.0,0.0
2023-09-11 00:00:00-04:00,125.99863150341235,126.91108828424811,125.54240311299446,126.63338470458984,1177100,0.0,0.0,0.0,78.58105343518247,78.78993886908482,78.0041274240608,78.41195678710938,5223000,0.0,0.0,0.0,126.08385712623426,127.25872535030179,126.06474943054579,127.01038360595703,7179000,0.0,0.0,0.0,158.57835116290173,159.37443466106637,157.83139677218918,158.9911346435547,5700,0.0,0.0,0.0
2023-09-12 00:00:00-04:00,126.6036174620607,126.86148828541488,125.88951830006707,126.43501281738281,1332700,0.0,0.0,0.0,78.34233988215313,79.43650509281915,78.19313381048593,78.71037292480469,6200100,0.0,0.0,0.0,126.62831970943078,127.1823117215185,125.94058839971304,126.84800720214844,6941700,0.0,0.0,0.0,158.51937349944248,158.7454333851667,158.0574608989256,158.39161682128906,4100,0.0,0.0,0.0
2023-09-13 00:00:00-04:00,126.38543273057867,127.25821648172517,125.83993815682777,126.05813598632812,1260700,0.0,0.0,0.0,78.88940433715419,79.89405027536154,77.82507901671453,77.87481689453125,6953400,0.0,0.0,0.0,126.54234629168556,127.37336348541047,126.50414547324978,126.86711883544922,6430300,0.0,0.0,0.0,158.69626817915247,159.2073398138394,158.22451782226562,158.22451782226562,3500,0.0,0.0,0.0
2023-09-14 00:00:00-04:00,126.16722520969452,126.98050315099903,125.9688676891244,126.53419494628906,1211000,0.0,0.0,0.0,78.17323972602429,78.39207429743846,77.34764691878418,77.79525756835938,5145600,0.0,0.0,0.0,127.58348375681939,127.65988538131465,126.88619140292725,127.26827239990234,6433300,0.0,0.0,0.0,158.5881786010281,159.04028337681206,157.99847932768824,158.43092346191406,3300,0.0,0.0,0.0
2023-09-15 00:00:00-04:00,126.3060754521006,126.69287790930848,125.32419287356171,125.5721435546875,1522600,0.0,0.0,0.0,77.70572633916986,77.90466268815068,76.32309822362797,76.70108032226562,8027900,0.0,0.0,0.0,126.96262823409883,127.56439679281131,126.1793875690957,126.26535034179688,9611900,0.0,0.0,0.0,158.26384965798715,158.93217651844114,157.4186220088893,157.4874267578125,3100,0.0,0.0,0.0
2023-09-18 00:00:00-04:00,125.37378426601259,125.73082628028565,124.02493197438837,124.2232894897461,1042300,0.0,0.0,0.0,76.58171163105278,77.02932978605271,75.18913446372251,75.54722595214844,7252800,0.0,0.0,0.0,126.46675081148328,126.59143832128778,125.59396751222029,126.07351684570312,6559400,0.54,0.0,0.0,158.04761316231009,158.04761316231009,156.30801391601562,156.30801391601562,8000,0.0,0.0,0.0
2023-09-19 00:00:00-04:00,124.02494137891526,124.8183790673649,123.66789177071377,124.67952728271484,1353200,0.0,0.0,0.0,75.6268172970372,75.80586307385559,75.09962906222098,75.58702850341797,7411300,0.0,0.0,0.0,125.86251180246659,126.447562564636,125.33500461777548,126.17901611328125,6252400,0.0,0.0,0.0,156.12128308008832,157.281005859375,156.12128308008832,157.281005859375,3000,0.0,0.0,0.0
2023-09-20 00:00:00-04:00,124.88780972915178,125.05641439311518,123.58855045165555,123.60838317871094,1604300,0.0,0.0,0.0,75.79589944364068,75.81579763110285,73.88608324976077,73.94576263427734,9377400,0.0,0.0,0.0,126.73530016362348,127.09016199541115,126.16943544950675,126.1886215209961,6350700,0.0,0.0,0.0,157.67413519413986,157.67413519413986,155.92471313476562,155.92471313476562,6500,0.0,0.0,0.0
2023-09-21 00:00:00-04:00,123.03313884732187,123.03313884732187,121.66444615743768,122.04133605957031,1521700,0.0,0.0,0.0,73.21964686716895,73.61752718544548,72.43383532553017,73.30916595458984,10706000,0.0,0.0,0.0,125.94884517232369,126.15983341715977,125.0281040039903,125.08564758300781,7979500,0.0,0.0,0.0,155.22690629275672,155.22690629275672,153.3791961669922,153.3791961669922,7100,0.0,0.0,0.0
2023-09-22 00:00:00-04:00,122.17026406210323,122.40829460536044,121.50575803013064,121.55534362792969,1254600,0.0,0.0,0.0,73.55783746929595,73.8264098994422,72.42388353718763,72.57308959960938,10313000,0.0,0.0,0.0,124.92260639825734,125.56520077481557,124.68283172186914,124.82669067382812,7790300,0.0,0.0,0.0,153.6445847845177,153.8608068520102,153.0155792236328,153.0155792236328,5200,0.0,0.0,0.0
2023-09-25 00:00:00-04:00,121.18837698717398,121.41648737572896,120.39493178306404,121.26771545410156,1456300,0.0,0.0,0.0,72.11554000947837,72.16527790023197,71.21036200253188,71.49882507324219,7223200,0.0,0.0,0.0,124.70202807474298,125.54602505362708,124.3567519268903,125.5076675415039,6826300,0.0,0.0,0.0,152.33742400467645,152.73054684214756,152.1015413041888,152.5438232421875,5900,0.0,0.0,0.0
2023-09-26 00:00:00-04:00,121.49910885773956,122.54180960704497,121.25084749612736,121.68778991699219,1708800,0.153,0.0,0.0,72.24483603827198,74.10492204855446,72.18515665031637,72.82176208496094,12772500,0.0,0.0,0.0,124.93217394061149,125.33499358217581,124.34712322995512,124.44303894042969,8200700,0.0,0.0,0.0,152.92711180886482,152.92711180886482,152.1506740174752,152.5536346435547,20600,0.0,0.0,0.0
2023-09-27 00:00:00-04:00,121.92611551956719,122.94895109049195,121.30049963211857,122.25382232666016,1833600,0.0,0.0,0.0,73.40864608084863,74.36355434800097,72.7223026808275,73.5976333618164,9762600,0.0,0.0,0.0,124.67324600524373,124.79791888538185,122.90849326463851,123.81964874267578,9888600,0.0,0.0,0.0,153.35953168938772,153.8214592092659,152.59293176207348,153.36936950683594,4000,0.0,0.0,0.0
2023-09-28 00:00:00-04:00,121.85660933037687,122.36306464401038,121.00258961575399,121.98570251464844,2154400,0.0,0.0,0.0,73.61752454484632,73.61752454484632,72.20504908618216,73.37879180908203,10428800,0.0,0.0,0.0,124.03062731112017,124.76912263264423,124.03062731112017,124.41426086425781,9129000,0.0,0.0,0.0,153.08435602101935,153.66423242386986,152.27844974401867,153.21212768554688,5300,0.0,0.0,0.0
2023-09-29 00:00:00-04:00,122.28361653916203,122.73048396270748,121.26078093426003,121.43952941894531,2077700,0.0,0.0,0.0,74.00546112195934,74.2839750782829,72.42388888578468,72.63277435302734,10415700,0.0,0.0,0.0,124.6828242625877,124.79791141726969,123.28253379699308,123.474365234375,12692700,0.0,0.0,0.0,153.98854853507703,154.12615801614942,153.05487060546875,153.05487060546875,5500,0.0,0.0,0.0
2023-10-02 00:00:00-04:00,121.31042810392707,121.31042810392707,118.8774623601492,119.80099487304688,2635200,0.0,0.0,0.0,72.59298280823141,72.59298280823141,69.97692511486828,70.27533721923828,11773900,0.0,0.0,0.0,123.08112345877508,123.34008417504556,121.86306415524821,123.30171203613281,16035100,0.0,0.0,0.0,152.84848615266802,152.84848615266802,150.79437671453846,151.75755310058594,4100,0.0,0.0,0.0
2023-10-03 00:00:00-04:00,119.0462839882612,119.43357110170007,117.88442264794458,118.49018096923828,2728200,0.0,0.0,0.0,69.93714767432904,70.48423409145003,69.32044035568676,70.1758804321289,11448800,0.0,0.0,0.0,122.69749350725068,122.95644692928299,121.69043697384711,122.2083511352539,11971100,0.0,0.0,0.0,150.9614740357995,151.11871416753226,149.6248354376871,149.9000244140625,8200,0.0,0.0,0.0
2023-10-04 00:00:00-04:00,118.66892135229335,119.46336067639915,117.6957335590805,119.34419250488281,2412400,0.0,0.0,0.0,70.02666898218484,70.22560534281624,68.72361077656139,69.5094223022461,12868500,0.0,0.0,0.0,122.31385223275745,122.89890300693298,121.73839449413916,122.72626495361328,10064300,0.0,0.0,0.0,150.19486101127725,151.35458374023438,149.90001142024087,151.35458374023438,3500,0.0,0.0,0.0
2023-10-05 00:00:00-04:00,119.31441357825592,121.042310557919,118.95691660641728,120.93307495117188,2436700,0.0,0.0,0.0,69.26076151969659,71.99617874922716,69.1712424166927,71.76740264892578,13608900,0.0,0.0,0.0,123.00439484778096,123.61821736338841,122.3042496535785,123.39762878417969,9609700,0.0,0.0,0.0,151.10889349509074,152.31776044398256,150.6076596374221,152.3079376220703,4800,0.0,0.0,0.0
2023-10-06 00:00:00-04:00,120.06913089696909,122.30348319484138,120.06913089696909,121.62821197509766,2244200,0.0,0.0,0.0,71.21035652534538,72.29458023109986,70.8124837856657,71.84696960449219,9677800,0.0,0.0,0.0,123.0523627930689,125.0856472987166,122.9852188612448,124.69241333007812,10692400,0.0,0.0,0.0,151.9737727046831,153.968900191806,151.9737727046831,153.4676513671875,3600,0.0,0.0,0.0
2023-10-09 00:00:00-04:00,120.70467876657794,121.41966513408872,119.53288482001543,121.19126892089844,2049400,0.0,0.0,0.0,71.24020235895807,71.46897842071773,70.07640109341202,71.27999114990234,9387400,0.0,0.0,0.0,124.34714119366282,125.23911059894928,123.84842040425934,125.1240234375,8047600,0.0,0.0,0.0,152.56346111190632,153.05487213204088,151.70841073580795,152.86813354492188,2800,0.0,0.0,0.0
2023-10-10 00:00:00-04:00,120.87350545523127,122.65105789737717,120.6848243764644,122.17439270019531,1880100,0.0,0.0,0.0,70.76275069652218,72.10559025632708,70.58370491595242,71.71765899658203,9503300,0.0,0.0,0.0,125.08566497945675,126.28453849133778,124.65407344211687,125.71867370605469,8154900,0.0,0.0,0.0,152.87797660391405,154.7551703643808,152.76986557591138,154.25392150878906,9400,0.0,0.0,0.0
2023-10-11 00:00:00-04:00,122.45242079549338,123.26671768683083,121.97576326591454,122.77019500732422,2074000,0.0,0.0,0.0,71.86685620698637,72.57309014623742,70.29523317031949,70.94178771972656,9061100,0.0,0.0,0.0,125.87212236057539,126.07352489807867,124.60610501467112,125.16238403320312,9591800,0.0,0.0,0.0,155.18760656342232,156.44561767578125,155.04018924426907,156.44561767578125,3600,0.0,0.0,0.0
2023-10-12 00:00:00-04:00,122.58153103163393,122.62125375823008,120.04926213956074,120.29752349853516,2120600,0.0,0.0,0.0,70.8423179344605,70.95173520598456,68.11685041862341,68.35557556152344,12711400,0.0,0.0,0.0,125.25828969658802,125.49806435938035,123.99227245239618,124.08818817138672,10927700,0.0,0.0,0.0,155.96402359909047,156.06229679983846,153.7624969482422,153.7624969482422,2400,0.0,0.0,0.0
2023-10-13 00:00:00-04:00,120.5259246701731,121.1018852524958,119.86057848452707,120.78411102294922,2558500,0.0,0.0,0.0,68.58435667240832,69.38011732605939,67.94775118506186,69.23091125488281,12892000,0.0,0.0,0.0,124.54857741003107,125.58440592555449,124.16494372340183,124.86508178710938,11383800,0.0,0.0,0.0,154.46031940933287,154.46031940933287,153.82147606876904,154.135986328125,4500,0.0,0.0,0.0
2023-10-16 00:00:00-04:00,120.60536818784696,121.98570077230043,120.03933257822457,121.449462890625,2667700,0.0,0.0,0.0,69.24086030655737,70.50412218532945,68.34563146899573,69.83767700195312,9651200,0.0,0.0,0.0,125.3638002009677,126.52430145739675,125.25829875632097,125.80497741699219,10545000,0.0,0.0,0.0,153.78216631158193,154.47013874254233,152.87797183136627,154.16546630859375,4500,0.0,0.0,0.0
2023-10-17 00:00:00-04:00,120.76425263685377,122.00555939648237,120.76425263685377,121.29056549072266,2082000,0.0,0.0,0.0,69.33037606175228,71.09099395577817,69.22095878748239,69.92720031738281,9660100,0.0,0.0,0.0,125.20074857663239,126.3229070302181,125.10484747923357,125.63235473632812,9149900,0.0,0.0,0.0,153.60524396922625,153.87061010861922,153.27108808801944,153.61508178710938,5600,0.0,0.0,0.0
2023-10-18 00:00:00-04:00,120.42661566356021,120.64508686983153,118.53983541231233,118.73844146728516,2197800,0.0,0.0,0.0,69.56910805820415,69.59894775288056,67.87811866683072,68.12679290771484,9369300,0.0,0.0,0.0,125.80495819612864,126.15981998541213,124.31835247948368,124.53895568847656,10085700,0.0,0.0,0.0,152.7502019820559,152.7502019820559,150.50936889648438,150.50936889648438,4100,0.0,0.0,0.0
2023-10-19 00:00:00-04:00,118.82782231614408,118.82782231614408,116.52394959629297,116.79207611083984,4005300,0.0,0.0,0.0,68.16658082024531,68.28594718635135,66.555176616959,66.73421478271484,12490800,0.0,0.0,0.0,124.37591056531501,124.51019843064081,122.54403588022788,123.31132507324219,15492500,0.0,0.0,0.0,150.4897140598932,150.4897140598932,147.7574698414745,147.81643676757812,30700,0.0,0.0,0.0
2023-10-20 00:00:00-04:00,116.81193305251136,117.516994409812,116.16645957386204,116.35513305664062,2559300,0.0,0.0,0.0,66.78395142164065,67.53992321502415,66.2269235680609,66.56511688232422,9210200,0.0,0.0,0.0,123.0619487411978,123.7045430977739,122.80298800103942,122.82217407226562,12296800,0.0,0.0,0.0,147.777121399108,148.2685324153332,147.30537102260055,147.37416076660156,12100,0.0,0.0,0.0
2023-10-23 00:00:00-04:00,115.987708933609,116.17638241287891,115.05424380756448,115.21312713623047,2852800,0.0,0.0,0.0,65.86882572451646,66.18712840862582,65.03327643564526,65.11285400390625,10621800,0.0,0.0,0.0,122.73584496974541,123.14825032951246,121.93979140180615,122.05488586425781,12344200,0.0,0.0,0.0,147.21690217144499,147.4921061309831,146.145629780532,146.75498962402344,13000,0.0,0.0,0.0
2023-10-24 00:00:00-04:00,115.67985487379936,116.93109418131719,115.56069427635434,116.53387451171875,2177200,0.0,0.0,0.0,65.69973663220448,66.9729475149269,65.69973663220448,66.73421478271484,8836600,0.0,0.0,0.0,121.66166558103207,122.81258838257968,121.66166558103207,122.42894744873047,9375900,0.0,0.0,0.0,147.3938235915635,148.34716217690837,147.3938235915635,148.18008422851562,3900,0.0,0.0,0.0
2023-10-25 00:00:00-04:00,115.65008107551354,115.71959395929615,113.70371275326428,114.3094711303711,2915100,0.0,0.0,0.0,65.94840950548706,66.21697433749996,65.11286013790243,65.15264892578125,7727800,0.0,0.0,0.0,121.87267185037973,122.24671975901768,120.43402379643616,121.33557891845703,11427000,0.0,0.0,0.0,145.63455969200845,145.90976365448572,144.6320920294421,145.00555419921875,10800,0.0,0.0,0.0
2023-10-26 00:00:00-04:00,114.25979529881042,114.88541871680806,113.7632726248871,114.24987030029297,2480400,0.0,0.0,0.0,65.24216541560897,66.2866001863745,64.8641833291753,65.82904052734375,10562700,0.0,0.0,0.0,120.3381056950616,121.23966074445214,120.04078746274847,120.1366958618164,14699100,0.0,0.0,0.0,144.96625800592133,145.467491872088,144.36673593226715,144.8778076171875,8000,0.0,0.0,0.0
2023-10-27 00:00:00-04:00,114.32930412022843,114.35910184372949,111.37003333121883,111.62822723388672,2862200,0.0,0.0,0.0,66.0478799405586,66.0478799405586,63.71034359247955,63.779972076416016,14361300,0.0,0.0,0.0,119.8010175452306,119.95446952634084,117.57590162172426,118.10340881347656,13566100,0.0,0.0,0.0,145.0448903032537,145.0448903032537,141.3101632470418,141.45758056640625,9500,0.0,0.0,0.0
2023-10-30 00:00:00-04:00,112.4425406395251,112.90926564106417,111.5587232109171,112.24392700195312,1858800,0.0,0.0,0.0,64.38673961090343,65.4013272032904,64.25742414506547,64.84429931640625,9575600,0.0,0.0,0.0,118.71723226404973,119.12964498505957,117.8636350326897,118.76519012451172,15224500,0.0,0.0,0.0,142.21434583671797,142.90231826368057,141.45756866872205,142.03744506835938,12000,0.0,0.0,0.0
2023-10-31 00:00:00-04:00,111.48922167952419,112.99865517336305,111.05228678506461,112.88941955566406,2180900,0.0,0.0,0.0,64.10822460882027,66.02799030188405,63.461673775045746,65.87879180908203,16209700,0.0,0.0,0.0,119.18719098938085,119.59960371878392,118.49664607913267,119.44615173339844,13917400,0.0,0.0,0.0,140.06196908188252,141.8998565673828,140.06196908188252,141.8998565673828,9300,0.0,0.0,0.0
2023-11-01 00:00:00-04:00,112.90925938958195,114.58750854655095,112.43260183847164,114.40876007080078,2103600,0.0,0.0,0.0,66.11751122809245,67.29125399917444,65.75941969868194,67.24151611328125,13408500,0.0,0.0,0.0,119.30229212586336,120.28057694200503,119.09128923150564,119.69552612304688,13802600,0.0,0.0,0.0,142.07676058908123,144.2193205685576,141.59518735723285,144.08172607421875,9100,0.0,0.0,0.0
2023-11-02 00:00:00-04:00,114.96486761359043,116.2756872954232,114.20022595599441,116.007568359375,2598000,0.0,0.0,0.0,68.00743515806029,68.39536637259465,67.56976605902227,67.89801788330078,12267900,0.0,0.0,0.0,120.1558801934029,121.70002963731777,119.83937587617613,121.59452819824219,11894000,0.0,0.0,0.0,143.81634862781178,146.10632574422897,143.81634862781178,145.9982147216797,12300,0.0,0.0,0.0
2023-11-03 00:00:00-04:00,117.21907973254314,119.62224777827376,117.21907973254314,118.9569091796875,2513300,0.0,0.0,0.0,69.09165304834399,71.69776193314844,68.98223577069223,71.08104705810547,21082600,0.0,0.0,0.0,122.4289426106045,122.95644247112708,121.99734383307666,122.19876098632812,11635600,0.0,0.0,0.0,147.8852384585697,149.92951016910558,147.8852384585697,149.14324951171875,12800,0.0,0.0,0.0
2023-11-06 00:00:00-05:00,119.62224479324372,120.03932203183028,118.26176990394767,118.57955169677734,1730900,0.0,0.0,0.0,71.38939898927487,71.59829203355424,69.34032563681583,69.5094223022461,11110600,0.0,0.0,0.0,122.71667405818988,123.20582375469213,122.21794596064763,123.01399230957031,8425100,0.0,0.0,0.0,150.50937623377018,150.50937623377018,149.09411000616817,149.536376953125,10900,0.0,0.0,0.0
2023-11-07 00:00:00-05:00,118.10290381842213,119.61232967295636,117.83478486201462,119.46337890625,2632700,0.0,0.0,0.0,69.74815449083664,71.24019995059463,69.24085690961695,71.1407241821289,12723200,0.0,0.0,0.0,122.96604568163099,123.39763715184777,122.63994833209703,123.1003189086914,8241900,0.0,0.0,0.0,149.18254773341502,150.55850755864597,149.05479106862506,150.381591796875,6100,0.0,0.0,0.0
2023-11-08 00:00:00-05:00,119.26474980080029,119.30447252555287,116.99067494897736,117.65602111816406,2607200,0.0,0.0,0.0,71.10093739547159,71.29987373890243,68.77334271486839,69.06180572509766,11677800,0.0,0.0,0.0,123.61823321719409,123.61823321719409,122.17958513973367,122.92768096923828,10021100,0.0,0.0,0.0,150.16535950010783,150.16535950010783,147.72796525736305,148.25869750976562,14100,0.0,0.0,0.0
2023-11-09 00:00:00-05:00,117.85463156503074,117.91421186621616,113.97182030929363,114.18036651611328,2322200,0.0,0.0,0.0,69.6685710023441,69.70835978856836,66.03792584043084,66.23686218261719,12529200,0.0,0.0,0.0,122.81259620270023,122.95645515937952,120.27098308612142,120.38607025146484,13905500,0.0,0.0,0.0,148.76978725564356,148.76978725564356,144.10138194244243,144.29795837402344,12100,0.0,0.0,0.0
2023-11-10 00:00:00-05:00,114.44849570896908,114.91522831366193,112.77024636264863,114.72654724121094,2001900,0.0,0.0,0.0,66.6347518655734,66.82374672959334,65.15265541687036,66.59496307373047,10564700,0.0,0.0,0.0,120.8464237944792,121.27801523823712,119.50368428885,121.10537719726562,10401300,0.0,0.0,0.0,144.00309635360128,145.3888640984836,143.06941837049834,145.18247985839844,11700,0.0,0.0,0.0
2023-11-13 00:00:00-05:00,114.2101572535002,114.64709209166374,113.04828834006761,114.61730194091797,1866500,0.0,0.0,0.0,66.00809076369887,66.92321014404297,64.6453531987327,66.92321014404297,11836700,0.0,0.0,0.0,121.23007660879942,122.04530903673547,120.52993134125667,121.80553436279297,11373800,0.0,0.0,0.0,144.47483014508646,144.7598419189453,143.59029636735724,144.7598419189453,9700,0.0,0.0,0.0
2023-11-14 00:00:00-05:00,116.58353342465385,117.81490761986974,116.54381069882943,117.0899887084961,2894400,0.0,0.0,0.0,69.32044204015352,70.59365309027967,69.26075505478504,70.53397369384766,18577900,0.0,0.0,0.0,122.50567564281238,123.44559555370351,122.19876436284953,122.63035583496094,11216900,0.0,0.0,0.0,147.04001820694336,148.2882065003978,147.04001820694336,147.5216064453125,8500,0.0,0.0,0.0
2023-11-15 00:00:00-05:00,117.17935444319963,118.7285028063266,116.95095067298567,117.20914459228516,2556000,0.0,0.0,0.0,70.48422864596661,72.9311823073459,70.23555440083942,70.72295379638672,15130200,0.0,0.0,0.0,122.71667191805604,123.21540732424279,122.41935367186072,122.72626495361328,9262700,0.0,0.0,0.0,147.54123797789836,148.8680537137697,147.54123797789836,147.94419860839844,8200,0.0,0.0,0.0
2023-11-16 00:00:00-05:00,117.42762691601916,117.844704195413,115.88840340582459,116.21611022949219,1938700,0.0,0.0,0.0,70.93182974139062,71.11087547743395,68.95238514047546,69.75808715820312,11621000,0.0,0.0,0.0,123.09072389772675,123.51272966814044,122.62076758262029,123.25376892089844,7665900,0.0,0.0,0.0,148.19972861141144,148.19972861141144,146.44048376074184,146.49945068359375,9600,0.0,0.0,0.0
2023-11-17 00:00:00-05:00,116.65305533123734,117.42762960393752,116.26576819488724,117.27867126464844,1624400,0.0,0.0,0.0,70.37481378020205,72.49351568920036,70.086350735307,72.27468872070312,13854700,0.0,0.0,0.0,123.51271561467857,123.71413275843476,122.63034666543119,123.00439453125,6766100,0.0,0.0,0.0,147.5903801338551,147.5903801338551,146.52893055847923,147.13829040527344,7500,0.0,0.0,0.0
2023-11-20 00:00:00-05:00,117.2091467476162,118.43059591692838,117.03039827348113,118.09295654296875,1319700,0.0,0.0,0.0,72.41394498884684,74.11487595647255,72.055853459985,73.10028076171875,10967900,0.0,0.0,0.0,122.52486484624727,124.02105654900402,122.43854947140025,123.75251007080078,6910000,0.0,0.0,0.0,147.26605554095332,148.4945831298828,147.26605554095332,148.4945831298828,17700,0.0,0.0,0.0
2023-11-21 00:00:00-05:00,117.81488990234969,118.28162239017824,117.12968624350913,117.14955139160156,1349600,0.0,0.0,0.0,72.45372110401513,73.04059624192209,71.59828872172027,71.61817932128906,9993900,0.0,0.0,0.0,124.17449745029133,124.74996246665565,124.02103816130307,124.5005874633789,8373000,0.0,0.0,0.0,147.96386060703472,148.50441572649066,147.27588818076086,147.41348266601562,9000,0.0,0.0,0.0
2023-11-22 00:00:00-05:00,117.92414592489312,118.58948455094887,117.42762320520937,117.89435577392578,1241300,0.0,0.0,0.0,72.52335770044729,73.01075707723652,71.67785922840615,72.4139404296875,7312600,0.0,0.0,0.0,124.91300603358971,125.39255533013879,124.749961028925,125.09522247314453,6737700,0.0,0.0,0.0,148.75012728893896,148.84840049859204,147.659194184069,148.22923278808594,10300,0.0,0.0,0.0
2023-11-24 00:00:00-05:00,117.87448599626687,118.87746397203894,117.87448599626687,118.52989959716797,534500,0.0,0.0,0.0,72.39404805512577,74.13476784382281,72.39404805512577,73.2693862915039,4723000,0.0,0.0,0.0,125.34461105305756,125.79538861142441,125.33501069988931,125.76661682128906,3708800,0.0,0.0,0.0,148.23905458957088,148.79925537109375,148.23905458957088,148.79925537109375,7900,0.0,0.0,0.0
2023-11-27 00:00:00-05:00,118.1227463672444,118.29156984192676,117.23893657432622,117.74539184570312,1713900,0.0,0.0,0.0,73.03065445137071,73.11023203547506,71.6082373884836,72.84166717529297,7398700,0.0,0.0,0.0,125.4980621439467,125.92005324987717,124.74996638001558,124.98014068603516,10530200,0.0,0.0,0.0,148.09161377784375,148.09161377784375,147.3250138071405,147.44296264648438,16000,0.0,0.0,0.0
2023-11-28 00:00:00-05:00,117.27867332323986,117.5467998539338,116.46437630734685,117.38790893554688,1207200,0.0,0.0,0.0,72.56314549953582,72.78198006095853,71.71765453953218,72.6427230834961,8702600,0.0,0.0,0.0,124.75955304606764,125.03768521284974,124.25123193683274,124.3375473022461,6261300,0.0,0.0,0.0,146.58790399696107,147.25623079487664,145.96873629796994,146.73533630371094,21900,0.0,0.0,0.0
2023-11-29 00:00:00-05:00,117.87449180175591,119.39385770331165,117.70567589369489,118.51004028320312,1804100,0.0,0.0,0.0,73.24948855816321,74.98025926253302,73.0604936943234,73.4583740234375,10526700,0.0,0.0,0.0,124.20329240044487,125.0473040125976,124.14574881501373,124.37592315673828,6979000,0.0,0.0,0.0,146.7844771390467,148.6518330095884,146.7844771390467,148.0621337890625,14600,0.0,0.0,0.0
2023-11-30 00:00:00-05:00,119.3442051536525,121.05224457807316,119.31441500169981,120.0889892578125,1881500,0.0,0.0,0.0,75.21899023696335,76.78066423098282,74.80121172734512,75.11951446533203,13445600,0.0,0.0,0.0,124.47182730072473,126.01597678300774,124.04023581548586,125.93924713134766,7743100,0.0,0.0,0.0,148.7009781335433,149.09410095214844,148.03265134590546,149.09410095214844,8100,0.0,0.0,0.0
2023-12-01 00:00:00-05:00,119.86058003194843,121.77715800948893,119.1157959615519,121.74736785888672,1645800,0.0,0.0,0.0,75.13940987816613,77.42720835135012,73.80651199471492,77.41726684570312,12766900,0.0,0.0,0.0,125.76662968103062,126.5722691565673,125.67071394764884,126.43799591064453,9370900,0.0,0.0,0.0,148.6321772517247,151.01060485839844,148.2587150633542,151.01060485839844,11100,0.0,0.0,0.0
2023-12-04 00:00:00-05:00,121.28062868947464,122.7205490262736,120.99264462211485,122.53186798095703,1604700,0.0,0.0,0.0,77.22828177623887,78.95905259501303,76.80056172223264,78.77006530761719,12907000,0.0,0.0,0.0,126.10229219289383,126.91753193669022,126.06393468439401,126.6777572631836,6943900,0.0,0.0,0.0,150.84353558649565,151.6494569276166,149.98848513645186,151.41357421875,19000,0.0,0.0,0.0
2023-12-05 00:00:00-05:00,121.70764108283706,122.37298725493355,121.24090853537201,122.04528045654297,1548100,0.0,0.0,0.0,77.9942022271077,79.0187390123926,77.48690458788265,78.38213348388672,10916000,0.0,0.0,0.0,126.41878612786842,126.71610435703084,125.72823395415026,126.51470184326172,6581000,0.0,0.0,0.0,149.99829170128643,150.99095153808594,149.9196641401863,150.99095153808594,10300,0.0,0.0,0.0
2023-12-06 00:00:00-05:00,122.38292053667111,123.94200160795337,121.92612053360563,122.99861145019531,1314800,0.0,0.0,0.0,78.909316745079,80.22231651336486,78.17323548319351,79.11820220947266,11062900,0.0,0.0,0.0,126.79283441154477,127.0326090661183,126.36124296024913,126.61060333251953,6210400,0.0,0.0,0.0,151.02043560494894,152.80916388796484,150.833697021171,151.67892456054688,17700,0.0,0.0,0.0
2023-12-07 00:00:00-05:00,123.1276982424383,124.00158305193607,122.41270433515292,123.87248229980469,1553800,0.0,0.0,0.0,79.54591592343195,80.37151620930862,79.13808653320295,80.0929946899414,10164700,0.0,0.0,0.0,126.6298069590752,126.93672558412985,125.88171110386138,126.4571762084961,6396700,0.0,0.0,0.0,152.1998260379109,152.57330322265625,150.89267088797675,152.57330322265625,14900,0.0,0.0,0.0
2023-12-08 00:00:00-05:00,123.4355479665788,124.19025702610973,122.77020178131421,123.01846313476562,1282900,0.0,0.0,0.0,79.7846480376264,80.69976748585455,78.7999001007056,78.89936828613281,9324800,0.0,0.0,0.0,126.54345673964316,126.96546241554995,125.91044822578297,126.66814422607422,6007600,0.0,0.0,0.0,151.95410538143958,152.50448328517143,151.2661330017748,151.31527709960938,9800,0.0,0.0,0.0
2023-12-11 00:00:00-05:00,123.09791071081091,123.961862963214,122.70069102316573,123.90227508544922,1640200,0.0,0.0,0.0,78.7700547971029,78.82973418632402,77.09896359849154,78.44180297851562,9709000,0.0,0.0,0.0,127.34911943678537,127.74235340135465,126.72571115905103,127.50257873535156,9016800,0.0,0.0,0.0,151.7378850716202,153.04504010616546,151.7378850716202,153.03521728515625,32400,0.0,0.0,0.0
2023-12-12 00:00:00-05:00,124.81588801943704,125.55073954863435,123.32631980881953,125.25282287597656,1687200,0.0,0.0,0.0,78.49154084941993,79.8144820401986,77.36752842636753,79.65533447265625,8504800,0.0,0.0,0.0,127.68480783602587,128.23148645596967,127.08057100400231,128.04925537109375,6779000,0.0,0.0,0.0,153.8018254298177,154.59790887752936,152.89763095854804,154.35220336914062,13200,0.0,0.0,0.0
2023-12-13 00:00:00-05:00,125.92810022751296,130.7046467641755,125.68977142359358,130.48617553710938,3413000,0.0,0.0,0.0,79.67522475125071,83.58438409647253,79.55586597330947,83.50480651855469,15700900,0.0,0.0,0.0,127.50257786845854,130.44700313692147,127.32993250007436,130.4086456298828,9074300,0.0,0.0,0.0,154.69619316122518,160.06240844726562,154.69619316122518,160.06240844726562,7300,0.0,0.0,0.0
2023-12-14 00:00:00-05:00,131.43947989691273,132.69071155215443,131.03232767679353,131.82676696777344,2889200,0.0,0.0,0.0,84.81779461133935,85.36488089861666,83.6241614613782,85.02668762207031,17650000,0.0,0.0,0.0,130.84980517530215,130.9265348137186,129.2864845259484,129.77561950683594,10098700,0.0,0.0,0.0,161.73318883805197,163.38433762610748,161.02555578555302,161.43833923339844,15900,0.0,0.0,0.0
2023-12-15 00:00:00-05:00,132.07505742598653,132.95886735453473,130.2677072616113,130.86354064941406,2525800,0.0,0.0,0.0,85.40468360631063,86.32975210447849,84.22099176754321,85.26542663574219,10971400,0.0,0.0,0.0,129.1714044974656,129.42077952297285,128.19313437099512,128.6726837158203,8296600,0.0,0.0,0.0,161.73319774028684,161.73319774028684,159.37443076657334,159.6299591064453,13100,0.0,0.0,0.0
2023-12-18 00:00:00-05:00,131.19121702886957,131.19121702886957,129.45338772949907,129.9201202392578,1181500,0.0,0.0,0.0,84.87146700463849,85.23956777590617,83.48861281742569,83.92635345458984,8192600,0.014,0.0,0.0,129.15246982502745,129.28734426390838,128.54552749995767,128.88272094726562,5944300,0.598,0.0,0.0,159.8994556182431,160.33380648074035,158.7346192713629,158.8530731201172,22400,0.713,0.0,0.0
2023-12-19 00:00:00-05:00,130.5060372252155,132.23394184267735,130.35708646193075,131.99560546875,1401800,0.0,0.0,0.0,84.7321862313786,86.26427085244573,84.57301264993289,86.05535125732422,9867400,0.0,0.0,0.0,129.04646794363128,129.8171851554679,128.84416367940167,129.74974060058594,6358200,0.0,0.0,0.0,159.52434931169648,161.1728973388672,159.3664008022816,161.1728973388672,7600,0.0,0.0,0.0
2023-12-20 00:00:00-05:00,130.99564396688177,131.01552766584683,128.0733772253913,128.1031951904297,1692300,0.124,0.0,0.0,85.6573878815929,85.85636430422166,82.15548633524537,82.23507690429688,12235300,0.0,0.0,0.0,129.67269430222288,129.74975280046473,127.86151088913932,127.87113952636719,7299000,0.0,0.0,0.0,159.98829660988852,159.98829660988852,156.3654227263572,156.44439697265625,76100,0.0,0.0,0.0
2023-12-21 00:00:00-05:00,129.02758049656708,130.28992994250999,129.02758049656708,130.12095642089844,1268300,0.0,0.0,0.0,83.67762997037268,84.73217857141726,83.31947995677727,84.23474884033203,9554800,0.0,0.0,0.0,128.64181944218996,129.52813891660426,128.3431700725749,129.4318084716797,5606800,0.0,0.0,0.0,158.18180597484178,159.03076032470094,157.82642938506825,158.9813995361328,12300,0.0,0.0,0.0
2023-12-22 00:00:00-05:00,130.94598155541868,133.45078208027715,130.94598155541868,132.9637451171875,1665200,0.0,0.0,0.0,85.75687251363713,87.77644335998582,85.55790368068207,87.1695785522461,13208600,0.0,0.0,0.0,129.74976673930817,130.4819548531495,129.5570910725856,130.07733154296875,5355100,0.0,0.0,0.0,159.83036526210202,161.82440870956174,159.83036526210202,161.29135131835938,12600,0.0,0.0,0.0
2023-12-26 00:00:00-05:00,133.589933054059,134.51433560882907,132.90410458888076,134.2161407470703,1292900,0.0,0.0,0.0,88.34351880540437,89.41796120163357,87.68690795032128,89.0001220703125,10117500,0.0,0.0,0.0,129.97133839462933,130.71314033621658,129.80756336725779,130.3663330078125,3688600,0.0,0.0,0.0,161.49866223045623,162.4364570381597,160.98533710072837,162.23902893066406,14500,0.0,0.0,0.0
2023-12-27 00:00:00-05:00,135.05107199612684,136.09474641163553,134.4845154182807,136.0351104736328,1842800,0.0,0.0,0.0,89.89549774419619,90.53220716539818,89.09960717260621,90.36308288574219,10041600,0.0,0.0,0.0,130.2218222142934,131.00216814532888,130.1929216020484,130.91546630859375,5444100,0.0,0.0,0.0,163.17681401283863,164.11460876464844,162.77207662577607,164.11460876464844,8800,0.0,0.0,0.0
2023-12-28 00:00:00-05:00,135.84624028417352,137.01913589816715,135.6772667536561,136.20407104492188,1747200,0.0,0.0,0.0,90.53220879115159,91.54696207748523,89.56719392257612,90.39292907714844,10621300,0.0,0.0,0.0,131.02143543938737,131.69580753469532,131.00216346517595,131.25265502929688,5800200,0.0,0.0,0.0,164.09486541513257,165.19060869521365,163.9764115673828,164.26268005371094,18800,0.0,0.0,0.0
2023-12-29 00:00:00-05:00,136.23388736363515,136.23388736363515,134.78269580529624,135.03118896484375,1041100,0.0,0.0,0.0,90.25365835171426,90.27355220276378,88.80116433947059,88.83100891113281,9038400,0.0,0.0,0.0,131.2526682919192,131.6187476376722,130.84804499384865,131.38754272460938,5590000,0.0,0.0,0.0,163.98626958372182,164.0948572930506,162.84118063228834,163.18667602539062,15300,0.0,0.0,0.0
2024-01-02 00:00:00-05:00,134.11671961093595,138.21189715768588,133.83840848803683,137.23780822753906,2308800,0.0,0.0,0.0,87.97543169160973,91.25847129423461,87.46805118789291,89.76618194580078,11785600,0.0,0.0,0.0,131.0599445428175,133.95976615723362,130.99251469375568,133.69964599609375,11785900,0.0,0.0,0.0,162.41670991455376,167.8164522599417,162.41670991455376,167.15505981445312,24500,0.0,0.0,0.0
2024-01-03 00:00:00-05:00,136.92964426024835,137.0290475756105,134.58386858577725,135.10073852539062,2103300,0.0,0.0,0.0,89.10956516775896,89.30853403181456,87.15964145734661,87.7466049194336,11249900,0.0,0.0,0.0,134.142831827676,134.42220929879207,133.3143133509818,133.47808837890625,9585000,0.0,0.0,0.0,166.4936474062982,167.13529244523892,165.02278031376986,165.09188842773438,7400,0.0,0.0,0.0
2024-01-04 00:00:00-05:00,135.5281700327605,136.31340171310575,134.99141633551642,135.6971435546875,1635300,0.0,0.0,0.0,88.1146997703414,89.6368334900123,87.66701606108825,88.99017333984375,9405400,0.0,0.0,0.0,133.89234595324913,134.87501086273633,133.66114105704716,134.14283752441406,11649200,0.0,0.0,0.0,165.20049270313828,166.266607476631,164.99318340324876,165.92111206054688,9600,0.0,0.0,0.0
2024-01-05 00:00:00-05:00,135.1206375003842,136.00527250659644,133.4308871158776,135.29954528808594,2250700,0.0,0.0,0.0,88.02517314367964,89.06977107933687,86.51298243181049,88.84095764160156,11413500,0.0,0.0,0.0,133.83454603090863,134.58599135129302,133.45882337071646,134.0272216796875,9437700,0.0,0.0,0.0,165.26958563192662,166.41468972143252,164.26268272130596,165.8026580810547,14500,0.0,0.0,0.0
2024-01-08 00:00:00-05:00,134.28569957535422,138.5697189030837,133.71912793332822,138.54983520507812,1968300,0.0,0.0,0.0,87.99532780623522,93.01937177790376,87.07010808280516,92.93978118896484,21270500,0.0,0.0,0.0,134.0657337787633,135.2410740673543,133.51659287498603,135.21217346191406,7999400,0.0,0.0,0.0,164.90433208559622,168.4087371826172,164.43050165513975,168.4087371826172,28300,0.0,0.0,0.0
2024-01-09 00:00:00-05:00,137.46642765775877,138.6492575992947,136.81040203469888,138.10256958007812,2056400,0.0,0.0,0.0,92.00460535140829,93.83514309763093,91.52706947533811,93.11884307861328,12928500,0.0,0.0,0.0,135.06768634347787,136.3779013211124,134.74976491138167,135.19293212890625,9201300,0.0,0.0,0.0,167.7868328517244,168.8529626711355,167.30312120150685,168.16195678710938,11100,0.0,0.0,0.0
2024-01-10 00:00:00-05:00,138.11248689208668,138.11248689208668,135.9953356111277,137.1284637451172,1864400,0.0,0.0,0.0,93.25811547808063,93.79534045019663,91.06942789405954,92.05433654785156,13334500,0.0,0.0,0.0,135.26999636355237,135.9732690423798,134.75939931862456,135.8094940185547,9773300,0.0,0.0,0.0,167.12543912708844,167.4709345350094,165.417664227849,166.6713409423828,12500,0.0,0.0,0.0
2024-01-11 00:00:00-05:00,136.69111928869987,136.69111928869987,134.63358868011528,136.0549774169922,1627800,0.0,0.0,0.0,91.02964795999084,91.20872298089621,88.83100928620452,90.00494384765625,16280100,0.0,0.0,0.0,135.63606158002298,135.86728113682904,134.87498776003957,135.713134765625,7182300,0.0,0.0,0.0,165.101767554295,166.3455781383746,164.71677748807048,166.12840270996094,12600,0.0,0.0,0.0
2024-01-12 00:00:00-05:00,136.5917274670636,138.09262079338228,136.02517091127146,136.30348205566406,1329500,0.0,0.0,0.0,90.66154188751416,92.15383111093088,89.72637913549235,89.95519256591797,10300800,0.0,0.0,0.0,135.3374478682187,135.9925627685165,134.92319592408333,135.37599182128906,8026400,0.0,0.0,0.0,166.54301777439468,167.974390294778,165.96058455809128,166.21725463867188,16500,0.0,0.0,0.0
2024-01-16 00:00:00-05:00,135.35919569090592,135.39896309252623,134.03722534001753,135.11070251464844,2223200,0.0,0.0,0.0,89.12945477677154,89.17920078550603,87.78639603286803,88.60218048095703,10901000,0.0,0.0,0.0,135.03877923257667,135.22182623317505,134.35477851479288,134.56671142578125,7426900,0.0,0.0,0.0,166.03956320304525,166.03956320304525,164.04550474196867,165.04254150390625,15800,0.0,0.0,0.0
2024-01-17 00:00:00-05:00,134.236009982882,134.40498351407746,133.08299806397505,134.20619201660156,1163100,0.0,0.0,0.0,87.55758166907447,88.02516682152769,86.67215737236842,87.88587951660156,9087000,0.0,0.0,0.0,134.34510861003074,134.96167934788872,133.92121347146474,134.29693603515625,8337200,0.0,0.0,0.0,163.84806976775528,164.01588439941406,162.7424604002161,164.01588439941406,26500,0.0,0.0,0.0
2024-01-18 00:00:00-05:00,133.99745637089362,134.04715803892768,132.62576920061593,133.73902893066406,1613900,0.0,0.0,0.0,88.32361666454068,88.32361666454068,85.66734387774781,86.61245727539062,11942200,0.0,0.0,0.0,133.1408835410528,134.40292577143805,132.4857834856681,134.27769470214844,8929300,0.0,0.0,0.0,164.1244724422379,164.5193436905863,162.03170754578403,164.1343536376953,15600,0.0,0.0,0.0
2024-01-19 00:00:00-05:00,133.73902664351365,134.663413952496,132.64565063274156,134.36521911621094,1332900,0.0,0.0,0.0,86.86116650828237,87.11983206181726,85.55790320231226,86.60250854492188,13253000,0.0,0.0,0.0,134.3547821044922,134.70160414115324,133.61296544548202,134.3547821044922,8842000,0.0,0.0,0.0,163.7197445709171,165.37815856933594,162.93001716380448,165.37815856933594,7400,0.0,0.0,0.0
2024-01-22 00:00:00-05:00,133.7589073747177,135.28961858900217,133.58991867667896,134.8025665283203,1823700,0.0,0.0,0.0,87.23923776400072,88.75142096451502,86.88108771305698,88.55245208740234,10794700,0.0,0.0,0.0,134.47039126346897,135.29890979795624,134.1331978470273,134.9424591064453,7831400,0.0,0.0,0.0,164.04549370482079,164.83522111711534,164.0356275724312,164.52920532226562,12300,0.0,0.0,0.0
2024-01-23 00:00:00-05:00,135.02124641017878,135.5977523897166,134.20619669208708,135.53811645507812,1125300,0.0,0.0,0.0,89.43787057170552,89.88555431065363,87.2989211285826,88.77131652832031,9311300,0.0,0.0,0.0,134.76902666065445,134.9328016829063,133.88270699306338,134.84609985351562,6407400,0.0,0.0,0.0,165.09190427322747,165.44728088378906,164.2034552154241,165.44728088378906,7100,0.0,0.0,0.0
2024-01-24 00:00:00-05:00,136.18420491630565,136.18420491630565,133.90801392704088,133.98753356933594,1959900,0.0,0.0,0.0,89.79600958800039,89.94524001274276,87.22927057099065,87.2690658569336,11295900,0.0,0.0,0.0,135.20253774626437,135.53008775985117,133.59367358519228,133.61294555664062,9104900,0.0,0.0,0.0,164.9931834805763,164.9931834805763,163.58155822753906,163.58155822753906,3600,0.0,0.0,0.0
2024-01-25 00:00:00-05:00,134.6733551167347,135.69714569722186,134.09684917980104,134.8721466064453,2536200,0.0,0.0,0.0,88.18433891653247,89.06976319848965,87.60731862779012,88.04505920410156,10104700,0.0,0.0,0.0,133.14088046762262,133.43952988010736,132.18713101487555,133.41062927246094,10050200,0.0,0.0,0.0,164.48973402110255,165.41766264761156,163.7690996248061,164.94381713867188,11100,0.0,0.0,0.0
2024-01-26 00:00:00-05:00,135.060999201035,135.92575049338816,134.50437698219537,134.53419494628906,2099900,0.0,0.0,0.0,88.48279066309098,89.26873043949595,87.50782518636066,87.78638458251953,8264800,0.0,0.0,0.0,134.3355127052098,134.45111515290967,133.83454426482774,134.17173767089844,5759100,0.0,0.0,0.0,165.63481480226378,165.63481480226378,164.63779316935987,164.6476593017578,11900,0.0,0.0,0.0
2024-01-29 00:00:00-05:00,134.53421488539556,136.71100242094357,133.8185533074438,136.66131591796875,1490400,0.0,0.0,0.0,87.71674420220862,90.47250876217727,86.82136929842504,90.3332290649414,11009000,0.0,0.0,0.0,134.29697010535648,135.12548862268682,134.2102682687103,135.11585998535156,6229600,0.0,0.0,0.0,164.14420981153194,166.43441772460938,164.14420981153194,166.43441772460938,6400,0.0,0.0,0.0
2024-01-30 00:00:00-05:00,136.0549849978525,136.21400909952615,134.9317910184968,135.7567901611328,2035900,0.0,0.0,0.0,89.9153838016253,89.93528523878682,87.73664702324865,88.31365966796875,10848600,0.0,0.0,0.0,135.33741677640026,135.66498150140137,134.69194536276325,135.42413330078125,5940300,0.0,0.0,0.0,165.75328588322193,165.9803274337386,164.42061991490706,165.83226013183594,19900,0.0,0.0,0.0
2024-01-31 00:00:00-05:00,135.54806450449908,135.8661430773394,133.42096334079818,133.570068359375,1868900,0.0,0.0,0.0,88.1246501657196,89.7263744558639,86.98056030273438,86.98056030273438,15669600,0.0,0.0,0.0,136.45498932062577,136.56096314281913,135.2122187696412,135.24111938476562,10223100,0.0,0.0,0.0,165.3485635256119,165.3485635256119,163.37425231933594,163.37425231933594,4200,0.0,0.0,0.0
2024-02-01 00:00:00-05:00,133.8185562293054,135.6673461515781,133.02337499568324,135.4287872314453,2173000,0.0,0.0,0.0,87.62721764920958,89.1791958821498,86.79153180750535,88.51264190673828,11745700,0.0,0.0,0.0,135.40488381042394,136.99447631835938,134.74976895185824,136.99447631835938,8503600,0.0,0.0,0.0,163.73947517309114,165.26956918456202,162.94976283679404,165.09188842773438,3900,0.0,0.0,0.0
2024-02-02 00:00:00-05:00,134.40500033477502,134.68331149943555,132.97367710690884,133.7887420654297,2165300,0.0,0.0,0.0,87.65707147133989,87.92568019764052,86.2841680888049,87.51779174804688,15486500,0.0,0.0,0.0,136.94629172249532,137.4279881614773,136.09851598602893,136.7921600341797,10629200,0.0,0.0,0.0,163.73947577941883,163.73947577941883,162.62400032200978,163.22616577148438,7800,0.0,0.0,0.0
2024-02-05 00:00:00-05:00,133.23210077743647,134.45469818042199,132.06915447959847,134.0372314453125,2247000,0.0,0.0,0.0,86.73184778717547,88.31367068092818,85.94590790512227,87.95552825927734,11164600,0.0,0.0,0.0,137.2834632235632,138.06380897827464,136.58981928599604,137.2160186767578,9631700,0.0,0.0,0.0,162.3574816161698,163.65065303319437,161.8935172823489,163.08798217773438,5100,0.0,0.0,0.0
2024-02-06 00:00:00-05:00,133.8980690683312,135.3393264497297,133.62969219266589,135.31944274902344,2276000,0.0,0.0,0.0,87.45810304096507,89.41796989708452,86.84128741319341,89.29859161376953,9819300,0.0,0.0,0.0,138.2854095840317,138.81527861595498,137.59178022430635,138.7093048095703,10159000,0.0,0.0,0.0,163.8776826381104,164.32191467285156,163.36437261234374,164.32191467285156,4900,0.0,0.0,0.0
2024-02-07 00:00:00-05:00,134.8522757333811,134.8522757333811,132.62577140312902,132.91403198242188,1844800,0.0,0.0,0.0,89.08967450604167,89.18915894163014,87.54763918880487,87.61727905273438,10885800,0.0,0.0,0.0,139.0561213629813,139.7208647859223,138.79601587590656,139.08502197265625,7884600,0.0,0.0,0.0,163.57166679412302,163.57166679412302,160.54110717773438,160.54110717773438,3800,0.0,0.0,0.0
2024-02-08 00:00:00-05:00,132.9239715981441,133.73903653314042,132.3474655831805,133.4408416748047,1252600,0.0,0.0,0.0,87.87592832360302,89.28862678083337,87.55757363478808,88.7613525390625,8545600,0.0,0.0,0.0,138.95015105096664,138.95015105096664,138.21797775379588,138.84417724609375,6672400,0.0,0.0,0.0,160.096883617365,160.5312344795826,159.3861454624982,160.29432678222656,4900,0.0,0.0,0.0
2024-02-09 00:00:00-05:00,133.5303001390047,134.07698820347264,133.11283338981676,133.77879333496094,1675800,0.0,0.0,0.0,89.49754864735044,90.85055800733358,88.9404298250661,90.5719985961914,8492000,0.0,0.0,0.0,138.78636227656455,139.00793850109082,138.2853939122289,138.73818969726562,7447800,0.0,0.0,0.0,160.22521681043511,160.22521681043511,159.33678283001922,160.00804138183594,8700,0.0,0.0,0.0
2024-02-12 00:00:00-05:00,134.11672753337902,134.961610385043,133.28179411536118,134.9417266845703,1358200,0.0,0.0,0.0,90.71127837144107,92.74079241297471,90.24369324944696,92.62140655517578,9732500,0.0,0.0,0.0,138.555154875357,138.95977807367458,137.90004014936162,138.92123413085938,6645500,0.0,0.0,0.0,159.84021016311564,160.6200714111328,159.46508626848475,160.6200714111328,14600,0.0,0.0,0.0
2024-02-13 00:00:00-05:00,132.30769411908096,132.90408374908262,130.4787881650761,131.50257873535156,2290200,0.0,0.0,0.0,89.68658058597622,89.94524616721712,87.43819611249036,88.26393127441406,17368600,0.0,0.0,0.0,138.21794966676245,139.1813423515798,136.94626426670476,137.63027954101562,11170000,0.0,0.0,0.0,157.8461600006561,158.80370205023905,156.12851905369936,157.25387573242188,9800,0.0,0.0,0.0
2024-02-14 00:00:00-05:00,132.55621034166685,134.08692174708904,132.43693846163475,133.98753356933594,1492200,0.0,0.0,0.0,89.62688802718147,90.96995441406416,88.93048941857053,90.67149353027344,9983900,0.0,0.0,0.0,138.10237599030893,138.87307853839567,137.83262715843682,138.82492065429688,9701100,0.0,0.0,0.0,158.02385181286058,160.10675048828125,158.02385181286058,160.10675048828125,3100,0.0,0.0,0.0
2024-02-15 00:00:00-05:00,134.28570428316357,135.9456367046069,133.94774207249137,135.6971435546875,1912700,0.0,0.0,0.0,91.60666495404574,93.19843864248156,91.18882578398927,92.79054260253906,10686000,0.0,0.0,0.0,138.9212512557312,140.10622038974762,138.7189469817378,139.8364715576172,9294800,0.0,0.0,0.0,160.41276721666202,161.3999227072261,160.41276721666202,161.36044311523438,5000,0.0,0.0,0.0
2024-02-16 00:00:00-05:00,135.11071779966247,136.0748726459615,134.5938628546856,134.91192626953125,2247600,0.0,0.0,0.0,92.06430055411926,93.70582027413671,91.60666608741802,92.6711654663086,11007300,0.0,0.0,0.0,140.01951204467542,141.2333964330043,139.51855835128424,140.2892608642578,8424100,0.0,0.0,0.0,160.9754553889587,160.9754553889587,159.68226902499237,159.78099060058594,4000,0.0,0.0,0.0
2024-02-20 00:00:00-05:00,134.37516165007324,135.23991298076066,133.35137105929059,134.0570831298828,2035500,0.0,0.0,0.0,92.27321394902445,93.35760710578816,91.16891935277089,91.90511322021484,8947500,0.0,0.0,0.0,140.39524188025746,140.8384090781806,139.4607496000314,139.8172149658203,9120400,0.0,0.0,0.0,159.0110055799763,160.01790838116946,158.6951085981129,159.15907287597656,5000,0.0,0.0,0.0
2024-02-21 00:00:00-05:00,134.02726598083686,134.64353932575492,133.27185224101126,134.44473266601562,1549400,0.0,0.0,0.0,91.48727895223101,92.41249859329604,90.84061875747791,91.99465942382812,6704900,0.0,0.0,0.0,139.364399215472,140.16401696470737,138.9597760231252,140.12547302246094,7213500,0.0,0.0,0.0,158.53719140983415,159.7513885498047,158.53719140983415,159.7513885498047,7500,0.0,0.0,0.0
2024-02-22 00:00:00-05:00,134.71311660659984,136.95948941167487,134.33540213341698,136.34323120117188,1342300,0.0,0.0,0.0,92.29310477188055,94.4917507627204,91.73598592723788,93.666015625,10809600,0.0,0.0,0.0,140.30852700939192,142.0329936558251,140.00987759298795,141.77288818359375,9130000,0.0,0.0,0.0,160.1956034400747,163.8085964130528,160.1956034400747,163.12745666503906,6900,0.0,0.0,0.0
2024-02-23 00:00:00-05:00,136.54202130927368,137.983293819346,136.54202130927368,137.35708618164062,1259000,0.0,0.0,0.0,93.93462638729338,95.00907640281014,93.51678724465081,94.26293182373047,8854700,0.0,0.0,0.0,142.2545747592778,142.8422449155581,141.94628202801957,142.44725036621094,9194600,0.0,0.0,0.0,163.78885751073057,164.85498738036705,163.34464049741518,163.6605224609375,6000,0.0,0.0,0.0
2024-02-26 00:00:00-05:00,137.03901002163403,138.55978702515054,136.84021851684605,138.3212432861328,2567300,0.0,0.0,0.0,94.16344811869838,97.02864059183393,93.97442239502851,96.83961486816406,12172200,0.0,0.0,0.0,142.36055930774938,142.68810933431263,141.58984212155943,141.715087890625,7248300,0.0,0.0,0.0,163.87768077580557,164.1047373882968,163.27551531225498,164.03562927246094,6400,0.0,0.0,0.0
2024-02-27 00:00:00-05:00,138.80827049154215,140.3091788564012,137.95345343059006,140.04080200195312,2326000,0.0,0.0,0.0,99.32675975086751,102.68938941098563,98.37169562905243,102.361083984375,23103300,0.0,0.0,0.0,141.02144886302546,141.80179471271887,140.69388412471037,141.36827087402344,7374000,0.0,0.0,0.0,163.72963078968797,165.01293610083295,163.09785179905035,164.558837890625,5400,0.0,0.0,0.0
2024-02-28 00:00:00-05:00,139.5637045290236,139.92153529252303,138.4802779720016,138.5796661376953,2958800,0.0,0.0,0.0,101.73433027262797,102.98784772444044,100.61013422768188,101.0080795288086,16741400,0.0,0.0,0.0,140.770982364367,140.9251287745073,140.00027971408701,140.66500854492188,8038800,0.0,0.0,0.0,163.89743413408831,164.39101190719896,163.71975336591166,163.80859375,3700,0.0,0.0,0.0
2024-02-29 00:00:00-05:00,139.49411726791718,139.81219579418197,135.7170181860268,136.0152130126953,3291700,0.0,0.0,0.0,102.16211648280255,102.62970162561068,97.86432408300075,97.9140625,20721700,0.0,0.0,0.0,140.6553511544292,140.8865707223743,139.42220952580428,139.5185546875,9435600,0.0,0.0,0.0,164.57857895729015,164.57857895729015,160.6497039794922,160.6497039794922,7600,0.0,0.0,0.0
2024-03-01 00:00:00-05:00,136.41281381507426,139.59352330529,136.2835925154217,138.96731567382812,2449100,0.0,0.0,0.0,98.9288269054389,102.29144914010018,98.60052146274622,101.0080795288086,16319200,0.0,0.0,0.0,139.83647028006519,141.07925532407728,139.2198994265131,140.98291015625,8741400,0.0,0.0,0.0,161.79477521143022,164.29227734093038,160.6595524481291,163.67037963867188,10000,0.0,0.0,0.0
2024-03-04 00:00:00-05:00,139.00705979505017,139.34500680404977,137.21790626679243,137.6751251220703,2096600,0.0,0.0,0.0,102.91821553028369,102.92816625085109,99.49590390215661,100.21220397949219,13935200,0.0,0.0,0.0,140.57828993658018,141.31046324711224,140.43378688193866,140.77096557617188,10657800,0.0,0.0,0.0,163.67038844032353,163.67038844032353,162.82143408951322,162.8806610107422,4000,0.0,0.0,0.0
2024-03-05 00:00:00-05:00,137.22786858887494,138.21190702231416,136.02517011482453,136.51220703125,2903300,0.0,0.0,0.0,99.68490904217607,100.97822930081807,98.21252137774582,98.94871520996094,13539400,0.0,0.0,0.0,140.8191229098465,141.05034247243995,139.25843128791115,139.72085571289062,9743400,0.0,0.0,0.0,162.60424895578754,163.1768009314597,161.26171692454184,161.6368408203125,10200,0.0,0.0,0.0
2024-03-06 00:00:00-05:00,137.138420064298,137.67515867015715,136.6811859307866,137.0390167236328,1333500,0.0,0.0,0.0,100.10276881616306,100.42112356271289,98.8193991093971,99.60533905029297,9390300,0.0,0.0,0.0,139.98099276957123,141.19486254415253,139.98099276957123,140.6746368408203,8085300,0.0,0.0,0.0,162.0119641496391,162.80169160270444,161.90337643655766,161.94287109375,5000,0.0,0.0,0.0
2024-03-07 00:00:00-05:00,137.714937627526,138.32126165608582,136.95950857545836,137.486328125,1824500,0.0,0.0,0.0,99.78440541523022,100.04306340612243,98.24237023870452,98.28216552734375,7479800,0.0,0.0,0.0,141.02144910710211,141.6669205480917,140.8287587782745,141.32972717285156,6438300,0.0,0.0,0.0,162.41670531478374,163.04848427935792,162.17978255451894,162.75233459472656,5500,0.0,0.0,0.0
2024-03-08 00:00:00-05:00,138.09261166310085,139.3748448627506,137.30737995051464,137.81430053710938,2040400,0.0,0.0,0.0,99.5555828797728,100.94838760013351,97.41663358673762,98.44133758544922,11121000,0.0,0.0,0.0,141.1948563726015,141.8595998035104,140.81913374211496,141.06961059570312,7802500,0.0,0.0,0.0,163.30513265607792,164.5193448073437,163.10770456196252,163.285400390625,3600,0.0,0.0,0.0
2024-03-11 00:00:00-04:00,137.79442821690975,139.16610010964553,137.6055709937168,137.86399841308594,1237500,0.0,0.0,0.0,98.18267632948803,99.12778972067112,95.98403797269935,96.33223724365234,9126400,0.0,0.0,0.0,140.75169025848245,141.2430152814865,139.9713297628307,140.99253845214844,7723800,0.0,0.0,0.0,163.41372394621072,165.3288081329484,163.41372394621072,164.75625610351562,5800,0.0,0.0,0.0
2024-03-12 00:00:00-04:00,138.13239510346267,138.13239510346267,136.74083931190378,137.20799255371094,1428900,0.0,0.0,0.0,96.1531738195888,96.4317332698729,94.91955014396966,95.70548248291016,10485600,0.0,0.0,0.0,141.08888964630162,141.99448133961994,140.61683652546796,141.6476593017578,7143700,0.0,0.0,0.0,165.21034454918325,165.21034454918325,163.92703939076645,164.2922821044922,5000,0.0,0.0,0.0
2024-03-13 00:00:00-04:00,137.42665100097656,138.44050733498693,136.83027652030245,137.42665100097656,1248100,0.0,0.0,0.0,95.7651746552483,96.98884755218307,95.38712319914212,96.6008529663086,6543900,0.0,0.0,0.0,142.1871499463352,142.29312374988785,140.5493850097833,141.09852600097656,7874200,0.0,0.0,0.0,164.58844000388353,165.45714170465368,163.80859375,163.80859375,5300,0.0,0.0,0.0
2024-03-14 00:00:00-04:00,137.2378202856524,137.4067938274863,133.94775785298742,134.8920440673828,2746600,0.0,0.0,0.0,96.05368077996631,96.51131520588474,92.47218076812635,93.96446990966797,16208200,0.0,0.0,0.0,141.18521964223606,141.29119343964214,139.8172036122172,140.59754943847656,9605700,0.0,0.0,0.0,162.71285309041804,162.71285309041804,160.6793150427655,161.5677490234375,4500,0.0,0.0,0.0
2024-03-15 00:00:00-04:00,134.60375228221298,136.1642963658627,134.5242326632866,135.10073852539062,2384500,0.0,0.0,0.0,93.5167951806006,95.28764391746469,93.29792487106894,94.22314453125,12508200,0.0,0.0,0.0,139.71123779481744,140.32780864215874,139.5474627713277,140.03878784179688,10570500,0.0,0.0,0.0,161.3604475541027,161.8342779850248,161.0840301513672,161.0840301513672,2800,0.0,0.0,0.0
2024-03-18 00:00:00-04:00,135.19021213958175,135.6076788247605,134.37516246856185,134.44473266601562,1673700,0.0,0.0,0.0,94.08385827573156,94.76036300816324,92.3627480803681,92.47218322753906,11472200,0.0,0.0,0.0,140.6121469700171,140.74752317379608,139.92567631157826,140.02236938476562,6407000,0.523,0.0,0.0,161.68620752941305,162.34761503026633,161.20251093029214,161.29135131835938,2800,0.0,0.0,0.0
2024-03-19 00:00:00-04:00,134.245950413182,135.53811795633297,134.04715890657872,135.31944274902344,1300100,0.0,0.0,0.0,92.16378227183904,94.13360739584836,91.67630324844035,93.36756134033203,10926800,0.0,0.0,0.0,140.13837762918814,141.0375611713141,139.73229331145797,140.95054626464844,5240200,0.0,0.0,0.0,161.5479890735844,162.40682458812202,161.5479890735844,162.32785034179688,7300,0.0,0.0,0.0
2024-03-20 00:00:00-04:00,135.01131749896297,135.78661501365664,133.46072246957561,135.66734313964844,1948000,0.0,0.0,0.0,93.01935942752925,95.1085627736419,92.04439381791651,94.67082977294922,13234500,0.0,0.0,0.0,140.61214342054402,140.67983152072483,139.84832127349475,140.63148498535156,8268200,0.0,0.0,0.0,160.39303646784978,162.30812072753906,160.39303646784978,162.30812072753906,2400,0.0,0.0,0.0
2024-03-21 00:00:00-04:00,136.9169070646819,137.91179815553025,136.4990546282256,136.52890014648438,1635400,0.126,0.0,0.0,96.0039373928018,96.98884612785193,94.67082936659003,94.71061706542969,9802000,0.0,0.0,0.0,140.92152674746086,141.32761102326813,140.52510587585536,140.81517028808594,8865300,0.0,0.0,0.0,163.98627451817666,164.99317739290584,163.80859375,163.80859375,5000,0.0,0.0,0.0
2024-03-22 00:00:00-04:00,136.45927918633325,136.69804335606344,135.33504728440434,135.55392456054688,2043400,0.0,0.0,0.0,94.73050296537231,94.88967650514586,93.01934376930589,93.07903289794922,10423100,0.0,0.0,0.0,141.01824712027403,141.37598493779464,140.4477815895057,140.621826171875,5537200,0.0,0.0,0.0,163.78884135476443,163.78884135476443,162.61412388105273,163.06822204589844,4700,0.0,0.0,0.0
2024-03-25 00:00:00-04:00,135.5738058971374,136.24038107039718,134.98680864772527,135.31512451171875,1117500,0.0,0.0,0.0,92.89003259552925,93.98437650803258,92.02450211345841,92.1936264038086,8751000,0.0,0.0,0.0,140.88286711086144,141.02789194932257,140.20604518927013,140.42843627929688,5253000,0.0,0.0,0.0,162.59438652632974,163.3446192721582,162.5845053312916,163.10769653320312,14700,0.0,0.0,0.0
2024-03-26 00:00:00-04:00,135.71309195413605,136.4990492051135,135.15595539432937,135.17584228515625,1146700,0.0,0.0,0.0,93.39740143628607,93.974421732767,92.1836792959928,92.2135238647461,10801400,0.0,0.0,0.0,140.70883293921293,141.10525386465872,140.33175357808642,140.94088745117188,6942400,0.0,0.0,0.0,163.74936935664897,163.7888489514764,163.00900268554688,163.00900268554688,15300,0.0,0.0,0.0
2024-03-27 00:00:00-04:00,135.86233245272206,137.10594638507465,135.1360661668617,137.08604431152344,1274000,0.0,0.0,0.0,93.06910208829203,94.43205464053771,91.97475065049251,94.42211151123047,12279400,0.0,0.0,0.0,142.139767533173,142.81658935546875,141.76268825520506,142.81658935546875,8797400,0.0,0.0,0.0,163.9072955889546,164.86483764648438,163.18667627836342,164.86483764648438,7400,0.0,0.0,0.0
2024-03-28 00:00:00-04:00,137.69291557097242,137.69291557097242,136.42941486470522,136.51895141601562,1441200,0.0,0.0,0.0,94.71061805566414,95.39707351554227,93.57647887249395,94.40221405029297,10295300,0.0,0.0,0.0,143.0196454647359,143.3193733005514,142.7875909692869,142.8359375,8090200,0.0,0.0,0.0,164.53908366969037,164.96356839871552,164.19358825683594,164.19358825683594,8800,0.0,0.0,0.0
2024-04-01 00:00:00-04:00,136.509019028468,136.509019028468,134.80774851159606,136.11105346679688,1435100,0.0,0.0,0.0,93.85504036373072,94.05401681524332,91.93496884031896,93.36756134033203,11690600,0.0,0.0,0.0,142.74894447510283,142.83595939174887,141.10526545196757,141.61770629882812,7378300,0.0,0.0,0.0,163.42360137547382,164.0257668526543,162.42656464771713,163.94679260253906,6500,0.0,0.0,0.0
2024-04-02 00:00:00-04:00,135.1659152165923,135.1659152165923,132.90750800582876,133.2059783935547,1384900,0.0,0.0,0.0,91.62655047437869,91.70614104910855,89.90544793935142,90.21385192871094,14841800,0.0,0.0,0.0,139.70330299799548,139.85799126386505,138.6880847205245,139.41323852539062,10776400,0.0,0.0,0.0,163.00900049377677,163.00900049377677,160.82738010463137,160.9261016845703,4500,0.0,0.0,0.0
2024-04-03 00:00:00-04:00,132.63887497105378,133.44473424947327,132.47968876817708,132.84779357910156,1116800,0.0,0.0,0.0,89.6467790719408,90.94009929815766,89.159300102442,90.5719985961914,9102300,0.0,0.0,0.0,139.6549506005694,140.28341130376705,138.92979682612997,139.25852966308594,8453400,0.0,0.0,0.0,160.47199010961072,160.73852630295858,159.5934223475649,159.7711181640625,12000,0.0,0.0,0.0
2024-04-04 00:00:00-04:00,133.69347003912665,134.25060662270639,130.79833331284627,130.95751953125,1198600,0.0,0.0,0.0,91.29823872382174,92.02448938513251,88.83099179945317,89.02996063232422,10070300,0.0,0.0,0.0,140.12871009334577,140.21573975989924,137.1700850161075,137.2474365234375,12685700,0.0,0.0,0.0,160.62008654715132,160.74840652625127,157.47105792517274,157.50067138671875,4500,0.0,0.0,0.0
2024-04-05 00:00:00-04:00,130.8480905317139,132.6587845615818,129.88304488527749,131.83302307128906,1358100,0.0,0.0,0.0,88.50269332465453,90.66153645007842,87.47798933379319,89.71642303466797,10380300,0.0,0.0,0.0,137.03471300509713,138.92978790539692,136.91869312968973,138.47535705566406,9073100,0.0,0.0,0.0,157.20451322000838,159.13934462573172,157.20451322000838,158.5272979736328,15800,0.0,0.0,0.0
2024-04-08 00:00:00-04:00,131.87283592752422,132.18124978072046,131.14656957830383,131.99221801757812,724400,0.0,0.0,0.0,90.0049349623368,90.14421467704948,89.08966609703205,89.93529510498047,7237000,0.0,0.0,0.0,138.36900485684237,138.36900485684237,137.81788092506346,138.0305938720703,9128200,0.0,0.0,0.0,158.08308670438726,159.00114918419735,158.08308670438726,158.84320068359375,15400,0.0,0.0,0.0
2024-04-09 00:00:00-04:00,132.4299528500775,133.952134994724,132.42000940433357,133.5840301513672,1349900,0.0,0.0,0.0,90.2039150599168,91.2982590648739,89.89551102320259,91.16893005371094,8593500,0.0,0.0,0.0,138.3303255319754,138.60104839704746,137.56648871365167,138.52369689941406,10534400,0.0,0.0,0.0,159.29728566566985,160.80763244628906,159.29728566566985,160.80763244628906,4200,0.0,0.0,0.0
2024-04-10 00:00:00-04:00,131.39528413225756,131.47486206673747,130.489929523995,131.17640686035156,1716200,0.0,0.0,0.0,88.52260251460004,89.58710188639385,88.15450176354022,89.48760986328125,17369900,0.0,0.0,0.0,137.1410709392163,137.5278284501867,136.4255953621795,136.89935302734375,13052700,0.0,0.0,0.0,158.47794507779457,158.47794507779457,157.4019491453458,157.92514038085938,5500,0.0,0.0,0.0
2024-04-11 00:00:00-04:00,131.64401773422279,132.67869795659973,130.77845202212768,131.65396118164062,1318300,0.0,0.0,0.0,90.67149603127199,91.1390812200263,89.41797091102066,90.81077575683594,9971700,0.0,0.0,0.0,137.31512715944464,137.34413213106734,135.9421710739003,136.3385772705078,8153900,0.0,0.0,0.0,159.20844299407872,159.20844299407872,156.97747691439204,157.82643127441406,23000,0.0,0.0,0.0
2024-04-12 00:00:00-04:00,130.76849744580497,130.95752919650664,128.32105849492388,128.91799926757812,2165700,0.0,0.0,0.0,90.56205372552046,90.56205372552046,86.8711261091833,87.69686126708984,14306200,0.0,0.0,0.0,135.63276075165686,135.6424241574617,133.87306193123763,134.3081512451172,13799400,0.0,0.0,0.0,156.74055920570373,156.95773463475055,155.04265043104607,155.5658416748047,4200,0.0,0.0,0.0
2024-04-15 00:00:00-04:00,129.74375179960973,129.74375179960973,126.82872057736952,127.18687438964844,2542400,0.0,0.0,0.0,87.73666581227683,88.02517599150923,85.26941079790971,85.90612030029297,12332200,0.0,0.0,0.0,135.47804379183452,135.97115774965204,133.82470161864228,134.03741455078125,10383600,0.0,0.0,0.0,155.08214230287177,155.27957039951357,152.9301353799207,153.1275634765625,8600,0.0,0.0,0.0
2024-04-16 00:00:00-04:00,126.88840718280468,127.2366175370374,126.18203543838503,126.32131958007812,1753600,0.0,0.0,0.0,85.2395617359619,86.04539549711747,84.69238597827874,85.169921875,11287900,0.0,0.0,0.0,135.19768103807,135.19768103807,133.9987547350238,134.0857696533203,10170500,0.0,0.0,0.0,152.6339774332723,152.84128671433226,151.83438389437907,151.93310546875,7100,0.0,0.0,0.0
2024-04-17 00:00:00-04:00,126.83866569112257,126.96800639349586,125.22694694821568,125.24684143066406,1444700,0.0,0.0,0.0,85.74693579625799,85.85637093961788,84.11536695547872,84.21485137939453,11923600,0.0,0.0,0.0,134.86893217547046,134.99461545811104,133.64100104535459,133.8537139892578,8480100,0.0,0.0,0.0,152.32796767929418,152.32796767929418,151.00518288195096,151.04466247558594,9500,0.0,0.0,0.0
2024-04-18 00:00:00-04:00,124.66979478489317,125.27667893135268,123.92362649895934,124.00321960449219,2114700,0.0,0.0,0.0,83.9661339900181,84.50335897115744,82.95137316225217,83.05086517333984,11417300,0.0,0.0,0.0,133.940717716739,134.63686642898682,133.63132648534514,133.84402465820312,8105800,0.0,0.0,0.0,151.31120482155004,151.31120482155004,149.85021879305242,150.03778076171875,3600,0.0,0.0,0.0
2024-04-19 00:00:00-04:00,124.39124618112757,124.92848834282644,122.96855145396692,124.08283233642578,1996800,0.0,0.0,0.0,82.61313253265732,83.94624059907034,80.84228386405472,82.40421295166016,13784300,0.0,0.0,0.0,134.54017312123665,134.72388108014084,133.8633659726075,134.3468017578125,9668400,0.0,0.0,0.0,149.92918470625528,150.5017367135143,149.40599348739403,150.40301513671875,6300,0.0,0.0,0.0
2024-04-22 00:00:00-04:00,124.67974864447551,126.44070249937884,124.14250655558556,125.46571350097656,1873200,0.0,0.0,0.0,83.07075842102961,84.34417721593002,82.05600519077296,83.31947326660156,10695400,0.0,0.0,0.0,134.7626051128509,135.93251180633766,134.3275009714563,134.85928344726562,8531300,0.0,0.0,0.0,151.22235839714102,153.26576251626673,150.82748714655773,152.6043701171875,3600,0.0,0.0,0.0
2024-04-23 00:00:00-04:00,125.94325704183436,128.22156609582368,125.94325704183436,127.36595916748047,1926700,0.0,0.0,0.0,83.94624992417647,85.86632924683207,83.77712561460727,84.2546615600586,12939300,0.0,0.0,0.0,136.1548632909827,136.8703388197264,135.53605131519856,136.61895751953125,8615500,0.0,0.0,0.0,152.8906678234878,155.71393350986924,152.8906678234878,155.13150024414062,6400,0.0,0.0,0.0
2024-04-24 00:00:00-04:00,127.34606391982591,128.2016708940206,126.72922869016416,127.10729217529297,1238600,0.0,0.0,0.0,84.83165635807039,84.98088678374768,83.26972742835426,83.50849914550781,8788900,0.0,0.0,0.0,136.31924051719508,136.47392877013826,135.57474520882403,136.19354248046875,7378600,0.0,0.0,0.0,155.43750861656878,155.84223091592443,154.9439308762254,155.30917358398438,6100,0.0,0.0,0.0
2024-04-25 00:00:00-04:00,126.13229914727839,126.61979368687133,123.76446093598132,125.02796936035156,2024200,0.0,0.0,0.0,82.02615380264011,82.31466393702964,80.72289042847956,81.7973403930664,14389600,0.0,0.0,0.0,136.10654540549976,136.32892178529144,134.58854962035258,135.28469848632812,9693300,0.0,0.0,0.0,154.75636968691597,154.75636968691597,151.49875357204866,152.7820587158203,53700,0.0,0.0,0.0
2024-04-26 00:00:00-04:00,125.30653078429627,126.28152740033254,124.41113486823411,125.8437728881836,833000,0.0,0.0,0.0,82.15549574522075,83.43886535501751,81.21037470737375,83.0608139038086,10452800,0.0,0.0,0.0,134.78190373451696,135.6811020515748,134.68522542032508,135.3233642578125,6013800,0.0,0.0,0.0,152.56488711382087,154.16407422024804,152.56488711382087,153.59152221679688,6400,0.0,0.0,0.0
2024-04-29 00:00:00-04:00,126.11241212496508,128.41061598555905,125.8736327690478,127.71417999267578,1761000,0.0,0.0,0.0,84.02583463236336,85.95586454113648,83.91639947731895,85.08038330078125,10494600,0.0,0.0,0.0,135.487721320243,136.16452848604428,135.10096383029244,135.77777099609375,6388600,0.0,0.0,0.0,153.61126542601275,155.73364369091712,153.61126542601275,155.5460968017578,2500,0.0,0.0,0.0
2024-04-30 00:00:00-04:00,126.75907802927641,127.53509186873788,126.23177937309319,126.27157592773438,1075300,0.0,0.0,0.0,84.27454652824228,85.34899659960922,83.78706750315334,84.18501281738281,7508600,0.0,0.0,0.0,136.23221576116188,136.52228021997303,135.584413496682,135.6811065673828,9677700,0.0,0.0,0.0,154.68727764600504,155.2499635613775,154.03575134277344,154.03575134277344,3300,0.0,0.0,0.0
2024-05-01 00:00:00-04:00,126.57003853716374,130.64909784816248,126.3412102596018,128.8284454345703,2006300,0.0,0.0,0.0,84.38397378528187,89.12944977128285,84.26458792512892,86.88107299804688,17126900,0.0,0.0,0.0,135.08166257801545,137.14108943264497,134.92695955276565,135.92283630371094,10710200,0.0,0.0,0.0,154.19369400332943,157.94488810846514,153.6803688993934,156.60235595703125,4200,0.0,0.0,0.0
2024-05-02 00:00:00-04:00,129.90293550052994,130.5794541475995,128.28125818353504,129.98251342773438,2786500,0.0,0.0,0.0,87.97542081332728,88.5225965428311,86.46323780024201,87.88587951660156,10230200,0.0,0.0,0.0,136.65763631289184,136.7543293798043,135.09130895128627,135.8261260986328,8425500,0.0,0.0,0.0,158.18181397307956,159.22819646732222,156.61222516891692,158.49769592285156,4200,0.0,0.0,0.0
2024-05-03 00:00:00-04:00,132.22102498152702,133.37510233465233,131.92256978747207,132.28073120117188,1804200,0.0,0.0,0.0,90.51232321224835,91.22861569678038,89.31848722434326,89.51746368408203,11242700,0.0,0.0,0.0,136.41590155199265,136.55126297697902,135.45870817290637,136.16452026367188,8539300,0.0,0.0,0.0,162.78195073947424,162.78195073947424,161.6072482403159,162.07119750976562,4300,0.0,0.0,0.0
2024-05-06 00:00:00-04:00,132.45980566281875,132.86771467328157,131.17640277284713,132.34042358398438,2140500,0.0,0.0,0.0,90.12430775291551,90.53220374273258,89.15930052832766,90.11436462402344,8622200,0.0,0.0,0.0,136.28056315151952,136.75433559565982,135.98083528507433,136.7156524658203,5605100,0.0,0.0,0.0,162.77208014712608,162.77208014712608,160.41277895455258,161.6862030029297,6300,0.0,0.0,0.0
2024-05-07 00:00:00-04:00,132.63887945986497,132.85774152018743,131.79321601169116,132.5990753173828,1220400,0.0,0.0,0.0,90.53221088513716,90.54216160498902,89.08966770380675,89.96514129638672,7631900,0.0,0.0,0.0,137.02504653601335,137.97257658833115,137.00570497278113,137.84689331054688,7720600,0.0,0.0,0.0,162.06132833160936,162.06132833160936,161.18276047567068,161.73556518554688,10400,0.0,0.0,0.0
2024-05-08 00:00:00-04:00,131.94245843484154,132.72843093853086,131.47485838349067,131.91261291503906,1257500,0.0,0.0,0.0,89.19910753061966,89.43787168836131,87.86599183702931,88.65193176269531,12044900,0.0,0.0,0.0,138.1272665186672,138.1466080800694,137.1990633641137,137.37310791015625,5461100,0.0,0.0,0.0,161.39006918414924,162.1896627839299,161.14328029222688,161.38018798828125,3400,0.0,0.0,0.0
2024-05-09 00:00:00-04:00,131.97228721092927,133.03682788493632,131.54449136081348,132.7383575439453,994500,0.0,0.0,0.0,88.7215671229273,89.13940627531656,87.8261920891108,88.52259826660156,7548500,0.0,0.0,0.0,137.53748572217143,138.63005535616657,137.5181441591628,138.55270385742188,6821800,0.0,0.0,0.0,161.29134185303533,162.5055389404297,161.29134185303533,162.5055389404297,2700,0.0,0.0,0.0
2024-05-10 00:00:00-04:00,133.13634299024102,133.98199137201033,132.49959807102496,132.71847534179688,1083400,0.0,0.0,0.0,89.65672981393988,90.02482292582579,87.2292705044936,87.68690490722656,8808400,0.0,0.0,0.0,138.7364058021773,139.31651988765304,138.63971274462006,138.8330841064453,6324900,0.0,0.0,0.0,163.11759495801346,163.15707455394414,161.77506275438705,161.95274353027344,3600,0.0,0.0,0.0
2024-05-13 00:00:00-04:00,133.04679373780814,134.43965050340776,133.04679373780814,133.72332763671875,1311400,0.0,0.0,0.0,88.6021842670514,90.29344996401599,88.54249512615962,89.41796875,11000300,0.0,0.0,0.0,139.11351644340982,139.2391997425853,138.44637255460648,138.69775390625,5351500,0.0,0.0,0.0,162.12056003816156,163.6210407683723,162.12056003816156,163.1373291015625,4900,0.0,0.0,0.0
2024-05-14 00:00:00-04:00,133.8725385587171,135.22559100708602,133.8725385587171,134.77789306640625,1619100,0.0,0.0,0.0,90.41281602209857,91.81557136480943,89.77610663808323,90.3133316040039,10806600,0.0,0.0,0.0,138.8911004625927,139.3552094563828,138.36899628619125,139.2875213623047,6198700,0.0,0.0,0.0,163.255785957026,164.35152919505606,163.255785957026,164.2528076171875,15800,0.0,0.0,0.0
2024-05-15 00:00:00-04:00,135.84242028789404,137.0760906822429,135.68324925381114,136.63833618164062,1372600,0.0,0.0,0.0,92.23342608532293,93.36756534193805,91.80563618395577,92.13394165039062,12054000,0.0,0.0,0.0,139.90632098258612,141.51133141853254,139.84831104569724,141.35662841796875,8433700,0.0,0.0,0.0,164.93395350380837,166.82929037987827,164.93395350380837,166.48377990722656,7000,0.0,0.0,0.0
2024-05-16 00:00:00-04:00,136.51895804628444,136.79752634000104,135.31513313492573,136.58859252929688,1019100,0.0,0.0,0.0,92.14388872051391,92.32296373236807,90.94010964811817,92.1140365600586,7735900,0.0,0.0,0.0,141.05688406207403,141.5886663434515,140.79582462334537,141.19224548339844,6740800,0.0,0.0,0.0,166.3159714382459,166.55289420509266,165.11164040000668,166.3751983642578,4200,0.0,0.0,0.0
2024-05-17 00:00:00-04:00,136.30008251735075,136.73783703612088,135.39472796087924,135.99166870117188,906500,0.0,0.0,0.0,92.04439652326477,92.5716784278423,90.38298299934796,90.71128845214844,7394300,0.0,0.0,0.0,141.16326956714724,141.49200240754104,140.62182377043,141.46299743652344,7071600,0.0,0.0,0.0,164.9734245924073,165.83226013183594,164.9734245924073,165.83226013183594,4000,0.0,0.0,0.0
2024-05-20 00:00:00-04:00,136.13096114694451,137.09600680009788,135.57382451849196,136.80747985839844,647900,0.0,0.0,0.0,90.91024533490736,91.96480141493268,90.4327170939153,91.79566955566406,5595900,0.0,0.0,0.0,141.3179567811711,141.51132815076542,140.863525948315,141.1632537841797,3890000,0.0,0.0,0.0,165.67430379760387,166.71082005028464,165.67430379760387,166.43441772460938,3400,0.0,0.0,0.0
2024-05-21 00:00:00-04:00,136.33986628831522,136.66818216488528,135.38477935723228,136.21054077148438,829000,0.0,0.0,0.0,91.38778381443082,92.21351892653641,90.41281827637518,91.09927368164062,6266200,0.0,0.0,0.0,141.41463166631314,142.01410207682187,141.04723049896396,141.40496826171875,4048900,0.0,0.0,0.0,165.46700877195354,165.99020000938157,165.3781683873635,165.96058654785156,3400,0.0,0.0,0.0
2024-05-22 00:00:00-04:00,135.98172184418522,138.08094288210623,135.8921852796416,137.185546875,1849200,0.0,0.0,0.0,90.95005289114182,92.68111387127544,90.83067460987436,91.69619750976562,7861700,0.0,0.0,0.0,141.02788096397032,142.08176738346822,140.94086606767166,141.65634155273438,6831200,0.0,0.0,0.0,167.39196804881414,168.14220081823495,167.14517916985756,167.62887573242188,7500,0.0,0.0,0.0
2024-05-23 00:00:00-04:00,136.9766181617486,136.9766181617486,134.48939007036734,134.93710327148438,1347700,0.0,0.0,0.0,91.71609688181991,91.9250164595022,88.20424417045383,88.86084747314453,9692200,0.0,0.0,0.0,141.42433644229925,141.43399984871243,140.01269718148845,140.10939025878906,5155900,0.0,0.0,0.0,166.16789570772588,166.8292881193615,165.16099282812016,165.84213256835938,6500,0.0,0.0,0.0
2024-05-24 00:00:00-04:00,135.2753533211233,135.62357130224086,134.79780981113922,134.9768829345703,1594100,0.0,0.0,0.0,89.01007675427877,89.70647533749886,88.20424302367047,88.37336730957031,6723000,0.0,0.0,0.0,140.2931005965686,140.51547697412298,139.54860519813914,139.6356201171875,3949500,0.0,0.0,0.0,165.832267827467,166.41468599237555,165.5262369513369,165.89149475097656,4000,0.0,0.0,0.0
2024-05-28 00:00:00-04:00,135.30519341664288,135.5937051642144,132.55929936828767,133.39500427246094,1244200,0.0,0.0,0.0,90.21385680473216,90.4725223914975,87.74660198597702,88.67182159423828,9057800,0.0,0.0,0.0,139.32622250553612,139.32622250553612,137.36347406951518,137.94358825683594,8375100,0.0,0.0,0.0,165.111620976471,165.111620976471,161.5479890735844,162.32785034179688,8000,0.0,0.0,0.0
2024-05-29 00:00:00-04:00,132.56924799995394,132.56924799995394,130.8779360522565,131.83302307128906,2721400,0.0,0.0,0.0,87.30886337362125,87.49788149896129,86.532874253344,87.03030395507812,9561900,0.0,0.0,0.0,136.76398959952584,137.03471247662603,136.2805537828055,136.87034606933594,6838200,0.0,0.0,0.0,159.9586848907994,160.5805977314863,159.70202986046453,160.2745819091797,5100,0.0,0.0,0.0
2024-05-30 00:00:00-04:00,132.03200200501072,132.90749583309832,130.89782678019668,132.66873168945312,1976400,0.0,0.0,0.0,87.55757976244368,88.68176817564627,87.15963447603146,88.50269317626953,9141600,0.0,0.0,0.0,136.31925199267062,137.43114859283415,136.0195093603759,136.93804931640625,7395500,0.0,0.0,0.0,160.60034493733983,161.86390288429166,159.51446776599113,161.71583557128906,3800,0.0,0.0,0.0
2024-05-31 00:00:00-04:00,132.6886406704915,134.12128649419793,132.2210405702308,133.196044921875,1710400,0.0,0.0,0.0,88.80115818270865,89.99498650748266,88.04506286225822,88.67182159423828,9718900,0.0,0.0,0.0,137.37312577338378,139.01680462737855,137.20875936331333,138.939453125,7945900,0.0,0.0,0.0,161.53814208047254,163.24591705404964,161.50852861744164,162.47593688964844,3200,0.0,0.0,0.0
2024-06-03 00:00:00-04:00,133.3452481783349,136.2503282653642,132.907493680963,134.8077392578125,1317500,0.0,0.0,0.0,89.42793159231982,92.5020517979341,88.79122203591507,90.95006561279297,13040200,0.0,0.0,0.0,138.84277226449763,140.3317480864155,138.60105435648373,139.91600036621094,10303300,0.0,0.0,0.0,162.92013656643363,165.42751996350594,162.91027043407257,164.2922821044922,3000,0.0,0.0,0.0
2024-06-04 00:00:00-04:00,134.50928873096817,135.514138570111,134.0914362439243,134.78785705566406,1314500,0.0,0.0,0.0,90.96995603992731,91.82553582589816,90.1342701044828,90.70133972167969,7963300,0.0,0.0,0.0,139.79028497847264,140.70880996423543,139.26816610013947,140.3220672607422,6964200,0.0,0.0,0.0,164.30217411885116,164.30217411885116,163.7888490091228,163.9073028564453,2500,0.0,0.0,0.0
2024-06-05 00:00:00-04:00,135.39473843376672,137.45417048432475,134.53913140294333,137.35467529296875,1014200,0.0,0.0,0.0,91.0296424908951,93.84509664312993,90.35313774036122,93.63617706298828,10287800,0.0,0.0,0.0,140.4864626403561,141.11492335155364,139.703298914519,140.96022033691406,5373400,0.0,0.0,0.0,164.4897325197876,167.15504946635397,164.42062440181527,167.1155548095703,3500,0.0,0.0,0.0
2024-06-06 00:00:00-04:00,137.77252761483962,137.77252761483962,136.50902673489372,136.89703369140625,846500,0.0,0.0,0.0,94.10375531469924,94.10375531469924,92.26326678016781,92.34285736083984,7032800,0.0,0.0,0.0,140.8538509362637,141.72404424880932,140.3704151248351,141.42431640625,5425800,0.0,0.0,0.0,167.30311756747633,167.58940111072494,166.77006020074873,166.80953979492188,5500,0.0,0.0,0.0
2024-06-07 00:00:00-04:00,136.06130385773864,136.8970239344468,135.41463070325256,136.02151489257812,844200,0.0,0.0,0.0,91.01969622690505,92.01455575638538,90.4526265987083,90.92021179199219,8582700,0.0,0.0,0.0,141.28894508703837,142.28482160866375,141.1245786930437,141.57899475097656,5222300,0.0,0.0,0.0,166.22711924197742,166.68121741381228,165.6348198983316,166.0494384765625,3800,0.0,0.0,0.0
2024-06-10 00:00:00-04:00,135.31513036419418,136.51895525090322,134.3401413561501,136.24038696289062,2069800,0.0,0.0,0.0,89.9452406716334,91.57680945637267,88.92052912898914,91.5171127319336,8423600,0.0,0.0,0.0,141.3566550911291,142.13981889348767,140.84421421419592,142.1011505126953,5396700,0.0,0.0,0.0,165.47688307287797,165.61508424185917,164.66740832398972,165.5953369140625,4800,0.0,0.0,0.0
2024-06-11 00:00:00-04:00,135.2455030390173,136.46921488188391,134.797805065367,136.11105346679688,815400,0.0,0.0,0.0,90.74112876190468,92.3229592210163,90.36308490654146,91.98470306396484,5864300,0.0,0.0,0.0,141.99475780117606,141.99475780117606,140.9021882180203,141.51132202148438,5194000,0.0,0.0,0.0,164.99318223445033,165.674321991378,164.19358862859565,165.21035766601562,8700,0.0,0.0,0.0
2024-06-12 00:00:00-04:00,137.99140961260642,138.13069377661185,136.52891830013166,137.10595703125,1168300,0.0,0.0,0.0,94.51164962684518,94.90959493278278,92.71095641544248,93.33771514892578,11437900,0.0,0.0,0.0,142.1204859645978,142.1688177501854,140.84420815397127,141.2116241455078,6522700,0.0,0.0,0.0,166.89839530362923,166.89839530362923,165.33868773424265,166.02969360351562,8800,0.0,0.0,0.0
2024-06-13 00:00:00-04:00,136.5985571900896,137.11590483591644,136.0911529906085,136.62840270996094,947300,0.0,0.0,0.0,93.14868942081597,94.1137043209076,92.60152126655525,93.33771514892578,5595200,0.0,0.0,0.0,140.68948149346008,141.32762029155884,139.79029798519437,141.09556579589844,4720600,0.0,0.0,0.0,165.64470234416873,165.64470234416873,164.86484103372183,165.31893920898438,7100,0.0,0.0,0.0
2024-06-14 00:00:00-04:00,135.40468114398914,136.33986600096048,135.15595837567236,135.7528839111328,803800,0.0,0.0,0.0,92.17371811251263,92.65124633870525,90.78091353746461,91.2783432006836,9218500,0.0,0.0,0.0,140.80552329811553,141.08590958554117,140.2253944060265,141.0472412109375,4109600,0.0,0.0,0.0,164.27255832859686,164.7069091796875,163.8875682674571,164.7069091796875,4100,0.0,0.0,0.0
2024-06-17 00:00:00-04:00,135.0763780407122,135.38479187365482,134.50928278852646,134.74806213378906,995700,0.0,0.0,0.0,90.77097351088196,91.03958981115818,89.61694050317078,90.12431335449219,6692400,0.0,0.0,0.0,140.44776033944092,141.1245822477825,140.15771066819678,140.90219116210938,4542800,0.0,0.0,0.0,163.8974288877626,164.42062010548875,163.30512955386996,163.7296142578125,7300,0.0,0.0,0.0
2024-06-18 00:00:00-04:00,134.43964982930257,135.07637957640736,133.57408418090654,133.6934814453125,922100,0.0,0.0,0.0,90.16410350562626,90.2834893645216,88.82104485129643,89.23888397216797,6722900,0.0,0.0,0.0,141.05690201368165,141.5500012355559,140.77651573142927,141.08590698242188,4872600,0.0,0.0,0.0,164.31203630988813,164.31203630988813,162.31797790527344,162.31797790527344,4200,0.0,0.0,0.0
2024-06-20 00:00:00-04:00,133.38505176161684,135.295240775985,133.07662278097712,135.0067138671875,1213500,0.0,0.0,0.0,88.93047256972234,90.15415285321404,88.23407409305169,89.42790222167969,6797300,0.0,0.0,0.0,140.65081950269274,141.7337110249966,140.45744812417996,141.5500030517578,6653600,0.0,0.0,0.0,162.71284143785942,164.47984313964844,161.6763251594391,164.47984313964844,8700,0.0,0.0,0.0
2024-06-21 00:00:00-04:00,135.95185891304462,137.02634309247753,135.95185891304462,136.63833618164062,1244400,0.0,0.0,0.0,90.4128240458371,92.17372952210098,90.1641091834408,91.90511322021484,12826400,0.0,0.0,0.0,141.73371344561752,142.24615424640888,141.39531721576344,141.94642639160156,8535400,0.0,0.0,0.0,166.72070719852468,166.868774512088,165.98034050511015,166.08892822265625,5400,0.0,0.0,0.0
2024-06-24 00:00:00-04:00,138.50873972281437,139.90158118612018,138.26996039446192,139.24496459960938,2003400,0.0,0.0,0.0,92.93608813975406,94.19116806164807,92.67710013697946,93.3743667602539,9090200,0.115,0.0,0.0,142.52203249512462,143.27914623198214,142.15317689626121,142.77439880371094,6446100,0.573,0.0,0.0,168.7937352526827,170.7482990511442,168.74437446194005,170.26458740234375,14700,0.0,0.0,0.0
2024-06-25 00:00:00-04:00,139.31458416706005,140.1502889555713,138.67785454045645,138.817138671875,1326000,0.0,0.0,0.0,93.33451865006795,93.79273110057964,92.63725205083006,92.7169418334961,5509600,0.0,0.0,0.0,142.9394019135515,143.14324705274586,141.9881591565394,142.32789611816406,5171600,0.0,0.0,0.0,170.95558014463145,171.26161099859488,169.8203573587965,170.00791931152344,21300,0.0,0.0,0.0
2024-06-26 00:00:00-04:00,138.28986201040522,138.28986201040522,136.94675296171184,137.2153778076172,990000,0.0,0.0,0.0,92.55755449573192,92.55755449573192,91.30247472249785,91.83040618896484,7102100,0.0,0.0,0.0,142.07551693380861,142.32789804394963,141.49312974884063,141.82315063476562,4572700,0.0,0.0,0.0,168.46796083632987,169.09973975228513,168.07308959960938,168.07308959960938,5800,0.0,0.0,0.0
2024-06-27 00:00:00-04:00,137.04625810598944,137.4342650534663,136.2702442110357,137.2054443359375,1001900,0.0,0.0,0.0,92.02962714971511,92.71693819890346,91.04349082669731,92.49779510498047,6570900,0.0,0.0,0.0,141.92991639175122,141.9881536260819,140.7748285405356,141.59017944335938,4637900,0.0,0.0,0.0,168.46796934764114,168.46796934764114,167.33273143036266,167.82630920410156,6100,0.0,0.0,0.0
2024-06-28 00:00:00-04:00,137.28502776799,137.62328709714583,135.72304146085852,136.55874633789062,1282700,0.0,0.0,0.0,92.97592097332814,92.97592097332814,91.46185312128027,92.34838104248047,7872600,0.0,0.0,0.0,142.114348324987,142.7064515764699,140.84278596797398,141.4737091064453,7656800,0.0,0.0,0.0,167.559790654318,167.89541993060243,166.2468719482422,166.2468719482422,6700,0.0,0.0,0.0
2024-07-01 00:00:00-04:00,136.31999600908304,138.82711089431973,135.78274626165023,136.27024841308594,988600,0.0,0.0,0.0,92.27865980353259,94.07164199646037,92.07944293749009,92.6771011352539,7437200,0.0,0.0,0.0,141.75521360008227,143.16268278373062,140.4059964716102,140.6777801513672,6562000,0.0,0.0,0.0,168.36923882846892,168.82333698383033,165.9112312859441,166.27647399902344,4900,0.0,0.0,0.0
2024-07-02 00:00:00-04:00,135.81257541281778,136.13094784415603,134.80774089046844,135.32508850097656,1272000,0.0,0.0,0.0,92.05951755930884,92.33842421425322,90.68490293152456,91.00365447998047,6498600,0.0,0.0,0.0,140.17304615944497,140.37687651177032,139.37709766838515,140.163330078125,7536100,0.0,0.0,0.0,165.77303226760293,166.27649126254838,165.4571503090402,166.0198211669922,4300,0.0,0.0,0.0
2024-07-03 00:00:00-04:00,135.57378997109845,135.8423995894035,134.0516080773803,134.39981079101562,1045800,0.0,0.0,0.0,91.29252035601765,91.82045187311601,90.1868493071514,90.51556396484375,4682000,0.0,0.0,0.0,140.41567924800893,140.42538051602074,138.5422977449935,139.0955810546875,7654000,0.0,0.0,0.0,166.18763889331487,166.36531965792253,164.4107559332486,164.91419982910156,6900,0.0,0.0,0.0
2024-07-05 00:00:00-04:00,134.60878488398853,135.7230581907152,134.07153512479155,135.50418090820312,870900,0.0,0.0,0.0,90.50558909168623,91.5614519888008,89.92784963492598,91.3522720336914,5557900,0.0,0.0,0.0,139.39650359210984,140.2506892566645,138.68792583552155,140.17303466796875,4846900,0.0,0.0,0.0,165.02279455375734,166.29623367209777,165.02279455375734,166.05931091308594,7200,0.0,0.0,0.0
2024-07-08 00:00:00-04:00,136.3995808359154,137.30492023236093,136.1707449444048,137.02635192871094,1403600,0.0,0.0,0.0,92.49780395945423,93.31460527886117,92.07944397626356,92.86636352539062,9007600,0.0,0.0,0.0,140.32833378661934,140.71659189116926,139.65857596683801,140.01771545410156,4001500,0.0,0.0,0.0,166.69108641295634,167.31299922819912,166.69108641295634,167.0464630126953,3300,0.0,0.0,0.0
2024-07-09 00:00:00-04:00,137.09600677405376,138.2600276255998,136.62840670794108,138.1505889892578,1097900,0.0,0.0,0.0,93.02571899865093,94.17123478721072,92.48782443011933,94.00189971923828,7651400,0.0,0.0,0.0,140.31864767317907,140.77485918955708,139.4838792401364,140.69720458984375,8336700,0.0,0.0,0.0,166.75030670092772,168.359375,166.631852859994,168.359375,4200,0.0,0.0,0.0
2024-07-10 00:00:00-04:00,138.52865454161423,139.87174853748922,138.13068895774273,139.8120574951172,1456100,0.0,0.0,0.0,94.40033719818464,95.10757446289062,93.90228749605305,95.10757446289062,5002800,0.0,0.0,0.0,140.85250269376016,142.0464105967152,140.5418843193755,142.02700805664062,5342300,0.0,0.0,0.0,168.29027293058428,170.55086756160597,168.29027293058428,170.47189331054688,4900,0.0,0.0,0.0
2024-07-11 00:00:00-04:00,140.50847192730566,143.7020791770857,140.50847192730566,143.11509704589844,2659400,0.0,0.0,0.0,96.45230653426924,98.39469732055574,96.27300833864008,97.57789611816406,14609800,0.0,0.0,0.0,142.03670167367355,143.4053360412521,141.8619751447217,143.0267791748047,7690700,0.0,0.0,0.0,170.9062379071278,174.02563786444415,170.9062379071278,173.5814208984375,4000,0.0,0.0,0.0
2024-07-12 00:00:00-04:00,144.72680173054889,145.59235208302817,143.80154516338774,144.28904724121094,2007100,0.0,0.0,0.0,98.49430772020267,99.599978682201,97.91657583346078,98.5739974975586,9005900,0.0,0.0,0.0,143.51210906034842,144.52158909917253,143.4053358514354,143.91978454589844,6614600,0.0,0.0,0.0,174.46986648686016,175.3977799934427,174.46986648686016,174.56857299804688,3800,0.0,0.0,0.0
2024-07-15 00:00:00-04:00,144.8661191905786,145.0650944094534,143.7418871917236,144.40846252441406,1368500,0.0,0.0,0.0,98.71346278798623,100.01835835173661,98.27518415860999,99.51034545898438,9186400,0.0,0.0,0.0,144.4730397139955,144.6089315298935,143.20147740571443,143.41502380371094,5804100,0.0,0.0,0.0,175.23985447831976,175.23985447831976,173.73937385021173,173.96641540527344,6000,0.0,0.0,0.0
2024-07-16 00:00:00-04:00,145.1744993201564,147.59209245113226,145.06506069808205,147.17422485351562,1242100,0.0,0.0,0.0,100.29726439458341,101.98066743734776,100.1179661746849,101.4527359008789,8840000,0.0,0.0,0.0,144.27892816440664,145.4922533860567,143.95860852855915,145.463134765625,7602500,0.0,0.0,0.0,175.41753009285563,177.23389260560617,175.41753009285563,176.88839721679688,5600,0.0,0.0,0.0
2024-07-17 00:00:00-04:00,145.9107498552342,147.84084124946824,144.98549312731873,145.62222290039062,2130900,0.0,0.0,0.0,100.07812094483685,101.61211513222368,98.64373519047281,99.41073608398438,9853200,0.0,0.0,0.0,144.46334842299794,146.88999873956155,144.2789206291634,146.1231689453125,10395500,0.0,0.0,0.0,175.69394073497332,177.68799916541317,175.37805879133438,175.86175537109375,14300,0.0,0.0,0.0
2024-07-18 00:00:00-04:00,145.36353622293376,147.09465216624406,142.8763085243556,143.38369750976562,2063400,0.0,0.0,0.0,99.33103530707031,100.44666179290313,96.63160679276344,97.15953826904297,12775900,0.0,0.0,0.0,145.1913585069228,146.14260138211066,142.5511615050507,142.80352783203125,11033400,0.0,0.0,0.0,175.88149649134027,176.83903854695572,172.78182877338034,172.85093688964844,10900,0.0,0.0,0.0
2024-07-19 00:00:00-04:00,143.59263928667727,144.01049174153295,142.63753711784005,143.2842254638672,1302800,0.0,0.0,0.0,97.33883389121918,97.73727516831069,96.6814046440729,97.12965393066406,5348400,0.0,0.0,0.0,143.521808130061,144.22068461203452,142.95882347452132,143.53150939941406,5985700,0.0,0.0,0.0,173.06810564864065,173.50244140625,172.55478058245134,173.50244140625,4600,0.0,0.0,0.0
2024-07-22 00:00:00-04:00,144.25921889485429,145.75155564204243,143.38370981197022,145.49288940429688,984500,0.0,0.0,0.0,97.82692454155257,98.63376265154213,96.8905886413228,98.5042724609375,5848300,0.0,0.0,0.0,144.25951069950688,144.6186650363781,143.54123164796218,144.35658264160156,5190200,0.0,0.0,0.0,174.65742320528835,175.81240844726562,174.29218047402952,175.81240844726562,2900,0.0,0.0,0.0
2024-07-23 00:00:00-04:00,145.01533097465,145.44314207031053,144.289064673685,144.60743713378906,932300,0.0,0.0,0.0,98.17555626485763,99.85896671416683,97.87673099906036,99.37088012695312,6722200,0.0,0.0,0.0,144.9487005629119,145.03605643294952,144.1139321344296,144.2692413330078,3553300,0.0,0.0,0.0,175.83213689233287,175.83213689233287,174.22308363295113,174.34153747558594,2400,0.0,0.0,0.0
2024-07-24 00:00:00-04:00,143.97069889956404,145.94057904251503,143.7617650873444,144.9058837890625,1529100,0.0,0.0,0.0,98.59392299069351,99.7792761213831,98.39469854882124,98.6536865234375,6088100,0.0,0.0,0.0,144.34688478051547,145.6572671631445,143.86155468077897,145.47283935546875,6870400,0.0,0.0,0.0,173.5715596287156,175.59523148921593,173.5715596287156,174.98318481445312,2400,0.0,0.0,0.0
2024-07-25 00:00:00-04:00,145.23418525682456,148.50738517800787,145.124746638591,146.27882385253906,1901100,0.0,0.0,0.0,99.32108518044664,102.1500118531725,98.93260696406657,100.58613586425781,12543100,0.0,0.0,0.0,145.03602825849862,147.08412163220075,144.58953291319722,144.7448272705078,11472800,0.0,0.0,0.0,175.52612815443814,178.57643522742828,175.4866485595703,175.4866485595703,10200,0.0,0.0,0.0
2024-07-26 00:00:00-04:00,146.75639507843593,148.6864864305236,146.61711091801902,147.5025634765625,902000,0.0,0.0,0.0,101.6021333151402,102.6779224329776,100.56618908310807,101.14392852783203,8299100,0.0,0.0,0.0,144.72544281104453,146.50173795636823,144.6380721359652,145.56021118164062,6028800,0.0,0.0,0.0,176.53302924131526,177.52018479370454,176.53302924131526,176.76007080078125,4200,0.0,0.0,0.0
2024-07-29 00:00:00-04:00,147.76121149306402,147.78109838231626,146.20918400482637,147.15432739257812,1879600,0.0,0.0,0.0,101.10409668901615,101.50253799885077,99.15174263042593,99.87889099121094,7364400,0.0,0.0,0.0,145.57961442486683,146.14259912506677,144.88073788745305,145.64756774902344,8227200,0.0,0.0,0.0,177.47082891249144,177.66825701587064,176.9180241979102,177.38198852539062,4500,0.0,0.0,0.0
2024-07-30 00:00:00-04:00,147.38317795897703,148.76607608407141,146.16940951181974,147.12451171875,1066900,0.0,0.0,0.0,100.1079941243102,100.67577050341787,97.92653391001645,98.6038818359375,6956000,0.0,0.0,0.0,145.64755167492555,146.67644901614935,144.73512880671643,145.7737274169922,7269400,0.0,0.0,0.0,178.1026013561733,179.0403961099673,176.76006921446037,178.03350830078125,3300,0.0,0.0,0.0
2024-07-31 00:00:00-04:00,147.73139796132784,149.40280787025523,146.69670262460966,147.21405029296875,1262000,0.0,0.0,0.0,98.98241051615722,100.83515620283734,97.79704967370162,98.67361450195312,9550400,0.0,0.0,0.0,145.71548210992876,146.23964683165917,144.67688355717652,145.2398681640625,8417800,0.0,0.0,0.0,179.03052731118842,179.80050741865227,177.8953044781527,178.05323791503906,8000,0.0,0.0,0.0
2024-08-01 00:00:00-04:00,146.53749677311052,147.7811105915357,146.00026228311722,146.34848022460938,1066400,0.0,0.0,0.0,99.14177182228636,99.97849926803936,97.82692092150477,98.28512573242188,8222800,0.0,0.0,0.0,145.9872948386408,146.89001656773763,145.10400527264053,146.72500610351562,10357700,0.0,0.0,0.0,177.34249007157237,179.06014616608766,177.34249007157237,178.91207885742188,3500,0.0,0.0,0.0
2024-08-02 00:00:00-04:00,144.68701381482336,144.7069158886161,141.4436741049853,143.43345642089844,2915800,0.0,0.0,0.0,95.70524128740813,96.48219767743562,94.25093693690917,96.09371948242188,15611200,0.0,0.0,0.0,146.9482561258078,147.31711176405153,144.25952305928925,146.43380737304688,15742100,0.0,0.0,0.0,176.85878358931282,176.85878358931282,173.40373932770396,176.10853576660156,5900,0.0,0.0,0.0
2024-08-05 00:00:00-04:00,138.7674192228938,140.6975105644933,136.9865706686096,139.38426208496094,2036800,0.0,0.0,0.0,90.64504517658214,94.23100148781658,90.64504517658214,93.06556701660156,15788200,0.0,0.0,0.0,144.1430343883406,144.42451931908423,141.9008117787422,142.52203369140625,17575600,0.0,0.0,0.0,171.10367219551873,171.79467806354288,169.52421730049366,171.25173950195312,7900,0.0,0.0,0.0
2024-08-06 00:00:00-04:00,139.981171327896,142.16992865847376,138.87684162653252,140.01101684570312,1420700,0.0,0.0,0.0,93.84252617303991,95.78492461686477,92.5974018883966,94.0716323852539,9591600,0.0,0.0,0.0,143.09472726510685,144.99722780534688,142.6385157786998,143.1820831298828,13335600,0.0,0.0,0.0,171.48866034838937,174.88447779097893,171.48866034838937,172.40670776367188,11100,0.0,0.0,0.0
2024-08-07 00:00:00-04:00,141.46357334105988,141.46357334105988,137.19548185777563,137.4840087890625,1702100,0.0,0.0,0.0,95.6952763747333,95.6952763747333,91.76068648359005,91.99974822998047,10704300,0.0,0.0,0.0,143.08500722958524,143.77416759834597,141.2698627921743,141.72607421875,11485000,0.0,0.0,0.0,173.44322946531386,173.44322946531386,168.88257558280392,169.3662872314453,8600,0.0,0.0,0.0
2024-08-08 00:00:00-04:00,138.28985186374453,141.55309319685406,137.53374015318624,141.45359802246094,1381500,0.0,0.0,0.0,92.59740414303961,94.7489826071168,92.10931753947301,94.62944793701172,7419000,0.0,0.0,0.0,143.93917395918862,144.98748860262154,143.288833495513,144.86131286621094,11479100,0.0,0.0,0.0,170.34356198597342,174.42051929190325,170.34356198597342,174.28231811523438,3700,0.0,0.0,0.0
2024-08-09 00:00:00-04:00,141.73222204819658,141.9411407210641,140.5482989658255,141.44369506835938,1041000,0.0,0.0,0.0,95.017926701005,95.68531151402516,94.43023166854611,95.16734313964844,4384400,0.0,0.0,0.0,145.1136923777982,145.9484606989706,144.80307402057196,145.57960510253906,8550400,0.0,0.0,0.0,174.53896482128576,174.53896482128576,173.2359273694807,173.86770629882812,5200,0.0,0.0,0.0
2024-08-12 00:00:00-04:00,141.9809259494046,141.9809259494046,139.8120552986735,140.8367919921875,891900,0.0,0.0,0.0,95.26695184181257,95.99410779218036,94.14136218675449,95.43628692626953,4766600,0.0,0.0,0.0,145.92902814697405,145.92902814697405,144.60892988847837,145.0263214111328,5044300,0.0,0.0,0.0,173.32477038605052,173.7591212308547,172.93978033048282,173.1865692138672,5000,0.0,0.0,0.0
2024-08-13 00:00:00-04:00,140.91637423620597,143.09518816547205,140.82683768096214,142.81661987304688,940600,0.0,0.0,0.0,95.75503713608009,96.81090771800343,95.47613050676905,96.57183837890625,7230600,0.0,0.0,0.0,145.59901190209754,146.9288114712522,145.43400146594018,146.78321838378906,4815700,0.0,0.0,0.0,174.32179485673382,175.62484741210938,174.32179485673382,175.62484741210938,26100,0.0,0.0,0.0
2024-08-14 00:00:00-04:00,143.2643260736801,143.2643260736801,141.58295759568747,142.0605010986328,769400,0.0,0.0,0.0,96.8208657250269,96.83082884765385,95.23707121095745,95.71519470214844,4798600,0.0,0.0,0.0,146.59879531327223,147.52091945608646,146.24935708102606,147.307373046875,4837300,0.0,0.0,0.0,175.5063807043834,175.5063807043834,174.48961168075564,174.706787109375,13900,0.0,0.0,0.0
2024-08-15 00:00:00-04:00,143.06535387831627,144.47809752390302,142.90616764705268,144.20947265625,1044300,0.0,0.0,0.0,96.94040211671347,97.85681182411035,96.33278081950476,97.3288803100586,6346800,0.0,0.0,0.0,147.98684242610472,148.46245638656367,147.2976672518983,148.22950744628906,5886800,0.0,0.0,0.0,176.50341591278567,176.8884059759957,176.46392125549326,176.87852478027344,4200,0.0,0.0,0.0
2024-08-16 00:00:00-04:00,144.42834261713784,144.4681467633559,143.05538800845753,144.1099853515625,966400,0.0,0.0,0.0,97.31891469885143,97.71735600481219,96.38258636942483,97.38864135742188,4717900,0.0,0.0,0.0,148.1809810654417,148.62747643724884,147.76358950195407,148.3848114013672,4562500,0.0,0.0,0.0,176.59224140204873,177.13517992303517,176.55276181088476,176.99697875976562,3100,0.0,0.0,0.0
2024-08-19 00:00:00-04:00,144.25922348870628,147.07476739642743,143.89111860387814,147.044921875,1164000,0.0,0.0,0.0,97.29899349472232,100.48650865931484,97.07985040222492,100.45662689208984,6426300,0.0,0.0,0.0,148.39453104493947,149.4234284520064,148.3071603734895,149.28753662109375,4729600,0.0,0.0,0.0,177.3721069163943,180.2644805908203,177.3721069163943,180.2644805908203,6200,0.0,0.0,0.0
2024-08-20 00:00:00-04:00,146.85588064631938,147.2836765464089,146.24899644838186,146.62705993652344,1059300,0.0,0.0,0.0,100.2175634541897,100.71561316518373,99.2513457989196,100.43670654296875,5546100,0.0,0.0,0.0,149.68551291807506,150.65617309835645,149.5302037345663,149.88934326171875,4878300,0.0,0.0,0.0,180.2743251015587,180.32368588706782,179.5931854248047,179.5931854248047,4800,0.0,0.0,0.0
2024-08-21 00:00:00-04:00,147.41301425549224,148.02984188711633,146.76634110497238,147.3931121826172,751800,0.0,0.0,0.0,100.70565870106745,101.9607462085744,100.39687028558694,101.4228515625,6482400,0.0,0.0,0.0,150.19994516098768,150.5299660314365,149.61754319223317,150.14169311523438,5530100,0.0,0.0,0.0,180.4520363848138,180.58035636278055,179.9387112845521,180.37306213378906,1700,0.0,0.0,0.0
2024-08-22 00:00:00-04:00,147.4926044883242,147.82092037060528,145.45307471218408,145.70179748535156,584000,0.0,0.0,0.0,101.68183262262193,101.72167751216391,99.55018042975777,99.74939727783203,7016500,0.0,0.0,0.0,150.64646029730122,150.79206821417293,149.47196974780533,150.23878479003906,4951800,0.0,0.0,0.0,179.7017853803926,179.7017853803926,178.28029407526793,178.47772216796875,3100,0.0,0.0,0.0
2024-08-23 00:00:00-04:00,146.229107135022,147.88063020215486,145.95053880813637,147.19415283203125,988200,0.0,0.0,0.0,100.23748704982935,101.61210918383644,99.7095555460412,101.11405944824219,7626600,0.0,0.0,0.0,150.63676331112302,150.99590285630788,150.10289722294303,150.88912963867188,4069400,0.0,0.0,0.0,179.17859828572995,180.05716612187385,178.51720587540123,179.40565490722656,5300,0.0,0.0,0.0
2024-08-26 00:00:00-04:00,148.0099642566761,148.0795987448457,146.97526893409878,147.12451171875,479200,0.0,0.0,0.0,101.64197667463684,101.8411935010367,100.88493905497471,101.30329895019531,5653000,0.0,0.0,0.0,151.03472490029637,151.5006376240655,150.66586930463416,150.81146240234375,4433600,0.0,0.0,0.0,179.91895767680018,180.14601428912118,178.92193603515625,178.92193603515625,2600,0.0,0.0,0.0
2024-08-27 00:00:00-04:00,147.10460428321167,147.4030746608014,145.85104691433563,147.1145477294922,427200,0.0,0.0,0.0,101.01444373881003,101.49256719471599,99.48044975181072,100.67576599121094,5293600,0.0,0.0,0.0,150.95709298079484,151.46182566938413,150.51058272893437,151.04444885253906,3785400,0.0,0.0,0.0,178.7936068358758,179.35629272460938,177.9841471245937,179.35629272460938,1800,0.0,0.0,0.0
2024-08-28 00:00:00-04:00,146.46787255452045,148.0398023528357,146.46787255452045,147.02500915527344,1043300,0.0,0.0,0.0,100.22751691843018,100.83513811526365,99.59996947928119,100.1478271484375,5093000,0.0,0.0,0.0,150.94736305616811,151.85008474804323,150.5105689264024,151.21914672851562,5150100,0.0,0.0,0.0,178.61593301812405,179.12925813720102,178.61593301812405,178.9416961669922,1600,0.0,0.0,0.0
2024-08-29 00:00:00-04:00,147.7413534900004,149.23369039393978,147.06483471368247,147.52247619628906,745200,0.0,0.0,0.0,100.60604086833106,102.00058156861125,100.15779917164318,100.51639556884766,5732700,0.0,0.0,0.0,151.82097425587244,152.2286497862222,150.89884997452654,151.5394744873047,4339200,0.0,0.0,0.0,179.58333826627094,181.28124704015445,179.50436401367188,179.50436401367188,3300,0.0,0.0,0.0
2024-08-30 00:00:00-04:00,147.60204137786963,148.4079007245107,145.80129095027252,147.4130096435547,778500,0.0,0.0,0.0,100.87497627356231,101.46267883280073,99.46051704230817,100.86502075195312,5282100,0.0,0.0,0.0,151.6462270493709,152.66542314195152,150.9861852742737,152.5877685546875,7020600,0.0,0.0,0.0,178.2309300532593,178.80348205566406,178.2309300532593,178.80348205566406,2800,0.0,0.0,0.0
2024-09-03 00:00:00-04:00,147.12452282533727,148.48751897920528,144.5974905504868,144.91586303710938,1207400,0.0,0.0,0.0,100.7056545321946,102.33925704910484,98.09587879401732,98.27517700195312,9086700,0.0,0.0,0.0,152.27715202859213,153.20897737408646,151.87917785697002,152.2965545654297,7674900,0.0,0.0,0.0,178.0729921793116,178.65541034893573,175.68407751402734,176.0789337158203,10500,0.0,0.0,0.0
2024-09-04 00:00:00-04:00,144.25919208329978,145.70178096796644,143.76174659335734,144.7566375732422,1194800,0.0,0.0,0.0,97.90661305875504,99.19158222454557,97.26911003691663,98.13571166992188,6944700,0.0,0.0,0.0,152.09276788906402,154.9562128704388,151.28711804624584,152.03453063964844,8235500,0.0,0.0,0.0,175.58536196345452,175.90125898597867,175.22011921111016,175.85189819335938,6200,0.0,0.0,0.0
2024-09-05 00:00:00-04:00,144.86608036499803,145.00536449896444,142.8663549028734,144.05026245117188,1079400,0.0,0.0,0.0,98.29509160702032,98.50427157440778,97.05993044736493,97.69743347167969,5735500,0.0,0.0,0.0,151.8694884973768,151.95684435328624,149.2195757126733,149.94757080078125,7245600,0.0,0.0,0.0,174.65742525564144,175.0720438443355,173.5814293149028,174.77589416503906,3800,0.0,0.0,0.0
2024-09-06 00:00:00-04:00,144.5278360285501,144.8959408819646,141.0755626569321,142.0207061767578,1310100,0.0,0.0,0.0,97.98630662133499,98.52420124172019,95.05777177689416,96.14351654052734,8019300,0.0,0.0,0.0,150.47174951770808,151.09297145808043,149.12253242169163,149.43313598632812,7651800,0.0,0.0,0.0,175.71369608955308,175.71369608955308,171.94275448265623,172.9200439453125,3600,0.0,0.0,0.0
2024-09-09 00:00:00-04:00,142.42862987095015,144.72682614686173,142.41867124307345,143.7916259765625,921900,0.0,0.0,0.0,96.65153253943346,98.25525333029782,96.44235255796889,97.5081787109375,5876800,0.0,0.0,0.0,149.8117026147765,150.95708943589517,149.2390166097673,150.48146057128906,6169200,0.0,0.0,0.0,173.72951492576263,174.99307285571254,173.72951492576263,174.45013427734375,6000,0.0,0.0,0.0
2024-09-10 00:00:00-04:00,143.7418719213223,144.2393175060813,142.30922620828292,144.17962646484375,860700,0.0,0.0,0.0,97.49821072743848,97.86677025715103,96.2929313135815,97.71735382080078,4635900,0.0,0.0,0.0,150.68529368283063,151.2773969929634,150.12230899359793,151.17062377929688,7337200,0.0,0.0,0.0,174.05527911228899,175.1905020042774,173.20632471089633,175.0424346923828,4900,0.0,0.0,0.0
2024-09-11 00:00:00-04:00,143.71203196474252,145.0650846149059,142.05056546902134,144.8760528564453,907800,0.0,0.0,0.0,97.48826278960189,98.74334271346719,96.58180857828516,98.51424407958984,5267400,0.0,0.0,0.0,150.6270033982884,150.89880180953372,148.365378756561,150.7240753173828,6636500,0.0,0.0,0.0,173.6998914312324,176.7501983642578,173.6998914312324,176.7501983642578,2700,0.0,0.0,0.0
2024-09-12 00:00:00-04:00,144.10999622372682,145.3138060730508,142.58781390397456,144.8163604736328,1302500,0.0,0.0,0.0,98.49431628712485,99.31111757697896,97.57790656672972,98.67361450195312,5702200,0.0,0.0,0.0,150.68529769192858,151.40357677470553,149.27782852585042,151.26768493652344,4838100,0.0,0.0,0.0,175.31881899727455,177.164794921875,173.87756537111142,177.164794921875,6300,0.0,0.0,0.0
2024-09-13 00:00:00-04:00,144.91583045485064,147.17422215311487,144.91583045485064,147.05484008789062,1365900,0.0,0.0,0.0,99.01228613426277,101.00448501986308,98.88278834293195,100.81522369384766,6389100,0.0,0.0,0.0,151.33562780875062,152.04420557239592,151.13178266000685,151.5782928466797,4358500,0.0,0.0,0.0,177.00685055728587,178.87257385253906,177.00685055728587,178.87257385253906,4300,0.0,0.0,0.0
2024-09-16 00:00:00-04:00,147.68165305304066,147.94031930150962,146.57732320710636,147.33343505859375,1038300,0.0,0.0,0.0,101.16385535403137,101.55233352251294,100.11795551567157,100.88494873046875,7126900,0.0,0.0,0.0,152.37420582969912,152.96630903448755,152.07330359320108,152.6265869140625,4711900,0.0,0.0,0.0,179.40564625849572,179.40564625849572,178.49746500468547,178.87257385253906,3600,0.0,0.0,0.0
2024-09-17 00:00:00-04:00,147.4727031743988,148.49743979065317,146.35843000274355,147.0747528076172,1152800,0.0,0.0,0.0,101.02440422373748,102.05038543955558,99.98845988553829,100.55623626708984,9199300,0.0,0.0,0.0,152.44217459624554,152.48099448410844,150.52027170842544,151.0541229248047,6280000,0.0,0.0,0.0,178.95154502427263,179.20820002763435,177.99400299928845,178.5369415283203,1500,0.0,0.0,0.0
2024-09-18 00:00:00-04:00,147.34338083395372,149.1938789230008,146.60715594060508,146.76634216308594,1153300,0.0,0.0,0.0,100.61600300519126,102.56835692661285,99.93865510595231,100.41677856445312,11433200,0.0,0.0,0.0,150.9279483684688,152.37422247753466,150.21935581228814,150.8017578125,7148900,0.0,0.0,0.0,178.76400174750802,179.98808009876765,178.0828619820006,178.32965087890625,4400,0.0,0.0,0.0
2024-09-19 00:00:00-04:00,149.47241485104578,149.8007306709973,148.1690950151786,148.7063446044922,1535700,0.0,0.0,0.0,102.2894521501663,103.11620889529419,101.45272468327786,102.03046417236328,13107200,0.0,0.0,0.0,152.1607032700483,152.1607032700483,150.94737789525527,151.34535217285156,6717400,0.0,0.0,0.0,180.8567646747074,180.8567646747074,179.484619140625,179.484619140625,3200,0.0,0.0,0.0
2024-09-20 00:00:00-04:00,148.59693836883966,148.59693836883966,146.65690371998278,147.22398376464844,1875600,0.0,0.0,0.0,101.81131931717937,101.96073574792115,100.59607682661151,101.21366119384766,7655300,0.0,0.0,0.0,150.8502658499865,151.4035343177577,150.35521979813842,150.7240753173828,8541600,0.0,0.0,0.0,179.50435975714956,179.50435975714956,177.59915679531957,178.45797729492188,2700,0.0,0.0,0.0
2024-09-23 00:00:00-04:00,147.63188413199683,147.76122482796632,144.68699990793195,144.83624267578125,1223000,0.0,0.0,0.0,101.36807647269848,101.74664738811752,98.69813567779022,98.81768798828125,9997200,0.015,0.0,0.0,151.1985992528555,151.2180890262145,150.1561119400967,150.4289093017578,6416400,0.577,0.0,0.0,177.89530490124952,177.89530490124952,175.68407108880314,175.9506072998047,4500,0.0,0.0,0.0
2024-09-24 00:00:00-04:00,144.85616910115536,145.02529878848603,143.70209163142636,144.3388214111328,1351300,0.0,0.0,0.0,98.90736068205906,99.0767207789356,97.40302619620923,98.3395004272461,7906800,0.0,0.0,0.0,150.360709500062,150.41916395072872,149.41565623737554,150.1268768310547,5341600,0.0,0.0,0.0,175.10166488559838,175.19050527439342,174.57847362340664,174.7166748046875,4400,0.0,0.0,0.0
2024-09-25 00:00:00-04:00,144.46831665401234,144.69746844537514,141.81826450930473,142.1470184326172,1004400,0.2,0.0,0.0,98.52877977583854,98.82764916358124,97.2934362515021,97.38309478759766,8469500,0.0,0.0,0.0,150.58478473532344,150.79912762471517,148.60699660112329,148.6654510498047,5940100,0.0,0.0,0.0,174.38102623534266,174.38102623534266,171.23201260498644,171.4491729736328,5900,0.0,0.0,0.0
2024-09-26 00:00:00-04:00,143.6214994053461,144.02997151423875,142.90418772204848,143.70120239257812,727100,0.0,0.0,0.0,98.2498355920082,98.73799426382956,97.0543351947366,97.82144927978516,6764900,0.0,0.0,0.0,148.56802660594929,149.34743904892113,148.31470418227795,149.16233825683594,6172900,0.0,0.0,0.0,172.15992574501817,173.46297833030246,172.15992574501817,173.43336486816406,3500,0.0,0.0,0.0
2024-09-27 00:00:00-04:00,144.45833613270872,145.49444440652894,144.05983645857512,144.35870361328125,1195500,0.0,0.0,0.0,98.42916082971496,98.97709186424179,97.88122219443026,98.060546875,6116200,0.0,0.0,0.0,149.3572089815733,150.2340555164946,149.07465930128586,149.08441162109375,7312500,0.0,0.0,0.0,174.98319152860702,175.33856813756395,174.21321138633346,174.33168029785156,2200,0.0,0.0,0.0
2024-09-30 00:00:00-04:00,144.3487825045996,145.41479296199915,143.5418105817116,145.05613708496094,1168200,0.0,0.0,0.0,97.7317915095163,99.27597680462077,97.40302830205403,98.42916870117188,6828900,0.0,0.0,0.0,148.8797993680918,150.09764998116282,148.65571901786208,150.05868530273438,7233800,0.0,0.0,0.0,175.12139262238014,175.12139262238014,174.40077327168487,175.1115264892578,1400,0.0,0.0,0.0
2024-10-01 00:00:00-04:00,144.84689666160972,145.31514219797268,142.69496166919143,144.22921752929688,1401000,0.0,0.0,0.0,98.23986919355204,98.4191938698102,96.28722694138413,97.6022720336914,11106900,0.0,0.0,0.0,150.1755896842204,150.38019512224773,148.7044315397936,149.26951599121094,10560200,0.0,0.0,0.0,175.0029388576598,175.0029388576598,173.06812236884886,174.33168029785156,9100,0.0,0.0,0.0
2024-10-02 00:00:00-04:00,143.72110292661313,144.53804706589102,142.45585803059345,144.25909423828125,792900,0.0,0.0,0.0,96.99456131701177,97.89118470074236,96.16767488530702,97.72181701660156,8488100,0.0,0.0,0.0,149.08440729041772,149.43514886746595,147.96397578796382,148.9674835205078,7158400,0.0,0.0,0.0,173.80848395742314,174.58833020997906,173.48272082018892,174.37115478515625,3400,0.0,0.0,0.0
2024-10-03 00:00:00-04:00,143.55176843719846,144.01005686073182,141.89796548512382,142.07730102539062,806200,0.0,0.0,0.0,97.15396169718679,97.72182193533926,96.15771513195381,96.27726745605469,5961100,0.0,0.0,0.0,148.5972509824438,148.7336496439847,147.35017325797287,147.6229705810547,5551000,0.0,0.0,0.0,173.69990152184036,173.80848923755056,171.8835238169791,172.11058044433594,4200,0.0,0.0,0.0
2024-10-04 00:00:00-04:00,142.73482096970065,143.81078846747067,142.38612230959174,143.36245727539062,650100,0.0,0.0,0.0,97.24362795826971,97.66204969199258,96.30715375357352,97.14400482177734,5972400,0.0,0.0,0.0,147.8470548645239,148.11011474250867,146.99943564987686,147.73988342285156,6590100,0.0,0.0,0.0,173.49258608334358,173.49258608334358,172.56465746607915,173.11746215820312,2100,0.0,0.0,0.0
2024-10-07 00:00:00-04:00,143.10344828625097,143.10344828625097,141.17069250632449,141.64889526367188,968300,0.0,0.0,0.0,97.50265787719228,97.56243024119415,95.55997243878902,95.96843719482422,5678800,0.0,0.0,0.0,147.7496312870515,148.19780685644741,146.81433033594607,147.08712768554688,5922800,0.0,0.0,0.0,173.18656696410903,173.18656696410903,170.98521437050024,171.10366821289062,5200,0.0,0.0,0.0
2024-10-08 00:00:00-04:00,141.8780279190807,142.84440567860236,141.45959866265733,142.4658203125,619000,0.0,0.0,0.0,96.33704214150612,97.39306869464137,95.73929570809949,96.73554229736328,5414700,0.0,0.0,0.0,147.4768208575939,148.11984949591093,147.35017451344487,147.88601684570312,4726600,0.0,0.0,0.0,171.0641701562001,172.0908203125,171.0641701562001,172.0908203125,4700,0.0,0.0,0.0
2024-10-09 00:00:00-04:00,142.2865041660571,142.93407001479764,141.7783995384149,142.6053009033203,939600,0.0,0.0,0.0,96.6956864899809,96.78535263074302,95.61974600614064,95.94850158691406,6049400,0.0,0.0,0.0,148.0224249076145,149.51308770612772,147.67169820954103,149.3961639404297,7840000,0.0,0.0,0.0,172.21916331711296,173.1075972840866,172.21916331711296,173.04837036132812,2700,0.0,0.0,0.0
2024-10-10 00:00:00-04:00,142.37615589544205,142.9241043821357,141.24041503292656,142.61524963378906,844500,0.0,0.0,0.0,95.16145624715253,95.86879790556286,94.72311298371328,95.85883331298828,6752900,0.0,0.0,0.0,149.39616772364178,149.5130914923007,148.48034167857318,148.84083557128906,4385500,0.0,0.0,0.0,172.1500530257528,173.4925851549259,172.1500530257528,173.30502319335938,2500,0.0,0.0,0.0
2024-10-11 00:00:00-04:00,142.56545374209335,145.1158883888645,142.24664181035214,145.046142578125,2178900,0.0,0.0,0.0,95.85883545422739,98.41918854857512,95.46033535067079,98.30960083007812,7486100,0.0,0.0,0.0,149.3084679884208,150.10738503454405,149.09412511586768,149.9320068359375,9354000,0.0,0.0,0.0,173.41361094096735,175.8124067224973,173.41361094096735,175.6445770263672,2300,0.0,0.0,0.0
2024-10-14 00:00:00-04:00,144.68747732399174,145.4546051831709,143.9602085545767,145.1656951904297,1221600,0.0,0.0,0.0,97.9111149064674,98.8475891453364,97.63216707380644,98.69815063476562,5538500,0.0,0.0,0.0,150.0976287245438,151.02319208613267,149.58126132703617,150.76014709472656,4819800,0.0,0.0,0.0,174.7166677628108,176.23688069562874,174.7166677628108,175.91111755371094,2700,0.0,0.0,0.0
2024-10-15 00:00:00-04:00,145.17565129158942,145.93280677185072,144.90665564392498,145.27528381347656,706200,0.0,0.0,0.0,98.65829278791662,99.57483777261805,97.90114329584429,98.93724060058594,7379400,0.0,0.0,0.0,148.74338400792604,150.61400055579497,148.58749557901893,148.91876220703125,9088600,0.0,0.0,0.0,175.99995933135847,176.65148562034867,175.96047973632812,175.96047973632812,5300,0.0,0.0,0.0
2024-10-16 00:00:00-04:00,145.82323217718144,146.17193083810253,144.82696766230984,145.85311889648438,714800,0.0,0.0,0.0,99.07671039994281,100.18254461201218,98.67821788450962,99.87371063232422,6478800,0.0,0.0,0.0,148.72390607332432,149.65922185486156,148.3244623836776,149.33770751953125,4510200,0.0,0.0,0.0,175.53599562475074,176.19738799236063,175.43727405110263,175.65444946289062,2500,0.0,0.0,0.0
2024-10-17 00:00:00-04:00,146.10217255153395,146.610277139884,145.10590812171978,145.14576721191406,556700,0.0,0.0,0.0,99.85379382487776,100.16262781934348,98.89739045995297,98.92728424072266,8155300,0.0,0.0,0.0,148.84082763954243,149.08439775061947,148.37316232250984,148.47059631347656,5430000,0.0,0.0,0.0,176.3750699737876,176.3750699737876,174.9239501953125,174.9239501953125,4400,0.0,0.0,0.0
2024-10-18 00:00:00-04:00,145.40480360879693,145.77343181830054,144.38860954220908,145.36495971679688,815300,0.0,0.0,0.0,99.14645015885247,99.7940119159119,98.76787921816374,99.45529174804688,4477200,0.0,0.0,0.0,148.57777263936686,149.55205311569057,148.14908685116998,149.1915740966797,9823900,0.0,0.0,0.0,174.7067763146204,175.43727680782212,174.7067763146204,175.09176635742188,2200,0.0,0.0,0.0
2024-10-21 00:00:00-04:00,144.95648712572176,145.2852562403248,142.95400092054695,143.45213317871094,1379800,0.0,0.0,0.0,99.04683073342505,99.3357431466396,97.28347767434917,97.78160095214844,6895300,0.0,0.0,0.0,148.80183753079277,149.2012960525167,147.29169997607593,147.43785095214844,4825900,0.0,0.0,0.0,174.7462775636259,174.7462775636259,172.732471830832,172.88055419921875,3700,0.0,0.0,0.0
2024-10-22 00:00:00-04:00,142.67503967638186,143.6713041340845,142.11711881056544,143.4620819091797,1233400,0.0,0.0,0.0,97.32332870784873,98.03066285211646,97.0941886551173,97.9011459350586,5222200,0.0,0.0,0.0,146.65842633043533,147.49630806284867,146.53176512215015,147.2235107421875,5166900,0.0,0.0,0.0,171.5972590617326,173.22605977002738,171.5972590617326,172.9200439453125,2400,0.0,0.0,0.0
2024-10-23 00:00:00-04:00,142.78462238919153,143.452117718981,140.98137103946928,141.6289520263672,1291000,0.0,0.0,0.0,97.50265221029684,97.90114474815998,95.74925616081885,96.3071517944336,8293600,0.0,0.0,0.0,146.82407118647876,147.04815154319158,145.75237153577422,146.5317840576172,4910200,0.0,0.0,0.0,172.4955693325273,172.4955693325273,171.01483598089126,171.3998260498047,3900,0.0,0.0,0.0
2024-10-24 00:00:00-04:00,141.8282088216304,142.6949540353509,140.98137795177783,141.0610809326172,730400,0.0,0.0,0.0,96.7753915169293,97.87126122734684,96.5163652796734,96.88497924804688,4408300,0.0,0.0,0.0,146.53177361365226,147.12608528231993,145.52826594027997,145.56724548339844,5066300,0.0,0.0,0.0,170.6890681897472,170.7581612449542,168.67526245117188,168.67526245117188,2800,0.0,0.0,0.0
2024-10-25 00:00:00-04:00,141.66880921636104,142.35623415537833,140.93158321365024,140.98138427734375,745400,0.0,0.0,0.0,97.26354103850666,98.47896295938284,96.75546080660524,96.78534698486328,6256100,0.0,0.0,0.0,146.06412056403002,146.14206478254144,144.60269991620459,144.76832580566406,5314500,0.0,0.0,0.0,170.17573298911256,170.17573298911256,168.7542266845703,168.7542266845703,2400,0.0,0.0,0.0
2024-10-28 00:00:00-04:00,141.7584559642219,142.99382930312288,141.69868253201173,142.206787109375,720800,0.0,0.0,0.0,97.711858439589,99.13649123709433,97.50264758690385,98.12031555175781,6178200,0.0,0.0,0.0,145.17753440443602,145.6451997560978,144.7975655976739,144.98268127441406,4923500,0.0,0.0,0.0,169.8105016958735,170.47189410593134,169.78088823443795,170.16587829589844,4100,0.0,0.0,0.0
2024-10-29 00:00:00-04:00,141.99757493021863,142.4857499974164,141.26033374335069,141.8879852294922,687500,0.0,0.0,0.0,98.03066035430327,98.33949434724964,97.27351086111184,98.19005584716797,6183700,0.0,0.0,0.0,144.8852455900772,145.4795572318683,144.51501427889414,144.5832061767578,7342600,0.0,0.0,0.0,170.47189144997066,170.47189144997066,169.59332362787472,170.18560791015625,3900,0.0,0.0,0.0
2024-10-30 00:00:00-04:00,141.419748122775,142.97391836970294,141.33008796278847,141.87803649902344,1020900,0.0,0.0,0.0,97.88123041392063,99.08668791201632,97.61224717085734,98.05059051513672,4733100,0.0,0.0,0.0,142.381353551839,144.35914180359768,141.87472352258658,144.3104248046875,9211800,0.0,0.0,0.0,169.40576047424426,170.58047796061243,169.40576047424426,170.13626098632812,2800,0.0,0.0,0.0
2024-10-31 00:00:00-04:00,140.71240890769408,141.01127610784852,139.43719151440047,139.7659454345703,1645100,0.0,0.0,0.0,97.56241002115688,97.75169926894337,96.47649749537757,96.66578674316406,8177800,0.0,0.0,0.0,143.45305367716585,144.12529467588774,143.06333259130605,143.09255981445312,6701100,0.0,0.0,0.0,168.655518011764,168.655518011764,167.43143980681322,167.45118713378906,3400,0.0,0.0,0.0
2024-11-01 00:00:00-04:00,140.36371883988463,142.5554979188074,140.36371883988463,142.2466583251953,1390700,0.0,0.0,0.0,97.22369025450725,98.92727842256625,96.98459322771689,98.89738464355469,6877500,0.0,0.0,0.0,143.64791369380032,144.6514213803385,143.6381613747228,143.94020080566406,6896900,0.0,0.0,0.0,167.84606293942085,168.83321852457902,167.84606293942085,168.6160430908203,2800,0.0,0.0,0.0
2024-11-04 00:00:00-05:00,141.8481606650813,143.15326487767922,141.1109193777687,142.31640625,1090300,0.0,0.0,0.0,98.46900141770186,99.69438796955507,97.52257027333513,98.84757995605469,6426700,0.0,0.0,0.0,143.58944405990468,144.28117478961263,142.71258281704277,142.99513244628906,5985900,0.0,0.0,0.0,168.9615427890858,169.68216210268392,168.0533615162284,168.22117614746094,1600,0.0,0.0,0.0
2024-11-05 00:00:00-05:00,141.63893856931156,144.53807224900808,141.32014179726542,144.5181427001953,938600,0.0,0.0,0.0,98.33948289516043,100.25227419133051,97.83139509435505,100.24231719970703,7170600,0.0,0.0,0.0,142.71260413973295,144.08634321903003,142.18649920848125,144.04737854003906,5035300,0.0,0.0,0.0,169.0602489193114,170.98521423339844,168.69500619703538,170.98521423339844,2600,0.0,0.0,0.0
2024-11-06 00:00:00-05:00,147.04863257117947,147.53679240152218,144.47826857660309,146.0523681640625,1570200,0.0,0.0,0.0,102.89233964650974,102.92222582606897,100.37183716024468,102.05549621582031,17003400,0.0,0.0,0.0,146.7948299276881,147.02866258169283,143.56022664549022,144.2324676513672,10685600,0.0,0.0,0.0,172.32775833107283,172.32775833107283,169.57358580372698,170.5311279296875,3000,0.0,0.0,0.0
2024-11-07 00:00:00-05:00,147.19806063806726,147.95521608647223,146.82944768581308,147.46705627441406,1344700,0.0,0.0,0.0,102.61339508642116,103.50005391163155,102.15512258356307,102.62335968017578,8157100,0.0,0.0,0.0,145.09958516151258,145.45032672995956,144.39811689095896,145.27496337890625,9381600,0.0,0.0,0.0,171.972373699172,172.2981217729585,171.61699710133402,171.9131317138672,4700,0.0,0.0,0.0
2024-11-08 00:00:00-05:00,147.4172733804433,148.5928583060196,147.02873079635387,148.2939910888672,1271800,0.0,0.0,0.0,102.49383979457707,103.83877868444308,102.17504121048654,103.7889633178711,9431100,0.0,0.0,0.0,145.46982453806132,147.06764402339795,145.30419863080377,146.31744384765625,8701100,0.0,0.0,0.0,172.04148070791467,172.75223396123627,171.94275912053132,172.64364624023438,3100,0.0,0.0,0.0
2024-11-11 00:00:00-05:00,148.79211368079538,149.47952343719749,147.16819763183594,147.16819763183594,1016200,0.0,0.0,0.0,104.3966759684142,105.07412392048631,102.96207851678905,103.14140319824219,10158900,0.0,0.0,0.0,145.99594026118112,146.7266506431363,145.24574010646506,145.4600830078125,6071900,0.0,0.0,0.0,172.40670612580183,173.0286189255999,170.67918395996094,170.67918395996094,5900,0.0,0.0,0.0
2024-11-12 00:00:00-05:00,146.46085005433784,147.12834549699645,143.60157558170644,143.8207550048828,1335400,0.0,0.0,0.0,102.0555077754376,102.78276356294612,100.01319913230763,100.13275146484375,9782700,0.0,0.0,0.0,145.22626651893202,145.4698366733959,143.40436652077173,143.43359375,7022300,0.0,0.0,0.0,170.0276725889891,170.0276725889891,166.54301480018265,166.77992248535156,3300,0.0,0.0,0.0
2024-11-13 00:00:00-05:00,144.7871160519529,145.5642011159834,143.26283264160156,143.26283264160156,961400,0.0,0.0,0.0,101.08913973307413,102.04553551928093,99.62465607268439,99.6346206665039,8092400,0.0,0.0,0.0,143.3751337602152,143.803819594148,142.90746837792025,143.05361938476562,5981200,0.0,0.0,0.0,168.11258907588027,168.22117678624284,167.03659316770444,167.1352996826172,5400,0.0,0.0,0.0
2024-11-14 00:00:00-05:00,142.86431375239957,143.0336920837508,139.41724732382127,139.56668090820312,2134000,0.0,0.0,0.0,99.39551984714532,99.79402000693408,96.50641079038317,96.5960693359375,15029400,0.0,0.0,0.0,142.81002429943726,142.81976175165633,140.6471205996624,140.80300903320312,7936700,0.0,0.0,0.0,166.82928988833817,166.82928988833817,163.00900268554688,163.00900268554688,17300,0.0,0.0,0.0
2024-11-15 00:00:00-05:00,138.48076109070706,138.61028033615588,132.69246696229547,132.8817596435547,3546400,0.0,0.0,0.0,96.54625526201849,96.54625526201849,91.29603177121209,91.48532104492188,30310200,0.0,0.0,0.0,140.02360783613244,140.15026907028985,137.92891051039905,138.19195556640625,14246100,0.0,0.0,0.0,162.13042526879207,162.13042526879207,155.65467251502542,155.88172912597656,13900,0.0,0.0,0.0
2024-11-18 00:00:00-05:00,132.87178361607346,133.38984538183382,131.74601513509145,132.5430145263672,1533600,0.0,0.0,0.0,91.79415469657962,92.39190109462628,90.73813580667193,91.61483001708984,12508300,0.0,0.0,0.0,137.83143947259117,138.43548851995504,137.6755510518721,138.2893524169922,7933100,0.0,0.0,0.0,155.67441797242918,155.8027530063991,154.9241852216146,155.59544372558594,16000,0.0,0.0,0.0
2024-11-19 00:00:00-05:00,131.41724131113367,132.96145417923142,131.06854268867056,132.89170837402344,1312200,0.0,0.0,0.0,90.8975259872169,92.86013275339721,90.3296658021438,92.82028198242188,12751900,0.0,0.0,0.0,137.03253075327626,137.9678464678164,136.65256199625597,137.57814025878906,6205800,0.0,0.0,0.0,154.35163646421952,156.16799899129148,154.35163646421952,155.93109130859375,7700,0.0,0.0,0.0
2024-11-20 00:00:00-05:00,133.05112917387538,134.52559640129482,132.24415734807008,134.3363037109375,1272300,0.0,0.0,0.0,93.02949485419072,93.8165304963787,92.05317754669703,93.65713500976562,10534700,0.0,0.0,0.0,137.87042582423175,139.40005331868227,137.6463454756735,139.2052001953125,9328800,0.0,0.0,0.0,156.22722737638625,158.32000732421875,155.98043849606432,158.32000732421875,5300,0.0,0.0,0.0
2024-11-21 00:00:00-05:00,135.00379092847928,136.10964508245334,133.1208517151493,135.5915985107422,1324300,0.0,0.0,0.0,93.75676327483734,95.08177300834677,92.39190276730228,93.94605255126953,11717000,0.0,0.0,0.0,139.20519076656205,140.52046040997652,138.48421790595293,140.3256072998047,7969600,0.0,0.0,0.0,158.78397614853364,160.26470947265625,157.2341347058088,160.26470947265625,10900,0.0,0.0,0.0
2024-11-22 00:00:00-05:00,135.82072530269625,137.8630703303706,135.47202668756108,137.44464111328125,1260000,0.0,0.0,0.0,94.4242498233084,96.24738289250152,93.80658180697021,95.87876892089844,9684700,0.0,0.0,0.0,140.61791167391263,141.29016762298428,140.2379428591775,140.45228576660156,6330300,0.0,0.0,0.0,160.30418407452606,162.22913432337558,160.30418407452606,161.8638916015625,8900,0.0,0.0,0.0
2024-11-25 00:00:00-05:00,139.0087894896829,140.57293210803692,138.8493835154958,139.3873748779297,3319900,0.0,0.0,0.0,97.2635498046875,98.65829652157522,97.1639266679294,97.2635498046875,13456000,0.0,0.0,0.0,141.08555031773298,142.09881031613935,141.06606054605672,141.650634765625,6834300,0.0,0.0,0.0,164.1540890190775,164.53907907927658,163.47296434549312,163.6901397705078,9300,0.0,0.0,0.0
2024-11-26 00:00:00-05:00,138.3113973304506,139.8655674616573,136.91661796008847,139.70616149902344,1801000,0.0,0.0,0.0,97.43291903507254,98.5487103455785,96.5761463640722,98.47897338867188,8258500,0.0,0.0,0.0,142.07930123673404,142.56644139806153,140.9686222635609,142.41055297851562,6018400,0.0,0.0,0.0,160.86687613731726,163.3150177001953,159.86983938492216,163.3150177001953,10400,0.0,0.0,0.0
2024-11-27 00:00:00-05:00,140.18437854696273,141.36992048225142,139.8755237955393,141.0610809326172,1151100,0.0,0.0,0.0,98.70810410079314,99.82389530564426,98.32952556992649,99.62464904785156,7695300,0.0,0.0,0.0,142.54694765572995,143.95965111093486,142.54694765572995,143.1704864501953,5952800,0.0,0.0,0.0,164.24295266688256,165.2103609321084,163.8678287207995,164.8845977783203,82300,0.0,0.0,0.0
2024-11-29 00:00:00-05:00,141.63891934762142,141.63891934762142,140.4533621837146,141.021240234375,1585100,0.0,0.0,0.0,99.40547397789341,99.86374645314712,98.86749995891968,99.24607849121094,4062400,0.0,0.0,0.0,143.16076986639106,143.98889931847108,142.93668952833877,143.61868286132812,3521200,0.0,0.0,0.0,165.47688491957786,165.47688491957786,165.0820136732265,165.22021484375,3000,0.0,0.0,0.0
2024-12-02 00:00:00-05:00,140.8319637466775,141.67879473308034,140.47330788443284,141.20057678222656,991100,0.0,0.0,0.0,98.9173190142915,99.26600378012814,98.17013411574531,98.93724060058594,13563200,0.0,0.0,0.0,143.53099719746078,143.5894516434711,142.62490868528295,143.3653564453125,6220800,0.0,0.0,0.0,164.63779841114265,165.1313761771103,163.8974317621912,164.7266387939453,9200,0.0,0.0,0.0
2024-12-03 00:00:00-05:00,141.3998187867326,141.3998187867326,139.3276019222602,139.47703552246094,1136600,0.0,0.0,0.0,98.66825740843939,98.95716981471391,97.20377379076692,97.32332611083984,6550000,0.0,0.0,0.0,143.35564633764602,143.63818116936812,142.96594004568266,143.04388427734375,4236200,0.0,0.0,0.0,164.10474596128992,164.10474596128992,163.00900268554688,163.00900268554688,3000,0.0,0.0,0.0
2024-12-04 00:00:00-05:00,139.39733278501413,140.96147541160835,138.7198801938356,140.43345642089844,1304500,0.0,0.0,0.0,97.32332740328381,99.2161897579828,96.94474885173767,98.41919708251953,7246400,0.0,0.0,0.0,143.29716363474338,143.78430383684696,142.59568055440712,142.96591186523438,5597400,0.0,0.0,0.0,162.3673480989774,164.3317931562516,162.1501726629853,164.10475158691406,9000,0.0,0.0,0.0
2024-12-05 00:00:00-05:00,140.07479663079894,140.5928432323525,139.05860257087605,139.42721557617188,751100,0.0,0.0,0.0,97.71186079553601,98.3394933687244,96.63591272656355,96.96467590332031,8467600,0.0,0.0,0.0,142.33261582131917,142.48850424858932,141.10502790582862,141.3680877685547,8948700,0.0,0.0,0.0,163.7000120773607,164.6970337932234,163.31502200264157,163.58155822753906,5900,0.0,0.0,0.0
2024-12-06 00:00:00-05:00,139.85560954294093,141.69868967001514,139.71613312682834,140.7721710205078,1627400,0.0,0.0,0.0,97.45283061845848,99.35566504848178,97.26354135453266,98.76787567138672,6493000,0.0,0.0,0.0,141.5532012607177,141.71884202102606,140.39382000293938,140.56918334960938,6545200,0.0,0.0,0.0,164.85497741761526,164.85497741761526,164.1442242141442,164.51934814453125,3100,0.0,0.0,0.0
2024-12-09 00:00:00-05:00,141.14079495712167,142.3064226397478,140.821998210609,141.21054077148438,1255800,0.0,0.0,0.0,98.8475865864774,99.53499915685292,97.67201532158212,97.87126159667969,6341100,0.0,0.0,0.0,140.70558095890732,141.35834707716035,140.2184407333746,140.97837829589844,6258600,0.0,0.0,0.0,165.54598601149434,166.42455386593772,165.39791870117188,165.39791870117188,6600,0.0,0.0,0.0
2024-12-10 00:00:00-05:00,141.04116418252852,141.57914029177954,139.69620110671755,140.03492736816406,1281500,0.0,0.0,0.0,98.04062609952183,98.2398723681327,96.7355379576194,97.05433654785156,5465700,0.0,0.0,0.0,141.26092306370347,141.36809450426574,139.9261487828209,140.39381408691406,7200500,0.0,0.0,0.0,165.63482401505942,165.63482401505942,163.79871407947994,163.97640991210938,6100,0.0,0.0,0.0
2024-12-11 00:00:00-05:00,140.01500375928947,140.79210404171616,138.90914957503057,139.57666015625,1033800,0.0,0.0,0.0,97.30340289988995,97.60227991804953,96.04813766543961,96.60603332519531,5788300,0.0,0.0,0.0,139.82871878188809,139.9456276656459,138.4452424808471,138.4842071533203,6895000,0.0,0.0,0.0,163.8184666408227,165.28933388797708,163.8184666408227,164.05538940429688,6700,0.0,0.0,0.0
2024-12-12 00:00:00-05:00,138.73978809977774,139.21800600266198,137.06607104505224,137.15573120117188,1492400,0.0,0.0,0.0,95.81899955583131,96.34700904467412,93.79662014727855,93.84642791748047,9518000,0.0,0.0,0.0,138.51342368175943,138.87390262307778,137.28583589805095,137.3832550048828,5994200,0.0,0.0,0.0,163.14720280386643,163.70000750465744,162.4167022705078,162.4167022705078,8600,0.0,0.0,0.0
2024-12-13 00:00:00-05:00,136.66756381690476,137.135809372044,135.33257296692042,136.09970092773438,1400300,0.0,0.0,0.0,93.61729108613977,94.11541436947498,92.29228132828618,93.04943084716797,12305400,0.0,0.0,0.0,137.20792685712982,137.81197601984226,136.5259334691737,137.3638153076172,7599400,0.0,0.0,0.0,161.4591545395129,161.4591545395129,161.14327260557533,161.32095336914062,4100,0.0,0.0,0.0
2024-12-16 00:00:00-05:00,136.40853557332616,138.0224792230976,135.73108299996684,136.7373046875,1510000,0.0,0.0,0.0,93.04942392524158,95.16146162498364,92.59115145075496,94.4043197631836,8476200,0.0,0.0,0.0,137.25663242349154,138.00681765458663,135.61983356239213,135.7270050048828,9476600,0.0,0.0,0.0,161.16300626300958,163.16693078211782,161.16300626300958,161.3703155517578,10100,0.0,0.0,0.0
2024-12-17 00:00:00-05:00,136.2608876490953,138.2144401495539,136.0216706208375,137.207763671875,2653300,0.062,0.0,0.0,93.62725902867241,94.94230423968067,93.59736524596632,94.2349624633789,5638800,0.0,0.0,0.0,135.13268513067572,136.6330852343407,135.03526601291304,135.62957763671875,10280100,0.0,0.0,0.0,160.62995253620613,162.98925370164852,160.62995253620613,162.0613250732422,14600,0.0,0.0,0.0
2024-12-18 00:00:00-05:00,137.15792975369288,137.50678603119042,131.2374411701482,131.88531494140625,2210700,0.0,0.0,0.0,94.18514220944427,94.3445376922903,88.67590044508772,89.59244537353516,16072700,0.0,0.0,0.0,135.54190104897762,136.43823734251606,133.7005114626815,133.7882080078125,14448100,0.0,0.0,0.0,162.00209355693423,162.00209355693423,156.3358154296875,156.3358154296875,11200,0.0,0.0,0.0
2024-12-19 00:00:00-05:00,130.69920691971254,131.60620576201708,129.18419627739036,130.77894592285156,2418800,0.0,0.0,0.0,89.69208349623999,90.12046985410034,88.2973366845487,89.47290802001953,11752200,0.0,0.0,0.0,133.53485504441522,134.25582781562434,132.4534033207703,132.77491760253906,11929300,0.0,0.0,0.0,154.88469522378176,155.0920045108282,152.3871929606111,154.53919982910156,19200,0.0,0.0,0.0
2024-12-20 00:00:00-05:00,130.30051580039384,133.5797158646582,130.08123733736934,132.2939453125,1998600,0.0,0.0,0.0,89.03455109583584,91.62479043654217,89.00465731665119,90.9373779296875,10338000,0.0,0.0,0.0,133.95383638932128,135.7075294629178,133.52515057440968,134.45071411132812,12098400,0.0,0.0,0.0,155.0623905163396,157.56975890348042,155.0623905163396,156.52337646484375,29000,0.0,0.0,0.0
2024-12-23 00:00:00-05:00,131.9351344454809,133.31060574914076,131.53645460520957,133.1710662841797,1624000,0.0,0.0,0.0,90.94037235765508,91.60787765758562,90.02379723527216,91.54810333251953,7620200,0.003,0.0,0.0,134.66798281749158,135.98920764174514,134.0709802879155,135.79347229003906,8050500,0.622,0.0,0.0,156.24677128590687,157.5203857421875,155.62986855377525,157.5203857421875,30100,1.252,0.0,0.0
2024-12-24 00:00:00-05:00,133.14116910932913,133.5797260688797,132.06471526552173,133.50994873046875,462800,0.0,0.0,0.0,91.59791952308629,91.75732025551467,90.56178815877487,91.63777160644531,3540600,0.0,0.0,0.0,135.67601877847574,136.351318359375,135.09857939557804,136.351318359375,3139300,0.0,0.0,0.0,157.62982968922339,158.16714477539062,156.34627064147926,158.16714477539062,11400,0.0,0.0,0.0
2024-12-26 00:00:00-05:00,132.92187572965358,134.36710903259694,132.4633802664291,134.22756958007812,879900,0.0,0.0,0.0,90.97025680239457,92.50452777498491,90.68133490486059,92.3052749633789,5601100,0.0,0.0,0.0,135.8717694264864,136.74280443523892,135.72495671245952,136.6253662109375,4720300,0.0,0.0,0.0,156.7940258288017,158.43578990175877,156.7940258288017,158.39599609375,10800,0.0,0.0,0.0
2024-12-27 00:00:00-05:00,133.30063832857405,134.45681589897384,132.30392356221054,133.08135986328125,838900,0.0,0.0,0.0,91.60788266349753,92.50453559352529,90.22305498306898,91.01011657714844,8741800,0.0,0.0,0.0,135.87175856243246,136.83087216272213,135.4117723091647,135.98919677734375,5948000,0.0,0.0,0.0,157.56019658421621,158.5253596857636,156.85373120309146,157.45074462890625,9100,0.0,0.0,0.0
2024-12-30 00:00:00-05:00,131.88530045792186,132.2142029354111,130.54969116028803,131.2374267578125,1035200,0.0,0.0,0.0,90.09353370422102,90.27286427489885,89.0474374417657,89.5555419921875,6641000,0.0,0.0,0.0,135.206241335211,135.206241335211,133.81650102679058,134.31564331054688,6890300,0.0,0.0,0.0,156.03781981855695,156.2965175236757,154.6348489787657,155.54031372070312,25300,0.0,0.0,0.0
2024-12-31 00:00:00-05:00,131.62614894381204,132.62286370511143,130.9384133251298,131.77566528320312,1334500,0.0,0.0,0.0,90.0536808984902,90.73115109327581,89.03747940681554,89.72490692138672,6817100,0.0,0.0,0.0,134.6483771198515,135.1768639541712,133.8752024791419,134.6385955810547,6626900,0.0,0.0,0.0,156.4855794628755,156.81393532447348,155.37115542823577,156.18707275390625,14900,0.0,0.0,0.0
2025-01-02 00:00:00-05:00,132.5032431172123,133.619558617268,131.92514681649544,132.4733428955078,1077000,0.0,0.0,0.0,90.61160166226462,92.15583765801841,90.2629054183548,91.18944549560547,8207900,0.0,0.0,0.0,135.31390852155903,135.81305084408726,134.19820058539318,134.67776489257812,8973000,0.0,0.0,0.0,156.55522057262522,157.68953390714313,156.0179206489827,156.2567138671875,25000,0.0,0.0,0.0
2025-01-03 00:00:00-05:00,132.73249811979488,134.3073092105308,132.45341921345278,133.7092742919922,840900,0.0,0.0,0.0,91.34884745795075,92.46467536055106,91.29903045472432,92.06616973876953,5857000,0.0,0.0,0.0,134.95180086864403,136.38069735271696,134.80500308389193,135.99900817871094,8288700,0.0,0.0,0.0,157.02287425093908,158.29648866366514,157.02287425093908,157.72933959960938,4700,0.0,0.0,0.0
2025-01-06 00:00:00-05:00,133.70929170541407,135.07480139855835,133.37041230481663,133.8488311767578,1145500,0.0,0.0,0.0,92.2554611586054,92.88312197884055,91.6676600232825,91.86691284179688,5169300,0.0,0.0,0.0,135.9402403491809,137.05594803698844,135.60748883066654,136.0576934814453,8653300,0.0,0.0,0.0,157.30147331010977,158.76414244250725,157.30147331010977,158.01788330078125,8800,0.0,0.0,0.0
2025-01-07 00:00:00-05:00,134.00829481879362,136.61969780028514,134.00829481879362,135.0249481201172,1549600,0.0,0.0,0.0,92.20565077203638,94.04876592718352,92.07612960047504,92.52445983886719,9850200,0.0,0.0,0.0,136.39046891687514,137.92700704160174,136.39046891687514,136.73301696777344,12639700,0.0,0.0,0.0,158.2367894657443,161.2317707317144,158.2367894657443,159.94821166992188,7200,0.0,0.0,0.0
2025-01-08 00:00:00-05:00,134.88541182902398,134.96515083576958,133.71925737160805,134.38705444335938,1339900,0.0,0.0,0.0,92.6539726079025,92.80341601940711,91.23925786114195,91.96653747558594,7529900,0.0,0.0,0.0,136.98747802888698,137.64319967386342,135.73475385137232,137.4376678466797,7827400,0.0,0.0,0.0,159.3014564036874,159.8288116455078,159.12234631594183,159.8288116455078,2500,0.0,0.0,0.0
2025-01-10 00:00:00-05:00,133.10128183151735,133.37039907407654,131.3271307824357,132.2939453125,2770600,0.0,0.0,0.0,90.08356526051756,90.25293090369907,88.50944226845986,89.10721588134766,12953300,0.0,0.0,0.0,136.96789703498246,137.94658871073602,136.3806909897202,136.6645050048828,10343700,0.0,0.0,0.0,158.6746000720465,158.87359947967826,157.64973869919532,158.3263397216797,9300,0.0,0.0,0.0
2025-01-13 00:00:00-05:00,131.05802487251947,133.6195738113152,130.3802509499451,133.5797119140625,1446900,0.0,0.0,0.0,88.17071714513236,88.85815228739995,86.38737630431326,88.79837036132812,13193300,0.0,0.0,0.0,136.81131140299138,138.7980693689106,136.69387317326937,138.44573974609375,9422200,0.0,0.0,0.0,156.963184871105,160.05767362389017,156.8935267248376,159.89846801757812,15300,0.0,0.0,0.0
2025-01-14 00:00:00-05:00,133.9185835833566,134.14782369888457,130.7889001299172,131.13775634765625,2304900,0.0,0.0,0.0,89.58542740973746,89.58542740973746,86.07852783043063,86.33756256103516,13113500,0.0,0.0,0.0,138.25978841342564,138.25978841342564,135.92071571626835,137.016845703125,10277800,0.0,0.0,0.0,159.68951773757487,159.69946239407702,156.45572800062317,157.0328369140625,15100,0.0,0.0,0.0
2025-01-15 00:00:00-05:00,132.56307105378397,134.1777441953367,132.06471364380735,132.981689453125,2360700,0.0,0.0,0.0,88.36996345057375,89.27658118594321,87.26409291233553,88.22052764892578,13214800,0.0,0.0,0.0,137.3985195107779,138.23041338289073,136.7917354693517,137.57469177246094,11388400,0.0,0.0,0.0,158.77411362231908,159.58007112372258,158.43579791506693,158.6746063232422,11300,0.0,0.0,0.0
2025-01-16 00:00:00-05:00,132.85209582714086,133.071374278091,131.62614100312635,132.523193359375,1113500,0.0,0.0,0.0,88.3998591550488,88.50944287709073,87.00506671706478,87.56298065185547,6917100,0.0,0.0,0.0,137.14406531073763,138.3282738410909,136.60578191800914,138.1227569580078,8512100,0.0,0.0,0.0,158.1372848420036,158.1372848420036,157.36117652499314,157.65968322753906,10600,0.0,0.0,0.0
2025-01-17 00:00:00-05:00,133.48999651885438,133.6993133040119,132.1743409834607,132.21420288085938,1236500,0.0,0.0,0.0,88.32015511586039,88.52937284169877,87.52312869275552,87.64268493652344,7383900,0.0,0.0,0.0,137.9368084018131,138.38699821383582,137.1929931640625,137.1929931640625,7668100,0.0,0.0,0.0,158.70444511369524,158.70444511369524,157.28158496243185,157.39102172851562,5000,0.0,0.0,0.0
2025-01-21 00:00:00-05:00,133.1810143821737,135.9718186055928,133.09131370855488,135.6528778076172,1283900,0.0,0.0,0.0,88.35004773677146,90.31271915413342,88.35004773677146,90.1732406616211,8509700,0.0,0.0,0.0,137.91721230215768,139.473328292378,137.89763428961302,139.4635467529297,7257800,0.0,0.0,0.0,158.54524982913202,161.19198608398438,158.54524982913202,161.19198608398438,55500,0.0,0.0,0.0
2025-01-22 00:00:00-05:00,135.65289160022058,136.5598905179075,135.29407366060278,135.84225463867188,1988200,0.0,0.0,0.0,90.18319325061006,91.25917665154932,89.94408836184823,90.8706283569336,8844900,0.0,0.0,0.0,138.7784674660956,139.5907832603751,138.12274590692624,139.15036010742188,8189900,0.0,0.0,0.0,161.19198147976692,162.03774794949274,161.0029267265801,161.03277587890625,4500,0.0,0.0,0.0
2025-01-23 00:00:00-05:00,135.5731373684848,137.99514678246922,134.1976662196091,137.79580688476562,2047100,0.0,0.0,0.0,90.53189862606551,92.88311827563064,89.58542877333801,92.63404846191406,9747100,0.0,0.0,0.0,139.53208385246225,141.02948096966608,138.84698771055696,141.00990295410156,8032900,0.0,0.0,0.0,160.90343387282607,163.18200519177023,159.50046298922393,162.99295043945312,10600,0.0,0.0,0.0
2025-01-24 00:00:00-05:00,137.53668893349104,138.20448606429704,136.529997191882,136.8489532470703,1144600,0.0,0.0,0.0,92.50453036990051,93.24177491473277,91.40862467331033,92.11598205566406,9262800,0.0,0.0,0.0,140.38352842057603,141.52859582441442,140.2171526371447,141.2349853515625,8127900,0.0,0.0,0.0,162.85364624065525,163.45065963845164,161.97803063926895,162.35614013671875,8700,0.0,0.0,0.0
2025-01-27 00:00:00-05:00,136.8090665077286,139.111490446346,136.52998758341027,137.91542053222656,1483700,0.0,0.0,0.0,91.68758281715796,94.0786546587761,91.66766057558961,92.26542663574219,10946600,0.0,0.0,0.0,142.00813844766688,144.4352891148746,141.88090377764118,144.4059295654297,12311300,0.0,0.0,0.0,161.58004138889865,164.68447480267483,161.58004138889865,163.74917602539062,13600,0.0,0.0,0.0
2025-01-28 00:00:00-05:00,138.09484917491724,138.71280753154903,137.03833383925826,137.7061309814453,1389700,0.0,0.0,0.0,92.41486228265975,93.2716630172255,91.70750495082193,92.83329772949219,9152700,0.0,0.0,0.0,144.39617352913805,144.59192382511657,143.35876266851582,143.39791870117188,9686400,0.0,0.0,0.0,163.80886425791687,164.41582231060875,163.09245425530742,163.7989044189453,8200,0.0,0.0,0.0
2025-01-29 00:00:00-05:00,137.38717115011366,138.45366333881017,136.09143880454897,137.038330078125,1014600,0.0,0.0,0.0,92.34512599340525,93.45099656753183,91.53813463328123,92.23553466796875,9893700,0.0,0.0,0.0,142.9770588770203,143.45662315932847,142.20389904804327,142.5562286376953,8159100,0.0,0.0,0.0,163.4805178377948,163.63972344370916,162.3561491222128,162.93325805664062,4400,0.0,0.0,0.0
2025-01-30 00:00:00-05:00,137.82569933612666,139.22109375001608,137.25757989927828,138.41375732421875,770500,0.0,0.0,0.0,92.83330965298481,93.99895466216488,92.225578644573,93.19197082519531,8348000,0.0,0.0,0.0,143.1336538794131,144.6016913550994,143.12387233902234,144.20042419433594,7705200,0.0,0.0,0.0,163.9382022486951,164.85361163760913,163.3312442081163,164.34616088867188,6300,0.0,0.0,0.0
2025-01-31 00:00:00-05:00,138.58320902802134,140.4769761355797,137.96525076370577,138.2044677734375,1279300,0.0,0.0,0.0,93.5207349606634,94.4373100368835,92.01635118053629,92.3251953125,7842300,0.0,0.0,0.0,144.4353103568244,145.4237835120188,143.69151010541913,143.7404327392578,9211800,0.0,0.0,0.0,164.53521794047907,166.68444793555412,164.42576599121094,164.42576599121094,9100,0.0,0.0,0.0
2025-02-03 00:00:00-05:00,136.10142334325988,138.43373257128835,136.02168432580646,137.39715576171875,1031800,0.0,0.0,0.0,90.24297074368005,92.1956770415625,90.12341450466427,91.07984161376953,9024300,0.0,0.0,0.0,142.86941284674037,145.0029685579942,142.83027174881715,144.29830932617188,13001500,0.0,0.0,0.0,162.94319280237133,165.16208094529625,162.94319280237133,164.57501220703125,11000,0.0,0.0,0.0
2025-02-04 00:00:00-05:00,137.09813338659575,139.2211257174396,136.44029792243032,138.35398864746094,1475500,0.0,0.0,0.0,90.86066535785682,92.8432665555004,90.73115179058166,92.22557067871094,8870600,0.0,0.0,0.0,142.7128244934366,144.0634088242832,142.48771466025423,143.9068145751953,11762000,0.0,0.0,0.0,164.01781620821367,165.49044527479117,163.90836425303132,164.3362274169922,4300,0.0,0.0,0.0
2025-02-05 00:00:00-05:00,139.13140762225672,142.15145208329997,139.03174527294001,141.86241149902344,1616300,0.0,0.0,0.0,92.60415232114416,94.546901399823,92.53441307838177,94.34764099121094,8222900,0.0,0.0,0.0,144.25914445374002,145.55102461079213,143.96554890318234,145.28677368164062,10042300,0.0,0.0,0.0,165.17203101246716,169.17198444837783,165.17203101246716,168.7341766357422,5700,0.0,0.0,0.0
2025-02-06 00:00:00-05:00,142.26108997675772,142.33086730841774,140.0085201490552,140.0982208251953,2120100,0.0,0.0,0.0,94.23805259233555,94.3277216792466,92.93292917969052,93.02259826660156,6611300,0.0,0.0,0.0,144.993173968865,145.2965809497304,143.76980930515992,143.98512268066406,12422100,0.0,0.0,0.0,169.75903410401762,169.75903410401762,166.2665467055109,166.6147918701172,4100,0.0,0.0,0.0
2025-02-07 00:00:00-05:00,139.8689771829867,140.20785653455954,137.1778505057244,137.21771240234375,2195000,0.0,0.0,0.0,92.58423475774796,93.2517400580513,90.62156333956581,90.90052032470703,11884700,0.0,0.0,0.0,144.19063056609517,144.76805500738234,143.20215745811296,143.30979919433594,11199700,0.0,0.0,0.0,165.24167995468383,165.24167995468383,162.19692993164062,162.19692993164062,7900,0.0,0.0,0.0
2025-02-10 00:00:00-05:00,137.6164187992887,137.7858584890959,135.39373386018454,135.7027130126953,1295800,0.0,0.0,0.0,91.4982870495324,91.4982870495324,89.77472812112762,90.00386810302734,8979600,0.0,0.0,0.0,143.47621243206848,143.52513507125263,142.36050446623025,143.18260192871094,7374300,0.0,0.0,0.0,160.71437710510332,161.14222506956577,160.27656930158167,160.80392456054688,6400,0.0,0.0,0.0
2025-02-11 00:00:00-05:00,134.30731502839484,134.52659349411363,133.4501397193106,133.7989959716797,1331100,0.0,0.0,0.0,89.09724943747646,89.32639699863311,88.22052647510903,88.71866607666016,8781400,0.0,0.0,0.0,142.77155243565636,143.2021791804629,142.34092569084982,142.91835021972656,6634900,0.0,0.0,0.0,159.2019571926937,159.2019571926937,158.21688961679848,158.25669860839844,19200,0.0,0.0,0.0
2025-02-12 00:00:00-05:00,132.87204061448847,135.2940653604858,132.60292337411985,135.0249481201172,1792400,0.0,0.0,0.0,87.73234924095465,89.68505567927234,87.57294851181011,89.63524627685547,10824600,0.0,0.0,0.0,142.57579841676122,143.48598945514482,142.27240638185003,142.71282958984375,7572200,0.0,0.0,0.0,157.75919317822147,159.7392578125,157.75919317822147,159.7392578125,8900,0.0,0.0,0.0
2025-02-13 00:00:00-05:00,135.3837663836049,136.72932217156543,134.50665253640562,136.58978271484375,1176600,0.0,0.0,0.0,89.95404885198671,90.56177976512119,88.85814326471383,90.43225860595703,7275300,0.0,0.0,0.0,142.99662795153193,143.5838488754568,142.06687393335795,143.27066040039062,6293100,0.0,0.0,0.0,159.61985400869978,161.13227679159556,159.0725942665979,160.94322204589844,5200,0.0,0.0,0.0
2025-02-14 00:00:00-05:00,136.8389691356083,138.11477808029764,135.8920931108677,136.10140991210938,1190800,0.0,0.0,0.0,90.90051962846995,92.27538990328935,90.33264074135124,91.06989288330078,10421300,0.0,0.0,0.0,143.3783266504124,143.5740619935807,141.7145538330078,141.7145538330078,5299200,0.0,0.0,0.0,160.77407196141382,161.5402356011486,159.61985417372946,159.7591552734375,9900,0.0,0.0,0.0
2025-02-18 00:00:00-05:00,136.49012147330723,137.95529338511238,136.12134187940396,136.65956115722656,1034200,0.0,0.0,0.0,91.4982778874466,92.7735216456156,90.6315198499106,90.99018096923828,9041200,0.0,0.0,0.0,140.85330027760156,141.8026323714566,140.7750031536739,141.44052124023438,11366800,0.0,0.0,0.0,160.35618043815333,161.50043847102145,160.17707033527213,160.56512451171875,10700,0.0,0.0,0.0
2025-02-19 00:00:00-05:00,136.59975984035594,138.373910882704,136.40041993163393,138.28421020507812,996000,0.0,0.0,0.0,90.761035137502,92.37501020520905,90.69129589636074,92.18571472167969,8159900,0.0,0.0,0.0,141.45030787292717,143.31961257316695,141.4209483171035,143.28045654296875,6295900,0.0,0.0,0.0,160.79398212157912,162.7342529296875,160.79398212157912,162.7342529296875,4900,0.0,0.0,0.0
2025-02-20 00:00:00-05:00,138.72276038364527,139.15135566177136,137.93536237312676,138.97193908691406,1439300,0.0,0.0,0.0,92.16579752391957,92.54438091068234,91.13963109055634,92.37501525878906,6885800,0.0,0.0,0.0,143.07495645443885,144.16130494844137,142.98687777662417,144.0830078125,6264800,0.0,0.0,0.0,162.75415787282836,164.03771697012667,162.75415787282836,163.80886840820312,5500,0.0,0.0,0.0
2025-02-21 00:00:00-05:00,139.56997478732134,140.26767211838643,138.324081264469,138.4536590576172,1258800,0.0,0.0,0.0,93.15211623769832,93.51077740027705,91.1994096864408,91.35881042480469,8783400,0.0,0.0,0.0,142.38004519107471,144.00467677871328,142.24302896884305,143.30979919433594,8647000,0.0,0.0,0.0,164.7839767194858,165.48048224691615,164.04766220038414,164.62477111816406,19800,0.0,0.0,0.0
2025-02-24 00:00:00-05:00,138.6031510173013,139.72944355413782,138.26427165160788,138.28421020507812,798700,0.0,0.0,0.0,91.0997723973156,91.29902519673122,89.40609319825458,89.77471923828125,8647800,0.0,0.0,0.0,143.46640558095555,145.0616777513531,143.15323201803517,144.47445678710938,7559400,0.0,0.0,0.0,164.5551294587369,165.85859306667288,164.5551294587369,165.33123779296875,6700,0.0,0.0,0.0
2025-02-25 00:00:00-05:00,138.32406493291356,138.88222273186543,136.54991398253398,137.40708923339844,837500,0.0,0.0,0.0,89.64520937163896,89.80461009753644,87.35376407892937,88.3600082397461,10912700,0.0,0.0,0.0,144.74849706338634,145.91314258065307,144.268947685912,145.7174072265625,11981300,0.0,0.0,0.0,165.71928456914935,165.82873651820734,164.5750114321464,164.94317626953125,7300,0.0,0.0,0.0
2025-02-26 00:00:00-05:00,137.3572573311431,138.34401040924226,136.15124099990425,136.58978271484375,649300,0.0,0.0,0.0,88.60907356196714,89.49576143269684,87.51316037251965,87.92163848876953,7271500,0.0,0.0,0.0,145.14976115926802,145.77612323922725,144.21022550615416,144.6702117919922,6566800,0.0,0.0,0.0,164.94318108109633,165.21182345079063,163.40090909308256,163.91831970214844,7100,0.0,0.0,0.0
2025-02-27 00:00:00-05:00,136.5000840306786,138.00513305943363,134.9751116568582,135.034912109375,1234400,0.0,0.0,0.0,87.98142171200499,89.40610140146471,86.71615035750949,86.77592468261719,8172700,0.0,0.0,0.0,144.4059778981388,145.73699934183875,144.0242886939569,144.0830078125,7377000,0.0,0.0,0.0,163.0427112450705,164.85362568231497,162.04769897460938,162.04769897460938,3600,0.0,0.0,0.0
2025-02-28 00:00:00-05:00,134.64618970905784,136.6396191762151,134.48671170160688,136.57981872558594,1354100,0.0,0.0,0.0,86.17815242740916,88.57918899323431,85.8991954623024,88.37992858886719,7942700,0.0,0.0,0.0,144.31788297716992,145.98165586112228,143.36855084450036,145.7565460205078,8453700,0.0,0.0,0.0,161.71933145303586,163.7591094970703,161.71933145303586,163.7591094970703,3900,0.0,0.0,0.0
2025-03-03 00:00:00-05:00,136.80906362170953,137.49679924522204,133.26076147994797,133.7989959716797,1599100,0.0,0.0,0.0,88.4098179882391,89.03747877663197,84.81324930915736,85.28150177001953,9620900,0.0,0.0,0.0,145.84463525546903,147.11693739933398,145.7859161452929,146.3927001953125,9459300,0.0,0.0,0.0,163.32130192930902,163.6894515849155,161.26163456994237,161.64968872070312,4900,0.0,0.0,0.0
2025-03-04 00:00:00-05:00,133.0713807397544,135.05484856651307,132.30392133282206,133.91859436035156,1871000,0.0,0.0,0.0,84.46455664964911,86.6762978806971,83.75719926872067,85.80953216552734,14202800,0.0,0.0,0.0,146.59823121979426,146.87227864979644,144.81701999351168,145.03233337402344,10804700,0.0,0.0,0.0,162.23673996085006,162.35613656470994,160.6646188850773,161.57008361816406,12700,0.0,0.0,0.0
2025-03-05 00:00:00-05:00,133.9086354260534,136.67950126981756,133.8587966458239,136.34060668945312,845700,0.0,0.0,0.0,86.02871619593543,87.56298723293015,85.50068938210765,87.49324798583984,10911900,0.0,0.0,0.0,144.3766072942642,146.71567991708963,144.10257480625836,146.49057006835938,7597700,0.0,0.0,0.0,161.75915137749288,164.9232830958064,161.75915137749288,164.67453002929688,5600,0.0,0.0,0.0
2025-03-06 00:00:00-05:00,134.91531381567293,136.80906582244154,134.62627322002703,135.7625274658203,801700,0.0,0.0,0.0,86.13829512136509,87.9415579657097,85.94899964895083,86.7360610961914,9153000,0.0,0.0,0.0,145.8250587601874,146.29482658014058,144.77785150563685,146.0893096923828,7122200,0.0,0.0,0.0,163.3710523944631,164.3461600804945,162.9829982512591,163.78895568847656,4500,0.0,0.0,0.0
2025-03-07 00:00:00-05:00,135.37379901517428,137.83567035332163,135.005004231123,136.5000762939453,1054600,0.0,0.0,0.0,86.45711211294116,88.1109393166945,85.73978983666296,86.97518157958984,9490700,0.0,0.0,0.0,145.4923065225581,147.0777822413036,145.28677470207458,146.09909057617188,8532400,0.0,0.0,0.0,163.28151740845595,166.4555937540881,163.28151740845595,165.15213012695312,15300,0.0,0.0,0.0
2025-03-10 00:00:00-04:00,134.88541870878205,137.11806538555223,134.6262783301369,135.39373779296875,1232400,0.0,0.0,0.0,85.9091634687536,87.17443477765455,85.1719113476229,85.91912078857422,10803100,0.0,0.0,0.0,144.963799971968,146.71566635873685,144.20042169254722,144.5233917236328,13577800,0.0,0.0,0.0,164.08746975546026,166.26654895859292,163.66956644266082,164.17701721191406,8900,0.0,0.0,0.0
2025-03-11 00:00:00-04:00,135.1345928094515,135.2541937172643,131.68595295046225,133.54981994628906,1634400,0.0,0.0,0.0,85.50068427852636,86.6364420067791,83.87675184978086,85.84938049316406,10649500,0.0,0.0,0.0,144.53315305812157,144.73868484322423,142.19408097845778,142.9476776123047,9411600,0.0,0.0,0.0,163.99792929299687,163.99792929299687,159.66961985429418,160.97308349609375,6800,0.0,0.0,0.0
2025-03-12 00:00:00-04:00,133.72920570335762,134.5365421542086,132.7324910314608,133.80894470214844,1190300,0.0,0.0,0.0,86.45711094556623,87.4035807810455,86.02871056974047,86.82573699951172,7704900,0.0,0.0,0.0,142.62472546155007,142.87919484003632,141.0490313575467,141.51881408691406,7141100,0.0,0.0,0.0,160.63477115442168,161.7392352979341,159.7591555645578,161.09246826171875,4600,0.0,0.0,0.0
2025-03-13 00:00:00-04:00,133.78900628577242,135.03489962690514,132.0447556081866,132.7025909423828,1225500,0.0,0.0,0.0,86.72611467609484,87.88179469252434,85.12210442144945,85.65013122558594,6373000,0.0,0.0,0.0,141.57754417030083,141.9788113492915,140.43247667928972,140.76522827148438,8041600,0.0,0.0,0.0,161.25168032551576,161.4606395751818,159.54025806722504,160.2566680908203,6600,0.0,0.0,0.0
2025-03-14 00:00:00-04:00,133.46010495921843,134.56645898995006,132.94182421608457,133.74916076660156,989400,0.0,0.0,0.0,86.36745890698883,87.29399900248653,86.1681984772533,86.80581665039062,6390100,0.0,0.0,0.0,140.86307475785262,142.057079704019,140.35416587830363,141.84176635742188,6761200,0.0,0.0,0.0,160.5850240575969,162.05763791478023,160.5850240575969,161.84869384765625,7200,0.0,0.0,0.0
2025-03-17 00:00:00-04:00,133.34049238549122,136.1213349369503,133.34049238549122,135.6528778076172,740000,0.0,0.0,0.0,86.4471532522261,88.52938098355676,86.0685698469878,87.96150207519531,6338900,0.0,0.0,0.0,141.6362572491624,143.97532970302004,141.6362572491624,143.642578125,6017300,0.0,0.0,0.0,160.6447246543317,164.167076520063,160.6447246543317,163.5203094482422,8800,0.0,0.0,0.0
2025-03-18 00:00:00-04:00,134.87574054417283,135.165053548192,133.61876794042237,133.76840209960938,509400,0.121,0.0,0.0,86.9452861396,86.9851382214168,85.44090995630488,85.84938049316406,7291700,0.0,0.0,0.0,143.6915117488019,143.9263881815904,142.92811854129206,143.71107482910156,5528000,0.0,0.0,0.0,162.21684417748,162.3262961311231,161.50043415048546,161.73924255371094,8200,0.0,0.0,0.0
2025-03-19 00:00:00-04:00,133.41925743538704,134.63633273261212,132.8805439905463,134.2472686767578,891200,0.0,0.0,0.0,85.67005080206056,87.42350441490369,85.57042439700291,87.13458251953125,5806300,0.0,0.0,0.0,143.81875775281617,144.1710873999495,142.791128370873,143.78939819335938,6156200,0.0,0.0,0.0,161.00292168098105,161.76908532626604,160.35616982394023,161.64968872070312,6600,0.0,0.0,0.0
2025-03-20 00:00:00-04:00,133.4391888228751,134.45674674977903,132.21214307766894,132.42164611816406,1786300,0.0,0.0,0.0,86.32760419323,87.80209332334854,86.21801286046346,86.267822265625,6743300,0.0,0.0,0.0,143.80895601381098,144.49403719434045,143.38811083128235,143.87745666503906,8033800,0.0,0.0,0.0,161.1521806420191,161.1521806420191,159.2019500732422,159.2019500732422,8700,0.0,0.0,0.0
2025-03-21 00:00:00-04:00,132.2620418049643,133.70856129762402,131.65350412874537,133.2596435546875,1185200,0.0,0.0,0.0,85.8693126368212,87.18440096800468,85.43094732609084,86.79585266113281,6513900,0.0,0.0,0.0,143.4566182754013,143.73065073206251,142.62472443176262,143.4761962890625,7635300,0.0,0.0,0.0,158.45569428481184,161.1720733642578,158.45569428481184,161.1720733642578,2800,0.0,0.0,0.0
2025-03-24 00:00:00-04:00,134.16744821470365,135.3446108272047,133.6985742325196,134.9854736328125,752800,0.0,0.0,0.0,87.45841516471985,88.64405801063982,87.34881754359562,88.4946060180664,5032300,0.005,0.0,0.0,143.85445041410804,144.80745542879365,143.54988458308156,144.5716552734375,6500600,0.565,0.0,0.0,161.38103143676219,162.71434414331077,161.38103143676219,162.05763244628906,9100,0.0,0.0,0.0
2025-03-25 00:00:00-04:00,135.05531615751053,135.17502348432845,131.76322767028014,132.65109252929688,915500,0.0,0.0,0.0,88.5045674622832,88.59423409285863,86.02368426281724,86.76097869873047,7040000,0.0,0.0,0.0,144.91553151832142,145.00395095655955,141.82073124856888,142.724609375,6502000,0.0,0.0,0.0,161.3909769901609,161.64968988097922,159.26165147381136,159.83876037597656,2100,0.0,0.0,0.0
2025-03-26 00:00:00-04:00,132.63114185576418,132.64112761488434,130.51623114064256,130.8254852294922,600600,0.0,0.0,0.0,86.66134360181424,86.76097572173843,84.43951008043146,84.76830291748047,8225500,0.0,0.0,0.0,142.83267333418067,143.41233182481162,141.8600146022035,142.20388793945312,8758600,0.0,0.0,0.0,159.8288121112028,159.8288121112028,158.12733459472656,158.12733459472656,3300,0.0,0.0,0.0
2025-03-27 00:00:00-04:00,130.8753707564824,132.14232919026153,130.84544392296112,131.26443481445312,881600,0.0,0.0,0.0,85.02734556617432,85.86427210318193,84.7782614637169,85.2166519165039,6493600,0.0,0.0,0.0,141.98774318757853,142.87196750578084,141.92879689855525,142.4298553466797,6264300,0.0,0.0,0.0,158.05770455073727,159.0527168168856,158.05770455073727,158.97311401367188,1900,0.0,0.0,0.0
2025-03-28 00:00:00-04:00,131.1048186392515,131.53379530232226,129.65829916295095,129.97752380371094,1278000,0.0,0.0,0.0,85.08713386867691,85.19673148567209,83.66237244918362,84.0907974243164,7003100,0.0,0.0,0.0,142.3119514889506,142.69511732865865,141.91895127423382,141.98773193359375,6210500,0.0,0.0,0.0,158.6447578705966,158.6447578705966,157.56019814620723,157.63978576660156,3200,0.0,0.0,0.0
2025-03-31 00:00:00-04:00,127.26404371423915,128.24169669186128,124.68025906303949,127.59325408935547,1646800,0.0,0.0,0.0,81.21138856815719,81.36084056036312,79.03937473890423,80.80288696289062,16660900,0.0,0.0,0.0,141.27054196776166,144.05095723384548,140.96597610674186,143.45164489746094,8085600,0.0,0.0,0.0,155.1323573108167,157.15223088257866,153.62987915674373,156.54527282714844,9300,0.0,0.0,0.0
2025-04-01 00:00:00-04:00,127.44361491913234,127.75286900510724,123.85225038492214,124.14155578613281,2561900,0.0,0.0,0.0,80.56376248511825,80.74310334245153,77.58471875633423,77.8736572265625,17353200,0.0,0.0,0.0,142.93091756570934,142.93091756570934,140.3961221308477,140.8284149169922,9906100,0.0,0.0,0.0,156.55522095484153,156.73433105161413,153.22193908691406,153.22193908691406,7000,0.0,0.0,0.0
2025-04-02 00:00:00-04:00,122.98433215914352,126.57569663430338,122.91450034697168,126.48591613769531,1659300,0.0,0.0,0.0,77.42530031875425,80.57372697464992,77.05665311620137,80.29474639892578,14091000,0.0,0.0,0.0,140.26841600724657,141.86984526989258,139.69857685554294,141.7716064453125,6392700,0.0,0.0,0.0,152.89357794655456,155.29156098691982,152.89357794655456,155.0229034423828,9800,0.0,0.0,0.0
2025-04-03 00:00:00-04:00,123.64276006690237,125.79757583225368,123.20381287293758,123.49311828613281,1322900,0.0,0.0,0.0,77.91351463757107,79.00949091624544,77.23600548413808,77.8537368774414,10860200,0.0,0.0,0.0,141.24103653751715,142.64598791935643,140.54348552972795,140.62208557128906,10990600,0.0,0.0,0.0,153.08263843495092,154.98310026505126,153.08263843495092,153.37118530273438,16900,0.0,0.0,0.0
2025-04-04 00:00:00-04:00,121.25849161493414,122.0366197355789,116.73934944847937,116.87902069091797,3213800,0.0,0.0,0.0,76.149992886994,76.82750195667253,72.98164276723905,73.39014434814453,23865800,0.0,0.0,0.0,138.6669756921458,139.2269954747276,132.86052580056165,132.90965270996094,21341100,0.0,0.0,0.0,150.54534970719746,150.92344402101017,145.14242553710938,145.14242553710938,20300,0.0,0.0,0.0
2025-04-07 00:00:00-04:00,113.13801699665923,119.65235514165558,110.96324489882441,115.9312973022461,2694000,0.0,0.0,0.0,70.73988781162639,75.58208355727012,68.98633353465222,72.72259521484375,23621800,0.0,0.0,0.0,129.40219642250625,134.96301104387888,127.38811333050096,132.11383056640625,29940300,0.0,0.0,0.0,140.86388093790646,147.7095543794072,138.91365039403578,143.79916381835938,41400,0.0,0.0,0.0
2025-04-08 00:00:00-04:00,118.21580535167784,118.5150889159944,110.29484515669786,111.7513427734375,2731500,0.0,0.0,0.0,74.87468722859717,75.19351459488749,68.62765330590571,69.5442886352539,21546100,0.0,0.0,0.0,136.9869135751055,136.99674795056708,128.9797230982945,130.64993286132812,20860400,0.0,0.0,0.0,145.57028717238455,146.59514851867178,137.70968172187904,139.40121459960938,28300,0.0,0.0,0.0
2025-04-09 00:00:00-04:00,108.92812740263095,119.08371257899417,107.17234635457123,118.3454818725586,3602300,0.0,0.0,0.0,67.8006952593996,75.6817122537597,66.41578826745392,74.60566711425781,36123800,0.0,0.0,0.0,127.84989735342866,136.80027466242817,127.40777015510459,136.32867431640625,39444700,0.0,0.0,0.0,136.37637394553002,147.01305712367324,134.66495169367204,146.59515380859375,60200,0.0,0.0,0.0
2025-04-10 00:00:00-04:00,116.02107727452326,116.3602581890234,109.41695147861134,112.86865234375,2173200,0.0,0.0,0.0,72.50339486607432,72.98163967204151,68.38852836238186,71.34764862060547,23889300,0.0,0.0,0.0,135.28723513825784,135.3265426585508,129.0288542642741,132.52647399902344,21957400,0.0,0.0,0.0,145.40113959186502,145.40113959186502,136.02812636425082,139.88876342773438,78000,0.0,0.0,0.0
2025-04-11 00:00:00-04:00,113.12802966487466,116.89896271852105,112.14040615346647,116.67948913574219,2044200,0.0,0.0,0.0,71.32772601270455,74.10750574531785,70.8096343800537,74.05769348144531,16114000,0.0,0.0,0.0,132.78192279492657,135.34619149777131,131.30820549424402,134.47178649902344,10755600,0.0,0.0,0.0,140.81413663805594,144.26683032993563,139.9086718546413,143.6001739501953,17300,0.0,0.0,0.0
2025-04-14 00:00:00-04:00,118.82433383280089,120.68985166916639,117.31795320141586,120.01148223876953,3415700,0.0,0.0,0.0,75.72157514799022,76.65813390465124,74.08758387133335,76.25959777832031,13241500,0.0,0.0,0.0,135.78831370872498,136.60375739278587,134.56021600312755,136.11251831054688,7437200,0.0,0.0,0.0,145.291689360183,148.6747248524487,145.2518803688773,147.888671875,16700,0.0,0.0,0.0
2025-04-15 00:00:00-04:00,119.84188829060615,120.79958499976165,118.63479115892798,119.56256103515625,1908300,0.0,0.0,0.0,76.13007676787662,77.27585767909203,75.31307352810381,76.25959777832031,8744300,0.0,0.0,0.0,136.56446403296582,136.60375656307838,134.8844197856849,135.2774200439453,6239000,0.0,0.0,0.0,147.9583160345015,148.1075769790847,146.30659208361064,147.00311279296875,7100,0.0,0.0,0.0
2025-04-16 00:00:00-04:00,118.9839536052433,119.34309083275676,116.38022012241642,117.50750732421875,1243000,0.0,0.0,0.0,75.81123362629809,75.96068560776763,73.66911643052784,74.85475158691406,9355000,0.0,0.0,0.0,135.69988392296074,136.19112302200583,133.2633421892968,133.90194702148438,8150700,0.0,0.0,0.0,146.33644938691396,146.58520243325114,143.63001502815115,144.24691772460938,14900,0.0,0.0,0.0
2025-04-17 00:00:00-04:00,117.32794002869647,118.33551990671302,116.63959239971227,118.00630950927734,1184600,0.0,0.0,0.0,74.61562663351532,75.88097802073956,74.29679931416108,75.65181732177734,10436500,0.0,0.0,0.0,132.9685860829993,134.17704497278882,132.73280092708055,133.115966796875,9662800,0.0,0.0,0.0,143.54045093587845,144.33646371261509,142.9733018909797,143.79916381835938,8700,0.0,0.0,0.0
2025-04-21 00:00:00-04:00,116.89897048974044,118.89417394059035,115.97120058065134,116.95882415771484,1343500,0.0,0.0,0.0,74.90457506509989,77.03673447279483,74.39644134414263,75.23336791992188,11913700,0.0,0.0,0.0,132.82123478086868,132.98825428158648,129.25483399613086,130.2471466064453,6456000,0.0,0.0,0.0,142.74445294765627,143.50065673299343,141.28178383946243,142.46583557128906,18500,0.0,0.0,0.0
2025-04-22 00:00:00-04:00,119.17349187136954,120.34068397203016,117.9464461074227,120.14116668701172,991100,0.0,0.0,0.0,76.2297028662858,77.53490116531805,76.11013975741544,77.35556030273438,14041800,0.0,0.0,0.0,131.29837952835135,132.9096430966824,130.80714045274522,132.69349670410156,8012500,0.0,0.0,0.0,143.72951263348725,145.86879802340465,143.41111661699395,145.62998962402344,22900,0.0,0.0,0.0
2025-04-23 00:00:00-04:00,122.15633045990958,124.4009343830193,121.45801228382548,121.70741271972656,2088900,0.0,0.0,0.0,79.39805363621363,80.8726273161795,78.7305024417928,78.81021118164062,14631300,0.0,0.0,0.0,134.1475658015176,135.51320988937235,132.76228294364157,133.3517608642578,9503200,0.0,0.0,0.0,149.78913950831665,149.78913950831665,146.86381620627108,147.1623077392578,3300,0.0,0.0,0.0
2025-04-24 00:00:00-04:00,121.88697050348752,123.98193245661598,121.07891559854716,123.9021224975586,2728700,0.0,0.0,0.0,79.10911919858361,80.63351281922648,78.36186682756697,80.59365844726562,11296500,0.0,0.0,0.0,133.56791024707417,135.13004701000037,132.75245153016502,134.98268127441406,5433000,0.0,0.0,0.0,147.06281578100402,149.42098999023438,147.06281578100402,149.42098999023438,3500,0.0,0.0,0.0
2025-04-25 00:00:00-04:00,122.6451569911577,123.30357016374921,121.36822801671609,122.92448425292969,1244000,0.0,0.0,0.0,79.82647266082837,80.41430747014039,78.9795806655991,79.95599365234375,8244700,0.0,0.0,0.0,135.17915699735502,135.77846923276414,133.49912785626486,135.631103515625,6438400,0.0,0.0,0.0,147.76925351700072,148.0578155517578,146.7642966800752,148.0578155517578,3400,0.0,0.0,0.0
2025-04-28 00:00:00-04:00,123.2736439968081,124.95959333588847,122.99431673352552,124.32112884521484,1740900,0.0,0.0,0.0,80.42427920334234,81.8091862563032,80.04566648862762,81.0718994140625,6974300,0.0,0.0,0.0,135.81780075520408,136.60377137408832,134.99250761908985,136.17149353027344,5803300,0.0,0.0,0.0,149.2518285553346,149.85878659876687,148.07772145838624,149.43092346191406,9600,0.0,0.0,0.0
2025-04-29 00:00:00-04:00,123.48313841720733,125.30875137274458,122.15632631655369,124.45081329345703,2267400,0.0,0.0,0.0,80.69328589848685,82.05826955359953,80.1154165421652,81.58002471923828,9301500,0.0,0.0,0.0,135.9946220348456,137.5174661467158,135.3167097211376,136.8395538330078,7811900,0.0,0.0,0.0,148.64487932546595,150.98316418454863,148.64487932546595,150.26675415039062,15000,0.0,0.0,0.0
2025-04-30 00:00:00-04:00,123.97195557136708,126.63555780158045,123.38337424229269,126.27642059326172,1150900,0.0,0.0,0.0,80.80288950987902,82.94501452850156,80.58369426126029,82.64611053466797,9587200,0.0,0.0,0.0,137.10483463128548,138.32309799431343,135.8374293689663,138.0087127685547,6827800,0.0,0.0,0.0,149.61003440262388,152.23686599284017,149.2916232122068,151.8388671875,7500,0.0,0.0,0.0
2025-05-01 00:00:00-04:00,126.36620570069255,126.36620570069255,122.93446102312326,124.58049774169922,1757500,0.0,0.0,0.0,82.64610225061575,83.19409031723485,80.63350604506154,82.19775390625,9292300,0.0,0.0,0.0,136.37779496210584,136.67254141697384,134.07879959870473,134.24581909179688,10363200,0.0,0.0,0.0,151.42095217500153,151.42095217500153,147.91852009622428,149.1821746826172,10300,0.0,0.0,0.0
2025-05-02 00:00:00-04:00,126.39613010597394,127.7728252986826,125.58807517884273,126.29637145996094,2470300,0.0,0.0,0.0,83.194091796875,83.93137862571254,82.94500768969873,83.194091796875,9684600,0.0,0.0,0.0,136.35814585001347,136.57429225819126,135.13988244911457,136.1027069091797,9777000,0.0,0.0,0.0,152.1672083653654,152.84382455594638,150.64484091490982,151.06275939941406,5500,0.0,0.0,0.0
2025-05-05 00:00:00-04:00,125.69781487497941,126.45599430215788,125.00946726273206,125.55815124511719,874800,0.0,0.0,0.0,82.88522869131434,83.07452744094289,81.74940578776867,82.34720611572266,6374300,0.0,0.0,0.0,135.8276013921353,136.2500597919006,135.16934284439597,135.7195281982422,5479700,0.0,0.0,0.0,150.38615021245053,151.40106695424694,150.19709545653257,151.04286193847656,11800,0.0,0.0,0.0
2025-05-06 00:00:00-04:00,123.63277824293641,124.02184229471204,117.98634900152092,118.31555938720703,3506400,0.0,0.0,0.0,81.5501463863582,81.62985513596493,76.79762431236581,76.88729095458984,32491300,0.0,0.0,0.0,134.72724515674784,134.78619145221668,131.6226103363447,131.97630310058594,11625900,0.0,0.0,0.0,149.39112974854956,149.39112974854956,142.595194662138,142.95339965820312,9400,0.0,0.0,0.0
2025-05-07 00:00:00-04:00,118.90415201206538,119.62242647168243,118.0462139198669,119.1136474609375,1383900,0.0,0.0,0.0,77.31571162985811,77.60465012983482,76.27952074763128,77.0666275024414,12918800,0.0,0.0,0.0,132.3889232363197,133.37140133083784,132.04504990666794,132.9882354736328,6417500,0.0,0.0,0.0,143.69966105669513,144.2966744537337,143.02306004388737,143.95835876464844,5100,0.0,0.0,0.0
2025-05-08 00:00:00-04:00,117.9963296029618,120.0314380143853,115.97119933979299,118.89417266845703,4415800,0.0,0.0,0.0,76.77768392532236,78.98955204674778,75.40274236942399,77.75409698486328,16479300,0.0,0.0,0.0,132.0549003906735,132.9587785489175,131.34751487701686,131.7896270751953,10558100,0.0,0.0,0.0,140.16736862176788,142.64495455154812,140.1275748127661,142.3762969970703,13000,0.0,0.0,0.0
2025-05-09 00:00:00-04:00,119.04380985426747,120.3207387820994,116.21061713593068,116.35028076171875,2304500,0.0,0.0,0.0,77.86369215378114,79.25856465150927,76.02047131102493,76.11013793945312,11445300,0.0,0.0,0.0,131.95663827780024,132.40858482422655,130.29624780126886,130.35519409179688,7555200,0.0,0.0,0.0,142.89371218645627,143.48076577979447,139.22211449417398,139.35147094726562,16900,0.0,0.0,0.0
2025-05-12 00:00:00-04:00,117.67709868411387,122.23613826743131,117.67709868411387,121.75729370117188,3268600,0.0,0.0,0.0,77.76406296853762,79.77665925304363,77.57475661056229,79.15892791748047,19550400,0.0,0.0,0.0,130.55169394265306,133.74474774851203,130.31589380315322,133.57772827148438,15211100,0.0,0.0,0.0,140.54548163307078,145.76929599465396,140.54548163307078,145.67974853515625,21200,0.0,0.0,0.0
2025-05-13 00:00:00-04:00,120.98912717128295,121.4580011656321,118.88418707607502,119.24332427978516,2555000,0.0,0.0,0.0,78.9895497700613,79.1489672451645,76.91716820238123,77.2658920288086,15782000,0.0,0.0,0.0,131.59313964604334,131.59313964604334,129.5201099319167,129.5594024658203,17817000,0.0,0.0,0.0,145.44092900136232,145.44092900136232,142.91360473632812,142.91360473632812,14700,0.0,0.0,0.0
2025-05-14 00:00:00-04:00,119.41291887407081,120.03143465992596,116.53982875587597,116.63958740234375,2284800,0.0,0.0,0.0,77.3356304013005,78.17254928853174,75.62193065913011,76.0902099609375,13920500,0.0,0.0,0.0,129.96221061760266,130.22748392005988,126.42528322293005,126.51371765136719,19579500,0.0,0.0,0.0,142.81411105825399,142.81411105825399,139.54052734375,139.54052734375,8100,0.0,0.0,0.0
2025-05-15 00:00:00-04:00,116.8590557135636,118.95401763916016,116.21061312416322,118.95401763916016,2018000,0.0,0.0,0.0,76.08025230535581,77.3754927373217,75.43263208937287,77.29578399658203,11089500,0.0,0.0,0.0,126.21896591754759,128.2526878407475,125.11858771909533,128.17410278320312,18792700,0.0,0.0,0.0,140.09772262559406,142.66485595703125,139.470860072952,142.66485595703125,23100,0.0,0.0,0.0
2025-05-16 00:00:00-04:00,119.05378806748332,120.91930606236284,118.23575494465166,120.86943054199219,1051500,0.0,0.0,0.0,77.58471848459669,78.88991674084649,77.04669591448125,78.73049926757812,10103000,0.0,0.0,0.0,128.40987374591654,130.80712250457398,128.02670791917538,130.75799560546875,12901800,0.0,0.0,0.0,142.744455584668,144.8041229248047,142.65489294865074,144.8041229248047,16000,0.0,0.0,0.0
2025-05-19 00:00:00-04:00,119.93167771476314,122.36582830081035,119.93167771476314,122.2161865234375,1441000,0.0,0.0,0.0,77.873657990806,79.5773923514707,77.86369249823315,79.42794036865234,7045500,0.0,0.0,0.0,130.68924276616886,132.0843598874155,130.3257156702521,132.0155792236328,11645200,0.0,0.0,0.0,144.00811625423785,147.00311279296875,144.00811625423785,147.00311279296875,14800,0.0,0.0,0.0
2025-05-20 00:00:00-04:00,122.47556495687257,124.75010336727614,121.89696171941742,124.37100982666016,1532000,0.0,0.0,0.0,79.37811845127528,81.40068010889287,79.03936772700828,81.1017837524414,13967400,0.0,0.0,0.0,132.04505154333884,132.7229638355871,131.8387395361314,132.3397979736328,11644500,0.0,0.0,0.0,147.02300266419138,149.2120417316004,146.8439077492298,148.744384765625,13100,0.0,0.0,0.0
2025-05-21 00:00:00-04:00,124.08169865194162,124.48074086041908,120.96918617023107,121.39815521240234,1904400,0.0,0.0,0.0,80.19512167686403,81.06193715671333,78.51131818351652,79.03937530517578,13135900,0.0,0.0,0.0,131.2197776118017,131.78961673037495,129.2155288080498,129.27447509765625,16635900,0.0,0.0,0.0,147.301601003973,147.57025855203526,145.44093302826636,145.6996307373047,13100,0.0,0.0,0.0
2025-05-22 00:00:00-04:00,121.34827303541807,121.60765161463048,120.29081764407861,121.12879943847656,1390200,0.0,0.0,0.0,78.69065589517317,79.47775499869728,78.17255668614533,78.95966339111328,7778900,0.0,0.0,0.0,128.34112751800797,128.94043979844022,127.70250771576836,128.2625274658203,12722600,0.0,0.0,0.0,145.1424342095602,145.72950298463738,144.50562696738828,145.31158447265625,17000,0.0,0.0,0.0
2025-05-23 00:00:00-04:00,120.4703829275593,121.32832099491797,119.49272991669815,120.9592056274414,732700,0.0,0.0,0.0,77.76406390642698,78.98955349798473,77.71424404274508,78.75043487548828,6078200,0.0,0.0,0.0,127.65337848178497,128.3116520329263,127.28004697998418,128.0561981201172,9127100,0.0,0.0,0.0,143.69966640343608,145.81904734083082,143.69966640343608,145.6001434326172,6100,0.0,0.0,0.0
2025-05-27 00:00:00-04:00,122.87459110430062,123.30356011021654,121.93685074639562,122.55535888671875,2001100,0.0,0.0,0.0,79.66706144008539,79.9559999220705,78.75043373261504,79.00948333740234,15176400,0.0,0.0,0.0,129.1270947391965,130.07028034978688,128.86183643523427,129.8443145751953,12304000,0.0,0.0,0.0,147.2916639431285,148.45582646785635,147.2916639431285,148.34637451171875,11500,0.0,0.0,0.0
2025-05-28 00:00:00-04:00,122.30596234733235,122.95440495042615,121.38817064414248,121.61762237548828,2203100,0.0,0.0,0.0,79.2585635712586,79.68698852683355,78.4116715510582,78.48141479492188,8407900,0.0,0.0,0.0,129.79518979042712,130.256955723067,128.8323653951347,129.1762237548828,11087500,0.0,0.0,0.0,148.01800752619226,148.4259661668541,147.36131102137102,147.4309539794922,14600,0.0,0.0,0.0
2025-05-29 00:00:00-04:00,122.51546113891006,123.96198815636997,121.31834215509905,123.94203186035156,2132400,0.0,0.0,0.0,79.00948346894253,80.28479290779737,77.99321603386245,80.16522979736328,8963700,0.0,0.0,0.0,129.3727090979682,130.4337872456435,128.98954323837097,130.04080200195312,10670300,0.0,0.0,0.0,148.44588201026414,149.85879760241207,148.44588201026414,149.6796875,11000,0.0,0.0,0.0
2025-05-30 00:00:00-04:00,122.05656401610926,122.07652031192188,120.04141197155153,121.4280776977539,2799700,0.0,0.0,0.0,79.33826996051874,79.49768744358992,77.77402201474163,78.89988708496094,15780500,0.0,0.0,0.0,129.7558979535844,131.00363442455802,128.58674654305585,130.31590270996094,11651300,0.0,0.0,0.0,147.95831793087538,148.05782522853957,146.4359504092415,147.60011291503906,10900,0.0,0.0,0.0
2025-06-02 00:00:00-04:00,122.00669273023863,123.8223275462212,121.21858646243616,123.4133071899414,2234600,0.0,0.0,0.0,79.90617677854658,81.43057786604419,79.19877884194702,80.94236755371094,13023100,0.0,0.0,0.0,129.98187692058775,130.45346228823874,128.81272539144112,130.39451599121094,11845000,0.0,0.0,0.0,148.17721407197675,148.9732268635165,146.96329798098196,148.65481567382812,10400,0.0,0.0,0.0
2025-06-03 00:00:00-04:00,123.33349776038037,125.30875251256927,122.25609368846534,124.53062438964844,2045600,0.0,0.0,0.0,81.17152988140748,82.52654802953329,80.20508233149266,82.03833770751953,12771400,0.0,0.0,0.0,130.05062698979623,131.18048584908612,129.42184157794227,130.69906616210938,14304300,0.0,0.0,0.0,149.03292324070875,150.5154968560161,148.0478557158518,149.90853881835938,9600,0.0,0.0,0.0
2025-06-04 00:00:00-04:00,125.25887061533895,126.46596779368917,124.64036241467026,124.81993103027344,1723800,0.0,0.0,0.0,82.09812481696038,83.11438464905572,81.9187839523031,82.1778335571289,8291000,0.0,0.0,0.0,131.09204462424339,131.97628390192978,130.95449829101562,130.95449829101562,9986100,0.0,0.0,0.0,151.99805490163277,151.99805490163277,150.42593383789062,150.42593383789062,41200,0.0,0.0,0.0
2025-06-05 00:00:00-04:00,125.19901034440012,125.92726291679993,123.6128273328055,124.76006317138672,1476000,0.0,0.0,0.0,82.03833498960805,83.02471349218239,81.12170733196227,82.25753021240234,8085900,0.0,0.0,0.0,131.2787226328097,131.56364968505628,130.24713259181252,130.7776641845703,13705000,0.0,0.0,0.0,150.45580086772677,151.70951076917305,149.5403762864636,149.98814392089844,10500,0.0,0.0,0.0
2025-06-06 00:00:00-04:00,125.85743316150038,127.09445712892001,125.54817146132281,126.65550994873047,797400,0.0,0.0,0.0,82.9151259463252,84.14061560225387,82.9151259463252,83.9513168334961,10003500,0.0,0.0,0.0,131.46540139038387,132.47735270510216,131.44574762940502,132.02542114257812,9153500,0.0,0.0,0.0,151.58016427985172,152.23687601631485,151.34137105399765,151.78912353515625,6800,0.0,0.0,0.0
2025-06-09 00:00:00-04:00,127.88256368776915,128.11200781535135,125.90730898324729,127.28399658203125,2600600,0.0,0.0,0.0,84.72844885316461,85.05724169139307,83.10442324838822,83.96126556396484,11540800,0.0,0.0,0.0,131.99596138221335,132.44789299056666,131.05277564813423,131.79945373535156,9976600,0.0,0.0,0.0,151.83887269972982,152.94333688472773,150.88365427648228,152.29656982421875,11200,0.0,0.0,0.0
2025-06-10 00:00:00-04:00,127.71296730973526,129.229310855554,127.24409331714077,128.48110961914062,2771400,0.0,0.0,0.0,84.3797326133022,85.64507650363774,84.03100879022632,84.96756744384766,12066900,0.0,0.0,0.0,131.91732967181585,133.70543189610854,131.8976759135593,133.3026123046875,11488000,0.0,0.0,0.0,154.2069948092485,154.8239127306942,153.15228424967893,154.26669311523438,9000,0.0,0.0,0.0
2025-06-11 00:00:00-04:00,129.06971890306602,129.40889984373274,127.51345500213831,127.55335998535156,2652700,0.0,0.0,0.0,85.47570133117048,85.62515331261841,84.00112010309768,84.06090545654297,12058300,0.0,0.0,0.0,133.3321216532302,134.17705349560353,132.9685945290537,133.3714141845703,13644000,0.0,0.0,0.0,154.2368336268044,155.16220285562278,153.76917668434328,153.90847778320312,7100,0.0,0.0,0.0
2025-06-12 00:00:00-04:00,127.58327435307176,128.95996950056346,127.004663569665,128.69061279296875,2437900,0.0,0.0,0.0,83.60258552766888,84.44946989222272,83.18411848982653,84.05093383789062,8451100,0.0,0.0,0.0,133.38122153421963,134.44229968178846,133.115963240897,134.41282653808594,9809500,0.0,0.0,0.0,154.29655271834147,155.58011180571512,154.01793532781625,155.29156494140625,4900,0.0,0.0,0.0
2025-06-13 00:00:00-04:00,127.16428837543026,128.42126102220482,126.58567756978027,127.6930160522461,3170400,0.0,0.0,0.0,82.61621498333773,83.891524398002,82.47672849119905,83.2937240600586,11206500,0.0,0.0,0.0,133.67598556337217,134.9237371129619,133.30263903874814,133.74476623535156,13722800,0.0,0.0,0.0,154.19704299905572,155.1423015595719,154.19704299905572,154.54530334472656,9400,0.0,0.0,0.0
2025-06-16 00:00:00-04:00,128.1419325929499,128.18184518452892,126.02702190506966,127.54337310791016,2295500,0.0,0.0,0.0,83.40331828980514,83.6125480195196,82.08815455914049,83.06456756591797,9199000,0.0,0.0,0.0,134.02967392788435,134.43249358687382,132.71315674094214,133.33212280273438,14171000,0.0,0.0,0.0,152.9831230875376,154.47564136156234,152.9831230875376,154.01792907714844,13200,0.0,0.0,0.0
2025-06-17 00:00:00-04:00,126.7552721894735,127.31393432858017,124.84985686081399,125.01944732666016,2157100,0.0,0.0,0.0,82.52655384069526,83.24391733450416,81.70955821751163,81.79922485351562,11632800,0.0,0.0,0.0,132.73279168872608,133.03735748820733,130.9544938101937,131.13134765625,13506000,0.0,0.0,0.0,153.48064258757503,153.48064258757503,150.903564453125,150.903564453125,3400,0.0,0.0,0.0
2025-06-18 00:00:00-04:00,125.0792968516017,126.46596258848136,124.08169516399923,125.4683609008789,1426900,0.0,0.0,0.0,82.00844628538269,83.11438029256033,81.22133962072378,82.35717010498047,9008100,0.0,0.0,0.0,131.1411806718298,131.76996609492096,130.1685368874044,130.9053955078125,12185300,0.0,0.0,0.0,150.95331361407935,152.27666653254823,150.7542990199295,151.4110107421875,7000,0.0,0.0,0.0
2025-06-20 00:00:00-04:00,126.10683506024439,126.59565776411381,124.47076126341966,125.20899200439453,1255900,0.0,0.0,0.0,82.8055226145852,82.98486347887837,81.39072668596353,82.07819366455078,8489200,0.0,0.0,0.0,131.35732832018203,131.45558213374503,130.08993807721163,130.276611328125,13744900,0.0,0.0,0.0,152.037868362641,152.11747116117328,151.64981420897195,151.7692108154297,9700,0.0,0.0,0.0
2025-06-23 00:00:00-04:00,125.40850792599409,125.79757197741448,123.31354589270806,124.6403579711914,1782100,0.0,0.0,0.0,82.20474325421742,82.54352278953468,80.61047096606876,81.9755630493164,11661300,0.007,0.0,0.0,130.36544950337728,131.0367318121384,129.29930588098742,130.46417236328125,14181600,0.63,0.0,0.0,151.540365758379,152.2269266267287,149.43092950526307,150.0378875732422,13700,0.0,0.0,0.0
2025-06-24 00:00:00-04:00,125.61800673914469,127.41369287934636,124.94961541349628,127.10443878173828,1584700,0.0,0.0,0.0,82.68302942385043,83.86876540933316,82.0652455811817,83.52001953125,9675700,0.0,0.0,0.0,130.80966183238087,132.35952324411628,130.30621143813804,132.06336975097656,11272900,0.0,0.0,0.0,150.40604616431307,152.8239184963982,150.40604616431307,152.46571350097656,8300,0.0,0.0,0.0
2025-06-25 00:00:00-04:00,126.76525536246959,126.86501401626877,125.46837002978802,126.38616943359375,1024900,0.0,0.0,0.0,83.49012811250478,83.5499109481498,82.1848188536551,82.97198486328125,7246400,0.0,0.0,0.0,131.80672525072333,132.5668340518287,131.06634897170287,132.1818389892578,11996400,0.0,0.0,0.0,152.24680945500234,152.24680945500234,150.9533057564508,151.79905700683594,8400,0.0,0.0,0.0
2025-06-26 00:00:00-04:00,126.7552664472903,127.21416230466627,126.01704333856343,126.70539093017578,1728700,0.0,0.0,0.0,83.16130980824282,83.61966263348813,82.51363452831939,83.38052368164062,9316800,0.0,0.0,0.0,132.4582465285839,133.4256823902137,132.03377135372128,132.49774169921875,13177700,0.0,0.0,0.0,152.0677232399652,153.0527908283759,151.679669071685,151.9682159423828,4500,0.0,0.0,0.0
2025-06-27 00:00:00-04:00,126.80515915273578,127.43364551574307,125.5980619476027,126.16669464111328,1513900,0.0,0.0,0.0,83.30080596747271,83.82890795650412,82.23463564940269,82.71292114257812,11032700,0.0,0.0,0.0,132.5964664344788,133.39607042668854,131.9844117849524,132.21145629882812,13818500,0.0,0.0,0.0,152.0080242744684,152.91347387473613,151.361257208355,152.07766723632812,7100,0.0,0.0,0.0
2025-06-30 00:00:00-04:00,126.43604050907214,126.98472450232036,125.70779551195776,126.20659637451172,1516400,0.0,0.0,0.0,82.9620223845217,83.45026659181708,82.39406266523412,82.6332015991211,8503400,0.0,0.0,0.0,132.1818303547056,133.2183600902235,132.08312256174716,133.06040954589844,12407700,0.0,0.0,0.0,152.10751375660766,152.78412996362047,151.82891154862642,152.51547241210938,9700,0.0,0.0,0.0
2025-07-01 00:00:00-04:00,126.08687437657888,129.63833388381028,125.39852678919651,127.32389831542969,1766700,0.0,0.0,0.0,82.16488523180298,84.56626379721614,81.7463901829053,82.78266906738281,11537600,0.0,0.0,0.0,132.85312182739983,135.99231003231722,132.73466644245775,134.95579528808594,21204300,0.0,0.0,0.0,152.346321233421,156.71442426107316,152.346321233421,154.73434448242188,8100,0.0,0.0,0.0
2025-07-02 00:00:00-04:00,127.25405569672405,129.63832287504346,126.88494798152152,129.23928833007812,1638400,0.0,0.0,0.0,82.70295462449369,84.96482726749699,82.41399158162719,84.4865493774414,10887400,0.0,0.0,0.0,134.28450889438275,134.54116724165178,133.50465252880034,133.62310791015625,13720400,0.0,0.0,0.0,154.76418889646106,156.6845703125,154.76418889646106,156.6845703125,5800,0.0,0.0,0.0
2025-07-03 00:00:00-04:00,129.638334035123,129.97751494976154,128.9001185411677,129.68821716308594,659000,0.0,0.0,0.0,84.70576391657737,85.15415039232288,84.11787148619474,84.9349365234375,4956000,0.0,0.0,0.0,133.81066819107352,134.1561680637348,133.43553941099083,133.7613067626953,7282700,0.0,0.0,0.0,156.99302442915013,157.09253172268393,156.35621722550536,156.91342163085938,6700,0.0,0.0,0.0
2025-07-07 00:00:00-04:00,129.0996359328124,129.63833413753488,126.80514904444496,127.8127212524414,1987800,0.0,0.0,0.0,84.56626027235382,84.82532428110754,82.72287518230624,83.28087615966797,8494300,0.0,0.0,0.0,133.71195044173513,133.71195044173513,131.93504439319838,132.6359405517578,14052300,0.0,0.0,0.0,155.81891272119222,155.81891272119222,154.1373397157479,154.9034881591797,10100,0.0,0.0,0.0
2025-07-08 00:00:00-04:00,127.93245416931877,130.21695548386253,127.7528779383995,129.01983642578125,2335800,0.0,0.0,0.0,83.4004424019676,85.0545050645316,83.15133712884095,84.40682983398438,9617300,0.0,0.0,0.0,132.53721724710954,134.47207384080903,132.2904251596118,133.2381134033203,19485900,0.0,0.0,0.0,154.92339623984424,157.67958428030505,154.92339623984424,156.6149139404297,3800,0.0,0.0,0.0
2025-07-09 00:00:00-04:00,130.33665116691427,132.26203029182088,129.6782456382778,131.97271728515625,2454200,0.0,0.0,0.0,85.33350428625378,87.59538449053218,85.23386369446435,87.55552673339844,14875400,0.0,0.0,0.0,133.5145085186925,134.17590945203932,132.6951570470261,133.75143432617188,13963900,0.0,0.0,0.0,159.14225888797554,159.15220354453464,157.41093213773954,158.25669860839844,7000,0.0,0.0,0.0
2025-07-10 00:00:00-04:00,132.13233359631687,133.83823909102924,131.4340154958062,133.32945251464844,1513700,0.0,0.0,0.0,87.55552850590081,88.29287802257758,86.7284971333351,88.0636978149414,9903200,0.0,0.0,0.0,133.77118174059788,135.8639889488692,133.26773128951535,134.57080078125,17668300,0.0,0.0,0.0,158.26664589355875,160.68453355357525,158.26664589355875,160.33627319335938,7600,0.0,0.0,0.0
2025-07-11 00:00:00-04:00,132.45159207382892,132.7109630556224,131.04496991621366,131.2744140625,1653100,0.0,0.0,0.0,87.26656576934236,87.59538657194169,86.38971029574418,86.70856475830078,7716800,0.0,0.0,0.0,134.13645565681284,134.13645565681284,132.62608911251422,133.45530700683594,14246600,0.0,0.0,0.0,158.97310385973805,158.97310385973805,157.2517218177183,157.4308319091797,10800,0.0,0.0,0.0
2025-07-14 00:00:00-04:00,130.81551289715097,132.21214915736581,130.5960393102324,131.5736846923828,746000,0.0,0.0,0.0,86.51925260790404,88.23309824837129,86.42957074890317,87.95409393310547,6410900,0.0,0.0,0.0,132.92221920980884,133.57375396978532,132.6754271094839,133.29734802246094,11095400,0.0,0.0,0.0,156.6149223785243,158.29649551349166,156.6149223785243,157.9681396484375,7300,0.0,0.0,0.0
2025-07-15 00:00:00-04:00,132.18223203030806,132.5014718973366,128.62078647197006,128.74050903320312,1471800,0.0,0.0,0.0,88.3825550770134,88.41245409798381,85.38333281731965,85.60254669189453,12109600,0.0,0.0,0.0,133.49477156677975,133.73169739312718,130.7701923472553,130.89852905273438,17095600,0.0,0.0,0.0,158.42584871523772,158.42584871523772,154.94330590496148,155.07266235351562,4900,0.0,0.0,0.0
2025-07-16 00:00:00-04:00,129.16946707503627,131.13474369082218,129.16946707503627,130.86538696289062,1051100,0.0,0.0,0.0,86.16053221680929,87.5754483294036,86.13064080066975,87.50569915771484,13045500,0.0,0.0,0.0,131.431601471448,132.69517583088702,131.29339849660295,132.52735900878906,14142100,0.0,0.0,0.0,155.79901041431685,157.10247395300226,155.77910591938118,157.092529296875,5000,0.0,0.0,0.0
2025-07-17 00:00:00-04:00,130.76563621362985,131.97272577898002,130.5661189126507,131.42405700683594,1026100,0.0,0.0,0.0,87.60534530384788,88.42241033922342,87.38613143546347,87.80463409423828,8903900,0.0,0.0,0.0,131.5796611521636,131.96465620148686,130.58262655340167,131.01698303222656,15740900,0.0,0.0,0.0,157.12237956255217,157.62983031690308,156.5651751618497,157.13232421875,7300,0.0,0.0,0.0
2025-07-18 00:00:00-04:00,131.83307893773588,132.64114922624645,129.1295864374051,129.41888427734375,1114300,0.0,0.0,0.0,87.95409262927674,88.74126625954746,85.7719354538075,85.96125030517578,14199700,0.0,0.0,0.0,131.362497550558,131.53031435992563,129.97058658328166,130.1482696533203,13245500,0.0,0.0,0.0,157.30147970401163,157.30147970401163,154.54530676006925,154.66470336914062,3000,0.0,0.0,0.0
2025-07-21 00:00:00-04:00,129.98750466331435,130.58605655049934,128.5309994823291,128.8203125,956600,0.0,0.0,0.0,86.17050058827104,87.22670452791908,85.35343558546809,85.56268310546875,9134900,0.0,0.0,0.0,130.21738324248702,130.62212588912115,129.34867025712478,129.40789794921875,9468700,0.0,0.0,0.0,154.62488711589242,155.45074904944116,153.97813527022075,154.01792907714844,15600,0.0,0.0,0.0
2025-07-22 00:00:00-04:00,129.5385737820085,132.86057371276436,129.5385737820085,132.52139282226562,1037600,0.0,0.0,0.0,85.37336382892883,86.52920840162191,85.19400771912078,86.41960906982422,8446500,0.0,0.0,0.0,129.6250744003781,132.09299529007535,129.6250744003781,131.81658935546875,16681900,0.0,0.0,0.0,154.67465426543896,159.888524023661,154.67465426543896,159.7890167236328,13200,0.0,0.0,0.0
2025-07-23 00:00:00-04:00,133.83823360229073,135.3346359943856,133.16984236048478,135.08523559570312,1292700,0.0,0.0,0.0,87.30641524709101,88.39251054394833,86.52920044136265,87.90426635742188,12211700,0.0,0.0,0.0,133.52438890016148,134.57080002995215,133.07029988320903,134.5214385986328,16624000,0.0,0.0,0.0,161.80889021210677,162.64471205631537,160.88353609027746,162.5651092529297,20500,0.0,0.0,0.0
2025-07-24 00:00:00-04:00,135.11516459131823,136.0329562465165,134.72610057202556,135.1051788330078,1073100,0.0,0.0,0.0,87.95409482164487,88.2430578780931,86.94771489639349,87.17688751220703,10815700,0.0,0.0,0.0,134.38323739969724,135.1729600592382,133.8007966032436,134.01797485351562,11054800,0.0,0.0,0.0,163.35115863896164,164.88348600043244,163.35115863896164,164.29641723632812,12400,0.0,0.0,0.0
2025-07-25 00:00:00-04:00,135.31469720177444,135.5541270954665,134.0078413792013,135.17503356933594,924300,0.0,0.0,0.0,87.25659762604366,87.55552700442715,86.41960752991368,87.29645538330078,9111500,0.0,0.0,0.0,134.50168475014348,134.94590748534347,133.99823432531593,134.72872924804688,9539900,0.0,0.0,0.0,163.97802483039408,164.5252846144222,163.15216282589392,164.15711975097656,7500,0.0,0.0,0.0
2025-07-28 00:00:00-04:00,134.95553733123228,135.4543381094294,133.2995150942919,133.78834533691406,2209700,0.0,0.0,0.0,87.37617202361356,87.86441625264683,85.76196704330626,86.26017761230469,12818500,0.0,0.0,0.0,134.3930999860529,134.63989207615973,133.1986196422186,133.5540008544922,9780300,0.0,0.0,0.0,163.76905386516955,163.90835496544636,162.42579650878906,162.42579650878906,5900,0.0,0.0,0.0
2025-07-29 00:00:00-04:00,133.64869247739384,133.98787338052247,132.7608276296789,133.53895568847656,1284500,0.0,0.0,0.0,86.3398974694796,86.5092872469553,85.13422874412669,85.53279113769531,11511500,0.0,0.0,0.0,132.18183433492052,133.36644839003625,131.23416116642005,132.7050323486328,14967600,0.0,0.0,0.0,162.64470330294813,163.32130432128906,162.5054022001908,163.32130432128906,5300,0.0,0.0,0.0
2025-07-30 00:00:00-04:00,133.93798796751898,135.07525320497535,132.5712786197685,133.37933349609375,967600,0.0,0.0,0.0,86.57903360901345,87.49573924773897,85.40325634122547,85.93135833740234,11644000,0.0,0.0,0.0,133.14927296684795,133.45529274779412,131.92517878006956,132.46812438964844,11634600,0.0,0.0,0.0,164.01781069796428,164.19692079255543,162.09744440108648,162.95315551757812,4000,0.0,0.0,0.0
2025-07-31 00:00:00-04:00,133.37935270730065,135.394512531359,132.11239420570905,132.4416046142578,2140500,0.0,0.0,0.0,85.79185946749502,87.15695917931644,85.02461852715689,85.35343933105469,11802100,0.0,0.0,0.0,131.3131404341884,132.07324923164398,128.3121401623586,128.75636291503906,26441600,0.0,0.0,0.0,163.32131283887492,165.18198091903216,160.89348047904573,161.23178100585938,5600,0.0,0.0,0.0
2025-08-01 00:00:00-04:00,131.763242837666,133.0700987131719,130.6658748082058,132.72093200683594,1944700,0.0,0.0,0.0,84.52640533077346,85.73207397224883,84.08797760584066,85.62246704101562,9334100,0.0,0.0,0.0,129.0228974814356,129.7139122985678,128.19367970087697,129.4473876953125,20736200,0.0,0.0,0.0,160.53527510690296,161.84869858370033,159.26166062298677,161.7491912841797,5100,0.0,0.0,0.0
2025-08-04 00:00:00-04:00,133.28956039444182,135.38453000064328,132.51143230578268,135.0453338623047,960600,0.0,0.0,0.0,85.60253811946347,86.64877568594792,84.6658998772007,86.50927734375,7662100,0.0,0.0,0.0,129.70404531128287,131.3624959261018,129.67443146664263,131.30325317382812,11331000,0.0,0.0,0.0,162.95315394137464,164.38597395351826,162.43574334083803,164.35610961914062,4800,0.0,0.0,0.0
2025-08-05 00:00:00-04:00,133.7783897003825,134.09761431844134,132.5014607837603,133.0900421142578,1642400,0.0,0.0,0.0,86.22031486988196,87.10712902326262,85.35343339527927,86.53916931152344,8943700,0.0,0.0,0.0,130.75045851106879,131.2440427372812,130.34571583045576,130.79981994628906,14319200,0.0,0.0,0.0,161.68948150495217,161.68948150495217,160.37605812134805,160.42581176757812,11000,0.0,0.0,0.0
2025-08-06 00:00:00-04:00,132.6112011768565,132.6411432355494,130.23691922229423,131.17466735839844,2477000,0.0,0.0,0.0,85.87157855595923,86.07085975334975,84.67587616743532,85.8217544555664,11585000,0.0,0.0,0.0,130.24700105139092,130.3555901778651,128.67740691116862,128.83534240722656,14342800,0.0,0.0,0.0,157.58007501389952,157.58007501389952,156.21691317774906,156.94326782226562,4700,0.0,0.0,0.0
2025-08-07 00:00:00-04:00,131.33425883524296,131.69339605919097,129.93762253221956,130.91526794433594,1468400,0.0,0.0,0.0,85.42319240591317,85.58261584405162,84.21751606993105,85.01465606689453,9802700,0.0,0.0,0.0,128.1048413284909,128.56881165923048,126.31806148895143,127.35458374023438,24421900,0.0,0.0,0.0,157.0129343971787,157.28159195293907,155.66966180105862,156.70448303222656,7000,0.0,0.0,0.0
2025-08-08 00:00:00-04:00,131.70337130533116,132.62116297722633,131.12476053392476,131.7233123779297,1306800,0.0,0.0,0.0,85.11429360855156,85.65236194686008,84.7356563047449,85.12425994873047,6667100,0.0,0.0,0.0,127.57174808706533,128.76622829126322,127.57174808706533,128.4898223876953,13747100,0.0,0.0,0.0,158.75420155459318,159.18204951831794,158.2467356092583,158.5452423095703,4600,0.0,0.0,0.0
2025-08-11 00:00:00-04:00,131.3641881165673,132.41167297445074,131.04496347943953,131.42405700683594,1507200,0.0,0.0,0.0,84.70576753976451,85.66233097047015,84.50647874039433,84.85523223876953,6216000,0.0,0.0,0.0,128.6181640625,129.63496137130235,128.47009482786558,128.6181640625,14474000,0.0,0.0,0.0,158.44574512700717,159.45070196379072,157.98803284348656,158.23678588867188,3100,0.0,0.0,0.0
2025-08-12 00:00:00-04:00,131.58366487742708,133.73848831306782,131.5038701328727,133.6786346435547,2002000,0.0,0.0,0.0,85.17408357363998,86.72849814093375,85.06447663855234,86.60892486572266,9684500,0.0,0.0,0.0,128.6675231653991,129.54610242197603,128.46022624066424,129.50662231445312,17219500,0.0,0.0,0.0,158.4656437984667,160.86362693952745,158.4656437984667,160.81387329101562,14800,0.0,0.0,0.0
2025-08-13 00:00:00-04:00,134.21733638101026,136.9806975655395,134.17743900769574,136.77120971679688,2026800,0.0,0.0,0.0,87.166923079885,89.47861977837479,86.95766795446816,89.19961547851562,14986100,0.0,0.0,0.0,130.12854248371977,131.6586414152916,129.96071060445638,131.5796661376953,15069900,0.0,0.0,0.0,161.51039704471444,163.99792769030688,161.51039704471444,163.9680633544922,3400,0.0,0.0,0.0
2025-08-14 00:00:00-04:00,135.90328155845035,137.18021057520792,135.35459755386046,136.9407958984375,1944100,0.0,0.0,0.0,88.1733063762093,89.57826386171116,88.15338129791623,89.24944305419922,11579800,0.0,0.0,0.0,131.3526130904398,132.37927656945962,130.71095971329717,132.24107360839844,15464000,0.0,0.0,0.0,162.59495251940933,164.27652562117808,162.59495251940933,164.21681213378906,3500,0.0,0.0,0.0
2025-08-15 00:00:00-04:00,137.6191454115106,138.5369371084391,137.0604909196579,138.4272003173828,1627000,0.0,0.0,0.0,89.44872186890834,90.415251585381,89.17969150760385,90.35546875,10672400,0.0,0.0,0.0,133.74156025794005,134.8471990231599,133.44540674827414,134.4622039794922,13929600,0.0,0.0,0.0,165.10236716270853,166.0774900508556,164.97302590085,166.01779174804688,5700,0.0,0.0,0.0
2025-08-18 00:00:00-04:00,138.63672288613748,139.34501163726782,137.94837521095775,138.0481414794922,1143700,0.0,0.0,0.0,90.27575727704523,91.01310682075712,89.79747936840143,89.88715362548828,6353200,0.0,0.0,0.0,134.77810371712982,135.42963849205688,134.07722257140094,134.1463165283203,12572000,0.0,0.0,0.0,166.3361898554942,167.06254451996531,165.2615748433373,165.43072509765625,8100,0.0,0.0,0.0
2025-08-19 00:00:00-04:00,138.06806703335585,138.7564146311492,137.35977836185378,137.55929565429688,1142600,0.0,0.0,0.0,89.34908215244731,89.43876400848858,88.28291183251692,88.4822006225586,8271800,0.0,0.0,0.0,134.1265629563263,135.45924629438366,134.03772141725423,135.00514221191406,13578200,0.0,0.0,0.0,165.4108327065007,166.50533701102103,165.4108327065007,165.7192840576172,5500,0.0,0.0,0.0
2025-08-20 00:00:00-04:00,137.25004616445864,138.45713571859315,136.9906751978151,138.08802795410156,1484400,0.0,0.0,0.0,88.23308788582445,89.05015285077408,87.86440935694753,88.90068817138672,7956400,0.0,0.0,0.0,135.25192358899693,136.43653760139406,135.25192358899693,135.7356414794922,14607000,0.0,0.0,0.0,167.0426628095346,167.0426628095346,165.91829409901104,166.48545837402344,4000,0.0,0.0,0.0
2025-08-21 00:00:00-04:00,137.66902853875314,138.98587003142876,136.79113421030274,138.4272003173828,929700,0.0,0.0,0.0,88.29288099992714,89.70779724512752,87.91424368985795,89.59819030761719,8439100,0.0,0.0,0.0,135.44937178679132,136.6833321865351,135.18283212280858,135.2815399169922,13218900,0.0,0.0,0.0,165.01281623224676,166.96304678477506,165.01281623224676,165.89837646484375,4000,0.0,0.0,0.0
2025-08-22 00:00:00-04:00,139.27517927552012,141.32026588321807,138.91604204088927,139.50462341308594,1313600,0.0,0.0,0.0,89.96686951312962,91.65082374484034,89.6380486982825,90.59461212158203,9891300,0.0,0.0,0.0,136.0318014812864,137.23614807189773,136.0318014812864,136.3970489501953,11898600,0.0,0.0,0.0,166.31628483615452,167.62970824110263,166.2068328857422,166.2068328857422,4500,0.0,0.0,0.0
2025-08-25 00:00:00-04:00,139.6542671024731,139.9535354339454,136.561695751579,136.74127197265625,1575300,0.0,0.0,0.0,90.55474542148238,90.85367478766449,88.28290656518494,88.47222900390625,8513200,0.0,0.0,0.0,136.36742515120233,136.48588052425774,134.35360849429767,134.4523162841797,10681000,0.0,0.0,0.0,166.0973875307494,166.0973875307494,163.30140553872525,163.5203094482422,3600,0.0,0.0,0.0
2025-08-26 00:00:00-04:00,137.06049727039732,138.23767519465466,136.76121371526793,138.13790893554688,1412100,0.0,0.0,0.0,88.7512309554208,89.62807882502702,88.39251873556142,89.57826232910156,6180600,0.0,0.0,0.0,134.8373235360951,135.40988299610115,134.59053144452324,135.2914276123047,11397500,0.0,0.0,0.0,164.16706808930905,164.68446350097656,163.9680535034725,164.68446350097656,1700,0.0,0.0,0.0
2025-08-27 00:00:00-04:00,137.7288712590185,138.62672181146388,137.65904706418155,138.25759887695312,1071500,0.0,0.0,0.0,89.46865497012283,90.1561879886022,89.31919027887645,89.96686553955078,5737100,0.0,0.0,0.0,135.23219570446557,135.9429581110737,134.9755222969167,135.2124481201172,8321700,0.0,0.0,0.0,164.3461595828353,164.5650634765625,164.09740653838904,164.5650634765625,1300,0.0,0.0,0.0
2025-08-28 00:00:00-04:00,138.25761834052594,138.66663869792555,137.49944651540488,137.8785400390625,1240000,0.0,0.0,0.0,90.05653979304462,90.80385564718655,89.70779391486305,89.96686553955078,4462900,0.0,0.0,0.0,135.0742434323927,135.09399101648916,134.01796609663398,134.6793670654297,9165700,0.0,0.0,0.0,163.2019080453917,163.72926330566406,163.2019080453917,163.72926330566406,1700,0.0,0.0,0.0
2025-08-29 00:00:00-04:00,137.79872353135772,138.52696848815452,137.30989323312784,137.8885040283203,1213400,0.0,0.0,0.0,89.91703837615559,90.3554660949733,89.01029912379772,89.52843475341797,5049800,0.0,0.0,0.0,134.78795522519732,135.70602959174025,134.62013841905357,135.66653442382812,9655700,0.0,0.0,0.0,163.46060470289157,164.35610961914062,163.46060470289157,164.35610961914062,4700,0.0,0.0,0.0
2025-09-02 00:00:00-04:00,138.86615269931443,140.76160505039746,138.69656223807223,140.07325744628906,1826200,0.0,0.0,0.0,90.9632862094756,93.1753423426666,90.77396376140017,92.54759216308594,14515200,0.0,0.0,0.0,135.13347511031506,135.97257423475943,134.7089999491683,135.7948760986328,13325300,0.0,0.0,0.0,164.92327257033395,165.5401752774482,164.08746596404728,165.50038146972656,4900,0.0,0.0,0.0
2025-09-03 00:00:00-04:00,140.0533032983341,141.6394863620991,139.37494144296068,140.02337646484375,1653000,0.0,0.0,0.0,92.7369085504376,94.52050317548078,92.27855577113273,93.31483459472656,9128600,0.0,0.0,0.0,135.35064414535833,135.9922975053472,134.4918125576517,135.15321350097656,12586000,0.0,0.0,0.0,166.5252408179233,166.5252408179233,164.32625719642587,164.9033660888672,3100,0.0,0.0,0.0
2025-09-04 00:00:00-04:00,139.93358725838996,140.36254865985987,138.9060587799648,140.01339721679688,1698500,0.0,0.0,0.0,93.25504845648774,93.63369334533293,92.15898675096233,93.13548278808594,7801200,0.0,0.0,0.0,135.04462862764677,135.70602959174025,134.3338662351597,135.66653442382812,11778600,0.0,0.0,0.0,165.241694758752,165.241694758752,164.23672265039932,164.8237762451172,1800,0.0,0.0,0.0
2025-09-05 00:00:00-04:00,140.31265627564704,142.8764996454121,140.31265627564704,142.7767333984375,3304600,0.0,0.0,0.0,93.38458944000806,95.30768252334572,93.36465676025476,95.12832641601562,13163100,0.0,0.0,0.0,135.5184688705817,136.6043600726671,135.29142436941603,136.13050842285156,14664000,0.0,0.0,0.0,167.042650888617,167.65955358638195,166.95308825290832,167.5301971435547,4200,0.0,0.0,0.0
2025-09-08 00:00:00-04:00,142.39768525144646,142.39768525144646,140.70175002751202,141.86895751953125,2216200,0.0,0.0,0.0,94.64008331338401,94.7397239070621,93.46430606296657,94.09204864501953,10459300,0.0,0.0,0.0,135.69616644949534,136.10089402043982,134.6201415125636,136.08116149902344,15753300,0.0,0.0,0.0,167.53019568121545,167.53019568121545,166.11728020928234,167.0824432373047,5900,0.0,0.0,0.0
2025-09-09 00:00:00-04:00,142.36773910873907,142.88648101018313,141.2005317750068,142.59718322753906,2018500,0.0,0.0,0.0,94.06215722673178,94.65004205089305,93.32480771100902,94.64008331298828,6725100,0.0,0.0,0.0,136.28846273560447,137.18678956731415,135.95282910496368,136.81166076660156,12249600,0.0,0.0,0.0,166.8536023684182,167.8784637451172,166.8536023684182,167.8784637451172,1900,0.0,0.0,0.0
2025-09-10 00:00:00-04:00,142.38768113289467,142.3976668917309,139.83382331053573,140.3126678466797,1885200,0.0,0.0,0.0,94.82939339608508,94.94896666374488,93.16537199879002,93.5639419555664,10477300,0.0,0.0,0.0,136.7326920785272,136.7326920785272,135.0545087814586,135.56784057617188,13588300,0.0,0.0,0.0,166.9133056169881,166.9133056169881,164.55513143334647,165.0028839111328,1800,0.0,0.0,0.0
2025-09-11 00:00:00-04:00,140.47228941329536,143.5050070295531,140.39247945263662,143.4551239013672,1596200,0.0,0.0,0.0,93.65362645860542,95.39736355859036,93.47427033852335,95.35750579833984,7953900,0.0,0.0,0.0,136.26871905809253,138.20357574625766,136.12064982356213,137.9271697998047,16470800,0.0,0.0,0.0,167.15210222113114,168.5650177001953,167.01280112270737,168.5650177001953,2100,0.0,0.0,0.0
2025-09-12 00:00:00-04:00,143.05607038473835,143.0760266799334,140.60197885250614,140.64187622070312,1629500,0.0,0.0,0.0,95.07850022676959,95.30768042635049,93.75325832966072,93.78315734863281,9366000,0.0,0.0,0.0,137.44343800540105,138.01599742618552,136.32794807074546,136.3378143310547,11345400,0.0,0.0,0.0,167.40086362275315,167.40086362275315,164.79392124686936,164.88348388671875,4600,0.0,0.0,0.0
2025-09-15 00:00:00-04:00,141.09079598096994,141.20053277285731,139.225285741078,140.38250732421875,1852600,0.0,0.0,0.0,93.7433020884151,94.11197304256784,92.3084532231354,93.09562683105469,9160400,0.0,0.0,0.0,136.48589412048338,136.76230006047555,134.90643375809853,135.17295837402344,11233800,0.0,0.0,0.0,165.22178750406306,165.22178750406306,163.69941997290638,164.5949249267578,2200,0.0,0.0,0.0
2025-09-16 00:00:00-04:00,140.3455859372719,141.31383191002968,140.14593565866707,140.68496704101562,1170100,0.083,0.0,0.0,93.19526298218163,93.79311411352369,92.92623263380906,93.40451049804688,6439800,0.0,0.0,0.0,134.90643375809853,135.6270624542929,134.787963310249,135.17295837402344,12443800,0.0,0.0,0.0,164.49543215089477,164.9929382749669,164.49543215089477,164.70437622070312,2300,0.0,0.0,0.0
2025-09-17 00:00:00-04:00,141.1141833919926,143.13053242787092,140.19584997742874,140.74485778808594,2380900,0.0,0.0,0.0,93.72336549479405,95.46710240605346,93.15540577635315,93.43440246582031,15125300,0.0,0.0,0.0,135.37040494743331,136.51550882186248,135.08411768158047,135.4394989013672,12501500,0.0,0.0,0.0,165.96804238021036,165.96804238021036,164.8436737060547,164.8436737060547,2400,0.0,0.0,0.0
2025-09-18 00:00:00-04:00,141.56337961690687,143.52980082804717,141.56337961690687,143.37010192871094,1067700,0.0,0.0,0.0,94.4507567384038,96.38381610010231,94.37104122610722,96.33399200439453,9284900,0.0,0.0,0.0,135.43948451763993,136.16999446489723,135.13346476201627,135.70602416992188,11472900,0.0,0.0,0.0,165.95808245980328,166.69439697265625,165.95808245980328,166.69439697265625,1500,0.0,0.0,0.0
2025-09-19 00:00:00-04:00,143.5597618339155,144.0788099159442,142.3519446540108,142.4617462158203,2476400,0.0,0.0,0.0,96.64288303553819,96.69270713275323,95.02868567419381,95.25785827636719,7144100,0.0,0.0,0.0,136.05154865253306,136.13050886476515,135.419746450728,135.52833557128906,11280900,0.0,0.0,0.0,166.51530731578367,167.08245640739395,166.51530731578367,166.74415588378906,4500,0.0,0.0,0.0
2025-09-22 00:00:00-04:00,142.7312592713212,143.61964817093067,141.78296614995907,143.15049743652344,2928500,0.0,0.0,0.0,95.67347857220976,97.33797766085114,95.02562037404272,96.97916412353516,11373600,0.027,0.0,0.0,135.0572941955383,136.11838701128886,134.7597863043974,135.49363708496094,9732700,0.625,0.0,0.0,166.644648058419,167.28145529370858,166.5948944091797,166.5948944091797,9900,0.0,0.0,0.0
2025-09-23 00:00:00-04:00,142.7212660473478,143.32018640885815,142.15230541197272,142.23216247558594,1299600,0.0,0.0,0.0,96.7698493660527,97.42767671565001,96.30140554331673,96.4509048461914,7122400,0.0,0.0,0.0,135.12670368172266,136.2076495203546,135.01761795972786,135.80105590820312,9903000,0.0,0.0,0.0,166.40584965267084,166.52524626098162,165.34117928629442,165.61978149414062,3300,0.0,0.0,0.0
2025-09-24 00:00:00-04:00,142.14231678346374,142.61146752268613,140.93451484466573,141.38369750976562,1852100,0.0,0.0,0.0,96.93929897369907,97.74662566273722,96.66022345670996,97.11870574951172,9202600,0.0,0.0,0.0,135.68206200990022,135.92005622214344,135.0275476624709,135.25563049316406,7471600,0.0,0.0,0.0,165.45063085408157,165.45063085408157,163.1820042053534,163.61981201171875,2800,0.0,0.0,0.0
2025-09-25 00:00:00-04:00,141.18406597288435,141.2439549655632,138.5388520238683,138.818359375,2134100,0.0,0.0,0.0,96.43097952797719,96.66022447892115,95.42430774170272,95.54391479492188,9148300,0.0,0.0,0.0,134.99780065315068,135.04737269361374,132.61775256758534,133.01443481445312,14099700,0.0,0.0,0.0,163.1720607000786,163.1720607000786,160.1074212165818,160.2168731689453,3000,0.0,0.0,0.0
2025-09-26 00:00:00-04:00,139.34738598336648,140.76481452414296,138.94810068451457,140.70492553710938,1936800,0.0,0.0,0.0,95.96252268525392,97.67685233059122,95.54390942885402,97.62701416015625,12363300,0.0,0.0,0.0,134.02593655190415,134.4920287208281,133.52018372540113,134.37303161621094,10071000,0.0,0.0,0.0,160.5750849710981,161.38104248046875,160.34622121749527,161.38104248046875,3000,0.0,0.0,0.0
2025-09-29 00:00:00-04:00,141.3038452121337,142.53161526647992,140.57517040944444,142.15231323242188,1829500,0.0,0.0,0.0,98.00577122910374,99.16194232329582,97.68682669233652,99.0722427368164,9957300,0.0,0.0,0.0,134.5515276496843,134.83912416248737,133.61935844110766,134.7696990966797,7735700,0.0,0.0,0.0,160.86361889244577,162.6148348806132,160.86361889244577,162.385986328125,3600,0.0,0.0,0.0
2025-09-30 00:00:00-04:00,141.97262245076118,144.5978681899685,141.66318585040298,144.10874938964844,3350000,0.0,0.0,0.0,99.09217157026318,100.19851207468707,98.54398969780861,99.86959838867188,12913900,0.0,0.0,0.0,134.63086976803675,138.3397693913095,134.5416219355647,138.01251220703125,19313500,0.0,0.0,0.0,162.72429682696801,165.54018331885314,162.72429682696801,164.85362243652344,3700,0.0,0.0,0.0
2025-10-01 00:00:00-04:00,144.38825586963966,149.0398274528339,144.38825586963966,148.24127197265625,3771500,0.0,0.0,0.0,99.77990116810888,101.81317545132892,99.77990116810888,101.05567932128906,9736200,0.0,0.0,0.0,138.6372741844253,142.53458076698206,138.4389406283149,142.27674865722656,23657900,0.0,0.0,0.0,165.4506371793792,171.60976549060754,165.4506371793792,171.26150512695312,77700,0.0,0.0,0.0
2025-10-02 00:00:00-04:00,148.41095691154797,149.39917099431676,147.68228210792685,149.34925842285156,2213700,0.0,0.0,0.0,101.30485218055843,102.26168576900764,100.6769322768304,102.25171661376953,8601200,0.0,0.0,0.0,140.96771057963707,142.37591353774502,140.96771057963707,141.9990692138672,15176200,0.0,0.0,0.0,172.10725910065577,172.41571044921875,170.98289047153688,172.41571044921875,7000,0.0,0.0,0.0
2025-10-03 00:00:00-04:00,150.04799865609937,151.34563408124674,149.5588798429185,150.7267608642578,3416900,0.0,0.0,0.0,102.65040311317965,103.75674365567758,102.45106562619745,103.25839233398438,12886500,0.0,0.0,0.0,142.3759206717335,144.92453784640767,142.36599415836815,143.6155242919922,15829200,0.0,0.0,0.0,172.52516258093496,174.48533780489737,172.52516258093496,174.0077362060547,3000,0.0,0.0,0.0
2025-10-06 00:00:00-04:00,151.13602380312557,151.5153258272475,150.0479998384978,150.2476348876953,2434700,0.0,0.0,0.0,103.77667650994303,104.16538991208468,103.10887999476878,103.29825592041016,7956100,0.0,0.0,0.0,143.69485242758572,143.8535253301609,142.77259455364413,142.9213409423828,12879900,0.0,0.0,0.0,175.23159745486433,175.23159745486433,173.0823674798033,173.23162841796875,2800,0.0,0.0,0.0
2025-10-07 00:00:00-04:00,150.2176790298995,150.66686166441372,149.3692110960129,150.2076873779297,1962100,0.0,0.0,0.0,103.51753391059452,103.70690984026697,102.21185592197905,103.33812713623047,6746400,0.0,0.0,0.0,142.92132504969643,143.45684225336854,142.0883151016278,143.03041076660156,12478700,0.0,0.0,0.0,172.75401373655077,173.56993103027344,172.75401373655077,173.56993103027344,4500,0.0,0.0,0.0
2025-10-08 00:00:00-04:00,150.5470848689604,152.73310907153623,150.1577759873328,151.7149658203125,1831800,0.0,0.0,0.0,103.95608296133736,106.17872547401724,103.39792434122303,105.09232330322266,11850000,0.0,0.0,0.0,143.3973531710519,143.76427100128294,142.82217527411552,143.30809020996094,8925800,0.0,0.0,0.0,173.60972694980205,175.46045027623916,173.60972694980205,174.83360290527344,2900,0.0,0.0,0.0
2025-10-09 00:00:00-04:00,151.9545235322074,152.62330928657184,151.49536446798206,151.7748565673828,1216000,0.0,0.0,0.0,105.51094241672762,106.90632763804506,105.42123522463666,106.16876220703125,12143500,0.0,0.0,0.0,143.57584242617807,144.04193457822078,142.7626703542794,142.99075317382812,7657000,0.0,0.0,0.0,174.35599501128408,174.97291294004324,173.81869506835938,173.81869506835938,2800,0.0,0.0,0.0
2025-10-10 00:00:00-04:00,152.35382367018025,152.35382367018025,149.29936312140993,149.6786651611328,2957900,0.0,0.0,0.0,106.65715001816083,106.7269188977333,103.78664159177917,104.64380645751953,16973100,0.0,0.0,0.0,143.4072620118132,143.5361856285314,140.75947053564337,140.9280548095703,13350100,0.0,0.0,0.0,174.0176922049324,174.0176922049324,170.77395772806028,171.22171020507812,5200,0.0,0.0,0.0
2025-10-13 00:00:00-04:00,149.6087906690493,151.48537837226175,148.93001323762363,150.6668701171875,2210500,0.0,0.0,0.0,104.77338276958682,105.51094058354836,104.10558623102949,104.92288208007812,10190500,0.0,0.0,0.0,140.55120722280617,141.75115013897383,140.45204801613716,140.76937866210938,8257500,0.0,0.0,0.0,170.7839008421501,173.22167780183355,170.7839008421501,172.6246795654297,4500,0.0,0.0,0.0
2025-10-14 00:00:00-04:00,149.26939531552347,152.13421230499318,148.82021265286667,151.0461883544922,1640100,0.0,0.0,0.0,103.78664300709484,105.66044883414389,103.08895420185593,104.77338409423828,7819800,0.0,0.0,0.0,140.42229233268353,141.6718072292235,139.8768637593165,141.1561279296875,10044700,0.0,0.0,0.0,172.0973213393431,173.32118212652782,172.0973213393431,172.65452575683594,2400,0.0,0.0,0.0
2025-10-15 00:00:00-04:00,150.88646640275886,153.5616093971836,150.73672870218385,153.1124267578125,1652900,0.0,0.0,0.0,105.16209471639598,108.26184044791023,105.02255695906149,108.01266479492188,11955900,0.0,0.0,0.0,140.8388112406423,142.05857698410284,140.1842968878077,141.3743133544922,7260600,0.0,0.0,0.0,172.057512269826,173.98783841717898,172.057512269826,173.5798797607422,2700,0.0,0.0,0.0
2025-10-16 00:00:00-04:00,153.8111655465081,156.07706217341922,152.3637924142578,153.1423797607422,2043300,0.0,0.0,0.0,109.32831341654462,110.59412240497356,106.6372117653467,107.55418395996094,17515100,0.0,0.0,0.0,141.66191276443192,142.4453356219958,140.77931556100296,141.13632202148438,11194100,0.0,0.0,0.0,174.02763189569885,176.5350669512025,173.56993477498378,174.0972900390625,6500,0.0,0.0,0.0
2025-10-17 00:00:00-04:00,152.6333128631262,154.4100907329166,151.89464641061517,153.91099548339844,2557200,0.0,0.0,0.0,107.14552811332722,108.4811059300083,106.1488255262265,107.44454193115234,9981100,0.0,0.0,0.0,140.4024683760525,142.22716130091214,140.21404620183364,142.0784149169922,8160300,0.0,0.0,0.0,173.27143038988075,175.95796039395773,173.27143038988075,175.76890563964844,4100,0.0,0.0,0.0
2025-10-20 00:00:00-04:00,154.74946809080598,156.72588096619364,154.28031734915254,156.2068328857422,2520500,0.0,0.0,0.0,108.4711467030457,110.17550725099323,107.98275694985239,109.80672454833984,8697800,0.0,0.0,0.0,142.52466160473278,143.78410307169392,142.36598871575447,143.58575439453125,8435900,0.0,0.0,0.0,177.22163020142244,178.91314796837827,176.64452128183856,178.28628540039062,46000,0.0,0.0,0.0
2025-10-21 00:00:00-04:00,156.11697572822163,156.90555469015104,154.8991821962924,155.74765014648438,2281400,0.0,0.0,0.0,109.7668582950973,110.17551002488595,108.72032509241464,109.19873809814453,6792800,0.0,0.0,0.0,143.84360666796218,144.4187845617755,143.1395051558465,143.92294311523438,9031800,0.0,0.0,0.0,177.6494804681798,178.42560399139387,177.6494804681798,178.3658905029297,3500,0.0,0.0,0.0
2025-10-22 00:00:00-04:00,155.44820185502402,156.08704316394707,152.97269368684448,153.6414794921875,1239600,0.0,0.0,0.0,108.51101759984489,109.1987372407113,106.20862936354627,106.96612548828125,10679200,0.0,0.0,0.0,144.9939687075935,145.5096329392776,144.3295278245238,144.7460479736328,12705300,0.0,0.0,0.0,177.8086820952235,178.06739499140258,176.2067118009429,176.50521850585938,2500,0.0,0.0,0.0
2025-10-23 00:00:00-04:00,154.13060240747623,154.61970601609514,153.22224537550014,154.30029296875,953900,0.0,0.0,0.0,107.02592312172482,107.5342435800994,106.14882756574926,107.20532989501953,6341400,0.0,0.0,0.0,144.30969894933367,145.2914553298375,144.16093743612876,144.8253631591797,7924900,0.0,0.0,0.0,176.17686671486632,176.51516723632812,176.11716840904154,176.51516723632812,2200,0.0,0.0,0.0
2025-10-24 00:00:00-04:00,155.44820260927767,155.64783766343888,154.61970266488936,154.87924194335938,1745900,0.0,0.0,0.0,108.39140631301957,108.58078223786491,107.70367909478104,108.0325927734375,5692700,0.0,0.0,0.0,145.0732770390493,145.53936918771998,144.66669857198113,144.81544494628906,7007400,0.0,0.0,0.0,176.6843320185568,176.93308508035057,176.56492022467205,176.62461853027344,1500,0.0,0.0,0.0
2025-10-27 00:00:00-04:00,156.38650784300535,157.1551188125702,155.7177220184879,156.82571411132812,3044400,0.0,0.0,0.0,109.64725395746538,111.47121391632113,109.52764690924644,111.22203826904297,13303700,0.0,0.0,0.0,144.87494841215303,145.231954854486,144.01218914813165,145.15261840820312,6466700,0.0,0.0,0.0,176.83357153142396,177.20172119140625,176.5649139830329,177.20172119140625,2900,0.0,0.0,0.0
2025-10-28 00:00:00-04:00,156.4264322012581,158.00355970962886,156.11698036741063,157.3747100830078,1133900,0.0,0.0,0.0,111.08250205501307,112.05927395175031,110.45458215269173,111.63069152832031,9438100,0.0,0.0,0.0,145.19230242885592,145.32121092097904,143.98244803524017,144.2402801513672,8652700,0.0,0.0,0.0,176.63456772155607,177.39077151805714,176.38581467475794,176.7838134765625,3200,0.0,0.0,0.0
2025-10-29 00:00:00-04:00,157.2349666655263,158.35293511486637,155.90737151634602,156.6859588623047,1582900,0.0,0.0,0.0,111.5509574606527,112.23868471447973,109.85656601712941,110.59412384033203,8714900,0.0,0.0,0.0,144.01219347723313,144.24027630972776,142.37592272761626,142.78250122070312,12425600,0.0,0.0,0.0,176.05746933386064,177.76889161254192,175.42066210337566,175.9579620361328,2600,0.0,0.0,0.0
2025-10-30 00:00:00-04:00,156.24675747846277,158.33297196440105,154.719527234577,157.0253448486328,2577300,0.0,0.0,0.0,110.22533799152862,112.83670156729349,109.86653204782165,111.5409927368164,9328800,0.0,0.0,0.0,142.76268494238147,144.24028286178205,142.57426275972153,143.099853515625,10756100,0.0,0.0,0.0,176.86342068316947,177.86837755152513,176.86342068316947,177.20172119140625,4600,0.0,0.0,0.0
2025-10-31 00:00:00-04:00,156.50627367416624,159.5008450188161,155.7177099217932,159.0915985107422,1999400,0.0,0.0,0.0,111.49115270513639,112.63736220838432,110.47451180150394,112.33834838867188,11962400,0.0,0.0,0.0,141.83049668591514,143.28827180151393,141.51315088545905,143.05026245117188,10581100,0.0,0.0,0.0,177.19177629509807,180.24645588680997,177.19177629509807,180.23651123046875,6000,0.0,0.0,0.0
2025-11-03 00:00:00-05:00,158.69231790560363,158.9418655250689,154.3402068128828,157.17507934570312,2473800,0.0,0.0,0.0,110.61405898919271,111.56092342687386,107.53424397049217,109.49774932861328,15230300,0.0,0.0,0.0,142.87175174909024,143.35766664855686,141.64205959957744,143.2485809326172,12279300,0.0,0.0,0.0,180.01760983303683,180.01760983303683,176.4654240865975,179.13204956054688,11400,0.0,0.0,0.0
2025-11-04 00:00:00-05:00,155.52806120138987,157.7739898528651,154.3502037084708,155.79757690429688,2057900,0.0,0.0,0.0,107.97279864493515,109.8266661607333,107.64388494923989,107.68375396728516,13665400,0.0,0.0,0.0,142.57426358101543,144.27995948497787,142.29659356240586,143.89320373535156,14182200,0.0,0.0,0.0,179.1718653883777,179.52011057062845,177.77883911132812,177.77883911132812,5000,0.0,0.0,0.0
2025-11-05 00:00:00-05:00,155.248560796518,158.69231483220747,154.81934621031584,158.02352905273438,2006400,0.0,0.0,0.0,107.23523068890631,109.48778072780566,106.96612432874316,108.84989166259766,9127700,0.0,0.0,0.0,143.42711509831634,145.04354807571474,143.179194351832,144.44854736328125,13154600,0.0,0.0,0.0,178.1569383897906,181.74893305811574,178.1569383897906,180.86337280273438,6100,0.0,0.0,0.0
2025-11-06 00:00:00-05:00,157.39466768634745,158.76219900211214,157.01536566088117,158.143310546875,1636600,0.0,0.0,0.0,108.909688154764,109.71702241977464,108.31166812440456,108.92962646484375,11352600,0.0,0.0,0.0,143.93284698959928,144.89478055626805,143.7345134477033,144.7261962890625,14395800,0.0,0.0,0.0,181.05243228863804,181.05243228863804,180.34596692403153,180.7638702392578,4600,0.0,0.0,0.0
2025-11-07 00:00:00-05:00,157.105196149992,157.43460083007812,154.69955348193062,157.43460083007812,2098800,0.0,0.0,0.0,107.9827572805477,108.61068479250858,105.94949064480402,108.60071563720703,15136300,0.0,0.0,0.0,144.62703737757118,144.9344566700801,143.51635731898915,144.92454528808594,14522900,0.0,0.0,0.0,180.30617319889663,180.30617319889663,177.88828558070807,179.83851623535156,3900,0.0,0.0,0.0
2025-11-10 00:00:00-05:00,158.7023196430924,159.65059761108316,158.0834311502903,159.25131225585938,1850000,0.0,0.0,0.0,109.91636568063305,110.6738618145526,108.91966304282646,109.72698974609375,11453400,0.0,0.0,0.0,144.5774407686684,146.2038000905472,144.50803083547717,146.0550537109375,12305900,0.0,0.0,0.0,181.07231581434158,181.709123014716,180.39571480636678,181.49021911621094,7800,0.0,0.0,0.0
2025-11-11 00:00:00-05:00,159.54078846879887,164.0326456913776,159.13152671081448,163.84298706054688,4016700,0.0,0.0,0.0,109.51767718244525,113.77360147411147,109.16883279892438,113.63406372070312,13743200,0.0,0.0,0.0,146.3724030356677,149.5656232047885,146.3724030356677,149.42677307128906,12659500,0.0,0.0,0.0,182.00763365468984,186.42549034543296,182.00763365468984,186.12698364257812,7900,0.0,0.0,0.0
2025-11-12 00:00:00-05:00,164.15242737092325,165.50996708243454,163.21412584854625,164.66151428222656,3101000,0.0,0.0,0.0,113.33505157058497,114.58092981879415,113.00613788804077,113.73373413085938,12302600,0.0,0.0,0.0,149.7341992778219,151.886149250935,149.46644067084335,151.54898071289062,17847500,0.0,0.0,0.0,186.85334052957063,188.66427008107442,186.85334052957063,188.05731201171875,20000,0.0,0.0,0.0
2025-11-13 00:00:00-05:00,163.9228404294321,165.98908678498776,162.94461803220406,163.02447509765625,3989700,0.0,0.0,0.0,112.85663987786675,113.98291108965826,111.50112371990731,111.5409927368164,14770400,0.0,0.0,0.0,150.77546013912269,153.2348446045639,150.5969644819865,151.4696502685547,21807600,0.0,0.0,0.0,188.11700941122368,190.23639031548825,186.8334503173828,186.8334503173828,21800,0.0,0.0,0.0
2025-11-14 00:00:00-05:00,161.73680345135125,165.6596999869591,161.3674778449984,163.8928985595703,2523300,0.0,0.0,0.0,110.81339358322244,114.97961068813343,110.74362470651826,113.63406372070312,14433900,0.0,0.0,0.0,150.95397068754568,151.64814568399123,149.93253852165867,150.5672149658203,15468900,0.0,0.0,0.0,185.7190191130576,188.5249607753756,185.7190191130576,187.11204528808594,4100,0.0,0.0,0.0
2025-11-17 00:00:00-05:00,163.8130398026198,166.84753215122055,163.09434144062897,164.96095275878906,5183800,0.0,0.0,0.0,113.13571546792987,115.79690961343923,112.68719473057959,114.45136260986328,12401800,0.0,0.0,0.0,150.08128700644275,152.04483005061965,149.8829534520892,150.43829345703125,17516500,0.0,0.0,0.0,188.20655447832124,189.59958068955294,187.47025515580822,187.67919921875,36000,0.0,0.0,0.0
2025-11-18 00:00:00-05:00,164.46184986891993,166.83754796781835,163.48362751162296,166.16876220703125,4622400,0.0,0.0,0.0,113.55433075988705,115.51783615454949,112.87657266839298,114.80020904541016,9910700,0.0,0.0,0.0,150.487882317224,151.85640958181634,149.89286651560639,151.32089233398438,24494200,0.0,0.0,0.0,187.48019682347322,189.72891892876515,186.95284157230884,189.5597686767578,6700,0.0,0.0,0.0
2025-11-19 00:00:00-05:00,165.74953571003675,166.46823408913286,164.09253582316637,164.92103576660156,1945500,0.0,0.0,0.0,114.43142716592284,115.13908512472769,113.09584928418236,114.12245178222656,10309600,0.0,0.0,0.0,151.21181096394434,151.65806526207234,150.30939098573208,151.0630645751953,17352600,0.0,0.0,0.0,189.092116854661,189.19162415038943,187.4304482582313,188.94287109375,18800,0.0,0.0,0.0
2025-11-20 00:00:00-05:00,166.50815167417454,168.19509602380535,163.81304042210584,163.94281005859375,2594700,0.0,0.0,0.0,115.76700823053223,117.51123777630879,113.36495132031457,113.45465850830078,13951600,0.0,0.0,0.0,151.22172191716388,152.06464325314047,149.8631061349063,150.16061401367188,25278500,0.0,0.0,0.0,191.6692032414888,192.3657087387641,188.37571531798022,188.4453582763672,15300,0.0,0.0,0.0
2025-11-21 00:00:00-05:00,164.08255567671657,168.42467511807988,163.7531509911768,167.2168731689453,2873500,0.0,0.0,0.0,113.44468783280564,117.24212224536323,113.19551218674833,116.2653579711914,11618700,0.0,0.0,0.0,150.52754358539178,154.41495394311076,150.44822226794324,153.3240966796875,25526100,0.0,0.0,0.0,188.99261730996497,192.71395317404284,188.99261730996497,191.3308868408203,9900,0.0,0.0,0.0
2025-11-24 00:00:00-05:00,167.5362969132488,169.97188427270947,167.5362969132488,169.40292358398438,3462900,0.0,0.0,0.0,116.82351154889952,119.3950060976639,116.72384280913664,119.18569946289062,9908800,0.0,0.0,0.0,153.84969185335842,154.8612126966265,153.19517747642726,153.96868896484375,17928400,0.0,0.0,0.0,192.2065154127912,193.49008972361818,191.7090092854559,192.17666625976562,8100,0.0,0.0,0.0
2025-11-25 00:00:00-05:00,170.26134829225754,172.0980150208143,169.7622530792034,172.01815795898438,1794600,0.0,0.0,0.0,119.44483388761729,121.00966424287623,119.16575838107643,120.96979522705078,10532400,0.0,0.0,0.0,154.47444480006664,157.56849051032708,154.47444480006664,157.44949340820312,17298600,0.0,0.0,0.0,194.39554059467443,195.4005126953125,193.99754176330316,195.4005126953125,24300,0.0,0.0,0.0
2025-11-26 00:00:00-05:00,172.2377721069371,173.91472481928062,171.8285103505277,173.34576416015625,1759500,0.0,0.0,0.0,121.14920692352602,123.06287413555646,120.5611484214798,122.44491577148438,8946600,0.0,0.0,0.0,157.10240173339844,157.6279924549342,156.84456962928581,157.10240173339844,12398900,0.0,0.0,0.0,195.669148933768,197.09202431749773,195.669148933768,196.64427185058594,8200,0.0,0.0,0.0
2025-11-28 00:00:00-05:00,173.82489377259898,174.0844178204376,172.5272430710492,173.5154571533203,1007100,0.0,0.0,0.0,122.62432241298589,122.87349806857733,122.08610208439985,122.75389862060547,4255500,0.0,0.0,0.0,156.88423478425617,156.93382195659012,155.85289120636034,156.33880615234375,8559700,0.0,0.0,0.0,196.66416568879316,196.803466796875,196.0174137975593,196.803466796875,13400,0.0,0.0,0.0
2025-12-01 00:00:00-05:00,172.23775681632952,172.37750286328534,169.59254311378254,169.8021697998047,1834700,0.0,0.0,0.0,121.44820863972377,121.5678156876248,119.34516557394691,119.45480346679688,10987500,0.0,0.0,0.0,155.73387339112244,156.54706061902175,153.88934262224933,153.99842834472656,17321200,0.0,0.0,0.0,195.33084660091012,195.98755831036368,193.13187809563905,193.27117919921875,12200,0.0,0.0,0.0
2025-12-02 00:00:00-05:00,169.85208929442115,170.71053368393086,168.48455803145333,168.91378784179688,2899100,0.0,0.0,0.0,119.40497478440363,119.86345706890388,117.33183154682544,118.06938934326172,22047200,0.0,0.0,0.0,153.95876904395422,154.17694049083102,152.85800042812323,153.076171875,16150300,0.0,0.0,0.0,194.04729391632685,194.4751418976171,193.20152742783304,193.36073303222656,6900,0.0,0.0,0.0
2025-12-03 00:00:00-05:00,169.28311281250149,172.13793807590528,169.24319189667887,171.9183349609375,1865900,0.0,0.0,0.0,118.36840691004826,121.55785229626461,118.34846859900074,121.42828369140625,10792000,0.0,0.0,0.0,153.38359801466282,154.48436667975471,153.37368663277218,153.79019165039062,12724800,0.0,0.0,0.0,195.8581951520276,196.29600294332823,195.09204669993258,196.21640014648438,11200,0.0,0.0,0.0
2025-12-04 00:00:00-05:00,171.8285132222941,172.49729903407362,169.79221129024737,171.79856872558594,1711300,0.0,0.0,0.0,120.82029231847028,123.20241096217948,120.38174073410958,122.84359741210938,10978100,0.0,0.0,0.0,153.7108523803811,153.74060165738817,152.09440438088888,152.6199951171875,13674600,0.0,0.0,0.0,194.04729236123063,195.65920734042152,194.04729236123063,194.76370239257812,7000,0.0,0.0,0.0
2025-12-05 00:00:00-05:00,171.98821726336854,172.47732083501097,170.1814949891961,170.85028076171875,1139200,0.0,0.0,0.0,123.36188059522797,123.77053232166054,122.28544753905722,123.0030746459961,7524500,0.0,0.0,0.0,153.1654107804293,153.3439215592378,151.68781304125065,151.9853057861328,8868700,0.0,0.0,0.0,194.5945464108662,194.5945464108662,193.00252079186586,193.6393280029297,8800,0.0,0.0,0.0
2025-12-08 00:00:00-05:00,172.1678920433793,172.36752709583118,169.42286818642606,169.64247131347656,1514600,0.0,0.0,0.0,124.73733545843677,125.4549625675244,123.00307501430004,123.25225067138672,9670300,0.0,0.0,0.0,152.0745766845342,152.1439866180057,149.9424493996134,150.1705322265625,10996000,0.0,0.0,0.0,194.1666813793261,194.1666813793261,190.12693424995243,190.2662353515625,8100,0.0,0.0,0.0
2025-12-09 00:00:00-05:00,169.07350815832885,170.38113524845397,166.63792095328148,166.7876434326172,1545900,0.0,0.0,0.0,122.6741573123136,123.59112187540447,120.73058268802087,120.79039001464844,9640500,0.0,0.0,0.0,150.73581040029492,151.41014755194064,148.60369808225371,148.71278381347656,11543300,0.0,0.0,0.0,189.8682447646013,190.26624359138577,187.7389039749901,187.76876831054688,6100,0.0,0.0,0.0
2025-12-10 00:00:00-05:00,166.7676936519235,169.07351126310408,166.60797951691387,168.6243133544922,1326700,0.0,0.0,0.0,120.83026425989914,122.23561102654674,120.26214405989477,121.6475601196289,9219200,0.0,0.0,0.0,149.12927735581079,150.9142944465064,148.62350939915103,150.8746337890625,15534800,0.0,0.0,0.0,187.79861029730696,189.71897657815265,187.79861029730696,189.63937377929688,4400,0.0,0.0,0.0
2025-12-11 00:00:00-05:00,168.65425936425473,170.31124387887633,168.31486304717015,169.97186279296875,1590400,0.0,0.0,0.0,121.60768522365208,123.34194560232869,121.39837859210813,122.61434936523438,7018100,0.0,0.0,0.0,151.48948603584728,153.01668629344212,150.9936445476196,152.30267333984375,14703000,0.0,0.0,0.0,189.48016505525035,191.13188894322172,189.48016505525035,190.85328674316406,5400,0.0,0.0,0.0
2025-12-12 00:00:00-05:00,169.70234726950525,170.12158541680165,168.21505329649173,169.11341857910156,1621400,0.0,0.0,0.0,122.60439194583753,123.20241199957738,121.49805142451191,122.72399139404297,7792700,0.0,0.0,0.0,152.4712519744513,153.27451273448406,152.13408340661445,152.77867126464844,13175500,0.0,0.0,0.0,191.39061328818013,191.39061328818013,189.23142333445506,189.65928649902344,4600,0.0,0.0,0.0
2025-12-15 00:00:00-05:00,169.34300203924363,170.3312160579841,168.27494618874596,169.07350158691406,1358200,0.0,0.0,0.0,123.00307193684354,124.11937398595065,121.81699340542986,122.43494415283203,7533000,0.0,0.0,0.0,153.18524891220142,155.009941699085,153.15549963766696,154.80169677734375,14681800,0.0,0.0,0.0,189.98763380384145,190.2363868563378,189.07222439257666,190.1567840576172,5200,0.0,0.0,0.0
2025-12-16 00:00:00-05:00,168.83667507387793,169.26635387833,167.16788066535912,167.98728942871094,856400,0.183,0.0,0.0,121.79705723089592,122.41501559337239,120.5810864209713,121.6076889038086,7972000,0.0,0.0,0.0,154.7421908412231,154.82152728791218,151.81672935450766,152.78858947753906,12491300,0.0,0.0,0.0,189.9876351875571,189.9876351875571,188.46526770980626,189.0125274658203,3500,0.0,0.0,0.0
2025-12-17 00:00:00-05:00,168.2870773910933,169.1964168209459,167.28780731371276,167.40771484375,1407500,0.0,0.0,0.0,121.7870922300787,122.58444974166167,120.41163778550057,120.54121398925781,7928000,0.0,0.0,0.0,152.94725294129768,153.49268157519518,152.39191292564954,152.5109100341797,9093300,0.0,0.0,0.0,190.08712908121876,190.08712908121876,188.94287109375,188.94287109375,5400,0.0,0.0,0.0
2025-12-18 00:00:00-05:00,166.75819385501904,168.2071324043315,165.57904724580294,166.06869506835938,1597600,0.0,0.0,0.0,120.7106520356702,121.627616599169,119.19565983105385,119.6142807006836,7083800,0.0,0.0,0.0,152.47124044008285,153.8893396732315,152.40181537625506,152.62991333007812,8876400,0.0,0.0,0.0,188.16675887926397,188.16675887926397,186.5548439640423,186.823486328125,5000,0.0,0.0,0.0
2025-12-19 00:00:00-05:00,166.8081425466449,170.61537425473531,166.62828125606552,170.0757598876953,2095800,0.0,0.0,0.0,120.34187018838722,123.62102266562006,120.34187018838722,123.02300262451172,13016100,0.0,0.0,0.0,152.63983112732234,154.47445055679498,152.63983112732234,153.65135192871094,8571500,0.0,0.0,0.0,188.05731410313913,191.56970610960437,188.05731410313913,190.91299438476562,3400,0.0,0.0,0.0
2025-12-22 00:00:00-05:00,170.3255765517206,173.0336050894895,170.09574871013126,172.64389038085938,1860800,0.0,0.0,0.0,123.31999969482422,126.5,122.91999816894531,125.91000366210938,10518300,0.407,0.0,0.0,153.518883702614,154.7338900790913,153.17032576608474,154.6641845703125,7063700,0.657,0.0,0.0,191.27000427246094,192.7899932861328,191.27000427246094,192.57000732421875,3600,0.957,0.0,0.0
2025-12-23 00:00:00-05:00,172.3141286483356,173.47328555761004,171.77451428645062,171.97438049316406,1305100,0.0,0.0,0.0,125.45999908447266,126.36000061035156,124.68000030517578,124.88999938964844,6775100,0.0,0.0,0.0,154.05667869631057,155.02270858857523,154.00688036444097,154.35545349121094,7465800,0.0,0.0,0.0,191.99000549316406,192.77000427246094,191.99000549316406,192.49000549316406,2500,0.0,0.0,0.0
2025-12-24 00:00:00-05:00,172.13425232334572,173.40332954881168,172.12426511205808,173.12353515625,637900,0.0,0.0,0.0,125.44000244140625,126.43000030517578,125.08000183105469,126.30000305175781,3303100,0.0,0.0,0.0,154.53471432232647,155.30156610859873,154.5147919496613,155.16213989257812,3085700,0.0,0.0,0.0,192.05999755859375,193.27000427246094,192.05999755859375,193.25999450683594,6300,0.0,0.0,0.0
2025-12-26 00:00:00-05:00,172.7638071006121,172.77379431246453,171.27488916141021,171.90443420410156,963500,0.0,0.0,0.0,125.88999938964844,126.0,124.18000030517578,124.9800033569336,5653900,0.0,0.0,0.0,155.0525908245817,155.48082306409606,154.71398646827018,155.41111755371094,4439100,0.0,0.0,0.0,193.0,193.0,191.9499969482422,192.4199981689453,2700,0.0,0.0,0.0
2025-12-29 00:00:00-05:00,171.35483642616012,171.90443804335163,170.23565876762618,170.63536071777344,1793900,0.0,0.0,0.0,124.02999877929688,124.41999816894531,123.08999633789062,123.38999938964844,7372200,0.0,0.0,0.0,155.4310338706344,155.84931250560192,155.04261599925312,155.17208862304688,6357300,0.0,0.0,0.0,191.94000244140625,192.32000732421875,191.05999755859375,191.47999572753906,3700,0.0,0.0,0.0
2025-12-30 00:00:00-05:00,170.6453562672644,170.6453562672644,168.18714515521242,168.7667236328125,1208800,0.0,0.0,0.0,123.13999938964844,123.37000274658203,121.33999633789062,121.66999816894531,7879400,0.0,0.0,0.0,155.02271062189646,155.34139259667072,154.5645872375314,155.04261779785156,4355000,0.0,0.0,0.0,191.5800018310547,191.5800018310547,189.74000549316406,190.00999450683594,12800,0.0,0.0,0.0
2025-12-31 00:00:00-05:00,168.97658103307597,169.4562264146402,168.01727502229573,168.64682006835938,1761900,0.0,0.0,0.0,121.51000213623047,122.80000305175781,120.94999694824219,121.93000030517578,7327700,0.0,0.0,0.0,154.96295697055987,155.20196464989164,154.1363532881304,154.16622924804688,4199500,0.0,0.0,0.0,190.00999450683594,190.00999450683594,189.25999450683594,189.25999450683594,3300,0.0,0.0,0.0
2026-01-02 00:00:00-05:00,169.52616741919348,169.64609020034172,167.34776590653203,168.87664794921875,1932800,0.0,0.0,0.0,122.2699966430664,122.55000305175781,120.23999786376953,121.5199966430664,8840800,0.0,0.0,0.0,154.23594236301918,154.93308865230128,152.951230434294,154.87332153320312,10998000,0.0,0.0,0.0,188.8800048828125,190.22999572753906,188.8800048828125,190.22999572753906,14900,0.0,0.0,0.0
2026-01-05 00:00:00-05:00,168.37700667122954,168.86665449432402,164.96949207559803,167.2178497314453,2716500,0.0,0.0,0.0,121.33000183105469,121.73999786376953,118.27999877929688,120.1500015258789,11833100,0.0,0.0,0.0,153.95708830746437,154.75381606089877,152.34372562409024,154.40524291992188,17756200,0.0,0.0,0.0,190.16000366210938,190.16000366210938,187.3800048828125,189.6199951171875,22800,0.0,0.0,0.0
2026-01-06 00:00:00-05:00,167.2678246928259,171.48474581691866,167.2678246928259,171.11502075195312,1643900,0.0,0.0,0.0,119.98999786376953,122.19000244140625,119.76000213623047,122.08999633789062,8364800,0.0,0.0,0.0,154.50482986409165,157.6817718933205,154.50482986409165,157.4427490234375,17783800,0.0,0.0,0.0,189.77999877929688,194.80999755859375,189.77999877929688,194.80999755859375,8500,0.0,0.0,0.0
2026-01-07 00:00:00-05:00,172.27414886803626,179.50886944977626,172.13425167228456,176.61099243164062,3167200,0.0,0.0,0.0,122.94999694824219,129.1199951171875,122.75,126.43000030517578,19350100,0.0,0.0,0.0,157.8909075067787,159.93251754803518,157.8909075067787,159.00633239746094,14505700,0.0,0.0,0.0,198.02000427246094,200.0,198.0,199.60000610351562,16300,0.0,0.0,0.0
2026-01-08 00:00:00-05:00,175.21201582532743,175.77160464218468,170.4854725176029,172.13426208496094,2482500,0.0,0.0,0.0,124.87000274658203,125.4800033569336,122.36000061035156,123.70999908447266,14907800,0.0,0.0,0.0,158.49840752653878,159.84288648201715,156.96471922735876,157.47262573242188,17611000,0.0,0.0,0.0,198.80999755859375,198.80999755859375,193.17999267578125,193.77000427246094,6700,0.0,0.0,0.0
2026-01-09 00:00:00-05:00,173.79305747916544,174.5325228572839,172.0443347687782,172.26417541503906,2504800,0.0,0.0,0.0,125.19999694824219,126.01000213623047,124.1500015258789,124.5,9956800,0.0,0.0,0.0,157.68178286211418,158.2793172839124,156.61615625561438,156.66595458984375,12352000,0.0,0.0,0.0,195.3000030517578,195.58999633789062,193.25999450683594,193.2899932861328,9200,0.0,0.0,0.0
2026-01-12 00:00:00-05:00,171.90443212002,172.25418275008647,168.9965525027919,171.27488708496094,1755600,0.0,0.0,0.0,123.9800033569336,124.16999816894531,121.55999755859375,123.93000030517578,10175000,0.0,0.0,0.0,156.68587366388942,156.85517583965026,155.3712706102389,156.7356719970703,12250100,0.0,0.0,0.0,193.52000427246094,193.52000427246094,190.1999969482422,191.92999267578125,5900,0.0,0.0,0.0
2026-01-13 00:00:00-05:00,171.414786942907,171.63462758561417,169.8759176916086,171.19496154785156,1207200,0.0,0.0,0.0,123.36000061035156,124.29000091552734,121.87000274658203,123.8499984741211,8421700,0.0,0.0,0.0,157.00455994406227,157.02448231714394,155.1023912135105,156.09829711914062,11756500,0.0,0.0,0.0,192.6699981689453,192.6699981689453,191.6300048828125,191.88999938964844,3900,0.0,0.0,0.0
2026-01-14 00:00:00-05:00,170.78526061283296,172.76381118971193,170.5054661978259,172.703857421875,1820400,0.0,0.0,0.0,123.77999877929688,126.88999938964844,123.45999908447266,126.81999969482422,10927700,0.0,0.0,0.0,155.96881701840672,157.3431719651729,155.83934439405414,157.2136993408203,13516800,0.0,0.0,0.0,191.3300018310547,192.2899932861328,191.22999572753906,192.2899932861328,5400,0.0,0.0,0.0
2026-01-15 00:00:00-05:00,172.36410026702706,173.29341411543038,170.1856835805479,170.4355010986328,1519600,0.0,0.0,0.0,126.5,127.22000122070312,124.18000030517578,124.3499984741211,10400500,0.0,0.0,0.0,156.6659560214436,156.80538224076906,154.73389612770646,156.31739807128906,15303400,0.0,0.0,0.0,192.19000244140625,192.19000244140625,190.52000427246094,190.52000427246094,6000,0.0,0.0,0.0
2026-01-16 00:00:00-05:00,171.61465231544602,171.714570176769,169.5161790081915,169.83595275878906,1925000,0.0,0.0,0.0,124.5999984741211,125.68000030517578,123.63999938964844,124.18000030517578,9758200,0.0,0.0,0.0,155.99869568376397,156.3273464461387,155.07251051405873,155.10238647460938,11950300,0.0,0.0,0.0,191.0,191.44000244140625,190.6300048828125,190.8800048828125,3700,0.0,0.0,0.0
2026-01-20 00:00:00-05:00,167.4776650404586,170.7552695564925,165.6889631276387,170.5953826904297,2476600,0.0,0.0,0.0,122.41999816894531,125.41000366210938,121.2699966430664,125.29000091552734,10780000,0.0,0.0,0.0,153.3695013125112,155.28163872609613,152.6026495509798,154.76376342773438,12775200,0.0,0.0,0.0,188.77999877929688,191.22000122070312,186.47000122070312,191.10000610351562,5800,0.0,0.0,0.0
2026-01-21 00:00:00-05:00,170.50545804157923,175.12208091600817,170.12573053324047,175.0321502685547,2378000,0.0,0.0,0.0,125.22000122070312,128.2899932861328,124.88999938964844,128.17999267578125,8406000,0.0,0.0,0.0,154.56459095747388,157.86103701916355,154.5147926237526,157.612060546875,16393900,0.0,0.0,0.0,193.3699951171875,197.1999969482422,193.3699951171875,197.1999969482422,5300,0.0,0.0,0.0
2026-01-22 00:00:00-05:00,175.26197259873885,178.6095333488566,174.3726228685132,177.5103302001953,1882100,0.0,0.0,0.0,128.27999877929688,132.08999633789062,128.19000244140625,131.57000732421875,9726200,0.0,0.0,0.0,157.00455809162898,158.5780912275173,156.8551782860742,157.64193725585938,10881400,0.0,0.0,0.0,197.97999572753906,200.39999389648438,197.97999572753906,198.8000030517578,7500,0.0,0.0,0.0
2026-01-23 00:00:00-05:00,177.30048440349756,177.7501681412404,174.59247100357211,175.2020263671875,1651400,0.0,0.0,0.0,130.92999267578125,131.6699981689453,127.86000061035156,128.0399932861328,11376600,0.0,0.0,0.0,157.15394802448677,157.7315752478638,156.0186159499367,156.8352508544922,10191300,0.0,0.0,0.0,198.72999572753906,198.77999877929688,197.14999389648438,197.91000366210938,5700,0.0,0.0,0.0
2026-01-26 00:00:00-05:00,174.22274405416246,176.28123797351452,173.24344840022403,175.72164916992188,1044800,0.0,0.0,0.0,126.80999755859375,128.49000549316406,125.91000366210938,127.86000061035156,6799300,0.0,0.0,0.0,156.72570602589215,157.68178237264678,156.2576290389616,157.45272827148438,6810400,0.0,0.0,0.0,197.97999572753906,200.02999877929688,197.6199951171875,200.02999877929688,12700,0.0,0.0,0.0
2026-01-27 00:00:00-05:00,176.04141112212181,178.349722606087,175.81158326920212,176.7708740234375,999800,0.0,0.0,0.0,127.87000274658203,129.92999267578125,127.52999877929688,128.52999877929688,6965800,0.0,0.0,0.0,155.1621412565089,156.44685317282634,154.50483971964047,154.81356811523438,12697500,0.0,0.0,0.0,200.10000610351562,202.91000366210938,200.10000610351562,201.11000061035156,14300,0.0,0.0,0.0
2026-01-28 00:00:00-05:00,176.93075645782898,176.93075645782898,173.58321086618213,173.90296936035156,1595200,0.0,0.0,0.0,128.61000061035156,128.7100067138672,125.80000305175781,125.94000244140625,8477500,0.0,0.0,0.0,153.66828432665415,154.51479522891694,152.8416806011612,153.67823791503906,11426600,0.0,0.0,0.0,199.25999450683594,199.32000732421875,198.33999633789062,198.55999755859375,6000,0.0,0.0,0.0
2026-01-29 00:00:00-05:00,174.1128307811427,174.98219090421287,173.05359164845078,174.12281799316406,1041700,0.0,0.0,0.0,125.93000030517578,127.3499984741211,125.41000366210938,126.73999786376953,6083400,0.0,0.0,0.0,153.6184788073266,154.03675744470257,152.87154941280153,153.19024658203125,12167300,0.0,0.0,0.0,198.41000366210938,199.1999969482422,197.63999938964844,198.22999572753906,8400,0.0,0.0,0.0
2026-01-30 00:00:00-05:00,173.11355978276555,175.11210000781298,171.39481396941258,172.30413818359375,1990900,0.0,0.0,0.0,126.16999816894531,127.13999938964844,123.79000091552734,124.75,10206300,0.0,0.0,0.0,153.48900387306665,154.29568517560392,152.66240019867297,154.10647583007812,11863900,0.0,0.0,0.0,197.0399932861328,197.0399932861328,195.86000061035156,196.64999389648438,5600,0.0,0.0,0.0
2026-02-02 00:00:00-05:00,171.39481090795843,174.1527908801062,171.0850396182335,174.0128936767578,1585100,0.0,0.0,0.0,124.05000305175781,127.55000305175781,124.02999877929688,127.3499984741211,5748400,0.0,0.0,0.0,153.9471257030872,155.3712637520283,153.76785475081272,155.05258178710938,11005300,0.0,0.0,0.0,195.88999938964844,197.1199951171875,195.88999938964844,197.1199951171875,6300,0.0,0.0,0.0
2026-02-03 00:00:00-05:00,173.95293587970534,176.73090545871543,172.58394076097304,173.6731414794922,3665000,0.0,0.0,0.0,127.29000091552734,129.6999969482422,125.9800033569336,127.6500015258789,8920200,0.0,0.0,0.0,154.146309650869,156.4767257442088,153.220124484151,153.46910095214844,21141900,0.0,0.0,0.0,197.1199951171875,199.05999755859375,195.0,195.0,4100,0.0,0.0,0.0
2026-02-04 00:00:00-05:00,175.0721128530909,175.50180691108258,172.35409704848925,173.92295837402344,2978100,0.0,0.0,0.0,127.87000274658203,128.32000732421875,123.41000366210938,125.29000091552734,12029000,0.0,0.0,0.0,154.1761832145505,156.1381189675761,153.59855599421792,155.3911895751953,22951600,0.0,0.0,0.0,196.0800018310547,198.52999877929688,196.0800018310547,197.8800048828125,4900,0.0,0.0,0.0
2026-02-05 00:00:00-05:00,173.46329014198994,176.15132910633238,169.5461532442377,169.91587829589844,2848500,0.0,0.0,0.0,124.2300033569336,126.62000274658203,120.27999877929688,120.72000122070312,14456700,0.0,0.0,0.0,154.8235266340636,156.32733896295855,154.04670610797928,154.2060546875,21421600,0.0,0.0,0.0,198.08999633789062,199.05999755859375,194.35000610351562,194.77000427246094,3600,0.0,0.0,0.0
2026-02-06 00:00:00-05:00,171.66460557101883,175.03215621175195,171.04506298176753,174.85227966308594,2486400,0.0,0.0,0.0,122.8499984741211,125.87000274658203,122.79000091552734,125.51000213623047,9603100,0.0,0.0,0.0,155.40113968004835,157.15394367385912,155.2716822550997,157.06431579589844,13616200,0.0,0.0,0.0,196.07000732421875,199.35000610351562,196.07000732421875,199.35000610351562,6700,0.0,0.0,0.0
2026-02-09 00:00:00-05:00,174.8922562678527,174.8922562678527,172.98364672727615,174.2427215576172,1570000,0.0,0.0,0.0,125.19999694824219,126.33999633789062,123.83000183105469,126.11000061035156,5285300,0.0,0.0,0.0,156.9248902324236,157.50250224586844,155.39118673153078,155.6800079345703,11823000,0.0,0.0,0.0,199.44000244140625,199.44000244140625,197.3800048828125,198.08999633789062,9100,0.0,0.0,0.0
2026-02-10 00:00:00-05:00,174.08284222319097,174.32265727683728,171.88443591376037,171.9344024658203,1657700,0.0,0.0,0.0,125.80000305175781,127.05000305175781,125.18000030517578,125.33999633789062,5884200,0.0,0.0,0.0,156.01861791568015,156.51657085283247,154.6044333977257,154.69406127929688,11103400,0.0,0.0,0.0,198.3300018310547,198.3300018310547,194.3000030517578,194.3000030517578,5900,0.0,0.0,0.0
2026-02-11 00:00:00-05:00,171.5846764462991,172.6938668728055,169.49619033853907,172.57394409179688,2624000,0.0,0.0,0.0,125.27999877929688,125.56999969482422,121.69000244140625,124.6500015258789,7805400,0.0,0.0,0.0,154.54466396358012,155.73976315188406,153.74795143313406,155.61029052734375,11738400,0.0,0.0,0.0,194.10000610351562,195.7899932861328,193.63999938964844,195.72000122070312,6700,0.0,0.0,0.0
2026-02-12 00:00:00-05:00,172.374084810217,172.94367606150587,169.65606903571629,170.51544189453125,1701600,0.0,0.0,0.0,125.16000366210938,125.61000061035156,122.2300033569336,123.18000030517578,6850000,0.0,0.0,0.0,155.57045978144893,156.77549735207606,154.84343756835472,155.36131286621094,19409100,0.0,0.0,0.0,193.52999877929688,193.52999877929688,190.7899932861328,191.77999877929688,15600,0.0,0.0,0.0
2026-02-13 00:00:00-05:00,171.24490443135517,174.89224928038166,170.67532842883273,172.37408447265625,1569900,0.0,0.0,0.0,123.5999984741211,126.0999984741211,122.5,122.86000061035156,8805000,0.0,0.0,0.0,155.87918943736545,158.14985358209876,155.87918943736545,157.02447509765625,16647900,0.0,0.0,0.0,191.8800048828125,196.7899932861328,191.8800048828125,195.1199951171875,7700,0.0,0.0,0.0
2026-02-17 00:00:00-05:00,172.36410805238043,174.722386139527,172.26417494157218,173.8929901123047,1930500,0.0,0.0,0.0,122.69999694824219,125.45999908447266,122.0999984741211,124.62999725341797,7777600,0.0,0.0,0.0,157.38300955474853,158.25941161732987,156.4867003153399,156.7257080078125,14881100,0.0,0.0,0.0,195.4499969482422,196.3800048828125,195.07000732421875,195.8300018310547,4100,0.0,0.0,0.0
2026-02-18 00:00:00-05:00,173.7730581646641,175.16204294479013,172.94367742883693,174.63243103027344,1412600,0.0,0.0,0.0,124.11000061035156,126.37000274658203,123.91000366210938,125.5999984741211,6237900,0.0,0.0,0.0,156.55639812782533,157.15394772225721,155.83934469303404,157.02447509765625,11886300,0.0,0.0,0.0,196.25999450683594,197.11000061035156,196.25999450683594,197.10000610351562,2500,0.0,0.0,0.0
2026-02-19 00:00:00-05:00,173.81303623527478,175.09210068901928,171.52469926499288,174.90223693847656,1597800,0.0,0.0,0.0,124.75,126.79000091552734,123.43000030517578,126.73999786376953,9191400,0.0,0.0,0.0,156.5563979822196,157.07427328382445,155.55053853538945,156.61614990234375,11226900,0.0,0.0,0.0,196.42999267578125,197.16000366210938,194.66000366210938,197.16000366210938,3200,0.0,0.0,0.0
2026-02-20 00:00:00-05:00,173.9229623997626,174.9721990449134,172.37409070907827,174.26271057128906,1342600,0.0,0.0,0.0,124.81999969482422,125.5999984741211,122.94000244140625,124.77999877929688,13356300,0.0,0.0,0.0,156.3572190162528,156.60619547965447,155.2318405388557,156.17796325683594,13368500,0.0,0.0,0.0,196.4199981689453,197.5399932861328,196.4199981689453,197.11000061035156,11400,0.0,0.0,0.0
2026-02-23 00:00:00-05:00,173.7430852999303,176.66095212681304,173.57321121470937,174.97219848632812,2804100,0.0,0.0,0.0,125.44000244140625,128.2899932861328,125.13999938964844,126.97000122070312,10952000,0.0,0.0,0.0,156.4866991452607,158.0303411353314,156.4866991452607,157.8909149169922,17053500,0.0,0.0,0.0,196.19000244140625,198.0800018310547,196.19000244140625,196.8000030517578,4200,0.0,0.0,0.0
2026-02-24 00:00:00-05:00,174.71238262706868,176.7109228499754,174.30267822193636,176.2312774658203,1365200,0.0,0.0,0.0,127.36000061035156,129.63999938964844,127.11000061035156,129.16000366210938,9478000,0.0,0.0,0.0,157.36308955155968,157.8510889249044,156.66595844415187,157.22366333007812,12887100,0.0,0.0,0.0,196.99000549316406,197.86000061035156,196.99000549316406,197.27999877929688,2200,0.0,0.0,0.0
2026-02-25 00:00:00-05:00,176.62098136991543,178.15985053823147,174.72237437362736,175.1720428466797,1580900,0.0,0.0,0.0,129.25,131.17999267578125,128.08999633789062,128.27999877929688,9733900,0.0,0.0,0.0,157.22365217958372,158.5780847477688,156.97467571628732,157.18382263183594,11011500,0.0,0.0,0.0,198.0,198.0,196.5500030517578,196.57000732421875,18300,0.0,0.0,0.0
2026-02-26 00:00:00-05:00,174.96219050487568,174.96219050487568,170.7752465291931,173.75308227539062,1250700,0.0,0.0,0.0,127.5,127.83000183105469,125.0,127.66999816894531,9223800,0.0,0.0,0.0,157.42284535827173,157.52242682570565,155.45094082948228,156.77549743652344,15344400,0.0,0.0,0.0,196.52000427246094,196.52000427246094,192.44000244140625,194.52999877929688,4000,0.0,0.0,0.0
2026-02-27 00:00:00-05:00,173.01362112559875,175.54177320941855,172.03434071606395,175.2419891357422,1386400,0.0,0.0,0.0,126.06999969482422,127.5,125.76000213623047,127.37000274658203,5937500,0.0,0.0,0.0,156.098287449101,159.58395790287472,156.0684114894883,159.5441131591797,14250100,0.0,0.0,0.0,194.5,198.0399932861328,194.5,197.97999572753906,4700,0.0,0.0,0.0
2026-03-02 00:00:00-05:00,172.7837877838908,174.61245380276947,171.72456397187003,173.7930450439453,1708600,0.0,0.0,0.0,124.62999725341797,127.30999755859375,124.1500015258789,126.55000305175781,9334600,0.0,0.0,0.0,158.53825242645377,159.1855851411726,157.3431684628021,157.88095092773438,18641400,0.0,0.0,0.0,196.69000244140625,197.02000427246094,195.13999938964844,196.36000061035156,4700,0.0,0.0,0.0
2026-03-03 00:00:00-05:00,170.23565006646533,171.52470175030788,168.12718960475522,169.97584533691406,2531200,0.0,0.0,0.0,123.55999755859375,125.30000305175781,121.9800033569336,123.5,13501200,0.0,0.0,0.0,156.01862282313203,156.74562987927294,154.36541537266967,156.09829711914062,21432600,0.0,0.0,0.0,194.52000427246094,194.52000427246094,190.75,192.3300018310547,11700,0.0,0.0,0.0
2026-03-04 00:00:00-05:00,171.37482173673018,173.3733619319107,169.6560759490628,172.84375,1526000,0.0,0.0,0.0,124.44999694824219,127.08999633789062,123.29000091552734,126.41999816894531,8470000,0.0,0.0,0.0,156.09829979361822,156.93485712156416,155.03267316210358,156.4070281982422,12745700,0.0,0.0,0.0,193.5,195.0399932861328,192.2899932861328,195.0399932861328,4400,0.0,0.0,0.0
2026-03-05 00:00:00-05:00,171.51472375169584,171.51472375169584,167.24783604595126,168.54689025878906,2210400,0.0,0.0,0.0,124.7699966430664,125.58000183105469,122.72000122070312,123.9000015258789,10130700,0.0,0.0,0.0,154.4948830909264,155.06254153700095,152.09474628755586,153.27987670898438,20476400,0.0,0.0,0.0,192.44000244140625,193.19000244140625,189.35000610351562,190.41000366210938,10200,0.0,0.0,0.0
2026-03-06 00:00:00-05:00,166.3584848081837,167.84740277166273,165.1893406010164,167.4376983642578,1883100,0.0,0.0,0.0,121.7699966430664,124.1500015258789,120.8499984741211,124.0,11373300,0.0,0.0,0.0,152.15450339775504,152.3636503248002,150.33199376268598,152.0748291015625,18174000,0.0,0.0,0.0,188.75999450683594,188.9600067138672,187.44000244140625,188.92999267578125,12100,0.0,0.0,0.0
2026-03-09 00:00:00-04:00,166.49837339353218,171.36482897972658,166.42843241774293,171.1649627685547,2234500,0.0,0.0,0.0,124.19999694824219,127.5199966430664,123.5999984741211,127.12000274658203,12194300,0.0,0.0,0.0,151.15859093789777,153.9172544382579,150.51125820432938,153.62843322753906,18675700,0.0,0.0,0.0,189.25999450683594,192.94000244140625,188.22000122070312,192.94000244140625,4400,0.0,0.0,0.0
2026-03-10 00:00:00-04:00,171.99435693500192,173.93294328073603,171.18495063032242,172.14425659179688,1235500,0.0,0.0,0.0,126.69000244140625,129.11000061035156,126.69000244140625,127.43000030517578,10042000,0.0,0.0,0.0,153.77783087318087,153.90728830433338,152.38355352071312,152.52297973632812,17247500,0.0,0.0,0.0,193.16000366210938,194.24000549316406,192.5500030517578,192.75999450683594,4600,0.0,0.0,0.0
2026-03-11 00:00:00-04:00,171.8344857258314,172.54395892767934,170.29560129923118,170.74526977539062,1121400,0.0,0.0,0.0,126.66999816894531,127.66000366210938,125.41999816894531,126.37999725341797,7379400,0.0,0.0,0.0,152.2142438625119,152.5329410232913,151.31793469137457,152.22421264648438,12503800,0.0,0.0,0.0,192.11000061035156,193.5500030517578,191.88999938964844,192.0399932861328,5000,0.0,0.0,0.0
2026-03-12 00:00:00-04:00,169.64608238868982,169.64608238868982,165.9187940858528,166.10865783691406,2600500,0.0,0.0,0.0,124.75,124.8499984741211,121.80999755859375,122.62000274658203,11524800,0.0,0.0,0.0,151.32789184743677,151.86568951985439,149.41575442662193,149.54522705078125,15670500,0.0,0.0,0.0,189.77000427246094,189.77000427246094,187.02000427246094,187.02000427246094,5000,0.0,0.0,0.0
2026-03-13 00:00:00-04:00,167.597584329325,168.87664885229952,164.65972776173763,165.38919067382812,1877400,0.0,0.0,0.0,123.43000030517578,124.91000366210938,120.97000122070312,121.83000183105469,10405300,0.0,0.0,0.0,150.42160957996512,151.67646064893157,149.05722345837916,149.17672729492188,15129300,0.0,0.0,0.0,189.1199951171875,189.1199951171875,186.49000549316406,186.60000610351562,3100,0.0,0.0,0.0
2026-03-16 00:00:00-04:00,166.26855278951095,168.67679741110013,166.26855278951095,167.01800537109375,1199300,0.0,0.0,0.0,123.30000305175781,124.52999877929688,123.0999984741211,123.91000366210938,7354200,0.0,0.0,0.0,150.13280883791197,151.10879232862237,149.7643285314465,150.39173889160156,10896600,0.0,0.0,0.0,187.52000427246094,188.83999633789062,186.97000122070312,187.52000427246094,5500,0.0,0.0,0.0
2026-03-17 00:00:00-04:00,167.64999389648438,168.39999389648438,166.9600067138672,167.1699981689453,1570700,0.122,0.0,0.0,123.81999969482422,125.19000244140625,123.66999816894531,124.19000244140625,5898900,0.0,0.0,0.0,150.60089216216744,151.2283177451074,148.92776233976687,149.02735900878906,11938600,0.0,0.0,0.0,187.92999267578125,188.9600067138672,187.64999389648438,187.64999389648438,4500,0.0,0.0,0.0
2026-03-18 00:00:00-04:00,166.80999755859375,166.80999755859375,163.39999389648438,163.77999877929688,1719300,0.0,0.0,0.0,123.19999694824219,123.3499984741211,121.05999755859375,121.11000061035156,9336100,0.0,0.0,0.0,148.11111542360422,148.4397661692212,146.4081097774648,146.53758239746094,15565400,0.0,0.0,0.0,184.69000244140625,185.0500030517578,183.9600067138672,184.1300048828125,6500,0.0,0.0,0.0
2026-03-19 00:00:00-04:00,162.89999389648438,165.42999267578125,162.50999450683594,164.4600067138672,1346000,0.0,0.0,0.0,120.29000091552734,123.36000061035156,119.69000244140625,122.33000183105469,11717300,0.0,0.0,0.0,146.53759453997517,147.48370211230892,145.7010372252581,146.009765625,16913000,0.0,0.0,0.0,183.0399932861328,184.8699951171875,183.0399932861328,184.27000427246094,5700,0.0,0.0,0.0
2026-03-20 00:00:00-04:00,163.57000732421875,165.36000061035156,161.1699981689453,161.64999389648438,2528600,0.0,0.0,0.0,121.69999694824219,123.5199966430664,119.52999877929688,120.30999755859375,12186700,0.0,0.0,0.0,145.88028627203522,146.41808394694147,144.06774550700433,144.73500061035156,16582200,0.0,0.0,0.0,184.1199951171875,184.2100067138672,181.25999450683594,181.47000122070312,10300,0.0,0.0,0.0
2026-03-23 00:00:00-04:00,163.72000122070312,165.30999755859375,162.1699981689453,162.69000244140625,2084800,0.0,0.0,0.0,121.8499984741211,123.27999877929688,120.94999694824219,121.69999694824219,8366700,0.0,0.0,0.0,146.55999755859375,146.77000427246094,144.60000610351562,144.77000427246094,21815400,0.595,0.0,0.0,182.08999633789062,184.32000732421875,182.08999633789062,182.55999755859375,7800,0.0,0.0,0.0
2026-03-24 00:00:00-04:00,161.33999633789062,162.3800048828125,159.67999267578125,161.63999938964844,1424600,0.0,0.0,0.0,120.26000213623047,120.62999725341797,118.19000244140625,119.54000091552734,10280000,0.0,0.0,0.0,143.9499969482422,145.3000030517578,143.3800048828125,144.7899932861328,24230900,0.0,0.0,0.0,181.02999877929688,182.77999877929688,180.47999572753906,182.22000122070312,8600,0.0,0.0,0.0
2026-03-25 00:00:00-04:00,163.7100067138672,166.75,163.25,165.75,2030200,0.0,0.0,0.0,121.23999786376953,125.0,121.0999984741211,123.91999816894531,11469100,0.0,0.0,0.0,145.69000244140625,146.69000244140625,145.35000610351562,146.24000549316406,17743300,0.0,0.0,0.0,183.0399932861328,186.30999755859375,183.0399932861328,185.3699951171875,4400,0.0,0.0,0.0
2026-03-26 00:00:00-04:00,164.1999969482422,166.97999572753906,164.02000427246094,165.25999450683594,1780900,0.0,0.0,0.0,122.5199966430664,125.63999938964844,122.5199966430664,123.9000015258789,11477100,0.0,0.0,0.0,145.75,146.91000366210938,145.6300048828125,145.74000549316406,13321000,0.0,0.0,0.0,184.63999938964844,186.1999969482422,184.63999938964844,184.8300018310547,7400,0.0,0.0,0.0
2026-03-27 00:00:00-04:00,165.19000244140625,165.33999633789062,160.27000427246094,160.41000366210938,1113600,0.0,0.0,0.0,123.23999786376953,123.69000244140625,119.51000213623047,119.58999633789062,10706300,0.0,0.0,0.0,145.72000122070312,145.8000030517578,143.07000732421875,143.25999450683594,12932200,0.0,0.0,0.0,184.27000427246094,184.3000030517578,180.0,180.05999755859375,5600,0.0,0.0,0.0
2026-03-30 00:00:00-04:00,161.7899932861328,162.9499969482422,160.55999755859375,161.86000061035156,1497500,0.0,0.0,0.0,119.7300033569336,120.61000061035156,118.27999877929688,118.77999877929688,9306200,0.0,0.0,0.0,144.3000030517578,144.6300048828125,143.42999267578125,143.82000732421875,14799700,0.0,0.0,0.0,183.07000732421875,183.3699951171875,181.47000122070312,182.94000244140625,9600,0.0,0.0,0.0
2026-03-31 00:00:00-04:00,164.36000061035156,169.1199951171875,164.1300048828125,168.85000610351562,2202400,0.0,0.0,0.0,122.87999725341797,127.94999694824219,122.73999786376953,127.7300033569336,18482500,0.0,0.0,0.0,144.80999755859375,146.75,144.60000610351562,146.61000061035156,17866000,0.0,0.0,0.0,184.24000549316406,188.02999877929688,184.24000549316406,188.02000427246094,2900,0.0,0.0,0.0
2026-04-01 00:00:00-04:00,169.75,172.0399932861328,169.72000122070312,170.1300048828125,2210600,0.0,0.0,0.0,128.7899932861328,131.4499969482422,128.02999877929688,128.5500030517578,20031500,0.0,0.0,0.0,147.22000122070312,148.75999450683594,146.9499969482422,147.72999572753906,16899200,0.0,0.0,0.0,188.57000732421875,189.8000030517578,188.57000732421875,189.3300018310547,3600,0.0,0.0,0.0
2026-04-02 00:00:00-04:00,167.6999969482422,171.08999633789062,167.13999938964844,169.42999267578125,1544000,0.0,0.0,0.0,125.66000366210938,129.9499969482422,125.56999969482422,128.9600067138672,9896100,0.0,0.0,0.0,146.92999267578125,148.36000061035156,146.27000427246094,146.80999755859375,11087900,0.0,0.0,0.0,187.22999572753906,188.60000610351562,187.22999572753906,187.7899932861328,3200,0.0,0.0,0.0
2026-04-06 00:00:00-04:00,169.24000549316406,170.35000610351562,168.50999450683594,168.8300018310547,1642800,0.0,0.0,0.0,129.14999389648438,130.5399932861328,128.66000366210938,128.8000030517578,6290400,0.0,0.0,0.0,146.27999877929688,147.13999938964844,145.75999450683594,146.27999877929688,7272600,0.0,0.0,0.0,187.75999450683594,187.75999450683594,186.5500030517578,186.6199951171875,1300,0.0,0.0,0.0
2026-04-07 00:00:00-04:00,168.00999450683594,168.75,165.86000061035156,168.5,793200,0.0,0.0,0.0,127.97000122070312,129.22000122070312,126.37000274658203,128.85000610351562,9788800,0.0,0.0,0.0,146.91000366210938,146.91000366210938,144.8800048828125,146.57000732421875,10263400,0.0,0.0,0.0,185.3300018310547,186.25,184.16000366210938,186.1699981689453,5500,0.0,0.0,0.0
2026-04-08 00:00:00-04:00,172.3699951171875,172.5500030517578,170.27000427246094,171.86000061035156,1274900,0.0,0.0,0.0,132.4199981689453,133.27000427246094,129.7899932861328,130.64999389648438,7511800,0.0,0.0,0.0,148.1999969482422,149.6999969482422,147.5,149.6699981689453,8130700,0.0,0.0,0.0,190.4199981689453,190.4199981689453,188.24000549316406,190.0399932861328,6400,0.0,0.0,0.0
2026-04-09 00:00:00-04:00,171.41000366210938,172.6199951171875,170.3300018310547,172.16000366210938,796100,0.0,0.0,0.0,129.6999969482422,132.14999389648438,129.5500030517578,131.82000732421875,5596600,0.0,0.0,0.0,148.8300018310547,150.22000122070312,148.3000030517578,149.3300018310547,6406400,0.0,0.0,0.0,189.42999267578125,190.07000732421875,188.08999633789062,189.57000732421875,5300,0.0,0.0,0.0
2026-04-10 00:00:00-04:00,172.49000549316406,173.44000244140625,168.55999755859375,169.3699951171875,1130800,0.0,0.0,0.0,132.08999633789062,132.27000427246094,128.75999450683594,129.44000244140625,10034300,0.0,0.0,0.0,149.77999877929688,149.83999633789062,147.11000061035156,147.30999755859375,6217800,0.0,0.0,0.0,190.3300018310547,190.3300018310547,185.91000366210938,186.52999877929688,3600,0.0,0.0,0.0
2026-04-13 00:00:00-04:00,170.36000061035156,173.36000061035156,170.10000610351562,172.19000244140625,1412200,0.0,0.0,0.0,130.3000030517578,133.60000610351562,130.19000244140625,132.0500030517578,7851900,0.0,0.0,0.0,146.8800048828125,148.0500030517578,146.24000549316406,147.97000122070312,6182800,0.0,0.0,0.0,188.2899932861328,190.64999389648438,188.2899932861328,190.27000427246094,6600,0.0,0.0,0.0
2026-04-14 00:00:00-04:00,172.7899932861328,176.1699981689453,172.69000244140625,175.85000610351562,986800,0.0,0.0,0.0,133.1999969482422,136.39999389648438,133.02999877929688,135.72000122070312,11046900,0.0,0.0,0.0,147.3800048828125,149.60000610351562,147.24000549316406,148.8300018310547,7722300,0.0,0.0,0.0,190.24000549316406,193.85000610351562,190.24000549316406,193.85000610351562,4500,0.0,0.0,0.0
2026-04-15 00:00:00-04:00,176.35000610351562,177.36000061035156,174.42999267578125,175.99000549316406,1815700,0.0,0.0,0.0,136.3699951171875,137.5,134.4499969482422,136.4499969482422,8563800,0.0,0.0,0.0,148.86000061035156,149.2100067138672,146.88999938964844,147.77000427246094,6669200,0.0,0.0,0.0,194.64999389648438,194.75999450683594,193.22999572753906,194.14999389648438,7500,0.0,0.0,0.0
2026-04-16 00:00:00-04:00,175.52999877929688,176.0500030517578,173.44000244140625,174.1199951171875,1282200,0.0,0.0,0.0,136.13999938964844,136.6300048828125,134.7100067138672,135.4600067138672,6839900,0.0,0.0,0.0,147.19000244140625,148.1999969482422,146.2899932861328,146.61000061035156,9072300,0.0,0.0,0.0,194.36000061035156,194.36000061035156,191.27999877929688,191.66000366210938,9800,0.0,0.0,0.0
2026-04-17 00:00:00-04:00,176.3300018310547,177.33999633789062,175.5,176.66000366210938,1256200,0.0,0.0,0.0,137.77000427246094,139.19000244140625,137.2100067138672,138.6699981689453,10212700,0.0,0.0,0.0,147.3699951171875,149.1199951171875,147.36000061035156,148.8000030517578,8338100,0.0,0.0,0.0,193.41000366210938,194.22000122070312,193.0399932861328,193.77999877929688,3200,0.0,0.0,0.0
2026-04-20 00:00:00-04:00,176.22999572753906,176.7899932861328,175.2899932861328,175.75999450683594,1197300,0.0,0.0,0.0,137.99000549316406,138.6300048828125,137.0,137.7899932861328,6034000,0.0,0.0,0.0,148.4499969482422,148.74000549316406,147.14999389648438,147.4199981689453,6325700,0.0,0.0,0.0,192.6300048828125,193.42999267578125,192.6300048828125,192.6300048828125,3700,0.0,0.0,0.0
2026-04-21 00:00:00-04:00,175.77999877929688,175.77999877929688,173.19000244140625,173.99000549316406,1571300,0.0,0.0,0.0,137.97999572753906,138.25,135.7899932861328,136.38999938964844,6756500,0.0,0.0,0.0,148.2899932861328,148.55999755859375,145.8800048828125,145.9199981689453,8735300,0.0,0.0,0.0,192.7899932861328,192.7899932861328,189.8300018310547,190.8699951171875,5000,0.0,0.0,0.0
2026-04-22 00:00:00-04:00,174.8300018310547,175.50999450683594,173.52999877929688,174.36000061035156,1316600,0.0,0.0,0.0,137.94000244140625,138.67999267578125,136.47999572753906,137.30999755859375,4641000,0.0,0.0,0.0,146.50999450683594,147.5800018310547,146.00999450683594,146.3800048828125,8316900,0.0,0.0,0.0,191.77999877929688,191.77999877929688,190.3000030517578,190.77999877929688,2800,0.0,0.0,0.0
2026-04-23 00:00:00-04:00,174.1699981689453,174.6999969482422,170.50999450683594,171.52999877929688,1649300,0.0,0.0,0.0,136.82000732421875,138.1199951171875,133.58999633789062,134.49000549316406,7785000,0.0,0.0,0.0,146.1999969482422,146.77000427246094,145.16000366210938,146.24000549316406,7612000,0.0,0.0,0.0,190.32000732421875,190.32000732421875,186.97000122070312,187.94000244140625,4000,0.0,0.0,0.0
2026-04-24 00:00:00-04:00,171.6300048828125,171.6300048828125,168.4499969482422,169.77999877929688,1486000,0.0,0.0,0.0,134.52999877929688,134.88999938964844,131.97000122070312,133.27999877929688,6790700,0.0,0.0,0.0,145.24000549316406,145.52999877929688,143.67999267578125,144.17999267578125,7969700,0.0,0.0,0.0,187.1699981689453,187.1699981689453,185.57000732421875,185.6699981689453,6900,0.0,0.0,0.0
2026-04-27 00:00:00-04:00,169.3699951171875,172.00999450683594,168.80999755859375,169.02000427246094,1208800,0.0,0.0,0.0,133.44000244140625,135.86000061035156,132.6300048828125,133.0399932861328,6658700,0.0,0.0,0.0,143.67999267578125,145.2100067138672,143.4199981689453,143.4600067138672,6571900,0.0,0.0,0.0,185.0399932861328,186.38999938964844,184.14999389648438,184.14999389648438,5000,0.0,0.0,0.0
2026-04-28 00:00:00-04:00,169.19000244140625,170.77999877929688,167.50999450683594,167.80999755859375,971300,0.0,0.0,0.0,132.22999572753906,134.44000244140625,131.07000732421875,131.16000366210938,7649700,0.0,0.0,0.0,144.57000732421875,144.86000061035156,143.27999877929688,143.83999633789062,8612400,0.0,0.0,0.0,184.89999389648438,185.4499969482422,183.52000427246094,183.83999633789062,4200,0.0,0.0,0.0
2026-04-29 00:00:00-04:00,166.27000427246094,166.9199981689453,164.02000427246094,165.3800048828125,1764200,0.0,0.0,0.0,130.0500030517578,130.61000061035156,127.76000213623047,128.89999389648438,9033100,0.0,0.0,0.0,142.25999450683594,143.25,141.97000122070312,142.83999633789062,11885500,0.0,0.0,0.0,182.58999633789062,182.69000244140625,180.97999572753906,182.14999389648438,4400,0.0,0.0,0.0
2026-04-30 00:00:00-04:00,166.22999572753906,169.11000061035156,165.97999572753906,168.69000244140625,1516400,0.0,0.0,0.0,129.7899932861328,131.83999633789062,129.32000732421875,131.3300018310547,7917900,0.0,0.0,0.0,143.67999267578125,146.2899932861328,143.66000366210938,145.99000549316406,12587800,0.0,0.0,0.0,184.30999755859375,186.22000122070312,183.30999755859375,185.3000030517578,20100,0.0,0.0,0.0
2026-05-01 00:00:00-04:00,167.97000122070312,168.11000061035156,166.0,167.27000427246094,1200300,0.0,0.0,0.0,130.6199951171875,131.4600067138672,128.99000549316406,130.4199981689453,8261100,0.0,0.0,0.0,146.2899932861328,146.61000061035156,145.14999389648438,145.16000366210938,8865800,0.0,0.0,0.0,182.85000610351562,183.77000427246094,182.82000732421875,183.14999389648438,3400,0.0,0.0,0.0
2026-05-04 00:00:00-04:00,166.57000732421875,170.25999450683594,166.52999877929688,170.16000366210938,746000,0.0,0.0,0.0,129.99000549316406,133.77000427246094,129.8000030517578,133.5,8114200,0.0,0.0,0.0,144.55999755859375,145.2100067138672,144.32000732421875,144.72999572753906,10885900,0.0,0.0,0.0,182.82000732421875,185.61000061035156,182.82000732421875,185.61000061035156,4400,0.0,0.0,0.0
2026-05-05 00:00:00-04:00,171.2899932861328,172.67999267578125,168.75999450683594,170.33999633789062,1036400,0.0,0.0,0.0,135.14999389648438,136.3699951171875,131.9600067138672,133.7899932861328,8702600,0.0,0.0,0.0,145.27999877929688,145.66000366210938,144.4199981689453,145.3000030517578,7174900,0.0,0.0,0.0,184.10000610351562,186.35000610351562,184.10000610351562,186.35000610351562,5400,0.0,0.0,0.0
2026-05-06 00:00:00-04:00,171.27999877929688,174.25,171.11000061035156,173.8699951171875,1342900,0.0,0.0,0.0,134.91000366210938,137.9499969482422,134.25,137.67999267578125,8468600,0.0,0.0,0.0,145.36000061035156,146.14999389648438,144.89999389648438,145.39999389648438,10613500,0.0,0.0,0.0,187.07000732421875,189.25,187.07000732421875,189.14999389648438,4400,0.0,0.0,0.0
2026-05-07 00:00:00-04:00,172.8300018310547,173.4499969482422,168.80999755859375,170.10000610351562,1390500,0.0,0.0,0.0,136.8000030517578,137.1699981689453,131.9600067138672,133.66000366210938,10692800,0.0,0.0,0.0,145.17999267578125,145.83999633789062,144.27000427246094,144.72000122070312,7608000,0.0,0.0,0.0,189.57000732421875,189.57000732421875,185.3699951171875,185.4499969482422,5100,0.0,0.0,0.0
2026-05-08 00:00:00-04:00,169.5500030517578,171.0800018310547,168.82000732421875,169.94000244140625,2267700,0.0,0.0,0.0,133.8699951171875,135.8800048828125,133.27000427246094,134.7100067138672,11783800,0.0,0.0,0.0,144.58999633789062,145.07000732421875,143.17999267578125,143.49000549316406,10165400,0.0,0.0,0.0,184.9600067138672,186.42999267578125,184.11000061035156,184.60000610351562,2600,0.0,0.0,0.0
2026-05-11 00:00:00-04:00,170.07000732421875,173.30999755859375,169.36000061035156,170.0,1456600,0.0,0.0,0.0,135.24000549316406,138.10000610351562,134.14999389648438,134.75,9991800,0.0,0.0,0.0,143.75,145.02000427246094,142.6699981689453,143.0399932861328,9255700,0.0,0.0,0.0,185.32000732421875,187.6199951171875,184.58999633789062,185.14999389648438,5600,0.0,0.0,0.0
2026-05-12 00:00:00-04:00,170.00999450683594,172.8000030517578,169.9499969482422,172.27999877929688,962800,0.0,0.0,0.0,134.4199981689453,135.49000549316406,133.25999450683594,134.91000366210938,5994100,0.0,0.0,0.0,143.80999755859375,146.63999938964844,143.19000244140625,145.85000610351562,11897200,0.0,0.0,0.0,185.52999877929688,188.6699981689453,185.52999877929688,188.39999389648438,6200,0.0,0.0,0.0
2026-05-13 00:00:00-04:00,171.9600067138672,172.99000549316406,170.6199951171875,172.64999389648438,775100,0.0,0.0,0.0,134.6199951171875,136.3699951171875,133.69000244140625,135.85000610351562,7037200,0.0,0.0,0.0,145.32000732421875,146.97999572753906,145.1300048828125,146.7100067138672,15841800,0.0,0.0,0.0,187.69000244140625,187.69000244140625,186.22000122070312,187.38999938964844,4300,0.0,0.0,0.0
2026-05-14 00:00:00-04:00,172.7100067138672,173.39999389648438,170.35000610351562,171.3300018310547,1595500,0.0,0.0,0.0,136.25999450683594,136.91000366210938,133.5399932861328,134.85000610351562,5197100,0.0,0.0,0.0,146.85000610351562,147.39999389648438,145.94000244140625,146.6300048828125,7763800,0.0,0.0,0.0,185.97000122070312,187.60000610351562,185.97000122070312,185.99000549316406,7000,0.0,0.0,0.0
2026-05-15 00:00:00-04:00,170.6699981689453,170.77999877929688,166.72000122070312,166.8300018310547,2114800,0.0,0.0,0.0,133.2100067138672,133.6699981689453,130.3000030517578,130.69000244140625,9438200,0.0,0.0,0.0,146.75999450683594,147.16000366210938,144.88999938964844,145.10000610351562,9039900,0.0,0.0,0.0,185.05999755859375,185.05999755859375,181.74000549316406,181.77999877929688,8200,0.0,0.0,0.0
2026-05-18 00:00:00-04:00,165.97999572753906,166.3800048828125,163.11000061035156,164.02999877929688,2006500,0.0,0.0,0.0,130.89999389648438,131.5,126.69999694824219,127.66999816894531,8076600,0.0,0.0,0.0,144.5,145.7899932861328,144.1199951171875,145.72000122070312,7949200,0.0,0.0,0.0,179.97999572753906,180.5500030517578,179.50999450683594,179.89999389648438,9200,0.0,0.0,0.0
2026-05-19 00:00:00-04:00,163.41000366210938,165.33999633789062,162.0800018310547,164.19000244140625,2054900,0.0,0.0,0.0,127.27999877929688,128.1300048828125,125.06999969482422,126.79000091552734,12026100,0.0,0.0,0.0,145.6199951171875,148.07000732421875,144.85000610351562,147.32000732421875,12387600,0.0,0.0,0.0,179.97000122070312,181.86000061035156,179.25,181.1199951171875,6600,0.0,0.0,0.0
